ID,Timestamp,User ID,User Name,User Email,Action,Entity Type,Entity ID,IP Address,Details
1194dbf2-da8a-4202-bd0a-ae9e222181da,2026-03-09T14:53:38.327Z,b0000000-0000-0000-0000-000000000001,Admin User,admin@rasid.demo,user.login,user,b0000000-0000-0000-0000-000000000001,,"{""email"":""admin@rasid.demo"",""loginAt"":""2026-03-09T14:53:38.327Z"",""tokenId"":""efbc0e97-f2ad-4c53-b1b9-e31ebe3d73bf""}"
39a982ae-2c87-4e05-88ff-5173555533b6,2026-03-09T14:53:07.266Z,b0000000-0000-0000-0000-000000000001,Admin User,admin@rasid.demo,user.login,user,b0000000-0000-0000-0000-000000000001,,"{""email"":""admin@rasid.demo"",""loginAt"":""2026-03-09T14:53:07.265Z"",""tokenId"":""51473590-7d6f-46e3-9af3-72a88f45d680""}"
b68f7a40-d9f5-433b-aa0a-57323789c22f,2026-03-09T14:48:10.908Z,b0000000-0000-0000-0000-000000000001,Admin User,admin@rasid.demo,workflow.created,workflow,5fb2887e-515f-4406-a4c9-8b71bf3a3485,,"{""name"":""سير اعتماد المرحلة 7 1773067687348"",""steps"":[{""name"":""مراجعة أولية"",""order"":0,""approverRole"":""manager""},{""name"":""اعتماد نهائي"",""order"":1,""approverRole"":""admin""}],""status"":""ACTIVE"",""createdAt"":""2026-03-09T14:48:10.907Z"",""createdBy"":""b0000000-0000-0000-0000-000000000001"",""workflowId"":""5fb2887e-515f-4406-a4c9-8b71bf3a3485""}"
a8577647-c8c6-47cd-a949-c4a17198fad3,2026-03-09T14:48:08.723Z,b0000000-0000-0000-0000-000000000001,Admin User,admin@rasid.demo,workflow.created,workflow,d74dfd63-aa2f-4b8b-9ea3-8b18c73052ea,,"{""name"":""سير اعتماد المرحلة 7 1773067687348"",""steps"":[{""name"":""مراجعة أولية"",""order"":0,""approverRole"":""manager""},{""name"":""اعتماد نهائي"",""order"":1,""approverRole"":""admin""}],""status"":""ACTIVE"",""createdAt"":""2026-03-09T14:48:08.721Z"",""createdBy"":""b0000000-0000-0000-0000-000000000001"",""workflowId"":""d74dfd63-aa2f-4b8b-9ea3-8b18c73052ea""}"
dc7a3f06-2204-4f65-b3af-b8523eaf0821,2026-03-09T14:39:11.172Z,b0000000-0000-0000-0000-000000000001,Admin User,admin@rasid.demo,user.login,user,b0000000-0000-0000-0000-000000000001,,"{""email"":""admin@rasid.demo"",""loginAt"":""2026-03-09T14:39:11.171Z"",""tokenId"":""267cd9cc-3616-479e-a92a-bb084d1ecd27""}"
4be47499-73e0-45cc-89e6-101d2083f7a2,2026-03-09T14:30:52.361Z,b0000000-0000-0000-0000-000000000001,Admin User,admin@rasid.demo,user.login,user,b0000000-0000-0000-0000-000000000001,,"{""email"":""admin@rasid.demo"",""loginAt"":""2026-03-09T14:30:52.360Z"",""tokenId"":""c8a984a2-abc5-4877-92cc-f54715318ecd""}"
b439bff3-675c-4277-92b5-d374a14a97e5,2026-03-09T14:26:04.073Z,b0000000-0000-0000-0000-000000000001,Admin User,admin@rasid.demo,user.login,user,b0000000-0000-0000-0000-000000000001,,"{""email"":""admin@rasid.demo"",""loginAt"":""2026-03-09T14:26:04.072Z"",""tokenId"":""8e47bc05-c62c-4ef8-93ec-febc307cd1a8""}"
f5bd9beb-1380-4d22-b4e0-380cfad02d21,2026-03-09T14:17:45.394Z,b0000000-0000-0000-0000-000000000001,Admin User,admin@rasid.demo,user.login,user,b0000000-0000-0000-0000-000000000001,,"{""email"":""admin@rasid.demo"",""loginAt"":""2026-03-09T14:17:45.393Z"",""tokenId"":""9da0d94a-fb1c-47a5-bd71-01328a96c2f9""}"
7514b2a9-0e9a-45cd-befc-4433b09414ac,2026-03-09T14:10:13.905Z,b0000000-0000-0000-0000-000000000001,Admin User,admin@rasid.demo,user.login,user,b0000000-0000-0000-0000-000000000001,,"{""email"":""admin@rasid.demo"",""loginAt"":""2026-03-09T14:10:13.905Z"",""tokenId"":""47910371-bdea-4215-aff9-2567fe6f5ad8""}"
765bb0d7-4074-429c-94a7-b555d63723b4,2026-03-09T14:07:41.990Z,b0000000-0000-0000-0000-000000000001,Admin User,admin@rasid.demo,user.login,user,b0000000-0000-0000-0000-000000000001,,"{""email"":""admin@rasid.demo"",""loginAt"":""2026-03-09T14:07:41.989Z"",""tokenId"":""a74f0ba3-52d6-4d71-bdbf-d9f4b5cf17f5""}"
0bc05190-4af1-4779-b37e-c553a905a49b,2026-03-09T14:06:28.297Z,b0000000-0000-0000-0000-000000000001,Admin User,admin@rasid.demo,user.login,user,b0000000-0000-0000-0000-000000000001,,"{""email"":""admin@rasid.demo"",""loginAt"":""2026-03-09T14:06:28.296Z"",""tokenId"":""46c30112-b833-464f-bf7b-091ccf87ceba""}"
78dedb5c-ab15-495a-8f9f-7ca189ed3048,2026-03-09T14:02:49.162Z,b0000000-0000-0000-0000-000000000001,Admin User,admin@rasid.demo,user.login,user,b0000000-0000-0000-0000-000000000001,,"{""email"":""admin@rasid.demo"",""loginAt"":""2026-03-09T14:02:49.160Z"",""tokenId"":""24c12af8-5f44-4ab3-bb4d-72afc2e824cc""}"
64542558-01e9-4500-a64c-77b6d5af2c4c,2026-03-09T14:01:23.416Z,b0000000-0000-0000-0000-000000000001,Admin User,admin@rasid.demo,user.login,user,b0000000-0000-0000-0000-000000000001,,"{""email"":""admin@rasid.demo"",""loginAt"":""2026-03-09T14:01:23.415Z"",""tokenId"":""3d2b60b6-a1c6-42da-bb41-c04d37deab62""}"
93f2be6a-607b-4d0a-93d2-1fd9e2117127,2026-03-09T14:00:20.078Z,b0000000-0000-0000-0000-000000000001,Admin User,admin@rasid.demo,user.login,user,b0000000-0000-0000-0000-000000000001,,"{""email"":""admin@rasid.demo"",""loginAt"":""2026-03-09T14:00:20.077Z"",""tokenId"":""c5476b96-9fc0-47a5-9a7f-a634eeaa18bd""}"
8204561e-2460-49db-92ac-a07ae13b4865,2026-03-09T14:00:12.936Z,b0000000-0000-0000-0000-000000000001,Admin User,admin@rasid.demo,user.login,user,b0000000-0000-0000-0000-000000000001,,"{""email"":""admin@rasid.demo"",""loginAt"":""2026-03-09T14:00:12.935Z"",""tokenId"":""ba480a99-0f35-4805-9409-e03ea003257d""}"
c0b47620-794d-4b3a-aafc-9488de9b8bf9,2026-03-09T14:00:05.735Z,b0000000-0000-0000-0000-000000000001,Admin User,admin@rasid.demo,user.login,user,b0000000-0000-0000-0000-000000000001,,"{""email"":""admin@rasid.demo"",""loginAt"":""2026-03-09T14:00:05.734Z"",""tokenId"":""d22cc5df-fdb4-4288-b96a-6a67a9afaf1c""}"
4b3d275b-16e9-45bd-a86f-13cca1327459,2026-03-09T13:59:47.824Z,b0000000-0000-0000-0000-000000000001,Admin User,admin@rasid.demo,user.login,user,b0000000-0000-0000-0000-000000000001,,"{""email"":""admin@rasid.demo"",""loginAt"":""2026-03-09T13:59:47.823Z"",""tokenId"":""a7beed80-9d7e-46e9-bef9-bf8c4fc06f6d""}"
4152a735-4528-4e45-ba4f-c2d5347caf91,2026-03-09T13:58:43.530Z,b0000000-0000-0000-0000-000000000001,Admin User,admin@rasid.demo,user.login,user,b0000000-0000-0000-0000-000000000001,,"{""email"":""admin@rasid.demo"",""loginAt"":""2026-03-09T13:58:43.529Z"",""tokenId"":""a0af1b88-6e42-4824-a845-bc2b73e093e5""}"
d9ebd470-9fd7-4ff5-bb5b-79122d11f700,2026-03-09T13:58:35.032Z,b0000000-0000-0000-0000-000000000001,Admin User,admin@rasid.demo,user.login,user,b0000000-0000-0000-0000-000000000001,,"{""email"":""admin@rasid.demo"",""loginAt"":""2026-03-09T13:58:35.031Z"",""tokenId"":""8852dec0-6d0c-471f-ac41-81c96d865c36""}"
77dac8da-7f99-42ea-ad08-8a57f6a8cca2,2026-03-09T13:56:38.260Z,b0000000-0000-0000-0000-000000000001,Admin User,admin@rasid.demo,user.login,user,b0000000-0000-0000-0000-000000000001,,"{""email"":""admin@rasid.demo"",""loginAt"":""2026-03-09T13:56:38.259Z"",""tokenId"":""4b39e1a5-6a1e-4a00-a8b3-d1389a60c5d3""}"
38ac0739-8223-4a2d-ab16-6fc0f7776962,2026-03-09T13:56:27.758Z,b0000000-0000-0000-0000-000000000001,Admin User,admin@rasid.demo,user.login,user,b0000000-0000-0000-0000-000000000001,,"{""email"":""admin@rasid.demo"",""loginAt"":""2026-03-09T13:56:27.757Z"",""tokenId"":""2ed3a3d5-3ebb-4475-b5e4-6c3010fc6067""}"
77e8bc62-16fa-4b70-ab98-7bcded5e60d0,2026-03-09T13:56:07.853Z,b0000000-0000-0000-0000-000000000001,Admin User,admin@rasid.demo,user.login,user,b0000000-0000-0000-0000-000000000001,,"{""email"":""admin@rasid.demo"",""loginAt"":""2026-03-09T13:56:07.852Z"",""tokenId"":""928171dd-fc9b-492b-b446-4924d8b1a434""}"
c08d8db1-3d93-4c29-bf31-f20906e4a76f,2026-03-09T13:56:00.059Z,b0000000-0000-0000-0000-000000000001,Admin User,admin@rasid.demo,user.login,user,b0000000-0000-0000-0000-000000000001,,"{""email"":""admin@rasid.demo"",""loginAt"":""2026-03-09T13:56:00.058Z"",""tokenId"":""8a725fe7-dced-445c-be03-878ceb2984c3""}"
ab4eff6d-387a-4584-be41-faf64dc81c4d,2026-03-09T13:55:51.128Z,b0000000-0000-0000-0000-000000000001,Admin User,admin@rasid.demo,user.login,user,b0000000-0000-0000-0000-000000000001,,"{""email"":""admin@rasid.demo"",""loginAt"":""2026-03-09T13:55:51.127Z"",""tokenId"":""9d37ca84-eb55-4e99-b838-430cd10ca53b""}"
23a5bca0-0eff-483f-b9b1-5ea9f4ecb630,2026-03-09T13:55:42.773Z,b0000000-0000-0000-0000-000000000001,Admin User,admin@rasid.demo,user.login,user,b0000000-0000-0000-0000-000000000001,,"{""email"":""admin@rasid.demo"",""loginAt"":""2026-03-09T13:55:42.772Z"",""tokenId"":""ce6f833b-e15e-43c4-a395-9041e773ecf9""}"
21807c46-e182-4dbc-b97a-36a990ab4f20,2026-03-09T13:55:28.439Z,b0000000-0000-0000-0000-000000000001,Admin User,admin@rasid.demo,user.login,user,b0000000-0000-0000-0000-000000000001,,"{""email"":""admin@rasid.demo"",""loginAt"":""2026-03-09T13:55:28.438Z"",""tokenId"":""d090a00a-af3d-475b-b8fb-0ed2b5a140f6""}"
5dc1496f-0c76-4ca2-a3e1-687cfe0ca644,2026-03-09T13:54:30.623Z,b0000000-0000-0000-0000-000000000001,Admin User,admin@rasid.demo,user.login,user,b0000000-0000-0000-0000-000000000001,,"{""email"":""admin@rasid.demo"",""loginAt"":""2026-03-09T13:54:30.621Z"",""tokenId"":""cd3704da-1d2f-44a7-b60e-ac039e5f34df""}"
3c0c314d-e8a3-498c-b716-14ca43c50899,2026-03-09T13:39:27.563Z,b0000000-0000-0000-0000-000000000001,Admin User,admin@rasid.demo,user.login,user,b0000000-0000-0000-0000-000000000001,,"{""email"":""admin@rasid.demo"",""loginAt"":""2026-03-09T13:39:27.561Z"",""tokenId"":""eb244607-b758-4f03-ba96-d3a140bf74b6""}"
b62aa5e2-1cf8-46ec-9df8-09ff2d7324ae,2026-03-09T13:39:16.878Z,b0000000-0000-0000-0000-000000000001,Admin User,admin@rasid.demo,user.login,user,b0000000-0000-0000-0000-000000000001,,"{""email"":""admin@rasid.demo"",""loginAt"":""2026-03-09T13:39:16.877Z"",""tokenId"":""5a5d4843-6adf-4b35-8aa4-c2f7d8fc3e67""}"
9df8a9ed-c7ac-49d4-bcd8-49e0d2286545,2026-03-09T13:39:00.242Z,b0000000-0000-0000-0000-000000000001,Admin User,admin@rasid.demo,user.login,user,b0000000-0000-0000-0000-000000000001,,"{""email"":""admin@rasid.demo"",""loginAt"":""2026-03-09T13:39:00.241Z"",""tokenId"":""424b532e-d6ae-4433-91bd-10d9aae184bc""}"
04c02107-3b96-4560-ad06-d0d1e36ec1dd,2026-03-09T13:38:13.302Z,b0000000-0000-0000-0000-000000000001,Admin User,admin@rasid.demo,user.login,user,b0000000-0000-0000-0000-000000000001,,"{""email"":""admin@rasid.demo"",""loginAt"":""2026-03-09T13:38:13.301Z"",""tokenId"":""0f938415-7a82-4efe-8a01-b88ef1b8b205""}"
af2a55d8-898b-4bb7-8622-af041182a330,2026-03-09T13:38:13.033Z,b0000000-0000-0000-0000-000000000001,Admin User,admin@rasid.demo,user.login,user,b0000000-0000-0000-0000-000000000001,,"{""email"":""admin@rasid.demo"",""loginAt"":""2026-03-09T13:38:13.032Z"",""tokenId"":""745203b5-61f2-4114-83ae-be59aa5ca064""}"
da972027-5477-486f-92ed-c35ee3a1c99b,2026-03-09T13:38:12.906Z,b0000000-0000-0000-0000-000000000001,Admin User,admin@rasid.demo,user.login,user,b0000000-0000-0000-0000-000000000001,,"{""email"":""admin@rasid.demo"",""loginAt"":""2026-03-09T13:38:12.905Z"",""tokenId"":""e29cc7f1-519d-46d3-a6e4-71cf227ea416""}"
8585b279-149c-4552-83a6-f378f232ad36,2026-03-09T13:37:58.422Z,b0000000-0000-0000-0000-000000000001,Admin User,admin@rasid.demo,user.login,user,b0000000-0000-0000-0000-000000000001,,"{""email"":""admin@rasid.demo"",""loginAt"":""2026-03-09T13:37:58.420Z"",""tokenId"":""11a0df47-6fda-400c-91cb-b4f89fdf8aa9""}"
98f3c18e-1975-4836-8602-1161be6326d4,2026-03-09T13:37:50.552Z,b0000000-0000-0000-0000-000000000001,Admin User,admin@rasid.demo,user.login,user,b0000000-0000-0000-0000-000000000001,,"{""email"":""admin@rasid.demo"",""loginAt"":""2026-03-09T13:37:50.551Z"",""tokenId"":""68fbad42-f39f-41cc-8a63-ead9ba51747d""}"
ecfe15fd-ae2f-43ca-b3b5-a0ba0a600784,2026-03-09T13:37:43.998Z,b0000000-0000-0000-0000-000000000001,Admin User,admin@rasid.demo,user.login,user,b0000000-0000-0000-0000-000000000001,,"{""email"":""admin@rasid.demo"",""loginAt"":""2026-03-09T13:37:43.997Z"",""tokenId"":""8a8709c5-db9d-43da-adb7-ee458540adde""}"
55c76a12-3526-4219-b31a-f329602efeb6,2026-03-09T13:37:36.636Z,b0000000-0000-0000-0000-000000000001,Admin User,admin@rasid.demo,user.login,user,b0000000-0000-0000-0000-000000000001,,"{""email"":""admin@rasid.demo"",""loginAt"":""2026-03-09T13:37:36.635Z"",""tokenId"":""86d50b52-2175-4245-913c-4e88c93a73d5""}"
783084e6-db26-46d4-aa37-892af1cde236,2026-03-09T13:37:28.709Z,b0000000-0000-0000-0000-000000000001,Admin User,admin@rasid.demo,user.login,user,b0000000-0000-0000-0000-000000000001,,"{""email"":""admin@rasid.demo"",""loginAt"":""2026-03-09T13:37:28.708Z"",""tokenId"":""64c69978-3d36-4ceb-b524-9394ccc7013d""}"
f43e3ddc-c89e-496f-a15d-d8ebb7659b93,2026-03-09T13:37:23.030Z,b0000000-0000-0000-0000-000000000001,Admin User,admin@rasid.demo,user.login,user,b0000000-0000-0000-0000-000000000001,,"{""email"":""admin@rasid.demo"",""loginAt"":""2026-03-09T13:37:23.029Z"",""tokenId"":""a5bc21a4-5f33-42a1-bd84-e358beb239a5""}"
37a9375b-dcc9-45a9-899a-dd3e1bc7be2b,2026-03-09T13:19:55.739Z,b0000000-0000-0000-0000-000000000001,Admin User,admin@rasid.demo,user.login,user,b0000000-0000-0000-0000-000000000001,,"{""email"":""admin@rasid.demo"",""loginAt"":""2026-03-09T13:19:55.738Z"",""tokenId"":""318c16e6-a38b-425e-bef8-5982b76e0ebd""}"
5b0e1780-cea7-4d87-9dcb-e5fcbc3677c2,2026-03-09T13:18:31.423Z,b0000000-0000-0000-0000-000000000001,Admin User,admin@rasid.demo,user.login,user,b0000000-0000-0000-0000-000000000001,,"{""email"":""admin@rasid.demo"",""loginAt"":""2026-03-09T13:18:31.422Z"",""tokenId"":""e4fd3771-0f11-4e0c-8db4-17a90d49497f""}"
baf1a5e3-23be-4a8e-adde-8f24338d973e,2026-03-09T13:17:49.047Z,b0000000-0000-0000-0000-000000000001,Admin User,admin@rasid.demo,user.login,user,b0000000-0000-0000-0000-000000000001,,"{""email"":""admin@rasid.demo"",""loginAt"":""2026-03-09T13:17:49.046Z"",""tokenId"":""c65a05b7-1865-41bb-aa28-4af2869f447d""}"
08d0d761-130a-4305-a6c6-802c8840efca,2026-03-09T13:14:42.724Z,b0000000-0000-0000-0000-000000000001,Admin User,admin@rasid.demo,user.login,user,b0000000-0000-0000-0000-000000000001,,"{""email"":""admin@rasid.demo"",""loginAt"":""2026-03-09T13:14:42.723Z"",""tokenId"":""9d560613-23e1-4a70-b89f-27a6a64591d9""}"
eca1777e-52fb-460c-867d-6b88ddd64973,2026-03-09T13:14:17.253Z,b0000000-0000-0000-0000-000000000001,Admin User,admin@rasid.demo,user.login,user,b0000000-0000-0000-0000-000000000001,,"{""email"":""admin@rasid.demo"",""loginAt"":""2026-03-09T13:14:17.251Z"",""tokenId"":""04f1e316-d7c3-464e-9ca8-bcd40daa27c5""}"
1ab63871-7989-4ac9-a5c9-78668ab474d0,2026-03-09T12:54:04.083Z,b0000000-0000-0000-0000-000000000001,Admin User,admin@rasid.demo,user.login,user,b0000000-0000-0000-0000-000000000001,,"{""email"":""admin@rasid.demo"",""loginAt"":""2026-03-09T12:54:04.082Z"",""tokenId"":""71a032fd-14c6-4af2-97a1-8a4e14d71de3""}"
eaf9b7ec-71f0-461e-ab56-4b7ddaefb2d2,2026-03-09T12:53:49.395Z,b0000000-0000-0000-0000-000000000001,Admin User,admin@rasid.demo,user.login,user,b0000000-0000-0000-0000-000000000001,,"{""email"":""admin@rasid.demo"",""loginAt"":""2026-03-09T12:53:49.394Z"",""tokenId"":""4c33ff37-0c74-40a1-aa7a-863d3bd7421e""}"
4782324d-70e3-4704-9242-846701198f2b,2026-03-09T12:53:28.672Z,b0000000-0000-0000-0000-000000000001,Admin User,admin@rasid.demo,user.login,user,b0000000-0000-0000-0000-000000000001,,"{""email"":""admin@rasid.demo"",""loginAt"":""2026-03-09T12:53:28.671Z"",""tokenId"":""626393dc-64f3-49e3-a3b7-e5965eed6c62""}"
f96c13b2-d114-43b9-827b-9248d37d7992,2026-03-09T12:44:18.682Z,b0000000-0000-0000-0000-000000000001,Admin User,admin@rasid.demo,user.login,user,b0000000-0000-0000-0000-000000000001,,"{""email"":""admin@rasid.demo"",""loginAt"":""2026-03-09T12:44:18.681Z"",""tokenId"":""24006624-4f28-4b59-98f7-c4062c376fd7""}"
8a251cba-d4f2-4804-b0dc-d03e8640d91f,2026-03-09T12:35:54.761Z,b0000000-0000-0000-0000-000000000001,Admin User,admin@rasid.demo,user.login,user,b0000000-0000-0000-0000-000000000001,,"{""email"":""admin@rasid.demo"",""loginAt"":""2026-03-09T12:35:54.759Z"",""tokenId"":""c3b4c3d3-3e06-4911-846c-68f9dd181bd7""}"
7196c4ed-a758-4859-920a-f7043ff2131e,2026-03-09T12:30:22.805Z,b0000000-0000-0000-0000-000000000001,Admin User,admin@rasid.demo,user.login,user,b0000000-0000-0000-0000-000000000001,,"{""email"":""admin@rasid.demo"",""loginAt"":""2026-03-09T12:30:22.804Z"",""tokenId"":""a217dc52-8a1b-4827-b470-1dd6254f1f32""}"
b20d8230-067b-45f0-8352-558a0542da0f,2026-03-09T12:29:10.359Z,b0000000-0000-0000-0000-000000000001,Admin User,admin@rasid.demo,user.login,user,b0000000-0000-0000-0000-000000000001,,"{""email"":""admin@rasid.demo"",""loginAt"":""2026-03-09T12:29:10.359Z"",""tokenId"":""80fdf47d-7232-4703-9155-1b1429b93344""}"
eeb0f6bf-2dba-4c3a-a229-20a9cb012520,2026-03-09T12:20:32.463Z,b0000000-0000-0000-0000-000000000001,Admin User,admin@rasid.demo,workflow.created,workflow,4ecd5325-17da-4472-a411-01d9798613bb,,"{""name"":""اعتماد تدفق عربي للتحقق"",""steps"":[{""name"":""استلام الطلب"",""order"":0,""approverRole"":""manager""},{""name"":""اعتماد نهائي"",""order"":1,""approverRole"":""admin""}],""status"":""ACTIVE"",""createdAt"":""2026-03-09T12:20:32.429Z"",""createdBy"":""b0000000-0000-0000-0000-000000000001"",""workflowId"":""4ecd5325-17da-4472-a411-01d9798613bb""}"
26827b39-b17a-442d-874e-7654f4d28ae7,2026-03-09T12:19:10.737Z,b0000000-0000-0000-0000-000000000001,Admin User,admin@rasid.demo,user.login,user,b0000000-0000-0000-0000-000000000001,,"{""email"":""admin@rasid.demo"",""loginAt"":""2026-03-09T12:19:10.737Z"",""tokenId"":""c7271b2c-f581-4b81-a153-6223610eee17""}"
4fbf90f8-39a3-4ac3-a5e3-69afec60306c,2026-03-09T12:09:24.056Z,b0000000-0000-0000-0000-000000000001,Admin User,admin@rasid.demo,user.login,user,b0000000-0000-0000-0000-000000000001,,"{""email"":""admin@rasid.demo"",""loginAt"":""2026-03-09T12:09:24.055Z"",""tokenId"":""321fd8ba-3243-4a28-80fd-96bf260afb99""}"
9d35c3ab-3875-49e0-8a4e-0070d6175cdb,2026-03-09T12:08:52.650Z,b0000000-0000-0000-0000-000000000001,Admin User,admin@rasid.demo,user.login,user,b0000000-0000-0000-0000-000000000001,,"{""email"":""admin@rasid.demo"",""loginAt"":""2026-03-09T12:08:52.649Z"",""tokenId"":""c2b1eb59-4014-46c5-b218-b65d133fa367""}"
d4514e91-2158-4d28-a55f-98d9b6972589,2026-03-09T12:08:38.758Z,b0000000-0000-0000-0000-000000000001,Admin User,admin@rasid.demo,user.login,user,b0000000-0000-0000-0000-000000000001,,"{""email"":""admin@rasid.demo"",""loginAt"":""2026-03-09T12:08:38.758Z"",""tokenId"":""f4cefb43-d96f-49e8-9600-7f7c3472c64b""}"
82e10ae8-a28e-4a25-a53e-8c276658dcc5,2026-03-09T12:08:22.380Z,b0000000-0000-0000-0000-000000000001,Admin User,admin@rasid.demo,user.login,user,b0000000-0000-0000-0000-000000000001,,"{""email"":""admin@rasid.demo"",""loginAt"":""2026-03-09T12:08:22.379Z"",""tokenId"":""e1a9281d-4413-483c-8f97-3a0b9b89ecf3""}"
f3c2878a-cb3a-4710-a7ee-6af2ae9cbb80,2026-03-09T12:07:42.517Z,b0000000-0000-0000-0000-000000000001,Admin User,admin@rasid.demo,user.login,user,b0000000-0000-0000-0000-000000000001,,"{""email"":""admin@rasid.demo"",""loginAt"":""2026-03-09T12:07:42.516Z"",""tokenId"":""eb0e8bdd-4247-4dab-9930-7af9d5691687""}"
78864ea9-ff86-4ed7-8bc2-06db0cdc0410,2026-03-09T12:06:54.684Z,b0000000-0000-0000-0000-000000000001,Admin User,admin@rasid.demo,user.login,user,b0000000-0000-0000-0000-000000000001,,"{""email"":""admin@rasid.demo"",""loginAt"":""2026-03-09T12:06:54.683Z"",""tokenId"":""ece504b9-0903-4fda-8077-3d94a9bd7642""}"
ca809aab-54df-4344-9ca2-b40799612120,2026-03-09T12:05:59.671Z,b0000000-0000-0000-0000-000000000001,Admin User,admin@rasid.demo,user.login,user,b0000000-0000-0000-0000-000000000001,,"{""email"":""admin@rasid.demo"",""loginAt"":""2026-03-09T12:05:59.670Z"",""tokenId"":""ffc05cc5-1c35-411d-870a-9938ed814e91""}"
efeadab4-a863-428a-b0f4-ddcf8712e819,2026-03-09T12:05:02.965Z,b0000000-0000-0000-0000-000000000001,Admin User,admin@rasid.demo,user.login,user,b0000000-0000-0000-0000-000000000001,,"{""email"":""admin@rasid.demo"",""loginAt"":""2026-03-09T12:05:02.964Z"",""tokenId"":""18d379ec-fb9e-4a4d-8366-7644026b8d78""}"
90bc5742-9ec2-4ddc-a63b-24338ff82fc1,2026-03-09T12:03:54.469Z,b0000000-0000-0000-0000-000000000001,Admin User,admin@rasid.demo,user.login,user,b0000000-0000-0000-0000-000000000001,,"{""email"":""admin@rasid.demo"",""loginAt"":""2026-03-09T12:03:54.468Z"",""tokenId"":""3b711a8c-6142-4611-827e-7327cbcd5558""}"
a30794f9-720b-4cf1-b996-6b74e626e3f4,2026-03-09T11:51:40.442Z,b0000000-0000-0000-0000-000000000001,Admin User,admin@rasid.demo,user.login,user,b0000000-0000-0000-0000-000000000001,,"{""email"":""admin@rasid.demo"",""loginAt"":""2026-03-09T11:51:40.441Z"",""tokenId"":""6e7744ee-56cc-4223-abb5-114d55f57346""}"
0aaee896-6427-4099-9ff9-353cdcb9ed1a,2026-03-09T11:49:23.163Z,b0000000-0000-0000-0000-000000000001,Admin User,admin@rasid.demo,user.login,user,b0000000-0000-0000-0000-000000000001,,"{""email"":""admin@rasid.demo"",""loginAt"":""2026-03-09T11:49:23.162Z"",""tokenId"":""9cbf3a17-f1c5-4d93-83b3-aa6cdf17366a""}"
28781c97-eacc-4255-bc44-9f271156a7ea,2026-03-09T11:49:23.141Z,b0000000-0000-0000-0000-000000000001,Admin User,admin@rasid.demo,user.login,user,b0000000-0000-0000-0000-000000000001,,"{""email"":""admin@rasid.demo"",""loginAt"":""2026-03-09T11:49:23.140Z"",""tokenId"":""4f6f3453-d01f-46a9-88e3-a0ae355e67d8""}"
10eec0d6-26d3-4e66-a340-2fab08d9072d,2026-03-09T11:49:10.491Z,b0000000-0000-0000-0000-000000000001,Admin User,admin@rasid.demo,user.login,user,b0000000-0000-0000-0000-000000000001,,"{""email"":""admin@rasid.demo"",""loginAt"":""2026-03-09T11:49:10.490Z"",""tokenId"":""bf96e68b-96c9-443a-ba00-5ed2ed33661e""}"
2b2a865c-7247-4846-b354-88bca4cdfb40,2026-03-09T11:48:01.432Z,b0000000-0000-0000-0000-000000000001,Admin User,admin@rasid.demo,user.login,user,b0000000-0000-0000-0000-000000000001,,"{""email"":""admin@rasid.demo"",""loginAt"":""2026-03-09T11:48:01.431Z"",""tokenId"":""c897664c-e6de-44c3-a93a-39d717685140""}"
7fee1279-c618-462b-8d58-82215093eeb0,2026-03-09T11:48:01.118Z,b0000000-0000-0000-0000-000000000001,Admin User,admin@rasid.demo,user.login,user,b0000000-0000-0000-0000-000000000001,,"{""email"":""admin@rasid.demo"",""loginAt"":""2026-03-09T11:48:01.117Z"",""tokenId"":""fb71d510-c6de-4836-bfc2-f85f3502d55c""}"
676d4bd5-4340-402d-b543-38fdbcbf81f1,2026-03-09T11:48:00.961Z,b0000000-0000-0000-0000-000000000001,Admin User,admin@rasid.demo,user.login,user,b0000000-0000-0000-0000-000000000001,,"{""email"":""admin@rasid.demo"",""loginAt"":""2026-03-09T11:48:00.960Z"",""tokenId"":""437eb1d9-2b18-41db-be68-68e9d0e988db""}"
65f08c2b-b57b-4da0-9e63-477cbcfb8bd8,2026-03-09T11:46:00.784Z,b0000000-0000-0000-0000-000000000001,Admin User,admin@rasid.demo,user.login,user,b0000000-0000-0000-0000-000000000001,,"{""email"":""admin@rasid.demo"",""loginAt"":""2026-03-09T11:46:00.782Z"",""tokenId"":""9829796c-03b9-4474-876f-d7200483fac9""}"
39dbbb0c-3c9a-47ee-8868-2f0215341c2d,2026-03-09T11:37:26.318Z,b0000000-0000-0000-0000-000000000001,Admin User,admin@rasid.demo,user.login,user,b0000000-0000-0000-0000-000000000001,,"{""email"":""admin@rasid.demo"",""loginAt"":""2026-03-09T11:37:26.317Z"",""tokenId"":""2fe753b2-770a-45d8-af60-46f4ef666694""}"
efdacd4c-e324-4ef7-be75-72ea160aa679,2026-03-09T11:37:25.938Z,b0000000-0000-0000-0000-000000000001,Admin User,admin@rasid.demo,user.login,user,b0000000-0000-0000-0000-000000000001,,"{""email"":""admin@rasid.demo"",""loginAt"":""2026-03-09T11:37:25.937Z"",""tokenId"":""5e97d805-157d-43bc-a8e8-5a421762016d""}"
feeedde7-8144-4538-a1cc-da56fc9c6379,2026-03-09T11:37:25.873Z,b0000000-0000-0000-0000-000000000001,Admin User,admin@rasid.demo,user.login,user,b0000000-0000-0000-0000-000000000001,,"{""email"":""admin@rasid.demo"",""loginAt"":""2026-03-09T11:37:25.871Z"",""tokenId"":""3eea3df7-1d44-4330-84e2-8c9e85c908b5""}"
45d2c83e-c230-4cda-8c95-1c2a858d47bf,2026-03-09T11:37:14.103Z,b0000000-0000-0000-0000-000000000001,Admin User,admin@rasid.demo,user.login,user,b0000000-0000-0000-0000-000000000001,,"{""email"":""admin@rasid.demo"",""loginAt"":""2026-03-09T11:37:14.102Z"",""tokenId"":""762de420-1aba-4016-a274-b1e3d4c90a2a""}"
e1ed190e-2eda-4411-ab9a-00846d067eb8,2026-03-09T11:24:59.966Z,b0000000-0000-0000-0000-000000000001,Admin User,admin@rasid.demo,user.login,user,b0000000-0000-0000-0000-000000000001,,"{""email"":""admin@rasid.demo"",""loginAt"":""2026-03-09T11:24:59.965Z"",""tokenId"":""9dfc9437-5439-4d49-9d02-6dc9c02d8087""}"
859961a0-a8d2-48b7-8161-49357c17750f,2026-03-09T11:24:59.641Z,b0000000-0000-0000-0000-000000000001,Admin User,admin@rasid.demo,user.login,user,b0000000-0000-0000-0000-000000000001,,"{""email"":""admin@rasid.demo"",""loginAt"":""2026-03-09T11:24:59.640Z"",""tokenId"":""36a57b3d-5df5-4729-8a2e-3940eec6b86b""}"
f6aead22-491f-4d48-bb9a-18c3406c171f,2026-03-09T11:24:59.579Z,b0000000-0000-0000-0000-000000000001,Admin User,admin@rasid.demo,user.login,user,b0000000-0000-0000-0000-000000000001,,"{""email"":""admin@rasid.demo"",""loginAt"":""2026-03-09T11:24:59.578Z"",""tokenId"":""fab937b0-3faf-4127-9930-69f9b584462a""}"
e527e69f-3ebb-48df-b9e1-db325487a2ca,2026-03-09T11:24:31.976Z,b0000000-0000-0000-0000-000000000001,Admin User,admin@rasid.demo,user.login,user,b0000000-0000-0000-0000-000000000001,,"{""email"":""admin@rasid.demo"",""loginAt"":""2026-03-09T11:24:31.975Z"",""tokenId"":""1155d911-0903-46f5-a01d-833e043100a6""}"
785f626b-6df3-445b-a630-8a371df46b64,2026-03-09T11:24:31.849Z,b0000000-0000-0000-0000-000000000001,Admin User,admin@rasid.demo,user.login,user,b0000000-0000-0000-0000-000000000001,,"{""email"":""admin@rasid.demo"",""loginAt"":""2026-03-09T11:24:31.848Z"",""tokenId"":""64dc266b-d33d-499c-81dd-7d0f47c84268""}"
e17fb6f8-7bf1-4402-ac4f-bd2e50dd95db,2026-03-09T11:23:26.000Z,b0000000-0000-0000-0000-000000000001,Admin User,admin@rasid.demo,user.login,user,b0000000-0000-0000-0000-000000000001,,"{""email"":""admin@rasid.demo"",""loginAt"":""2026-03-09T11:23:25.999Z"",""tokenId"":""4230af60-612a-4e8b-8860-cd5936e561ac""}"
ffb11d8f-a157-41cb-821b-74088c7fbf4e,2026-03-09T11:21:33.518Z,b0000000-0000-0000-0000-000000000001,Admin User,admin@rasid.demo,user.login,user,b0000000-0000-0000-0000-000000000001,,"{""email"":""admin@rasid.demo"",""loginAt"":""2026-03-09T11:21:33.517Z"",""tokenId"":""539ba458-eb1d-42c9-8354-080d6e91019a""}"
f9ea2600-e6b5-4f9c-9466-de38823f879b,2026-03-09T11:21:33.413Z,b0000000-0000-0000-0000-000000000001,Admin User,admin@rasid.demo,user.login,user,b0000000-0000-0000-0000-000000000001,,"{""email"":""admin@rasid.demo"",""loginAt"":""2026-03-09T11:21:33.412Z"",""tokenId"":""9d06ed0e-8288-4e25-925d-7359fec4e224""}"
767ab909-1aed-4153-a67c-f5f677c6f660,2026-03-09T11:20:07.134Z,b0000000-0000-0000-0000-000000000001,Admin User,admin@rasid.demo,user.login,user,b0000000-0000-0000-0000-000000000001,,"{""email"":""admin@rasid.demo"",""loginAt"":""2026-03-09T11:20:07.133Z"",""tokenId"":""244d40b7-d3c4-4bef-a630-c0250a9119cc""}"
92390659-729f-4800-95c4-267f61dde799,2026-03-09T11:18:51.825Z,b0000000-0000-0000-0000-000000000001,Admin User,admin@rasid.demo,user.login,user,b0000000-0000-0000-0000-000000000001,,"{""email"":""admin@rasid.demo"",""loginAt"":""2026-03-09T11:18:51.824Z"",""tokenId"":""79730ca7-4092-4fb9-8bec-81b58fd180d6""}"
ba067bb9-9524-43f8-bb3a-4dded595ddcb,2026-03-09T10:47:13.464Z,b0000000-0000-0000-0000-000000000001,Admin User,admin@rasid.demo,user.login,user,b0000000-0000-0000-0000-000000000001,,"{""email"":""admin@rasid.demo"",""loginAt"":""2026-03-09T10:47:13.463Z"",""tokenId"":""75757b71-c726-4cc9-b57f-4d34905f5264""}"
dd506896-3fe6-46c9-86dd-8183f0e485c4,2026-03-09T10:47:10.874Z,b0000000-0000-0000-0000-000000000001,Admin User,admin@rasid.demo,user.login,user,b0000000-0000-0000-0000-000000000001,,"{""email"":""admin@rasid.demo"",""loginAt"":""2026-03-09T10:47:10.873Z"",""tokenId"":""3fdd1a41-4e0b-43dc-bead-50d2a17d098c""}"
4a1cdc65-3e7f-4c60-8c82-13887373d104,2026-03-09T10:47:10.818Z,b0000000-0000-0000-0000-000000000001,Admin User,admin@rasid.demo,user.login,user,b0000000-0000-0000-0000-000000000001,,"{""email"":""admin@rasid.demo"",""loginAt"":""2026-03-09T10:47:10.817Z"",""tokenId"":""8713d9c8-8eb0-4d52-83a9-ba6107318e14""}"
c2bb8673-d975-425b-84e5-0912c5781850,2026-03-09T10:45:49.148Z,b0000000-0000-0000-0000-000000000001,Admin User,admin@rasid.demo,workflow.created,workflow,a2dfa3b0-b130-4f83-a61f-3430bf9bd6bd,,"{""name"":""اعتماد أصل مكتبي 1345"",""steps"":[{""name"":""مراجعة أولية"",""order"":0,""approverRole"":""manager""},{""name"":""اعتماد نهائي"",""order"":1,""approverRole"":""admin""}],""status"":""ACTIVE"",""createdAt"":""2026-03-09T10:45:49.111Z"",""createdBy"":""b0000000-0000-0000-0000-000000000001"",""workflowId"":""a2dfa3b0-b130-4f83-a61f-3430bf9bd6bd""}"
d4276b60-2fce-4479-bb7f-0491aa9e52b8,2026-03-09T10:44:31.447Z,b0000000-0000-0000-0000-000000000001,Admin User,admin@rasid.demo,user.login,user,b0000000-0000-0000-0000-000000000001,,"{""email"":""admin@rasid.demo"",""loginAt"":""2026-03-09T10:44:31.446Z"",""tokenId"":""7478117f-195c-4263-b7bf-a76288c8c03e""}"
d14bd692-56b6-4296-8962-9f8569494e0e,2026-03-09T10:44:30.669Z,b0000000-0000-0000-0000-000000000001,Admin User,admin@rasid.demo,user.login,user,b0000000-0000-0000-0000-000000000001,,"{""email"":""admin@rasid.demo"",""loginAt"":""2026-03-09T10:44:30.668Z"",""tokenId"":""b0c8c800-1f1d-4707-b80d-ad0ba253fd29""}"
38ccb5ef-f39b-470c-a5ac-99438e0b2f68,2026-03-09T10:38:21.939Z,b0000000-0000-0000-0000-000000000001,Admin User,admin@rasid.demo,user.login,user,b0000000-0000-0000-0000-000000000001,,"{""email"":""admin@rasid.demo"",""loginAt"":""2026-03-09T10:38:21.938Z"",""tokenId"":""65874eaf-efef-463b-9241-44a49463c481""}"
6f2f840f-5bf4-4a39-b86a-2f6e12cb766d,2026-03-09T10:36:44.214Z,b0000000-0000-0000-0000-000000000001,Admin User,admin@rasid.demo,user.login,user,b0000000-0000-0000-0000-000000000001,,"{""email"":""admin@rasid.demo"",""loginAt"":""2026-03-09T10:36:44.213Z"",""tokenId"":""e0a64010-05ff-4e09-89fa-853e2f780752""}"
2200c5a2-c411-4272-b27b-8c9fbe58cf26,2026-03-09T10:36:44.176Z,b0000000-0000-0000-0000-000000000001,Admin User,admin@rasid.demo,user.login,user,b0000000-0000-0000-0000-000000000001,,"{""email"":""admin@rasid.demo"",""loginAt"":""2026-03-09T10:36:44.175Z"",""tokenId"":""c27fed25-0c1a-43b9-900e-b43914b246c6""}"
56eb4633-fdcb-4878-b0b1-0fbd0ae8c83a,2026-03-09T10:36:33.002Z,b0000000-0000-0000-0000-000000000001,Admin User,admin@rasid.demo,user.login,user,b0000000-0000-0000-0000-000000000001,,"{""email"":""admin@rasid.demo"",""loginAt"":""2026-03-09T10:36:33.001Z"",""tokenId"":""650797a7-3bbd-4372-9a1f-46bc444acae7""}"
91b6c810-9ac6-4f97-8517-0005fa3b1421,2026-03-09T10:36:32.814Z,b0000000-0000-0000-0000-000000000001,Admin User,admin@rasid.demo,user.login,user,b0000000-0000-0000-0000-000000000001,,"{""email"":""admin@rasid.demo"",""loginAt"":""2026-03-09T10:36:32.813Z"",""tokenId"":""ca3483f4-1006-4216-b643-9a10c4e4f81d""}"
23226473-51c5-49bf-a87a-fba498e8452d,2026-03-09T10:32:54.622Z,b0000000-0000-0000-0000-000000000001,Admin User,admin@rasid.demo,user.login,user,b0000000-0000-0000-0000-000000000001,,"{""email"":""admin@rasid.demo"",""loginAt"":""2026-03-09T10:32:54.621Z"",""tokenId"":""b06f3208-9944-4a65-b2c3-3eeed9d8d841""}"
b512f564-19b6-4757-ab17-7e0634dff211,2026-03-09T10:32:54.606Z,b0000000-0000-0000-0000-000000000001,Admin User,admin@rasid.demo,user.login,user,b0000000-0000-0000-0000-000000000001,,"{""email"":""admin@rasid.demo"",""loginAt"":""2026-03-09T10:32:54.605Z"",""tokenId"":""d6a60b06-8994-461f-9e8d-52178fb4c960""}"
ed625f03-2700-48e7-91df-f48e462d2732,2026-03-09T10:27:14.472Z,b0000000-0000-0000-0000-000000000001,Admin User,admin@rasid.demo,user.login,user,b0000000-0000-0000-0000-000000000001,,"{""email"":""admin@rasid.demo"",""loginAt"":""2026-03-09T10:27:14.471Z"",""tokenId"":""9151ee52-aa87-4246-927d-0d7e3a9b4848""}"
fa2f8461-2a86-4426-8d18-cb8ad83eabc3,2026-03-09T10:27:06.026Z,b0000000-0000-0000-0000-000000000001,Admin User,admin@rasid.demo,user.login,user,b0000000-0000-0000-0000-000000000001,,"{""email"":""admin@rasid.demo"",""loginAt"":""2026-03-09T10:27:06.025Z"",""tokenId"":""120b6e14-8f0f-410e-8ceb-208cb1687b6c""}"
9738b126-43e6-42bc-ad8a-e073744615ef,2026-03-09T10:27:06.007Z,b0000000-0000-0000-0000-000000000001,Admin User,admin@rasid.demo,user.login,user,b0000000-0000-0000-0000-000000000001,,"{""email"":""admin@rasid.demo"",""loginAt"":""2026-03-09T10:27:06.006Z"",""tokenId"":""db5d3b5b-2375-45c1-856a-836ff2d3ab0a""}"
f3d10573-26a5-4420-8940-0dbfd06a1cee,2026-03-09T10:26:55.182Z,b0000000-0000-0000-0000-000000000001,Admin User,admin@rasid.demo,user.login,user,b0000000-0000-0000-0000-000000000001,,"{""email"":""admin@rasid.demo"",""loginAt"":""2026-03-09T10:26:55.181Z"",""tokenId"":""928be195-a446-49c4-8154-b69590c2787b""}"
131d1acb-ff9f-451f-a10a-d677a1fa1ccd,2026-03-09T10:26:55.181Z,b0000000-0000-0000-0000-000000000001,Admin User,admin@rasid.demo,user.login,user,b0000000-0000-0000-0000-000000000001,,"{""email"":""admin@rasid.demo"",""loginAt"":""2026-03-09T10:26:55.180Z"",""tokenId"":""c7143866-6c90-4fb0-b576-6db6a5302d81""}"
96b0ee67-dd19-492e-a81d-b7a8c0061dea,2026-03-09T10:24:48.160Z,b0000000-0000-0000-0000-000000000001,Admin User,admin@rasid.demo,user.login,user,b0000000-0000-0000-0000-000000000001,,"{""email"":""admin@rasid.demo"",""loginAt"":""2026-03-09T10:24:48.159Z"",""tokenId"":""3878db9f-f433-44fb-bfba-f7999891efc1""}"
f6693211-8cf6-45e8-a3fa-5c66aac8d031,2026-03-09T10:24:25.405Z,b0000000-0000-0000-0000-000000000001,Admin User,admin@rasid.demo,user.login,user,b0000000-0000-0000-0000-000000000001,,"{""email"":""admin@rasid.demo"",""loginAt"":""2026-03-09T10:24:25.404Z"",""tokenId"":""1e95cb3b-48af-4719-9e5a-9dcc4f0943fa""}"
b8f21959-8870-400f-b39b-9df8feabde59,2026-03-09T10:24:25.404Z,b0000000-0000-0000-0000-000000000001,Admin User,admin@rasid.demo,user.login,user,b0000000-0000-0000-0000-000000000001,,"{""email"":""admin@rasid.demo"",""loginAt"":""2026-03-09T10:24:25.403Z"",""tokenId"":""c5f640be-fa77-4e36-947c-0859f34a0652""}"
4d2bf85f-cf78-435c-81e9-76379903925c,2026-03-09T10:06:20.847Z,b0000000-0000-0000-0000-000000000001,Admin User,admin@rasid.demo,user.login,user,b0000000-0000-0000-0000-000000000001,,"{""email"":""admin@rasid.demo"",""loginAt"":""2026-03-09T10:06:20.846Z"",""tokenId"":""42b081d1-aa25-4aed-b1cd-00f07af4a516""}"
1a193333-ebee-4206-9e88-af9234ddcf9e,2026-03-09T10:00:23.109Z,b0000000-0000-0000-0000-000000000001,Admin User,admin@rasid.demo,user.login,user,b0000000-0000-0000-0000-000000000001,,"{""email"":""admin@rasid.demo"",""loginAt"":""2026-03-09T10:00:23.107Z"",""tokenId"":""1b703074-17f5-46da-9669-7f6073e85ea9""}"
01c6d8c5-3ff3-4422-87ae-2b0646e20f67,2026-03-09T10:00:18.465Z,b0000000-0000-0000-0000-000000000001,Admin User,admin@rasid.demo,user.login,user,b0000000-0000-0000-0000-000000000001,,"{""email"":""admin@rasid.demo"",""loginAt"":""2026-03-09T10:00:18.464Z"",""tokenId"":""3a2a6243-5245-45e0-a39d-07066c76b4f1""}"
5447caae-1801-4609-9307-cfbb08c3dd4a,2026-03-09T10:00:11.413Z,b0000000-0000-0000-0000-000000000001,Admin User,admin@rasid.demo,user.login,user,b0000000-0000-0000-0000-000000000001,,"{""email"":""admin@rasid.demo"",""loginAt"":""2026-03-09T10:00:11.412Z"",""tokenId"":""82fff0d1-4dea-4a11-9648-91bbc2a22d0d""}"
00080597-4df7-48a6-9483-5e8146b89175,2026-03-09T09:43:20.193Z,b0000000-0000-0000-0000-000000000001,Admin User,admin@rasid.demo,user.login,user,b0000000-0000-0000-0000-000000000001,,"{""email"":""admin@rasid.demo"",""loginAt"":""2026-03-09T09:43:20.192Z"",""tokenId"":""a71b1406-cccd-4166-85e8-082fb4c00969""}"
84304a53-18ab-4f66-a97d-5e33aa74b46f,2026-03-09T09:42:48.685Z,b0000000-0000-0000-0000-000000000001,Admin User,admin@rasid.demo,user.login,user,b0000000-0000-0000-0000-000000000001,,"{""email"":""admin@rasid.demo"",""loginAt"":""2026-03-09T09:42:48.684Z"",""tokenId"":""10f5098f-b5ec-46b5-9876-d354b924231c""}"
34b54d42-d841-4892-ae00-bc418f47b68d,2026-03-09T09:35:18.680Z,b0000000-0000-0000-0000-000000000001,Admin User,admin@rasid.demo,user.login,user,b0000000-0000-0000-0000-000000000001,,"{""email"":""admin@rasid.demo"",""loginAt"":""2026-03-09T09:35:18.679Z"",""tokenId"":""ce95b1a4-0c41-4c7b-bece-e2965f782a01""}"
58a16260-8aec-4233-b926-68fd914c0e54,2026-03-09T09:35:18.639Z,b0000000-0000-0000-0000-000000000001,Admin User,admin@rasid.demo,user.login,user,b0000000-0000-0000-0000-000000000001,,"{""email"":""admin@rasid.demo"",""loginAt"":""2026-03-09T09:35:18.638Z"",""tokenId"":""b68e6c1f-884f-4021-98a6-16d2d39fb985""}"
26a0bc16-b5dc-4f4d-a623-ae4420df552b,2026-03-09T09:30:31.441Z,b0000000-0000-0000-0000-000000000001,Admin User,admin@rasid.demo,user.login,user,b0000000-0000-0000-0000-000000000001,,"{""email"":""admin@rasid.demo"",""loginAt"":""2026-03-09T09:30:31.440Z"",""tokenId"":""cf69691d-2262-4312-b110-ee67f9755b7a""}"
2280f27e-79d0-4ea4-9aca-d5b089c6a5bc,2026-03-09T09:30:31.342Z,b0000000-0000-0000-0000-000000000001,Admin User,admin@rasid.demo,user.login,user,b0000000-0000-0000-0000-000000000001,,"{""email"":""admin@rasid.demo"",""loginAt"":""2026-03-09T09:30:31.341Z"",""tokenId"":""6e4bb90d-83f9-43dd-9955-cc74f3f26548""}"
5a5ecfc1-cd39-490c-882c-fd4288ef9274,2026-03-09T09:21:16.934Z,b0000000-0000-0000-0000-000000000001,Admin User,admin@rasid.demo,user.login,user,b0000000-0000-0000-0000-000000000001,,"{""email"":""admin@rasid.demo"",""loginAt"":""2026-03-09T09:21:16.933Z"",""tokenId"":""fed72923-e7fc-44a1-8691-a16c572a9602""}"
896396ab-cf76-4e50-b927-391f7e973623,2026-03-09T09:18:42.140Z,b0000000-0000-0000-0000-000000000001,Admin User,admin@rasid.demo,user.login,user,b0000000-0000-0000-0000-000000000001,,"{""email"":""admin@rasid.demo"",""loginAt"":""2026-03-09T09:18:42.139Z"",""tokenId"":""ef229edc-6555-40f4-ac7d-21a4f9405510""}"
d2680a16-afe2-4934-bcad-957884292a2e,2026-03-09T09:18:34.723Z,b0000000-0000-0000-0000-000000000001,Admin User,admin@rasid.demo,user.login,user,b0000000-0000-0000-0000-000000000001,,"{""email"":""admin@rasid.demo"",""loginAt"":""2026-03-09T09:18:34.722Z"",""tokenId"":""621b4983-a8cd-4d39-87ac-b24995ceb5aa""}"
a1370d09-0f71-4dd2-93b8-a19f33fde2b8,2026-03-09T09:04:10.648Z,b0000000-0000-0000-0000-000000000001,Admin User,admin@rasid.demo,user.login,user,b0000000-0000-0000-0000-000000000001,,"{""email"":""admin@rasid.demo"",""loginAt"":""2026-03-09T09:04:10.647Z"",""tokenId"":""f29ad514-02c2-4f14-8187-9c415a088bf3""}"
f2d0c5a3-178b-4983-aced-5f9071665692,2026-03-09T09:03:46.829Z,b0000000-0000-0000-0000-000000000001,Admin User,admin@rasid.demo,user.login,user,b0000000-0000-0000-0000-000000000001,,"{""email"":""admin@rasid.demo"",""loginAt"":""2026-03-09T09:03:46.828Z"",""tokenId"":""78b250b2-9a68-4b46-bcc3-0dc83c1f1d0a""}"
0e51d228-1b27-42c7-87a5-cda451d4e0be,2026-03-09T08:57:15.500Z,b0000000-0000-0000-0000-000000000001,Admin User,admin@rasid.demo,user.login,user,b0000000-0000-0000-0000-000000000001,,"{""email"":""admin@rasid.demo"",""loginAt"":""2026-03-09T08:57:15.499Z"",""tokenId"":""8b60b7b8-edbd-40e9-9fcb-fc7206e4318d""}"
1d427bd2-5b8c-48bd-a111-a5b42e9055ed,2026-03-09T08:55:42.163Z,b0000000-0000-0000-0000-000000000001,Admin User,admin@rasid.demo,user.login,user,b0000000-0000-0000-0000-000000000001,,"{""email"":""admin@rasid.demo"",""loginAt"":""2026-03-09T08:55:42.161Z"",""tokenId"":""62c7e773-08fd-414f-a50d-4a212e81c156""}"
7cde0115-7872-4b32-9e8f-952cd6ecb47a,2026-03-09T08:55:10.686Z,b0000000-0000-0000-0000-000000000001,Admin User,admin@rasid.demo,user.login,user,b0000000-0000-0000-0000-000000000001,,"{""email"":""admin@rasid.demo"",""loginAt"":""2026-03-09T08:55:10.685Z"",""tokenId"":""832c79d2-c9d2-4737-9c58-7404218cffde""}"
d4b8c889-06aa-46a7-97f6-5e6b54885809,2026-03-09T08:55:10.675Z,b0000000-0000-0000-0000-000000000001,Admin User,admin@rasid.demo,user.login,user,b0000000-0000-0000-0000-000000000001,,"{""email"":""admin@rasid.demo"",""loginAt"":""2026-03-09T08:55:10.674Z"",""tokenId"":""97464ef8-1daa-4107-87d2-c35747379abb""}"
15bbb60f-97ba-49fa-8b22-e2a6af4192d1,2026-03-09T08:54:59.784Z,b0000000-0000-0000-0000-000000000001,Admin User,admin@rasid.demo,user.login,user,b0000000-0000-0000-0000-000000000001,,"{""email"":""admin@rasid.demo"",""loginAt"":""2026-03-09T08:54:59.783Z"",""tokenId"":""f85df582-ac73-4af6-a2b0-3743de690dea""}"
8ba296b9-9b42-4407-85c2-5ee25b3b47d5,2026-03-09T08:52:30.242Z,b0000000-0000-0000-0000-000000000001,Admin User,admin@rasid.demo,user.login,user,b0000000-0000-0000-0000-000000000001,,"{""email"":""admin@rasid.demo"",""loginAt"":""2026-03-09T08:52:30.241Z"",""tokenId"":""f417b92a-516a-4460-801b-2257cc81f306""}"
2c01fdb4-eca1-4db2-9455-50d4f7b3f3c6,2026-03-09T08:52:13.570Z,b0000000-0000-0000-0000-000000000001,Admin User,admin@rasid.demo,user.login,user,b0000000-0000-0000-0000-000000000001,,"{""email"":""admin@rasid.demo"",""loginAt"":""2026-03-09T08:52:13.569Z"",""tokenId"":""2bd90788-23f3-4a54-af0f-021b737eb4cb""}"
c350c2f7-2bf5-475d-8551-6940a48ed83b,2026-03-09T08:49:21.576Z,b0000000-0000-0000-0000-000000000001,Admin User,admin@rasid.demo,user.login,user,b0000000-0000-0000-0000-000000000001,,"{""email"":""admin@rasid.demo"",""loginAt"":""2026-03-09T08:49:21.575Z"",""tokenId"":""c7d0224a-7e8c-41ab-8443-1af2afdb3113""}"
0e4fb664-bfee-4a00-af96-a118ce242a5e,2026-03-09T08:46:16.395Z,b0000000-0000-0000-0000-000000000001,Admin User,admin@rasid.demo,user.login,user,b0000000-0000-0000-0000-000000000001,,"{""email"":""admin@rasid.demo"",""loginAt"":""2026-03-09T08:46:16.394Z"",""tokenId"":""dad7c1dc-e80d-402b-94a2-fc171f31cde6""}"
9420857e-93bd-41d3-953e-b468d69a7d26,2026-03-09T08:45:59.926Z,b0000000-0000-0000-0000-000000000001,Admin User,admin@rasid.demo,user.login,user,b0000000-0000-0000-0000-000000000001,,"{""email"":""admin@rasid.demo"",""loginAt"":""2026-03-09T08:45:59.925Z"",""tokenId"":""e3c70b0e-5383-4d14-94cc-e6427bab2b1a""}"
4606ab65-fe29-4c17-a720-d318684a04ba,2026-03-09T08:45:34.648Z,b0000000-0000-0000-0000-000000000001,Admin User,admin@rasid.demo,user.login,user,b0000000-0000-0000-0000-000000000001,,"{""email"":""admin@rasid.demo"",""loginAt"":""2026-03-09T08:45:34.647Z"",""tokenId"":""c5a78236-4192-4a2c-813b-c75f1531a87d""}"
f5caa94d-5bc6-49a6-b552-05f7cff18719,2026-03-09T08:44:44.943Z,b0000000-0000-0000-0000-000000000001,Admin User,admin@rasid.demo,user.login,user,b0000000-0000-0000-0000-000000000001,,"{""email"":""admin@rasid.demo"",""loginAt"":""2026-03-09T08:44:44.942Z"",""tokenId"":""36263ca3-b549-4782-995b-d892b86aa126""}"
bf285a75-aa2b-428c-98f8-5611f9488e22,2026-03-09T05:37:31.048Z,b0000000-0000-0000-0000-000000000001,Admin User,admin@rasid.demo,user.login,user,b0000000-0000-0000-0000-000000000001,,"{""email"":""admin"",""loginAt"":""2026-03-09T05:37:31.047Z"",""tokenId"":""261fcf7c-9162-4b04-a511-d39141564456""}"
5b2cebf6-203a-4314-b06b-37bd52b94613,2026-03-09T05:30:04.283Z,b0000000-0000-0000-0000-000000000001,Admin User,admin@rasid.demo,user.login,user,b0000000-0000-0000-0000-000000000001,,"{""email"":""admin"",""loginAt"":""2026-03-09T05:30:04.282Z"",""tokenId"":""10a2e260-9cc9-4164-8344-e8b5d3a9d01c""}"
5562f183-32f6-401c-891d-b2a0142bb656,2026-03-09T05:29:40.339Z,b0000000-0000-0000-0000-000000000001,Admin User,admin@rasid.demo,user.login,user,b0000000-0000-0000-0000-000000000001,,"{""email"":""admin"",""loginAt"":""2026-03-09T05:29:40.338Z"",""tokenId"":""9a5a46e1-d02c-4657-b3b9-25e2d6997b22""}"
8c265257-d803-4421-a8ef-1dd553124da1,2026-03-09T05:29:18.348Z,b0000000-0000-0000-0000-000000000001,Admin User,admin@rasid.demo,user.login,user,b0000000-0000-0000-0000-000000000001,,"{""email"":""admin"",""loginAt"":""2026-03-09T05:29:18.347Z"",""tokenId"":""dfb18ee2-1492-4bf2-9f0b-356ccd0d11a5""}"
4c73d29d-e65d-4602-931f-497526497253,2026-03-09T05:28:40.778Z,b0000000-0000-0000-0000-000000000001,Admin User,admin@rasid.demo,user.login,user,b0000000-0000-0000-0000-000000000001,,"{""email"":""admin"",""loginAt"":""2026-03-09T05:28:40.777Z"",""tokenId"":""befdaca4-6921-4391-b219-843f15be91d0""}"
1101aa50-ee7d-4f11-aa39-de343a26d53b,2026-03-09T05:28:26.159Z,b0000000-0000-0000-0000-000000000001,Admin User,admin@rasid.demo,user.login,user,b0000000-0000-0000-0000-000000000001,,"{""email"":""admin"",""loginAt"":""2026-03-09T05:28:26.158Z"",""tokenId"":""6f9a2544-dc6e-436c-881e-5454222a532e""}"
dc354874-ace9-46ea-a63e-ee6cd58f5194,2026-03-09T05:25:10.247Z,b0000000-0000-0000-0000-000000000001,Admin User,admin@rasid.demo,user.login,user,b0000000-0000-0000-0000-000000000001,,"{""email"":""admin"",""loginAt"":""2026-03-09T05:25:10.246Z"",""tokenId"":""183037af-9aaf-461f-b23c-c2755ecba7d7""}"
75e08c51-97fe-40ed-bcea-6ad6f3d51b6d,2026-03-09T05:24:45.676Z,b0000000-0000-0000-0000-000000000001,Admin User,admin@rasid.demo,user.login,user,b0000000-0000-0000-0000-000000000001,,"{""email"":""admin"",""loginAt"":""2026-03-09T05:24:45.674Z"",""tokenId"":""40bb7c0e-7c36-468a-8cca-10036487bd61""}"
f4fa6ecd-ff1e-4b94-8c4c-f74c5e9a3ceb,2026-03-09T05:24:28.829Z,b0000000-0000-0000-0000-000000000001,Admin User,admin@rasid.demo,user.login,user,b0000000-0000-0000-0000-000000000001,,"{""email"":""admin"",""loginAt"":""2026-03-09T05:24:28.828Z"",""tokenId"":""eb72f420-b5e6-462c-a2ee-b49357088076""}"
ebea0565-d8c2-436b-aaa0-fae396604273,2026-03-09T05:23:46.073Z,b0000000-0000-0000-0000-000000000001,Admin User,admin@rasid.demo,user.login,user,b0000000-0000-0000-0000-000000000001,,"{""email"":""admin"",""loginAt"":""2026-03-09T05:23:46.072Z"",""tokenId"":""06974555-36d7-4187-b071-b7cd9e3b2889""}"
1e1dd539-f8ac-4b9d-b684-f9cfd8738e11,2026-03-09T05:23:35.908Z,b0000000-0000-0000-0000-000000000001,Admin User,admin@rasid.demo,user.login,user,b0000000-0000-0000-0000-000000000001,,"{""email"":""admin"",""loginAt"":""2026-03-09T05:23:35.906Z"",""tokenId"":""9b4f4c31-5bf3-4c20-ba4a-915351af7a1c""}"
441d0579-1fb5-464a-8026-b770fc5939a8,2026-03-09T05:18:56.654Z,b0000000-0000-0000-0000-000000000001,Admin User,admin@rasid.demo,user.login,user,b0000000-0000-0000-0000-000000000001,,"{""email"":""admin"",""loginAt"":""2026-03-09T05:18:56.653Z"",""tokenId"":""05eab350-28a1-4edc-a8d1-64c7a15f7220""}"
4502fb56-206a-4ca8-89b9-b86fbc070fad,2026-03-09T05:18:16.706Z,b0000000-0000-0000-0000-000000000001,Admin User,admin@rasid.demo,user.login,user,b0000000-0000-0000-0000-000000000001,,"{""email"":""admin"",""loginAt"":""2026-03-09T05:18:16.705Z"",""tokenId"":""f7112e24-d101-4152-93b8-d26b74dd8a79""}"
1f55b2b8-ad94-4012-b2ca-60ba3a25924d,2026-03-09T05:17:48.081Z,b0000000-0000-0000-0000-000000000001,Admin User,admin@rasid.demo,user.login,user,b0000000-0000-0000-0000-000000000001,,"{""email"":""admin"",""loginAt"":""2026-03-09T05:17:48.080Z"",""tokenId"":""eb9d1cdb-dd47-40d8-871e-7ddda24a48ef""}"
b4c471f9-7aae-4d54-8e0a-4377d97aaec0,2026-03-09T05:17:06.880Z,b0000000-0000-0000-0000-000000000001,Admin User,admin@rasid.demo,user.login,user,b0000000-0000-0000-0000-000000000001,,"{""email"":""admin"",""loginAt"":""2026-03-09T05:17:06.879Z"",""tokenId"":""d65e76f3-1574-40ad-90b8-b14673769c4c""}"
493b52dc-d803-4c63-b069-723f88aa17f4,2026-03-09T05:16:55.822Z,b0000000-0000-0000-0000-000000000001,Admin User,admin@rasid.demo,user.login,user,b0000000-0000-0000-0000-000000000001,,"{""email"":""admin"",""loginAt"":""2026-03-09T05:16:55.821Z"",""tokenId"":""5d35e82b-0e81-41b9-95e8-11ea361570b8""}"
9269f7ff-07fa-4bcd-ab4c-9e4525399fc0,2026-03-09T05:16:46.734Z,b0000000-0000-0000-0000-000000000001,Admin User,admin@rasid.demo,user.login,user,b0000000-0000-0000-0000-000000000001,,"{""email"":""admin"",""loginAt"":""2026-03-09T05:16:46.732Z"",""tokenId"":""eba40f6c-4592-428a-b5f1-5d963f662701""}"
eeb420ad-b123-4081-91e6-30c414be9fc1,2026-03-09T05:12:29.208Z,b0000000-0000-0000-0000-000000000001,Admin User,admin@rasid.demo,user.login,user,b0000000-0000-0000-0000-000000000001,,"{""email"":""admin"",""loginAt"":""2026-03-09T05:12:29.207Z"",""tokenId"":""f2f62c6f-8beb-4445-9860-e9ce3574afd3""}"
2fa44279-cca7-4a8d-a637-57c5ad6b0e46,2026-03-09T05:11:43.144Z,b0000000-0000-0000-0000-000000000001,Admin User,admin@rasid.demo,user.login,user,b0000000-0000-0000-0000-000000000001,,"{""email"":""admin"",""loginAt"":""2026-03-09T05:11:43.143Z"",""tokenId"":""99231d8d-8765-4a1f-8c5a-9fc3afb6a5ac""}"
d2b791f8-4154-4e42-a2da-5b0179021c1f,2026-03-09T05:10:56.025Z,b0000000-0000-0000-0000-000000000001,Admin User,admin@rasid.demo,user.login,user,b0000000-0000-0000-0000-000000000001,,"{""email"":""admin"",""loginAt"":""2026-03-09T05:10:56.024Z"",""tokenId"":""4eab5a9e-334d-48ff-8899-90d512fc3b33""}"
f229e28b-21a7-4fae-a496-50ca407917ad,2026-03-09T05:10:08.001Z,b0000000-0000-0000-0000-000000000001,Admin User,admin@rasid.demo,user.login,user,b0000000-0000-0000-0000-000000000001,,"{""email"":""admin"",""loginAt"":""2026-03-09T05:10:08.000Z"",""tokenId"":""347ce527-7be8-4378-921b-78abdc2f13a5""}"
1a53d0eb-acb3-4875-98d6-23ef6b6823bb,2026-03-09T05:09:46.009Z,b0000000-0000-0000-0000-000000000001,Admin User,admin@rasid.demo,user.login,user,b0000000-0000-0000-0000-000000000001,,"{""email"":""admin"",""loginAt"":""2026-03-09T05:09:46.008Z"",""tokenId"":""cf30ff5b-adb4-471a-a838-04685d9d9311""}"
6de8514a-0c33-4b5b-bfcb-93869e1459c2,2026-03-09T05:09:31.527Z,b0000000-0000-0000-0000-000000000001,Admin User,admin@rasid.demo,user.login,user,b0000000-0000-0000-0000-000000000001,,"{""email"":""admin"",""loginAt"":""2026-03-09T05:09:31.526Z"",""tokenId"":""cab926b5-0223-4e15-a9c9-e06e0deeb051""}"
7b160cdb-06e7-46ca-b122-aa2e25bf1d85,2026-03-09T05:08:55.061Z,b0000000-0000-0000-0000-000000000001,Admin User,admin@rasid.demo,user.login,user,b0000000-0000-0000-0000-000000000001,,"{""email"":""admin"",""loginAt"":""2026-03-09T05:08:55.059Z"",""tokenId"":""5f8fbbf6-da12-438f-9bdd-84d51005aae8""}"
b9e80806-d668-47bd-95aa-98d87e41384b,2026-03-09T05:08:09.909Z,b0000000-0000-0000-0000-000000000001,Admin User,admin@rasid.demo,user.login,user,b0000000-0000-0000-0000-000000000001,,"{""email"":""admin"",""loginAt"":""2026-03-09T05:08:09.908Z"",""tokenId"":""b7acd9cf-139b-4357-9376-335c0085bb38""}"
fd40765c-8509-490c-a1df-ebc1f2369eac,2026-03-09T05:07:56.877Z,b0000000-0000-0000-0000-000000000001,Admin User,admin@rasid.demo,user.login,user,b0000000-0000-0000-0000-000000000001,,"{""email"":""admin"",""loginAt"":""2026-03-09T05:07:56.876Z"",""tokenId"":""febaaafc-058c-4f05-948b-f61384f27a32""}"
f9ccdcc4-766d-4e63-99c7-64377dfed7c4,2026-03-09T05:07:37.848Z,b0000000-0000-0000-0000-000000000001,Admin User,admin@rasid.demo,user.login,user,b0000000-0000-0000-0000-000000000001,,"{""email"":""admin"",""loginAt"":""2026-03-09T05:07:37.846Z"",""tokenId"":""bdca77aa-8018-4d74-9b1a-d3b6b983af3c""}"
931a1ffe-9486-4275-998e-67b5db165b98,2026-03-09T05:07:31.049Z,b0000000-0000-0000-0000-000000000001,Admin User,admin@rasid.demo,user.login,user,b0000000-0000-0000-0000-000000000001,,"{""email"":""admin"",""loginAt"":""2026-03-09T05:07:31.049Z"",""tokenId"":""07aa53f6-36fd-4a91-8619-2d696d22175d""}"
dde63f8f-dbdc-4ff7-923f-529acfbe6ce5,2026-03-09T05:06:52.499Z,b0000000-0000-0000-0000-000000000001,Admin User,admin@rasid.demo,user.login,user,b0000000-0000-0000-0000-000000000001,,"{""email"":""admin"",""loginAt"":""2026-03-09T05:06:52.498Z"",""tokenId"":""fbd08843-64d0-496e-bd04-2ea76385c6a3""}"
ee58b003-1e97-4409-aa9b-9e671244931e,2026-03-09T05:06:18.773Z,b0000000-0000-0000-0000-000000000001,Admin User,admin@rasid.demo,user.login,user,b0000000-0000-0000-0000-000000000001,,"{""email"":""admin"",""loginAt"":""2026-03-09T05:06:18.772Z"",""tokenId"":""5e541220-596f-44b7-9f88-ac024d496599""}"
caf7b52a-e7d3-4a1a-bbb4-565cf7df150b,2026-03-09T05:05:54.296Z,b0000000-0000-0000-0000-000000000001,Admin User,admin@rasid.demo,user.login,user,b0000000-0000-0000-0000-000000000001,,"{""email"":""admin"",""loginAt"":""2026-03-09T05:05:54.294Z"",""tokenId"":""dde20891-6641-434c-94fd-fe2a2eb2ef94""}"
cffd064e-96a6-4082-a2a2-a03f7f04ee0b,2026-03-09T05:05:32.773Z,b0000000-0000-0000-0000-000000000001,Admin User,admin@rasid.demo,user.login,user,b0000000-0000-0000-0000-000000000001,,"{""email"":""admin"",""loginAt"":""2026-03-09T05:05:32.772Z"",""tokenId"":""00bd918d-c50b-4ec2-b7e2-cc89b6ce9720""}"
41f537e2-803a-4370-8335-0a6a88dae5a8,2026-03-09T05:05:18.929Z,b0000000-0000-0000-0000-000000000001,Admin User,admin@rasid.demo,user.login,user,b0000000-0000-0000-0000-000000000001,,"{""email"":""admin"",""loginAt"":""2026-03-09T05:05:18.928Z"",""tokenId"":""a4fe67f8-3c47-4d6e-9a12-06f987320e85""}"
ac4c6b41-5fa1-45e1-8b17-2f476f73c24d,2026-03-09T05:04:23.789Z,b0000000-0000-0000-0000-000000000001,Admin User,admin@rasid.demo,user.login,user,b0000000-0000-0000-0000-000000000001,,"{""email"":""admin"",""loginAt"":""2026-03-09T05:04:23.789Z"",""tokenId"":""1be5a4df-23ad-40c8-a62a-57bcf1b3c35f""}"
e89c25fd-dfbd-4a9d-94ce-a0eb4d1650e3,2026-03-09T05:03:43.503Z,b0000000-0000-0000-0000-000000000001,Admin User,admin@rasid.demo,user.login,user,b0000000-0000-0000-0000-000000000001,,"{""email"":""admin"",""loginAt"":""2026-03-09T05:03:43.502Z"",""tokenId"":""405cbd8b-e0c7-4f93-b0d7-5d404a5ed72c""}"
ff399c5e-0c7f-4266-ac65-7b392ed805bc,2026-03-09T04:59:53.362Z,b0000000-0000-0000-0000-000000000001,Admin User,admin@rasid.demo,user.login,user,b0000000-0000-0000-0000-000000000001,,"{""email"":""admin"",""loginAt"":""2026-03-09T04:59:53.362Z"",""tokenId"":""6dcf90de-4124-4f2e-9ae1-d61d38fc70db""}"
e25f49ce-bc3d-4873-84c5-832baea74cf3,2026-03-09T04:58:23.507Z,b0000000-0000-0000-0000-000000000001,Admin User,admin@rasid.demo,user.login,user,b0000000-0000-0000-0000-000000000001,,"{""email"":""admin"",""loginAt"":""2026-03-09T04:58:23.506Z"",""tokenId"":""a9551e4a-becf-49ac-a358-90fbe6bdac02""}"
3ac2cd89-1a66-4d51-8af1-c2e9c48b2148,2026-03-09T04:58:08.315Z,b0000000-0000-0000-0000-000000000001,Admin User,admin@rasid.demo,user.login,user,b0000000-0000-0000-0000-000000000001,,"{""email"":""admin"",""loginAt"":""2026-03-09T04:58:08.314Z"",""tokenId"":""b0404eb1-5c58-470c-b294-05195815a6dc""}"
8a61ff23-073f-4651-9083-9447973403cd,2026-03-09T04:57:31.120Z,b0000000-0000-0000-0000-000000000001,Admin User,admin@rasid.demo,user.login,user,b0000000-0000-0000-0000-000000000001,,"{""email"":""admin"",""loginAt"":""2026-03-09T04:57:31.119Z"",""tokenId"":""3f50446d-2d91-4c7a-9180-f0ff3e4fc47e""}"
ba22a230-c980-49a6-adca-6edfd9e97ee1,2026-03-09T04:57:24.586Z,b0000000-0000-0000-0000-000000000001,Admin User,admin@rasid.demo,user.login,user,b0000000-0000-0000-0000-000000000001,,"{""email"":""admin"",""loginAt"":""2026-03-09T04:57:24.585Z"",""tokenId"":""e075a4a8-7dc4-4c07-a0e5-b9d9abb4be36""}"
fdeef39b-1685-45a9-b5c3-b100e71a665e,2026-03-09T04:57:18.056Z,b0000000-0000-0000-0000-000000000001,Admin User,admin@rasid.demo,user.login,user,b0000000-0000-0000-0000-000000000001,,"{""email"":""admin"",""loginAt"":""2026-03-09T04:57:18.055Z"",""tokenId"":""7bb685ab-a1d4-4c5b-a799-b8eab6d50bd9""}"
2ad5ba3b-688e-42ea-bd3d-e4f84726909f,2026-03-09T04:57:09.920Z,b0000000-0000-0000-0000-000000000001,Admin User,admin@rasid.demo,user.login,user,b0000000-0000-0000-0000-000000000001,,"{""email"":""admin"",""loginAt"":""2026-03-09T04:57:09.919Z"",""tokenId"":""74963a5b-1018-45fc-acad-92281ccc5036""}"
ea23dec0-dd92-452d-8eff-c49af57b2802,2026-03-09T04:57:01.358Z,b0000000-0000-0000-0000-000000000001,Admin User,admin@rasid.demo,user.login,user,b0000000-0000-0000-0000-000000000001,,"{""email"":""admin"",""loginAt"":""2026-03-09T04:57:01.356Z"",""tokenId"":""dfbe0c97-2a49-4ea9-ac53-bdad1999db3e""}"
820de117-1329-4637-a51f-0ab876fea6b8,2026-03-09T04:56:37.325Z,b0000000-0000-0000-0000-000000000001,Admin User,admin@rasid.demo,user.login,user,b0000000-0000-0000-0000-000000000001,,"{""email"":""admin"",""loginAt"":""2026-03-09T04:56:37.324Z"",""tokenId"":""be758a27-62f3-4772-94b0-d6f9c0ed0684""}"
8676804f-ae8f-407f-971b-4e491f31c235,2026-03-09T04:56:19.585Z,b0000000-0000-0000-0000-000000000001,Admin User,admin@rasid.demo,user.login,user,b0000000-0000-0000-0000-000000000001,,"{""email"":""admin"",""loginAt"":""2026-03-09T04:56:19.584Z"",""tokenId"":""0f9c4575-fd59-4f46-8d56-8cd856ce7564""}"
92688e9f-fce7-4be1-a3b9-df4dd2f32ed9,2026-03-09T04:56:04.996Z,b0000000-0000-0000-0000-000000000001,Admin User,admin@rasid.demo,user.login,user,b0000000-0000-0000-0000-000000000001,,"{""email"":""admin"",""loginAt"":""2026-03-09T04:56:04.994Z"",""tokenId"":""52b78438-3f50-4404-b63a-1b2f057c2db9""}"
36e047be-7c2c-4cb3-9e25-ec6481c66f47,2026-03-09T04:55:49.906Z,b0000000-0000-0000-0000-000000000001,Admin User,admin@rasid.demo,user.login,user,b0000000-0000-0000-0000-000000000001,,"{""email"":""admin"",""loginAt"":""2026-03-09T04:55:49.905Z"",""tokenId"":""ff66c2a7-0975-4eda-8d2d-43a4065094fa""}"
e24d2c5a-5557-401e-95d3-3559935835af,2026-03-09T04:55:44.250Z,b0000000-0000-0000-0000-000000000001,Admin User,admin@rasid.demo,user.login,user,b0000000-0000-0000-0000-000000000001,,"{""email"":""admin"",""loginAt"":""2026-03-09T04:55:44.249Z"",""tokenId"":""a6b2bb22-2b73-47bc-9e27-5f50fcbf12dd""}"
fe6c0bb3-5af1-4866-b874-37b00e81f243,2026-03-09T04:55:40.314Z,b0000000-0000-0000-0000-000000000001,Admin User,admin@rasid.demo,user.login,user,b0000000-0000-0000-0000-000000000001,,"{""email"":""admin"",""loginAt"":""2026-03-09T04:55:40.313Z"",""tokenId"":""4cc7b35a-ec61-4ae7-9325-2f8f40476ad7""}"
73ab1a29-ca6e-432b-8715-15c1658c87a0,2026-03-09T04:53:21.405Z,b0000000-0000-0000-0000-000000000001,Admin User,admin@rasid.demo,user.login,user,b0000000-0000-0000-0000-000000000001,,"{""email"":""admin"",""loginAt"":""2026-03-09T04:53:21.404Z"",""tokenId"":""dbd0b72f-2449-45db-9362-e079d51dbe24""}"
457daee0-bcc0-43d9-9d58-592db2284874,2026-03-09T04:53:00.967Z,b0000000-0000-0000-0000-000000000001,Admin User,admin@rasid.demo,user.login,user,b0000000-0000-0000-0000-000000000001,,"{""email"":""admin"",""loginAt"":""2026-03-09T04:53:00.966Z"",""tokenId"":""a5394869-263e-4777-88d7-ba5e8d9fec1c""}"
7ad05ebf-ae7a-4e8b-a2ae-a4e71be4a535,2026-03-09T04:50:50.300Z,b0000000-0000-0000-0000-000000000001,Admin User,admin@rasid.demo,user.login,user,b0000000-0000-0000-0000-000000000001,,"{""email"":""admin"",""loginAt"":""2026-03-09T04:50:50.299Z"",""tokenId"":""d93e08a6-82b7-489d-8301-e0e48aa58e04""}"
15f4369c-5702-44eb-b18a-2676b4c9c666,2026-03-09T04:50:49.260Z,b0000000-0000-0000-0000-000000000001,Admin User,admin@rasid.demo,user.login,user,b0000000-0000-0000-0000-000000000001,,"{""email"":""admin"",""loginAt"":""2026-03-09T04:50:49.259Z"",""tokenId"":""5f418a57-0146-453d-8ed3-0ad9615dab9c""}"
fe4bd61a-8185-4d28-9935-cc2a3a65dbd5,2026-03-09T04:50:30.277Z,b0000000-0000-0000-0000-000000000001,Admin User,admin@rasid.demo,user.login,user,b0000000-0000-0000-0000-000000000001,,"{""email"":""admin"",""loginAt"":""2026-03-09T04:50:30.275Z"",""tokenId"":""ad650fe3-b62b-4b45-8d76-23d348274254""}"
f5bce367-945c-475a-88ad-9c820983f1be,2026-03-09T04:48:51.367Z,b0000000-0000-0000-0000-000000000001,Admin User,admin@rasid.demo,user.login,user,b0000000-0000-0000-0000-000000000001,,"{""email"":""admin"",""loginAt"":""2026-03-09T04:48:51.366Z"",""tokenId"":""d3dfe840-e9bc-4ff1-8420-9487f6c2e96f""}"
5c6e9860-c357-43f9-b8a8-7d905ee2fd7e,2026-03-09T04:48:30.924Z,b0000000-0000-0000-0000-000000000001,Admin User,admin@rasid.demo,user.login,user,b0000000-0000-0000-0000-000000000001,,"{""email"":""admin"",""loginAt"":""2026-03-09T04:48:30.923Z"",""tokenId"":""4bdbaa5d-3d7d-48df-9725-21191a42b55f""}"
b78eec28-637f-4bc4-9a00-98247fcbc0af,2026-03-09T04:47:56.604Z,b0000000-0000-0000-0000-000000000001,Admin User,admin@rasid.demo,user.login,user,b0000000-0000-0000-0000-000000000001,,"{""email"":""admin"",""loginAt"":""2026-03-09T04:47:56.603Z"",""tokenId"":""9f137397-c052-4339-b142-8fe4d5afd5bf""}"
9ceab3f3-bba0-42a2-b500-0c64657d3761,2026-03-09T04:47:12.847Z,b0000000-0000-0000-0000-000000000001,Admin User,admin@rasid.demo,user.login,user,b0000000-0000-0000-0000-000000000001,,"{""email"":""admin"",""loginAt"":""2026-03-09T04:47:12.846Z"",""tokenId"":""e6e61771-4b6d-4a09-aba5-6b4a34f8874a""}"
a38b2663-aa47-4536-8dc3-0f773077551e,2026-03-09T04:46:52.285Z,b0000000-0000-0000-0000-000000000001,Admin User,admin@rasid.demo,user.login,user,b0000000-0000-0000-0000-000000000001,,"{""email"":""admin"",""loginAt"":""2026-03-09T04:46:52.284Z"",""tokenId"":""09a1825f-6f8a-47ae-833e-58b3f2838396""}"
2d0baa02-958e-48f2-8952-413220896839,2026-03-09T04:46:36.315Z,b0000000-0000-0000-0000-000000000001,Admin User,admin@rasid.demo,user.login,user,b0000000-0000-0000-0000-000000000001,,"{""email"":""admin"",""loginAt"":""2026-03-09T04:46:36.314Z"",""tokenId"":""ed1c725b-6c80-42f0-b9fc-9af1428fc304""}"
8e336b7c-a42f-40c2-a120-0819f24d28c5,2026-03-09T04:46:08.827Z,b0000000-0000-0000-0000-000000000001,Admin User,admin@rasid.demo,user.login,user,b0000000-0000-0000-0000-000000000001,,"{""email"":""admin"",""loginAt"":""2026-03-09T04:46:08.826Z"",""tokenId"":""23f746af-58c9-46ac-a282-eea0babc5e98""}"
1f6d5105-cb41-4777-992e-1ca9e910fa4d,2026-03-09T04:45:25.142Z,b0000000-0000-0000-0000-000000000001,Admin User,admin@rasid.demo,user.login,user,b0000000-0000-0000-0000-000000000001,,"{""email"":""admin"",""loginAt"":""2026-03-09T04:45:25.141Z"",""tokenId"":""0f664927-c2ea-49c3-a808-29a9400162c6""}"
c36c9c91-c01b-4015-9948-4cbb0f8c1923,2026-03-09T04:45:02.867Z,b0000000-0000-0000-0000-000000000001,Admin User,admin@rasid.demo,user.login,user,b0000000-0000-0000-0000-000000000001,,"{""email"":""admin"",""loginAt"":""2026-03-09T04:45:02.866Z"",""tokenId"":""46861c57-2e7a-4830-8402-f33ca2da289b""}"
2c3cad03-c73c-4400-a86a-c733df31a934,2026-03-09T04:44:36.344Z,b0000000-0000-0000-0000-000000000001,Admin User,admin@rasid.demo,user.login,user,b0000000-0000-0000-0000-000000000001,,"{""email"":""admin"",""loginAt"":""2026-03-09T04:44:36.343Z"",""tokenId"":""1a21a7db-9a14-4c0f-a6c0-3820013a0a2d""}"
30273d0d-8613-44b3-bf74-c69086de7db3,2026-03-09T04:44:26.240Z,b0000000-0000-0000-0000-000000000001,Admin User,admin@rasid.demo,user.login,user,b0000000-0000-0000-0000-000000000001,,"{""email"":""admin"",""loginAt"":""2026-03-09T04:44:26.239Z"",""tokenId"":""3ac6fbaf-28ba-4555-ad16-67d63914f73f""}"
b8eb8cae-2320-4560-9103-753900704f81,2026-03-09T04:44:02.435Z,b0000000-0000-0000-0000-000000000001,Admin User,admin@rasid.demo,user.login,user,b0000000-0000-0000-0000-000000000001,,"{""email"":""admin"",""loginAt"":""2026-03-09T04:44:02.434Z"",""tokenId"":""856442a8-acb2-4411-914d-84061911b786""}"
b4349da5-0468-434a-b8f5-b74274aad763,2026-03-09T04:43:47.888Z,b0000000-0000-0000-0000-000000000001,Admin User,admin@rasid.demo,user.login,user,b0000000-0000-0000-0000-000000000001,,"{""email"":""admin"",""loginAt"":""2026-03-09T04:43:47.887Z"",""tokenId"":""847bb6d7-752e-4e63-ad55-76d0fc6de211""}"
b8afeb4e-2b92-4ea5-9d18-7e84dfd15e16,2026-03-09T04:43:17.211Z,b0000000-0000-0000-0000-000000000001,Admin User,admin@rasid.demo,user.login,user,b0000000-0000-0000-0000-000000000001,,"{""email"":""admin"",""loginAt"":""2026-03-09T04:43:17.210Z"",""tokenId"":""34f12269-dc59-42f7-9275-58b5b78cd19f""}"
c07a81c6-622d-4d02-980d-9d3976331c64,2026-03-09T04:42:49.564Z,b0000000-0000-0000-0000-000000000001,Admin User,admin@rasid.demo,user.login,user,b0000000-0000-0000-0000-000000000001,,"{""email"":""admin"",""loginAt"":""2026-03-09T04:42:49.563Z"",""tokenId"":""d722548d-d94b-436f-9e38-c5ff641026e4""}"
78d134af-c189-453a-b32b-deffc8a6d342,2026-03-09T04:42:19.546Z,b0000000-0000-0000-0000-000000000001,Admin User,admin@rasid.demo,user.login,user,b0000000-0000-0000-0000-000000000001,,"{""email"":""admin"",""loginAt"":""2026-03-09T04:42:19.545Z"",""tokenId"":""1a357ec1-ef27-4a3e-8884-3c7fbdb6b9a3""}"
fd55080e-d379-4035-84d0-e91996e481e7,2026-03-09T04:42:07.511Z,b0000000-0000-0000-0000-000000000001,Admin User,admin@rasid.demo,user.login,user,b0000000-0000-0000-0000-000000000001,,"{""email"":""admin"",""loginAt"":""2026-03-09T04:42:07.510Z"",""tokenId"":""9ef61684-5438-4e9c-a392-f6dafbd0afc4""}"
d2a0ab1c-b866-40bb-8d4b-5b238bdada1a,2026-03-09T04:41:50.432Z,b0000000-0000-0000-0000-000000000001,Admin User,admin@rasid.demo,user.login,user,b0000000-0000-0000-0000-000000000001,,"{""email"":""admin"",""loginAt"":""2026-03-09T04:41:50.431Z"",""tokenId"":""c72e6c4f-8856-4038-8e0a-bfb7c27a7d3d""}"
c299f91d-60db-4b53-b504-20c8ee545565,2026-03-09T04:27:13.255Z,b0000000-0000-0000-0000-000000000001,Admin User,admin@rasid.demo,user.login,user,b0000000-0000-0000-0000-000000000001,,"{""email"":""admin"",""loginAt"":""2026-03-09T04:27:13.254Z"",""tokenId"":""99536d40-c564-49c2-ba32-8561a9979dd8""}"
ce08c799-fac3-4a09-9ae6-3554f1ffc429,2026-03-09T04:27:05.278Z,b0000000-0000-0000-0000-000000000001,Admin User,admin@rasid.demo,user.login,user,b0000000-0000-0000-0000-000000000001,,"{""email"":""admin"",""loginAt"":""2026-03-09T04:27:05.276Z"",""tokenId"":""aa360917-c7aa-4853-848e-a8c41dcc9d14""}"
9750c2e8-7d48-47ed-9630-f0364a190b3b,2026-03-09T04:26:54.646Z,b0000000-0000-0000-0000-000000000001,Admin User,admin@rasid.demo,user.login,user,b0000000-0000-0000-0000-000000000001,,"{""email"":""admin"",""loginAt"":""2026-03-09T04:26:54.645Z"",""tokenId"":""1faa8dd6-3734-40db-88df-0edd2da25236""}"
68036a61-44b7-494b-8bb9-4916849b3efc,2026-03-09T04:24:47.422Z,b0000000-0000-0000-0000-000000000001,Admin User,admin@rasid.demo,user.login,user,b0000000-0000-0000-0000-000000000001,,"{""email"":""admin"",""loginAt"":""2026-03-09T04:24:47.420Z"",""tokenId"":""0f31fccd-98ef-4fc9-82a3-da58226b5d33""}"
d6fa0c93-10d0-464b-8d8f-72cc3581a5b7,2026-03-09T04:24:03.550Z,b0000000-0000-0000-0000-000000000001,Admin User,admin@rasid.demo,user.login,user,b0000000-0000-0000-0000-000000000001,,"{""email"":""admin"",""loginAt"":""2026-03-09T04:24:03.549Z"",""tokenId"":""454e324b-646a-43f5-9fce-f35337379a46""}"
5a857f24-2350-43a3-9dc1-08fc66532cbb,2026-03-09T04:23:52.193Z,b0000000-0000-0000-0000-000000000001,Admin User,admin@rasid.demo,user.login,user,b0000000-0000-0000-0000-000000000001,,"{""email"":""admin"",""loginAt"":""2026-03-09T04:23:52.192Z"",""tokenId"":""9af2a657-9cec-46c2-bd84-1bcb8ccd3345""}"
357b43c1-2aba-4274-99a1-462a49fe20ee,2026-03-09T04:23:42.860Z,b0000000-0000-0000-0000-000000000001,Admin User,admin@rasid.demo,user.login,user,b0000000-0000-0000-0000-000000000001,,"{""email"":""admin"",""loginAt"":""2026-03-09T04:23:42.860Z"",""tokenId"":""63f6aa53-b224-48ed-944e-3b4a1343ea53""}"
4f8ffcb0-541e-4c34-b800-3c80de6e7ed3,2026-03-09T04:23:34.810Z,b0000000-0000-0000-0000-000000000001,Admin User,admin@rasid.demo,user.login,user,b0000000-0000-0000-0000-000000000001,,"{""email"":""admin"",""loginAt"":""2026-03-09T04:23:34.809Z"",""tokenId"":""8cccf27b-b4bd-46db-9a60-e0a7d021477d""}"
5d499406-6a80-4d74-96e4-167f507bc263,2026-03-09T04:23:26.366Z,b0000000-0000-0000-0000-000000000001,Admin User,admin@rasid.demo,user.login,user,b0000000-0000-0000-0000-000000000001,,"{""email"":""admin"",""loginAt"":""2026-03-09T04:23:26.365Z"",""tokenId"":""c7aa8d1b-aac2-4ae4-8d04-ea81853e4c35""}"
c17e72fa-61b7-47d0-b58c-3c621cf49e68,2026-03-09T04:23:21.228Z,b0000000-0000-0000-0000-000000000001,Admin User,admin@rasid.demo,user.login,user,b0000000-0000-0000-0000-000000000001,,"{""email"":""admin"",""loginAt"":""2026-03-09T04:23:21.227Z"",""tokenId"":""ac72a8bb-cff0-4296-8390-cb091f67101a""}"
e77552ed-d60d-4225-a98f-6132573f08c3,2026-03-09T04:23:13.427Z,b0000000-0000-0000-0000-000000000001,Admin User,admin@rasid.demo,user.login,user,b0000000-0000-0000-0000-000000000001,,"{""email"":""admin"",""loginAt"":""2026-03-09T04:23:13.426Z"",""tokenId"":""46d01142-8b76-4616-92e2-ea8854a98314""}"
5adc1daa-28fb-4ba0-a136-53c4232acebe,2026-03-09T04:23:07.395Z,b0000000-0000-0000-0000-000000000001,Admin User,admin@rasid.demo,user.login,user,b0000000-0000-0000-0000-000000000001,,"{""email"":""admin"",""loginAt"":""2026-03-09T04:23:07.394Z"",""tokenId"":""6a633163-0c1b-4747-8648-9ceca8313f8a""}"
2dd45248-7a31-43b9-8425-b4c6b5d8a4a1,2026-03-09T04:23:00.271Z,b0000000-0000-0000-0000-000000000001,Admin User,admin@rasid.demo,user.login,user,b0000000-0000-0000-0000-000000000001,,"{""email"":""admin"",""loginAt"":""2026-03-09T04:23:00.270Z"",""tokenId"":""d6c784e4-c4ac-4993-bbee-5bd319c3327f""}"
589061cb-e276-4352-9409-fed3eb0fb6e5,2026-03-09T04:22:50.593Z,b0000000-0000-0000-0000-000000000001,Admin User,admin@rasid.demo,user.login,user,b0000000-0000-0000-0000-000000000001,,"{""email"":""admin"",""loginAt"":""2026-03-09T04:22:50.592Z"",""tokenId"":""3b056435-77b8-4724-98c3-f960284d97f7""}"
74aa22cc-50f9-4766-b3e2-31ae079e6561,2026-03-09T04:22:43.905Z,b0000000-0000-0000-0000-000000000001,Admin User,admin@rasid.demo,user.login,user,b0000000-0000-0000-0000-000000000001,,"{""email"":""admin"",""loginAt"":""2026-03-09T04:22:43.903Z"",""tokenId"":""08a89a03-821e-4e75-a123-e90a23acd54d""}"
3a022043-2e2e-40a4-991f-7f126711186e,2026-03-09T04:17:38.138Z,b0000000-0000-0000-0000-000000000001,Admin User,admin@rasid.demo,user.login,user,b0000000-0000-0000-0000-000000000001,,"{""email"":""admin"",""loginAt"":""2026-03-09T04:17:38.137Z"",""tokenId"":""803c5674-13a4-4a80-a02c-b8a91e5ca06f""}"
50452483-0a8a-4308-9660-6b0b50961dbc,2026-03-09T04:17:24.359Z,b0000000-0000-0000-0000-000000000001,Admin User,admin@rasid.demo,user.login,user,b0000000-0000-0000-0000-000000000001,,"{""email"":""admin"",""loginAt"":""2026-03-09T04:17:24.358Z"",""tokenId"":""a0a05c3e-07af-4d03-ac90-5cc62f23b42b""}"
35b11114-4835-44e0-8ee4-d0e123be30b8,2026-03-09T04:16:42.883Z,b0000000-0000-0000-0000-000000000001,Admin User,admin@rasid.demo,user.login,user,b0000000-0000-0000-0000-000000000001,,"{""email"":""admin"",""loginAt"":""2026-03-09T04:16:42.882Z"",""tokenId"":""90c13bc7-c1d3-4aaf-a07c-79d4ba85a57a""}"
5ff50fb2-608f-484c-8891-89c04b88cf5a,2026-03-09T04:16:34.097Z,b0000000-0000-0000-0000-000000000001,Admin User,admin@rasid.demo,user.login,user,b0000000-0000-0000-0000-000000000001,,"{""email"":""admin"",""loginAt"":""2026-03-09T04:16:34.096Z"",""tokenId"":""5cc4462b-d9de-4d95-95cd-7bd5ff3668f0""}"
9f1b199e-aae2-4690-9b59-e33487819e48,2026-03-09T04:13:55.160Z,b0000000-0000-0000-0000-000000000001,Admin User,admin@rasid.demo,user.login,user,b0000000-0000-0000-0000-000000000001,,"{""email"":""admin"",""loginAt"":""2026-03-09T04:13:55.159Z"",""tokenId"":""14cbb302-706b-4db8-9df3-73ca3dc502d4""}"
c51d9cb4-3aed-45ef-aadf-d9d0841b2a3a,2026-03-09T04:13:27.043Z,b0000000-0000-0000-0000-000000000001,Admin User,admin@rasid.demo,user.login,user,b0000000-0000-0000-0000-000000000001,,"{""email"":""admin"",""loginAt"":""2026-03-09T04:13:27.042Z"",""tokenId"":""ec833ec8-659f-488f-a16f-090ee5f027dd""}"
e2629087-2f0b-4081-89aa-f201c6fb9e94,2026-03-09T04:13:21.347Z,b0000000-0000-0000-0000-000000000001,Admin User,admin@rasid.demo,user.login,user,b0000000-0000-0000-0000-000000000001,,"{""email"":""admin"",""loginAt"":""2026-03-09T04:13:21.346Z"",""tokenId"":""c522b94d-9c02-4143-b94c-2984cd995210""}"
c308a604-3ed2-4da1-b99a-f5e4d7c75f79,2026-03-09T04:13:15.951Z,b0000000-0000-0000-0000-000000000001,Admin User,admin@rasid.demo,user.login,user,b0000000-0000-0000-0000-000000000001,,"{""email"":""admin"",""loginAt"":""2026-03-09T04:13:15.949Z"",""tokenId"":""150945b8-121f-4edb-a045-20f09efc43ed""}"
990b4e98-b4a8-44b3-9a4d-d21b36fd51ff,2026-03-09T04:11:29.935Z,b0000000-0000-0000-0000-000000000001,Admin User,admin@rasid.demo,user.login,user,b0000000-0000-0000-0000-000000000001,,"{""email"":""admin"",""loginAt"":""2026-03-09T04:11:29.933Z"",""tokenId"":""cc62a739-efe1-4251-8464-e1cabbe9436e""}"
d4cb0fe2-31c0-4da7-a6ac-f36d271fab88,2026-03-09T04:11:24.442Z,b0000000-0000-0000-0000-000000000001,Admin User,admin@rasid.demo,user.login,user,b0000000-0000-0000-0000-000000000001,,"{""email"":""admin"",""loginAt"":""2026-03-09T04:11:24.441Z"",""tokenId"":""3eccd4fb-3d40-400a-86a3-3573fdee0e80""}"
fed3f1a4-a1bc-4f5c-9339-2df378556709,2026-03-09T04:07:33.326Z,b0000000-0000-0000-0000-000000000001,Admin User,admin@rasid.demo,user.login,user,b0000000-0000-0000-0000-000000000001,,"{""email"":""admin"",""loginAt"":""2026-03-09T04:07:33.325Z"",""tokenId"":""72f59d15-641b-41c1-b896-c33a9abf57f1""}"
e1bd13a1-f814-4f15-b563-4c20c363cf67,2026-03-09T04:07:22.673Z,b0000000-0000-0000-0000-000000000001,Admin User,admin@rasid.demo,user.login,user,b0000000-0000-0000-0000-000000000001,,"{""email"":""admin"",""loginAt"":""2026-03-09T04:07:22.672Z"",""tokenId"":""b9c75816-414d-4d57-81fb-d72d0e6f7dc1""}"
bfd76886-31bf-4a5a-99c1-055ffd9c7cce,2026-03-09T04:07:14.100Z,b0000000-0000-0000-0000-000000000001,Admin User,admin@rasid.demo,user.login,user,b0000000-0000-0000-0000-000000000001,,"{""email"":""admin"",""loginAt"":""2026-03-09T04:07:14.099Z"",""tokenId"":""0665343d-a3d1-458d-9f99-9c92acd32bf4""}"
f0bfb6f1-8f57-48ee-b399-c8f4cdb7c3b8,2026-03-09T03:53:08.062Z,b0000000-0000-0000-0000-000000000001,Admin User,admin@rasid.demo,user.login,user,b0000000-0000-0000-0000-000000000001,,"{""email"":""admin"",""loginAt"":""2026-03-09T03:53:08.061Z"",""tokenId"":""929c7571-7621-4070-b203-6a23d8580153""}"
b9fdbb51-0c62-46f5-a487-a4e7b002b42f,2026-03-09T03:52:59.366Z,b0000000-0000-0000-0000-000000000001,Admin User,admin@rasid.demo,user.login,user,b0000000-0000-0000-0000-000000000001,,"{""email"":""admin"",""loginAt"":""2026-03-09T03:52:59.365Z"",""tokenId"":""16ae9694-eddf-4fea-8af3-1968634bee28""}"
dc0754f8-558a-4084-8f1d-c4f1db475db6,2026-03-09T03:52:43.560Z,b0000000-0000-0000-0000-000000000001,Admin User,admin@rasid.demo,user.login,user,b0000000-0000-0000-0000-000000000001,,"{""email"":""admin"",""loginAt"":""2026-03-09T03:52:43.559Z"",""tokenId"":""57421cfe-809b-4a62-92ee-94cd147735aa""}"
ad2f6cc6-34c0-4e1a-a9ef-8b218188d524,2026-03-09T03:52:33.193Z,b0000000-0000-0000-0000-000000000001,Admin User,admin@rasid.demo,user.login,user,b0000000-0000-0000-0000-000000000001,,"{""email"":""admin"",""loginAt"":""2026-03-09T03:52:33.192Z"",""tokenId"":""50d980f8-ad92-4dc8-8439-7ea4b9343065""}"
d260b353-dc9a-4644-8ee6-a8b2f47ca210,2026-03-09T03:52:32.084Z,b0000000-0000-0000-0000-000000000001,Admin User,admin@rasid.demo,user.login,user,b0000000-0000-0000-0000-000000000001,,"{""email"":""admin"",""loginAt"":""2026-03-09T03:52:32.083Z"",""tokenId"":""8f1426c9-6803-447e-b1cb-9859232dd794""}"
9f7bfc77-db1f-46b0-bd5c-14fb75322ce3,2026-03-09T03:43:28.913Z,b0000000-0000-0000-0000-000000000001,Admin User,admin@rasid.demo,user.login,user,b0000000-0000-0000-0000-000000000001,,"{""email"":""admin"",""loginAt"":""2026-03-09T03:43:28.912Z"",""tokenId"":""915d3ba1-2ce9-45bb-87a7-ac9eb3534a87""}"
b637be2c-3bb7-4d76-91e9-4ecc8e3fe021,2026-03-09T03:43:03.746Z,b0000000-0000-0000-0000-000000000001,Admin User,admin@rasid.demo,user.login,user,b0000000-0000-0000-0000-000000000001,,"{""email"":""admin"",""loginAt"":""2026-03-09T03:43:03.745Z"",""tokenId"":""f049fc58-2286-4a4b-8926-8b9603021036""}"
3c28fdf7-5507-4fc1-8187-b085e36e17bb,2026-03-09T03:42:42.341Z,b0000000-0000-0000-0000-000000000001,Admin User,admin@rasid.demo,user.login,user,b0000000-0000-0000-0000-000000000001,,"{""email"":""admin"",""loginAt"":""2026-03-09T03:42:42.340Z"",""tokenId"":""1a02956f-6fa9-46ab-b0ab-bd37c8457778""}"
d145ccac-06e2-4d6b-a9c4-25614ec709c0,2026-03-09T03:41:30.030Z,b0000000-0000-0000-0000-000000000001,Admin User,admin@rasid.demo,user.login,user,b0000000-0000-0000-0000-000000000001,,"{""email"":""admin"",""loginAt"":""2026-03-09T03:41:30.028Z"",""tokenId"":""6d0c12bd-ed78-4319-9e77-245105dd6113""}"
35d59fb0-6e21-4cb5-a072-8ead91a34784,2026-03-09T03:41:00.996Z,b0000000-0000-0000-0000-000000000001,Admin User,admin@rasid.demo,user.login,user,b0000000-0000-0000-0000-000000000001,,"{""email"":""admin"",""loginAt"":""2026-03-09T03:41:00.995Z"",""tokenId"":""f14e4379-fa67-44d4-9aad-ea971518bb2d""}"
fcd05a6b-e9dc-4259-9ab6-0fb55c829e07,2026-03-09T03:39:37.161Z,b0000000-0000-0000-0000-000000000001,Admin User,admin@rasid.demo,user.login,user,b0000000-0000-0000-0000-000000000001,,"{""email"":""admin"",""loginAt"":""2026-03-09T03:39:37.160Z"",""tokenId"":""f2236dd2-d43c-4ac4-8e6a-ddb79624fa6a""}"
2265734b-1908-4027-abd3-73c4f0a66ba1,2026-03-09T03:38:59.946Z,b0000000-0000-0000-0000-000000000001,Admin User,admin@rasid.demo,user.login,user,b0000000-0000-0000-0000-000000000001,,"{""email"":""admin"",""loginAt"":""2026-03-09T03:38:59.945Z"",""tokenId"":""dc176fef-96ff-4009-b263-ea0c99863338""}"
4fb61392-5f86-4d8d-affb-f2af91d2ad8a,2026-03-09T03:38:31.148Z,b0000000-0000-0000-0000-000000000001,Admin User,admin@rasid.demo,user.login,user,b0000000-0000-0000-0000-000000000001,,"{""email"":""admin"",""loginAt"":""2026-03-09T03:38:31.147Z"",""tokenId"":""42e0a033-6bb2-4401-a37a-4a958bb39824""}"
36f04637-b7b0-4f7a-99c9-0b0883b8aec3,2026-03-09T03:38:08.569Z,b0000000-0000-0000-0000-000000000001,Admin User,admin@rasid.demo,user.login,user,b0000000-0000-0000-0000-000000000001,,"{""email"":""admin"",""loginAt"":""2026-03-09T03:38:08.567Z"",""tokenId"":""db06346e-ed37-44dd-874d-9c462b448177""}"
f8cb59b1-8b9b-47a8-a150-6f2877306bbd,2026-03-09T02:41:33.448Z,b0000000-0000-0000-0000-000000000001,Admin User,admin@rasid.demo,user.login,user,b0000000-0000-0000-0000-000000000001,,"{""email"":""admin"",""loginAt"":""2026-03-09T02:41:33.447Z"",""tokenId"":""a9c60573-24ab-4d73-915e-3c03be09d9a3""}"
55dad83c-9eba-4bd4-bd29-3ddeb338c505,2026-03-09T02:41:06.152Z,b0000000-0000-0000-0000-000000000001,Admin User,admin@rasid.demo,user.login,user,b0000000-0000-0000-0000-000000000001,,"{""email"":""admin"",""loginAt"":""2026-03-09T02:41:06.151Z"",""tokenId"":""7fb3bf38-7c20-4427-af91-ca3ef82694f8""}"
e1f01873-d7cd-49ab-834a-b311ea4a8c0e,2026-03-09T02:40:45.050Z,b0000000-0000-0000-0000-000000000001,Admin User,admin@rasid.demo,user.login,user,b0000000-0000-0000-0000-000000000001,,"{""email"":""admin"",""loginAt"":""2026-03-09T02:40:45.049Z"",""tokenId"":""22fa98dc-3123-401b-9a4b-ff4855e37c6c""}"
e5a5d125-761f-4ba0-8ae0-dbe03533db2e,2026-03-09T02:40:02.893Z,b0000000-0000-0000-0000-000000000001,Admin User,admin@rasid.demo,user.login,user,b0000000-0000-0000-0000-000000000001,,"{""email"":""admin"",""loginAt"":""2026-03-09T02:40:02.892Z"",""tokenId"":""efdeaab8-5d80-4022-97db-5172c46ea6fe""}"
a767117c-4259-49af-b58f-1dc5ad256483,2026-03-09T02:40:02.522Z,b0000000-0000-0000-0000-000000000001,Admin User,admin@rasid.demo,user.login,user,b0000000-0000-0000-0000-000000000001,,"{""email"":""admin"",""loginAt"":""2026-03-09T02:40:02.521Z"",""tokenId"":""b178d7ac-39d6-495c-a9a9-3a394cbb5091""}"
727c15df-789f-4df9-8330-fe0a759482ec,2026-03-09T02:05:28.131Z,b0000000-0000-0000-0000-000000000001,Admin User,admin@rasid.demo,user.login,user,b0000000-0000-0000-0000-000000000001,,"{""email"":""admin"",""loginAt"":""2026-03-09T02:05:28.130Z"",""tokenId"":""9a3323b3-cf9c-4eb3-ace9-70c680e5de48""}"
a0ac42ae-f486-4c18-ba80-3af329640cfc,2026-03-09T02:03:05.228Z,b0000000-0000-0000-0000-000000000001,Admin User,admin@rasid.demo,user.login,user,b0000000-0000-0000-0000-000000000001,,"{""email"":""admin"",""loginAt"":""2026-03-09T02:03:05.227Z"",""tokenId"":""8a56b400-1b74-4aae-bd6f-cf4398dcac61""}"
58baf583-3cc0-4a7f-8611-718891907080,2026-03-09T02:01:36.967Z,b0000000-0000-0000-0000-000000000001,Admin User,admin@rasid.demo,user.login,user,b0000000-0000-0000-0000-000000000001,,"{""email"":""admin"",""loginAt"":""2026-03-09T02:01:36.966Z"",""tokenId"":""b83c5d1c-71c4-4030-a985-b7a4f1e385ac""}"
a6d4da45-2941-4efc-845d-4bd249560e2a,2026-03-09T02:01:30.489Z,b0000000-0000-0000-0000-000000000001,Admin User,admin@rasid.demo,user.login,user,b0000000-0000-0000-0000-000000000001,,"{""email"":""admin"",""loginAt"":""2026-03-09T02:01:30.488Z"",""tokenId"":""bf2e1453-99f3-4a64-a274-6cf7a65c443d""}"
77731627-0b1a-4a9d-9820-d5a0b5fc9f06,2026-03-09T02:01:16.098Z,b0000000-0000-0000-0000-000000000001,Admin User,admin@rasid.demo,user.login,user,b0000000-0000-0000-0000-000000000001,,"{""email"":""admin"",""loginAt"":""2026-03-09T02:01:16.097Z"",""tokenId"":""f6893550-8240-4042-baba-846a9dc2059c""}"
3205886b-94b3-42e5-87b0-8f87745d1c4f,2026-03-09T02:00:46.600Z,b0000000-0000-0000-0000-000000000001,Admin User,admin@rasid.demo,user.login,user,b0000000-0000-0000-0000-000000000001,,"{""email"":""admin"",""loginAt"":""2026-03-09T02:00:46.599Z"",""tokenId"":""51bc2b2c-6451-456b-a3b8-0d4d77d59c17""}"
66aacbc1-4dd8-42ad-ba99-0c75472be187,2026-03-09T02:00:40.719Z,b0000000-0000-0000-0000-000000000001,Admin User,admin@rasid.demo,user.login,user,b0000000-0000-0000-0000-000000000001,,"{""email"":""admin"",""loginAt"":""2026-03-09T02:00:40.718Z"",""tokenId"":""90cca580-e2fe-423b-9238-88442a8a3ccb""}"
26b69bc1-0644-41fb-8383-ba651959a8e1,2026-03-09T02:00:32.946Z,b0000000-0000-0000-0000-000000000001,Admin User,admin@rasid.demo,user.login,user,b0000000-0000-0000-0000-000000000001,,"{""email"":""admin"",""loginAt"":""2026-03-09T02:00:32.945Z"",""tokenId"":""321e61c8-3e63-49e9-8908-2f1fab72c7f5""}"
011fac88-4757-4a45-9785-d3ed4a4904f5,2026-03-09T02:00:23.456Z,b0000000-0000-0000-0000-000000000001,Admin User,admin@rasid.demo,user.login,user,b0000000-0000-0000-0000-000000000001,,"{""email"":""admin"",""loginAt"":""2026-03-09T02:00:23.455Z"",""tokenId"":""8a6ebd08-ac13-42ac-842a-d3df0de08aad""}"
26dafb91-d950-4636-9b6e-116668693a11,2026-03-09T02:00:04.510Z,b0000000-0000-0000-0000-000000000001,Admin User,admin@rasid.demo,user.login,user,b0000000-0000-0000-0000-000000000001,,"{""email"":""admin"",""loginAt"":""2026-03-09T02:00:04.509Z"",""tokenId"":""1aa1a0d9-4899-4e10-8811-1f4c60b6aeb3""}"
04f87d28-1d1e-4be2-8c49-bdc098c21ac6,2026-03-09T01:59:56.976Z,b0000000-0000-0000-0000-000000000001,Admin User,admin@rasid.demo,user.login,user,b0000000-0000-0000-0000-000000000001,,"{""email"":""admin"",""loginAt"":""2026-03-09T01:59:56.975Z"",""tokenId"":""9df64af9-5148-4f52-b6a8-0333e6fee68e""}"
ba68b895-4e72-4fa4-9f72-a21a033f2cde,2026-03-09T01:59:45.727Z,b0000000-0000-0000-0000-000000000001,Admin User,admin@rasid.demo,user.login,user,b0000000-0000-0000-0000-000000000001,,"{""email"":""admin"",""loginAt"":""2026-03-09T01:59:45.726Z"",""tokenId"":""e2169722-3c3b-444f-bde2-c8d28e44e5ad""}"
68eba418-daa7-496c-931f-9eded4b1e3df,2026-03-09T01:59:18.329Z,b0000000-0000-0000-0000-000000000001,Admin User,admin@rasid.demo,user.login,user,b0000000-0000-0000-0000-000000000001,,"{""email"":""admin"",""loginAt"":""2026-03-09T01:59:18.328Z"",""tokenId"":""3d6d83b0-97b8-46ba-85f3-2dd1c6acf002""}"
53bc48a0-b7f6-4e83-90f9-ec5d65f42ae2,2026-03-09T01:59:05.001Z,b0000000-0000-0000-0000-000000000001,Admin User,admin@rasid.demo,user.login,user,b0000000-0000-0000-0000-000000000001,,"{""email"":""admin"",""loginAt"":""2026-03-09T01:59:05.000Z"",""tokenId"":""32d55062-cb12-47f9-a322-b848a9f11304""}"
2d773587-4ff4-43b7-ae5d-96fee8df7f96,2026-03-09T01:58:52.576Z,b0000000-0000-0000-0000-000000000001,Admin User,admin@rasid.demo,user.login,user,b0000000-0000-0000-0000-000000000001,,"{""email"":""admin"",""loginAt"":""2026-03-09T01:58:52.575Z"",""tokenId"":""2a32847b-86e5-4c4b-86dc-08825131a644""}"
bece657f-fb13-4a55-90d0-d842bc0b3ec8,2026-03-09T01:58:29.863Z,b0000000-0000-0000-0000-000000000001,Admin User,admin@rasid.demo,user.login,user,b0000000-0000-0000-0000-000000000001,,"{""email"":""admin"",""loginAt"":""2026-03-09T01:58:29.862Z"",""tokenId"":""2fd8f09b-ab6d-47be-8158-f74b03d1a11d""}"
9e84d6a8-1dfb-4f31-a1a0-0d19937d41c4,2026-03-09T01:57:05.799Z,b0000000-0000-0000-0000-000000000001,Admin User,admin@rasid.demo,user.login,user,b0000000-0000-0000-0000-000000000001,,"{""email"":""admin"",""loginAt"":""2026-03-09T01:57:05.798Z"",""tokenId"":""9e6d1dc4-0933-43de-95c9-6d894ec5e466""}"
42a86cd3-9adc-4eb1-a316-1551693c671f,2026-03-09T01:56:58.173Z,b0000000-0000-0000-0000-000000000001,Admin User,admin@rasid.demo,user.login,user,b0000000-0000-0000-0000-000000000001,,"{""email"":""admin"",""loginAt"":""2026-03-09T01:56:58.171Z"",""tokenId"":""55d4b292-5adf-49fa-a255-8da14f825827""}"
91b6d908-eee3-48b4-aca0-748aaeb156be,2026-03-09T01:50:28.584Z,b0000000-0000-0000-0000-000000000001,Admin User,admin@rasid.demo,user.login,user,b0000000-0000-0000-0000-000000000001,,"{""email"":""admin"",""loginAt"":""2026-03-09T01:50:28.583Z"",""tokenId"":""7b5e13dd-8826-46fb-a405-841e75a30ff9""}"
89f5fdd4-b871-45c9-87c0-48f26e9bcc0d,2026-03-09T01:50:10.156Z,b0000000-0000-0000-0000-000000000001,Admin User,admin@rasid.demo,user.login,user,b0000000-0000-0000-0000-000000000001,,"{""email"":""admin"",""loginAt"":""2026-03-09T01:50:10.155Z"",""tokenId"":""90efa675-6be4-4423-b730-9118f2ef6ca4""}"
d47ed4b0-b962-4652-bcdd-4496164512b6,2026-03-09T01:49:46.732Z,b0000000-0000-0000-0000-000000000001,Admin User,admin@rasid.demo,user.login,user,b0000000-0000-0000-0000-000000000001,,"{""email"":""admin"",""loginAt"":""2026-03-09T01:49:46.731Z"",""tokenId"":""d6c7232d-e46d-442e-8828-6baa021a2ba0""}"
391a0820-a778-452a-95ec-f83b133f8aa4,2026-03-09T01:48:45.355Z,b0000000-0000-0000-0000-000000000001,Admin User,admin@rasid.demo,user.login,user,b0000000-0000-0000-0000-000000000001,,"{""email"":""admin"",""loginAt"":""2026-03-09T01:48:45.354Z"",""tokenId"":""b4db8ae0-5232-454e-ada5-da17d297da44""}"
0cbefff7-1df0-44ae-bf1e-09c4c400b1dd,2026-03-09T01:43:46.412Z,b0000000-0000-0000-0000-000000000001,Admin User,admin@rasid.demo,user.login,user,b0000000-0000-0000-0000-000000000001,,"{""email"":""admin"",""loginAt"":""2026-03-09T01:43:46.411Z"",""tokenId"":""d6ba963c-e63b-49d8-9522-239b1c045da3""}"
9a87b8d7-944c-42e4-8091-d9e79d846bac,2026-03-09T01:43:23.011Z,b0000000-0000-0000-0000-000000000001,Admin User,admin@rasid.demo,user.login,user,b0000000-0000-0000-0000-000000000001,,"{""email"":""admin"",""loginAt"":""2026-03-09T01:43:23.010Z"",""tokenId"":""98f5e46b-6d36-46d1-9a4d-0cc23128d44c""}"
b941b58d-fd17-489d-93e1-2abe89b2a4d1,2026-03-09T01:43:01.188Z,b0000000-0000-0000-0000-000000000001,Admin User,admin@rasid.demo,user.login,user,b0000000-0000-0000-0000-000000000001,,"{""email"":""admin"",""loginAt"":""2026-03-09T01:43:01.187Z"",""tokenId"":""c19416be-111f-40ba-a6aa-08d7a20f71de""}"
efd76efc-5872-4b2d-8c0e-ff9d7ae908a2,2026-03-09T01:42:50.837Z,b0000000-0000-0000-0000-000000000001,Admin User,admin@rasid.demo,user.login,user,b0000000-0000-0000-0000-000000000001,,"{""email"":""admin"",""loginAt"":""2026-03-09T01:42:50.836Z"",""tokenId"":""a6da58e4-64aa-49d8-9dde-b4275893e7d2""}"
d1d350e7-e11a-4e4e-a60c-f92a387fbf8e,2026-03-09T01:42:24.855Z,b0000000-0000-0000-0000-000000000001,Admin User,admin@rasid.demo,user.login,user,b0000000-0000-0000-0000-000000000001,,"{""email"":""admin"",""loginAt"":""2026-03-09T01:42:24.854Z"",""tokenId"":""5bcd6621-4740-4bd4-bc1f-fe30a4d7d3a0""}"
7420e61b-943d-458f-9641-15bad88f77fe,2026-03-09T01:41:54.174Z,b0000000-0000-0000-0000-000000000001,Admin User,admin@rasid.demo,user.login,user,b0000000-0000-0000-0000-000000000001,,"{""email"":""admin"",""loginAt"":""2026-03-09T01:41:54.173Z"",""tokenId"":""f1f17f36-a220-4658-9165-8b008109ef3c""}"
1d1c80fc-41b5-4d1d-8e0e-8b95a2caa124,2026-03-09T01:41:44.483Z,b0000000-0000-0000-0000-000000000001,Admin User,admin@rasid.demo,user.login,user,b0000000-0000-0000-0000-000000000001,,"{""email"":""admin"",""loginAt"":""2026-03-09T01:41:44.482Z"",""tokenId"":""c84cab8b-a633-43ed-99e5-c2a7e03177ff""}"
492a0a71-12d9-4977-936e-24a8bcafabfe,2026-03-09T01:41:38.671Z,b0000000-0000-0000-0000-000000000001,Admin User,admin@rasid.demo,user.login,user,b0000000-0000-0000-0000-000000000001,,"{""email"":""admin"",""loginAt"":""2026-03-09T01:41:38.670Z"",""tokenId"":""a3ebcff9-4159-42d8-bcae-f63ad407afe3""}"
6ba330d2-b21e-4105-b729-8106a5d26d26,2026-03-09T01:41:36.463Z,b0000000-0000-0000-0000-000000000001,Admin User,admin@rasid.demo,user.login,user,b0000000-0000-0000-0000-000000000001,,"{""email"":""admin"",""loginAt"":""2026-03-09T01:41:36.462Z"",""tokenId"":""549e7fb2-b0e0-48fd-8f13-ddac86108b8f""}"
e9dd83d9-af3a-4659-862c-79d191ed6e4b,2026-03-09T01:04:28.163Z,b0000000-0000-0000-0000-000000000001,Admin User,admin@rasid.demo,user.login,user,b0000000-0000-0000-0000-000000000001,,"{""email"":""admin"",""loginAt"":""2026-03-09T01:04:28.162Z"",""tokenId"":""014406c0-11d0-48b4-8909-5cf63a6dde6f""}"
bbaef447-f1b1-4e80-a897-fc425cb0f0bb,2026-03-09T01:04:16.039Z,b0000000-0000-0000-0000-000000000001,Admin User,admin@rasid.demo,user.login,user,b0000000-0000-0000-0000-000000000001,,"{""email"":""admin"",""loginAt"":""2026-03-09T01:04:16.038Z"",""tokenId"":""7b289f9e-a15e-4356-a016-a5fb2b43c875""}"
6e900af7-c9b0-4601-be1c-24965ff4cdbd,2026-03-09T01:03:32.326Z,b0000000-0000-0000-0000-000000000001,Admin User,admin@rasid.demo,user.login,user,b0000000-0000-0000-0000-000000000001,,"{""email"":""admin"",""loginAt"":""2026-03-09T01:03:32.325Z"",""tokenId"":""7a3aab0f-e9cd-4609-ab60-1a5164b680c7""}"
36a58d22-08de-4429-bd00-2fb34d68c3fc,2026-03-09T01:03:26.620Z,b0000000-0000-0000-0000-000000000001,Admin User,admin@rasid.demo,user.login,user,b0000000-0000-0000-0000-000000000001,,"{""email"":""admin"",""loginAt"":""2026-03-09T01:03:26.619Z"",""tokenId"":""60d4ec87-2bbd-4b6f-8b48-bccd2e80e6de""}"
65c8ef0d-bd75-455a-bf17-0ef753c3a48b,2026-03-09T01:03:19.309Z,b0000000-0000-0000-0000-000000000001,Admin User,admin@rasid.demo,user.login,user,b0000000-0000-0000-0000-000000000001,,"{""email"":""admin"",""loginAt"":""2026-03-09T01:03:19.308Z"",""tokenId"":""9722c191-b037-42c2-8038-b1f50f83af5f""}"
37a6037e-c1a7-43de-bc50-eb932fd410b3,2026-03-09T01:03:11.713Z,b0000000-0000-0000-0000-000000000001,Admin User,admin@rasid.demo,user.login,user,b0000000-0000-0000-0000-000000000001,,"{""email"":""admin"",""loginAt"":""2026-03-09T01:03:11.712Z"",""tokenId"":""01acfb24-9af0-48e0-bd77-fefe11188482""}"
0376e274-c2cb-42f4-afb2-a0b83be8902d,2026-03-09T01:03:05.185Z,b0000000-0000-0000-0000-000000000001,Admin User,admin@rasid.demo,user.login,user,b0000000-0000-0000-0000-000000000001,,"{""email"":""admin"",""loginAt"":""2026-03-09T01:03:05.184Z"",""tokenId"":""0d8c48e7-e651-4134-bc22-13ed566a300e""}"
fa20adc5-4e66-49ee-82c9-7100a0d15c40,2026-03-08T12:24:44.003Z,b0000000-0000-0000-0000-000000000001,Admin User,admin@rasid.demo,user.login,user,b0000000-0000-0000-0000-000000000001,,"{""email"":""admin"",""loginAt"":""2026-03-08T12:24:44.002Z"",""tokenId"":""c1d9bec6-a341-4485-9487-789cb7083814""}"
f6c14942-4ba1-4e24-a458-594c0437aa31,2026-03-08T12:02:34.958Z,b0000000-0000-0000-0000-000000000001,Admin User,admin@rasid.demo,user.login,user,b0000000-0000-0000-0000-000000000001,,"{""email"":""admin"",""loginAt"":""2026-03-08T12:02:34.956Z"",""tokenId"":""eb2282d3-1801-4b04-be84-091fd38e6141""}"
2a98ef96-046b-4a82-8ed4-c67ecc41f8cb,2026-03-08T07:05:36.086Z,b0000000-0000-0000-0000-000000000001,Admin User,admin@rasid.demo,user.login,user,b0000000-0000-0000-0000-000000000001,,"{""email"":""admin"",""loginAt"":""2026-03-08T07:05:36.085Z"",""tokenId"":""e6311af9-1ed3-456b-848c-949c361482f9""}"
49f863ab-be38-4915-a762-5a120e2c7c3a,2026-03-08T07:04:26.883Z,b0000000-0000-0000-0000-000000000001,Admin User,admin@rasid.demo,user.login,user,b0000000-0000-0000-0000-000000000001,,"{""email"":""admin"",""loginAt"":""2026-03-08T07:04:26.881Z"",""tokenId"":""3a69e367-b1f1-4d1d-bcf6-4fd260e3c6d5""}"
7d299988-55b3-4ab4-a28e-de9a7ce82cca,2026-03-08T07:02:31.171Z,b0000000-0000-0000-0000-000000000001,Admin User,admin@rasid.demo,user.login,user,b0000000-0000-0000-0000-000000000001,,"{""email"":""admin"",""loginAt"":""2026-03-08T07:02:31.170Z"",""tokenId"":""c1d49b02-c4fb-4a1d-ba7f-555f8eba94d2""}"
f6a66f22-f98f-4caa-95a3-11656c7202c7,2026-03-08T06:53:33.095Z,b0000000-0000-0000-0000-000000000001,Admin User,admin@rasid.demo,user.login,user,b0000000-0000-0000-0000-000000000001,,"{""email"":""admin"",""loginAt"":""2026-03-08T06:53:33.095Z"",""tokenId"":""403ffa3d-9c97-4428-9427-97e88f9595ea""}"
0de295bc-aa29-4d79-b082-9574d721a1fe,2026-03-08T06:45:15.193Z,b0000000-0000-0000-0000-000000000001,Admin User,admin@rasid.demo,user.login,user,b0000000-0000-0000-0000-000000000001,,"{""email"":""admin"",""loginAt"":""2026-03-08T06:45:15.192Z"",""tokenId"":""643afe8a-eff8-4243-a3ad-b30030ebc0bf""}"
4f1f89b7-c66b-494f-992f-c849bb17d91a,2026-03-08T06:43:58.793Z,b0000000-0000-0000-0000-000000000001,Admin User,admin@rasid.demo,user.login,user,b0000000-0000-0000-0000-000000000001,,"{""email"":""admin"",""loginAt"":""2026-03-08T06:43:58.792Z"",""tokenId"":""05a988d8-20ac-4c7c-9b4b-ea9e5a62dc19""}"
d765852c-ce77-4f54-b330-1e9d58caf189,2026-03-08T06:43:39.401Z,b0000000-0000-0000-0000-000000000001,Admin User,admin@rasid.demo,user.login,user,b0000000-0000-0000-0000-000000000001,,"{""email"":""admin"",""loginAt"":""2026-03-08T06:43:39.400Z"",""tokenId"":""3806c655-a53d-4c80-98d7-876e03e23936""}"
88b3aee0-a3de-4258-a5a4-a40175586309,2026-03-08T06:43:26.260Z,b0000000-0000-0000-0000-000000000001,Admin User,admin@rasid.demo,user.login,user,b0000000-0000-0000-0000-000000000001,,"{""email"":""admin"",""loginAt"":""2026-03-08T06:43:26.259Z"",""tokenId"":""dc7509fc-9e98-4ad6-a6ef-e8666a9d5e1f""}"
4c35ed71-c446-4445-8a2d-190dfccb52bc,2026-03-08T06:40:41.635Z,b0000000-0000-0000-0000-000000000001,Admin User,admin@rasid.demo,user.login,user,b0000000-0000-0000-0000-000000000001,,"{""email"":""admin"",""loginAt"":""2026-03-08T06:40:41.634Z"",""tokenId"":""b9bab386-58a9-4e79-b9c8-535aa3e5b0a3""}"
c96a2e86-5be1-4e17-92bc-717b3dd4de3c,2026-03-08T06:39:48.715Z,b0000000-0000-0000-0000-000000000001,Admin User,admin@rasid.demo,user.login,user,b0000000-0000-0000-0000-000000000001,,"{""email"":""admin"",""loginAt"":""2026-03-08T06:39:48.715Z"",""tokenId"":""fdc4e93d-0d21-423b-97b2-a1421bcb47d4""}"
fb3383c9-bf6f-4aca-9441-63b80ebe88e0,2026-03-08T06:39:31.434Z,b0000000-0000-0000-0000-000000000001,Admin User,admin@rasid.demo,user.login,user,b0000000-0000-0000-0000-000000000001,,"{""email"":""admin"",""loginAt"":""2026-03-08T06:39:31.433Z"",""tokenId"":""bb770c9c-cc8b-4cc1-89b3-672a5df3642e""}"
e630ff06-84a8-4f51-b094-8075769e47b5,2026-03-08T06:39:16.482Z,b0000000-0000-0000-0000-000000000001,Admin User,admin@rasid.demo,user.login,user,b0000000-0000-0000-0000-000000000001,,"{""email"":""admin"",""loginAt"":""2026-03-08T06:39:16.481Z"",""tokenId"":""6425f19b-ecbd-4884-8fc3-7ea0d36d13dc""}"
bee3364c-cfbb-4405-b052-be30486434aa,2026-03-08T06:39:08.775Z,b0000000-0000-0000-0000-000000000001,Admin User,admin@rasid.demo,user.login,user,b0000000-0000-0000-0000-000000000001,,"{""email"":""admin"",""loginAt"":""2026-03-08T06:39:08.774Z"",""tokenId"":""292c1445-b08e-48c0-813e-9fff67a25cb2""}"
da50e608-7a0d-426e-88cc-43875703804a,2026-03-08T06:38:52.438Z,b0000000-0000-0000-0000-000000000001,Admin User,admin@rasid.demo,user.login,user,b0000000-0000-0000-0000-000000000001,,"{""email"":""admin"",""loginAt"":""2026-03-08T06:38:52.437Z"",""tokenId"":""9df5db18-1a7e-4ba3-b660-d39d9c1f49a6""}"
56ec902e-2584-48ae-8645-d6430ebd22c6,2026-03-08T06:38:32.112Z,b0000000-0000-0000-0000-000000000001,Admin User,admin@rasid.demo,user.login,user,b0000000-0000-0000-0000-000000000001,,"{""email"":""admin"",""loginAt"":""2026-03-08T06:38:32.111Z"",""tokenId"":""83decca3-7a0f-4116-a837-84bebeafe7a2""}"
036a1ef5-0501-4e95-a71c-e59a98a7e012,2026-03-08T06:38:17.081Z,b0000000-0000-0000-0000-000000000001,Admin User,admin@rasid.demo,user.login,user,b0000000-0000-0000-0000-000000000001,,"{""email"":""admin"",""loginAt"":""2026-03-08T06:38:17.080Z"",""tokenId"":""a19919b8-89ec-4d41-aca6-20aae946c137""}"
a0a402d8-cb02-44f1-ba7e-42ac6234d5b0,2026-03-08T06:38:05.931Z,b0000000-0000-0000-0000-000000000001,Admin User,admin@rasid.demo,user.login,user,b0000000-0000-0000-0000-000000000001,,"{""email"":""admin"",""loginAt"":""2026-03-08T06:38:05.930Z"",""tokenId"":""812e80bc-3a02-4dc8-bb8b-a73800921ed4""}"
f483092f-f6e7-4f8b-81c0-3d884e0b3997,2026-03-08T06:37:58.576Z,b0000000-0000-0000-0000-000000000001,Admin User,admin@rasid.demo,user.login,user,b0000000-0000-0000-0000-000000000001,,"{""email"":""admin"",""loginAt"":""2026-03-08T06:37:58.575Z"",""tokenId"":""81e13d68-4096-4088-b961-2aefc5811a50""}"
01b909c5-c8d1-4395-a670-7544a7155f39,2026-03-08T06:32:27.289Z,b0000000-0000-0000-0000-000000000001,Admin User,admin@rasid.demo,user.login,user,b0000000-0000-0000-0000-000000000001,,"{""email"":""admin"",""loginAt"":""2026-03-08T06:32:27.288Z"",""tokenId"":""66c56ede-48b7-4e3c-8e47-09d7e94f7288""}"
2e74d16f-2199-4d70-9a92-d68b7adec8cb,2026-03-08T06:21:57.472Z,b0000000-0000-0000-0000-000000000001,Admin User,admin@rasid.demo,user.login,user,b0000000-0000-0000-0000-000000000001,,"{""email"":""admin"",""loginAt"":""2026-03-08T06:21:57.471Z"",""tokenId"":""1b3ec382-3923-46d1-9070-369441577565""}"
0e63a494-fb6f-48b5-9db1-33b64747eb45,2026-03-08T05:47:55.930Z,b0000000-0000-0000-0000-000000000001,Admin User,admin@rasid.demo,user.login,user,b0000000-0000-0000-0000-000000000001,,"{""email"":""admin"",""loginAt"":""2026-03-08T05:47:55.929Z"",""tokenId"":""90313414-dbbf-480e-9869-bea60c347c5a""}"
fa594fe3-8b5e-498b-b4dc-48f53d1c4c36,2026-03-08T05:45:59.891Z,b0000000-0000-0000-0000-000000000001,Admin User,admin@rasid.demo,user.login,user,b0000000-0000-0000-0000-000000000001,,"{""email"":""admin"",""loginAt"":""2026-03-08T05:45:59.890Z"",""tokenId"":""c4b4e9b3-b763-4aab-b2c7-968d6c89f3fc""}"
e403ceaf-a79e-4c3f-92cc-a17f937a9c5c,2026-03-08T05:19:18.901Z,b0000000-0000-0000-0000-000000000001,Admin User,admin@rasid.demo,user.login,user,b0000000-0000-0000-0000-000000000001,,"{""email"":""admin"",""loginAt"":""2026-03-08T05:19:18.900Z"",""tokenId"":""f821bb46-0a95-4d87-8cb6-ee5aa79faf56""}"
1ae5e9f4-c59f-496c-904e-f9d956b51702,2026-03-08T05:14:17.090Z,b0000000-0000-0000-0000-000000000001,Admin User,admin@rasid.demo,user.login,user,b0000000-0000-0000-0000-000000000001,,"{""email"":""admin"",""loginAt"":""2026-03-08T05:14:17.090Z"",""tokenId"":""a9b342c3-50c0-44ce-92dc-59d46aad4b3c""}"
84948547-3b93-4ff1-9a3c-7e559d745589,2026-03-08T05:13:39.920Z,b0000000-0000-0000-0000-000000000001,Admin User,admin@rasid.demo,user.login,user,b0000000-0000-0000-0000-000000000001,,"{""email"":""admin"",""loginAt"":""2026-03-08T05:13:39.919Z"",""tokenId"":""339e1336-53c2-4598-9d0d-e788718709b3""}"
1c2666d6-85d0-4fbb-875e-361b6c7fcc07,2026-03-08T05:13:29.725Z,b0000000-0000-0000-0000-000000000001,Admin User,admin@rasid.demo,user.login,user,b0000000-0000-0000-0000-000000000001,,"{""email"":""admin"",""loginAt"":""2026-03-08T05:13:29.724Z"",""tokenId"":""b64df68c-5433-4a98-9987-3bdf980aa15a""}"
136db4f2-2246-48b1-8c49-62f66b4e720c,2026-03-08T05:13:18.827Z,b0000000-0000-0000-0000-000000000001,Admin User,admin@rasid.demo,user.login,user,b0000000-0000-0000-0000-000000000001,,"{""email"":""admin"",""loginAt"":""2026-03-08T05:13:18.826Z"",""tokenId"":""71b7b793-e289-42ff-b7f7-55ad49cd3ba3""}"
415e6f83-4d00-4332-9c2f-b5b099ad20cc,2026-03-08T05:12:57.413Z,b0000000-0000-0000-0000-000000000001,Admin User,admin@rasid.demo,user.login,user,b0000000-0000-0000-0000-000000000001,,"{""email"":""admin"",""loginAt"":""2026-03-08T05:12:57.412Z"",""tokenId"":""39803d97-3078-404d-bbbe-47ca7d76fb04""}"
7d21ddc2-8f21-41eb-a5e3-70d56c55e037,2026-03-08T05:12:13.676Z,b0000000-0000-0000-0000-000000000001,Admin User,admin@rasid.demo,user.login,user,b0000000-0000-0000-0000-000000000001,,"{""email"":""admin"",""loginAt"":""2026-03-08T05:12:13.675Z"",""tokenId"":""cf23f6f2-ffaf-468d-922d-da6eec47ea0c""}"
81b74b63-4c90-4efc-8047-6684a1132a1a,2026-03-08T05:10:07.048Z,b0000000-0000-0000-0000-000000000001,Admin User,admin@rasid.demo,user.login,user,b0000000-0000-0000-0000-000000000001,,"{""email"":""admin"",""loginAt"":""2026-03-08T05:10:07.047Z"",""tokenId"":""3fca3924-9eb6-4e27-ac7b-fb6199e70a10""}"
87d0181f-ace1-419b-a8c2-f16b8f93eddd,2026-03-08T05:08:09.190Z,b0000000-0000-0000-0000-000000000001,Admin User,admin@rasid.demo,user.login,user,b0000000-0000-0000-0000-000000000001,,"{""email"":""admin"",""loginAt"":""2026-03-08T05:08:09.189Z"",""tokenId"":""7906ff40-715c-41b0-83d8-e19ec289d0e8""}"
42fa6e7e-f57c-48af-ad3c-392217cbb52f,2026-03-08T05:07:50.136Z,b0000000-0000-0000-0000-000000000001,Admin User,admin@rasid.demo,user.login,user,b0000000-0000-0000-0000-000000000001,,"{""email"":""admin"",""loginAt"":""2026-03-08T05:07:50.135Z"",""tokenId"":""f69831bf-0dfb-43c5-8277-4cd62ca70dea""}"
b9770d40-5cdd-4e5e-bd77-7bbaf426b7ce,2026-03-08T04:54:39.494Z,b0000000-0000-0000-0000-000000000001,Admin User,admin@rasid.demo,user.login,user,b0000000-0000-0000-0000-000000000001,,"{""email"":""admin"",""loginAt"":""2026-03-08T04:54:39.493Z"",""tokenId"":""65be54c7-c418-41fa-aa7a-c4969c3d25f5""}"
cbdf85b1-3161-42a1-8e25-cad92cac37c9,2026-03-08T04:54:35.409Z,b0000000-0000-0000-0000-000000000001,Admin User,admin@rasid.demo,user.login,user,b0000000-0000-0000-0000-000000000001,,"{""email"":""admin"",""loginAt"":""2026-03-08T04:54:35.408Z"",""tokenId"":""db777bab-adc4-4c70-811a-b0ace1625a3f""}"
a0682af9-bb8d-4ab0-8270-f22f1e8f7fec,2026-03-08T04:54:33.331Z,b0000000-0000-0000-0000-000000000001,Admin User,admin@rasid.demo,user.login,user,b0000000-0000-0000-0000-000000000001,,"{""email"":""admin"",""loginAt"":""2026-03-08T04:54:33.330Z"",""tokenId"":""5d924eed-2d9d-4550-883c-636b0f209ab9""}"
50214265-8e5c-47b3-b17b-04c233a6daf3,2026-03-08T04:54:29.213Z,b0000000-0000-0000-0000-000000000001,Admin User,admin@rasid.demo,user.login,user,b0000000-0000-0000-0000-000000000001,,"{""email"":""admin"",""loginAt"":""2026-03-08T04:54:29.212Z"",""tokenId"":""365d8211-2e03-40c4-b27c-1cc613f8aa78""}"
1b2f6768-0233-417d-a359-720b9f51de7e,2026-03-08T04:53:53.503Z,b0000000-0000-0000-0000-000000000001,Admin User,admin@rasid.demo,user.login,user,b0000000-0000-0000-0000-000000000001,,"{""email"":""admin"",""loginAt"":""2026-03-08T04:53:53.503Z"",""tokenId"":""7483fd05-d03e-4b74-9639-6d01db547ea3""}"
0b28c2ed-1a6b-4342-817b-6691a6df34ee,2026-03-08T04:48:36.879Z,b0000000-0000-0000-0000-000000000001,Admin User,admin@rasid.demo,user.login,user,b0000000-0000-0000-0000-000000000001,,"{""email"":""admin"",""loginAt"":""2026-03-08T04:48:36.878Z"",""tokenId"":""2db6f969-256c-4013-b40b-07b6c32ae447""}"
042c320a-f6c7-48bb-ba88-50bbe92c8708,2026-03-08T04:47:49.887Z,b0000000-0000-0000-0000-000000000001,Admin User,admin@rasid.demo,user.login,user,b0000000-0000-0000-0000-000000000001,,"{""email"":""admin"",""loginAt"":""2026-03-08T04:47:49.886Z"",""tokenId"":""14e85121-04df-41d5-9369-108d358b18b9""}"
152fa9b0-d71e-4254-a94a-2270bfdb1b9d,2026-03-08T04:47:02.746Z,b0000000-0000-0000-0000-000000000001,Admin User,admin@rasid.demo,user.login,user,b0000000-0000-0000-0000-000000000001,,"{""email"":""admin"",""loginAt"":""2026-03-08T04:47:02.745Z"",""tokenId"":""a66fe0a6-bd28-4a0e-8d39-0792211cf62a""}"
acf93818-866c-479e-ad2d-8c34ff571896,2026-03-08T04:45:48.507Z,b0000000-0000-0000-0000-000000000001,Admin User,admin@rasid.demo,user.login,user,b0000000-0000-0000-0000-000000000001,,"{""email"":""admin"",""loginAt"":""2026-03-08T04:45:48.506Z"",""tokenId"":""14fb1a37-a155-407b-9244-25746f87dcd6""}"
50ff6522-f094-4934-9db2-8c009ce67020,2026-03-08T04:44:59.489Z,b0000000-0000-0000-0000-000000000001,Admin User,admin@rasid.demo,user.login,user,b0000000-0000-0000-0000-000000000001,,"{""email"":""admin"",""loginAt"":""2026-03-08T04:44:59.488Z"",""tokenId"":""abb7eee6-ed6d-42c1-a768-358d82f7d2dc""}"
db2c7a63-151f-4552-9cf9-3bfeb2f80873,2026-03-08T04:44:50.140Z,b0000000-0000-0000-0000-000000000001,Admin User,admin@rasid.demo,user.login,user,b0000000-0000-0000-0000-000000000001,,"{""email"":""admin"",""loginAt"":""2026-03-08T04:44:50.139Z"",""tokenId"":""eb814e39-bf2a-459d-a20c-553078d04ac8""}"
d18b29a8-a80f-4f83-82fe-fffbc5d35698,2026-03-08T04:39:38.427Z,b0000000-0000-0000-0000-000000000001,Admin User,admin@rasid.demo,user.login,user,b0000000-0000-0000-0000-000000000001,,"{""email"":""admin"",""loginAt"":""2026-03-08T04:39:38.426Z"",""tokenId"":""79e41b9b-3daf-4612-8963-0d486deed9d0""}"
910cb165-5137-41f7-a58b-2ab324826886,2026-03-08T04:39:06.747Z,b0000000-0000-0000-0000-000000000001,Admin User,admin@rasid.demo,user.login,user,b0000000-0000-0000-0000-000000000001,,"{""email"":""admin"",""loginAt"":""2026-03-08T04:39:06.746Z"",""tokenId"":""7832d4cb-32ce-438a-8f84-e344460d9e54""}"
22aae4f7-eb1e-4d9d-8fbb-397812703ed8,2026-03-08T04:38:42.799Z,b0000000-0000-0000-0000-000000000001,Admin User,admin@rasid.demo,user.login,user,b0000000-0000-0000-0000-000000000001,,"{""email"":""admin"",""loginAt"":""2026-03-08T04:38:42.798Z"",""tokenId"":""e6f58e7a-7d3e-4738-ab35-d5336bd25243""}"
f1cb82f2-0cfc-46d5-8be9-bb2e0d4a0229,2026-03-08T04:38:02.906Z,b0000000-0000-0000-0000-000000000001,Admin User,admin@rasid.demo,user.login,user,b0000000-0000-0000-0000-000000000001,,"{""email"":""admin"",""loginAt"":""2026-03-08T04:38:02.905Z"",""tokenId"":""e189c989-d761-4be3-a995-280ca8902ae0""}"
bf9584ef-80d8-4549-ae71-5afde37be6d6,2026-03-08T04:37:32.417Z,b0000000-0000-0000-0000-000000000001,Admin User,admin@rasid.demo,user.login,user,b0000000-0000-0000-0000-000000000001,,"{""email"":""admin"",""loginAt"":""2026-03-08T04:37:32.416Z"",""tokenId"":""4c412a04-1335-4935-a4b1-a31a772b11c0""}"
5176988c-09c2-41b5-b4f4-f81e9309b7e6,2026-03-08T04:37:04.164Z,b0000000-0000-0000-0000-000000000001,Admin User,admin@rasid.demo,user.login,user,b0000000-0000-0000-0000-000000000001,,"{""email"":""admin"",""loginAt"":""2026-03-08T04:37:04.164Z"",""tokenId"":""ddde9871-51ed-4e53-91f1-7f8b3ce44cdc""}"
610987d8-0a08-4eee-aa27-dc316be1d95b,2026-03-08T04:37:02.148Z,b0000000-0000-0000-0000-000000000001,Admin User,admin@rasid.demo,user.login,user,b0000000-0000-0000-0000-000000000001,,"{""email"":""admin"",""loginAt"":""2026-03-08T04:37:02.147Z"",""tokenId"":""0ec02dc2-b9c2-4b33-82e0-0d1192ff5ac3""}"
830a5dda-6518-4c87-a7dd-8df383f01b1a,2026-03-08T04:36:54.683Z,b0000000-0000-0000-0000-000000000001,Admin User,admin@rasid.demo,user.login,user,b0000000-0000-0000-0000-000000000001,,"{""email"":""admin"",""loginAt"":""2026-03-08T04:36:54.682Z"",""tokenId"":""85f5187e-3d9b-44db-aab6-827418fc6397""}"
2e8a6504-3471-4ed5-8a8b-0f03d168b898,2026-03-08T04:36:50.469Z,b0000000-0000-0000-0000-000000000001,Admin User,admin@rasid.demo,user.login,user,b0000000-0000-0000-0000-000000000001,,"{""email"":""admin"",""loginAt"":""2026-03-08T04:36:50.468Z"",""tokenId"":""d2cd9cef-4c26-4696-a5fc-87d762d7f990""}"
d0b4fb3c-9df6-41fe-8ddb-c308b80f64fc,2026-03-08T04:36:46.921Z,b0000000-0000-0000-0000-000000000001,Admin User,admin@rasid.demo,user.login,user,b0000000-0000-0000-0000-000000000001,,"{""email"":""admin"",""loginAt"":""2026-03-08T04:36:46.920Z"",""tokenId"":""21af90ac-03bc-4702-9d7d-11769af4458a""}"
40625b12-bbd2-4d7d-8d57-ce6a02b6ea53,2026-03-08T04:36:44.033Z,b0000000-0000-0000-0000-000000000001,Admin User,admin@rasid.demo,user.login,user,b0000000-0000-0000-0000-000000000001,,"{""email"":""admin"",""loginAt"":""2026-03-08T04:36:44.032Z"",""tokenId"":""09480132-5ce8-479d-8103-a109a4e90d22""}"
5f19dd70-231c-40cc-bedf-4fe4cdb5e665,2026-03-08T04:36:41.628Z,b0000000-0000-0000-0000-000000000001,Admin User,admin@rasid.demo,user.login,user,b0000000-0000-0000-0000-000000000001,,"{""email"":""admin"",""loginAt"":""2026-03-08T04:36:41.627Z"",""tokenId"":""484e32bc-cc1a-42a0-b2c2-1991b4095a47""}"
b2c13d5d-47b9-4f5a-8a89-4ff2ffe4fe7f,2026-03-08T04:23:31.454Z,b0000000-0000-0000-0000-000000000001,Admin User,admin@rasid.demo,user.login,user,b0000000-0000-0000-0000-000000000001,,"{""email"":""admin"",""loginAt"":""2026-03-08T04:23:31.453Z"",""tokenId"":""7282b9ff-4977-4089-964b-6a549f30a915""}"
86632922-f031-402f-a101-fd070cf468f0,2026-03-08T04:23:22.938Z,b0000000-0000-0000-0000-000000000001,Admin User,admin@rasid.demo,user.login,user,b0000000-0000-0000-0000-000000000001,,"{""email"":""admin"",""loginAt"":""2026-03-08T04:23:22.937Z"",""tokenId"":""ae4bf3bf-bdc0-448d-b3b8-dfefd81b8e86""}"
d6cfaeab-fee6-4631-ba39-c67ea2d7ce1f,2026-03-08T04:23:16.442Z,b0000000-0000-0000-0000-000000000001,Admin User,admin@rasid.demo,user.login,user,b0000000-0000-0000-0000-000000000001,,"{""email"":""admin"",""loginAt"":""2026-03-08T04:23:16.440Z"",""tokenId"":""293b882f-6682-4a60-80b3-506ee7028fc7""}"
e657f9db-15f7-4c02-bf31-c1a17a568482,2026-03-08T04:23:06.318Z,b0000000-0000-0000-0000-000000000001,Admin User,admin@rasid.demo,user.login,user,b0000000-0000-0000-0000-000000000001,,"{""email"":""admin"",""loginAt"":""2026-03-08T04:23:06.317Z"",""tokenId"":""0b9f1ccf-d3e1-4284-911b-a28dcd4c8138""}"
76d2971b-8eed-427e-90ff-9f66c17574e4,2026-03-08T01:26:28.777Z,b0000000-0000-0000-0000-000000000001,Admin User,admin@rasid.demo,user.login,user,b0000000-0000-0000-0000-000000000001,,"{""email"":""admin"",""loginAt"":""2026-03-08T01:26:28.776Z"",""tokenId"":""f1ca0279-9884-45a8-9435-362cb69746dd""}"
075aee0d-e621-4e85-aaa9-56352d43973c,2026-03-08T01:26:22.115Z,b0000000-0000-0000-0000-000000000001,Admin User,admin@rasid.demo,user.login,user,b0000000-0000-0000-0000-000000000001,,"{""email"":""admin"",""loginAt"":""2026-03-08T01:26:22.114Z"",""tokenId"":""49001e1f-a15a-4abf-85b5-f4f6c1818836""}"
280cd263-f0b8-4532-8d32-e0a98b7e6c42,2026-03-08T01:26:13.289Z,b0000000-0000-0000-0000-000000000001,Admin User,admin@rasid.demo,user.login,user,b0000000-0000-0000-0000-000000000001,,"{""email"":""admin"",""loginAt"":""2026-03-08T01:26:13.288Z"",""tokenId"":""73dae4a4-d968-4a10-b495-0c9fa81836cc""}"
7dfdb017-76c2-4744-a1f3-298777b3eb64,2026-03-08T01:26:04.544Z,b0000000-0000-0000-0000-000000000001,Admin User,admin@rasid.demo,user.login,user,b0000000-0000-0000-0000-000000000001,,"{""email"":""admin"",""loginAt"":""2026-03-08T01:26:04.543Z"",""tokenId"":""76699098-aa63-42a3-90c8-f068dab2b122""}"
fc0dcbea-b9f9-4397-a60f-3c6e8e2b5659,2026-03-08T01:25:45.287Z,b0000000-0000-0000-0000-000000000001,Admin User,admin@rasid.demo,user.login,user,b0000000-0000-0000-0000-000000000001,,"{""email"":""admin"",""loginAt"":""2026-03-08T01:25:45.286Z"",""tokenId"":""9569b67a-f407-4429-9713-b68d1434781e""}"
2a2388e8-88dd-46ef-9697-9fe3fc13b93b,2026-03-08T01:25:36.840Z,b0000000-0000-0000-0000-000000000001,Admin User,admin@rasid.demo,user.login,user,b0000000-0000-0000-0000-000000000001,,"{""email"":""admin"",""loginAt"":""2026-03-08T01:25:36.839Z"",""tokenId"":""abf5734a-756a-459b-8ee5-2dd85e923b85""}"
68e2f533-a360-4005-b066-56181aeded62,2026-03-08T01:24:59.961Z,b0000000-0000-0000-0000-000000000001,Admin User,admin@rasid.demo,user.login,user,b0000000-0000-0000-0000-000000000001,,"{""email"":""admin"",""loginAt"":""2026-03-08T01:24:59.960Z"",""tokenId"":""b787413b-a39b-4403-83c0-ac1ab1aa3ff6""}"
c44a91d2-310a-4eba-86c7-35d8c13dbbbf,2026-03-07T23:13:55.660Z,b0000000-0000-0000-0000-000000000001,Admin User,admin@rasid.demo,user.login,user,b0000000-0000-0000-0000-000000000001,,"{""email"":""admin"",""loginAt"":""2026-03-07T23:13:55.659Z"",""tokenId"":""995ab2a1-250d-4c3c-9701-ea1430f3175a""}"
bd3ecb91-92d1-4d10-8fd4-cabc92f79e1f,2026-03-07T23:13:20.193Z,b0000000-0000-0000-0000-000000000001,Admin User,admin@rasid.demo,user.login,user,b0000000-0000-0000-0000-000000000001,,"{""email"":""admin"",""loginAt"":""2026-03-07T23:13:20.193Z"",""tokenId"":""d5c97da7-f4c3-44c8-8773-dceb4af407b0""}"
486c1166-131e-4857-a038-224165a30cd5,2026-03-07T23:13:11.160Z,b0000000-0000-0000-0000-000000000001,Admin User,admin@rasid.demo,user.login,user,b0000000-0000-0000-0000-000000000001,,"{""email"":""admin"",""loginAt"":""2026-03-07T23:13:11.159Z"",""tokenId"":""37ad4938-9d76-4d06-8c66-6b0304db3dcb""}"
0a9fd213-c59e-4932-aa22-70a36b3b7701,2026-03-07T23:13:03.672Z,b0000000-0000-0000-0000-000000000001,Admin User,admin@rasid.demo,user.login,user,b0000000-0000-0000-0000-000000000001,,"{""email"":""admin"",""loginAt"":""2026-03-07T23:13:03.671Z"",""tokenId"":""e943a956-a340-4c55-ae50-711fd0ee9b6d""}"
de12948f-982c-4dfc-8967-a48f0474f708,2026-03-07T23:12:56.343Z,b0000000-0000-0000-0000-000000000001,Admin User,admin@rasid.demo,user.login,user,b0000000-0000-0000-0000-000000000001,,"{""email"":""admin"",""loginAt"":""2026-03-07T23:12:56.342Z"",""tokenId"":""25e09906-a7b9-4f15-b882-2cc59d65d166""}"
0576a6bb-ab84-44c2-8981-5d84161fbd4c,2026-03-07T23:12:48.923Z,b0000000-0000-0000-0000-000000000001,Admin User,admin@rasid.demo,user.login,user,b0000000-0000-0000-0000-000000000001,,"{""email"":""admin"",""loginAt"":""2026-03-07T23:12:48.922Z"",""tokenId"":""cb131961-7fa8-4f56-ae87-f8ef89bcf657""}"
adf2e8cc-bfa3-424b-ba64-1d544d98264c,2026-03-07T23:12:39.866Z,b0000000-0000-0000-0000-000000000001,Admin User,admin@rasid.demo,user.login,user,b0000000-0000-0000-0000-000000000001,,"{""email"":""admin"",""loginAt"":""2026-03-07T23:12:39.865Z"",""tokenId"":""4cefe7f2-510b-4c15-968e-308fd442cf2a""}"
d1afad8c-d4a9-4ebc-95dd-856efea1e320,2026-03-07T23:12:30.454Z,b0000000-0000-0000-0000-000000000001,Admin User,admin@rasid.demo,user.login,user,b0000000-0000-0000-0000-000000000001,,"{""email"":""admin"",""loginAt"":""2026-03-07T23:12:30.453Z"",""tokenId"":""3930e374-6a99-4c67-b711-b4034dfe9a6a""}"
6a77d401-c86f-4624-a1d7-32037e6a96f9,2026-03-07T23:12:22.214Z,b0000000-0000-0000-0000-000000000001,Admin User,admin@rasid.demo,user.login,user,b0000000-0000-0000-0000-000000000001,,"{""email"":""admin"",""loginAt"":""2026-03-07T23:12:22.213Z"",""tokenId"":""1b547dda-f19c-4845-b383-06e12dbc1ea3""}"
9ca97e5b-db7a-4dcb-bca1-72f0bb61486b,2026-03-07T23:12:12.984Z,b0000000-0000-0000-0000-000000000001,Admin User,admin@rasid.demo,user.login,user,b0000000-0000-0000-0000-000000000001,,"{""email"":""admin"",""loginAt"":""2026-03-07T23:12:12.983Z"",""tokenId"":""b82d3ca6-42f7-4ecb-bef2-9a905997971e""}"
0c7ca20a-a62b-4f6a-8f54-e5b543d549f0,2026-03-07T23:12:05.707Z,b0000000-0000-0000-0000-000000000001,Admin User,admin@rasid.demo,user.login,user,b0000000-0000-0000-0000-000000000001,,"{""email"":""admin"",""loginAt"":""2026-03-07T23:12:05.706Z"",""tokenId"":""6cbcbc0b-d28e-4467-815c-7b179619365d""}"
53964113-41d7-4557-a231-83278247307f,2026-03-07T23:11:58.439Z,b0000000-0000-0000-0000-000000000001,Admin User,admin@rasid.demo,user.login,user,b0000000-0000-0000-0000-000000000001,,"{""email"":""admin"",""loginAt"":""2026-03-07T23:11:58.438Z"",""tokenId"":""0caf8359-7b8e-4ccf-97bb-ab7534bb5fdf""}"
248e1ac3-2054-4e09-b95d-cfa5fcccf0f3,2026-03-07T23:11:51.425Z,b0000000-0000-0000-0000-000000000001,Admin User,admin@rasid.demo,user.login,user,b0000000-0000-0000-0000-000000000001,,"{""email"":""admin"",""loginAt"":""2026-03-07T23:11:51.424Z"",""tokenId"":""760974dd-aac3-44ee-a4f2-01c714c421b0""}"
91c5c043-3041-4960-8dcb-a173cc230f0d,2026-03-07T23:11:44.308Z,b0000000-0000-0000-0000-000000000001,Admin User,admin@rasid.demo,user.login,user,b0000000-0000-0000-0000-000000000001,,"{""email"":""admin"",""loginAt"":""2026-03-07T23:11:44.307Z"",""tokenId"":""8f5abff0-94c1-4b62-97c0-8cebd6039630""}"
fde3d2fa-13fe-44b2-aabc-80ca6f76152b,2026-03-07T23:11:36.875Z,b0000000-0000-0000-0000-000000000001,Admin User,admin@rasid.demo,user.login,user,b0000000-0000-0000-0000-000000000001,,"{""email"":""admin"",""loginAt"":""2026-03-07T23:11:36.874Z"",""tokenId"":""e49bbce2-5827-4c7c-8808-aad2161225b5""}"
36caafcc-3df0-4fc8-997f-141388696b5c,2026-03-07T23:07:03.441Z,b0000000-0000-0000-0000-000000000001,Admin User,admin@rasid.demo,user.login,user,b0000000-0000-0000-0000-000000000001,,"{""email"":""admin"",""loginAt"":""2026-03-07T23:07:03.440Z"",""tokenId"":""94174ce4-2c21-4a1a-bde2-2267980205f1""}"
e55b1de1-c44d-4d36-be82-0e4c661bf342,2026-03-07T23:06:54.410Z,b0000000-0000-0000-0000-000000000001,Admin User,admin@rasid.demo,user.login,user,b0000000-0000-0000-0000-000000000001,,"{""email"":""admin"",""loginAt"":""2026-03-07T23:06:54.409Z"",""tokenId"":""ad725fd3-0f5e-453b-8079-3cfefa586bde""}"
d4376a8b-39ef-46c6-9460-5a19f636f7f8,2026-03-07T23:05:46.291Z,b0000000-0000-0000-0000-000000000001,Admin User,admin@rasid.demo,user.login,user,b0000000-0000-0000-0000-000000000001,,"{""email"":""admin"",""loginAt"":""2026-03-07T23:05:46.290Z"",""tokenId"":""10ad1b6f-8fde-4850-b3ef-cf0ac5b9e745""}"
04383b8c-ff4c-424a-a1c7-894edbb0f442,2026-03-07T23:05:15.657Z,b0000000-0000-0000-0000-000000000001,Admin User,admin@rasid.demo,user.login,user,b0000000-0000-0000-0000-000000000001,,"{""email"":""admin"",""loginAt"":""2026-03-07T23:05:15.656Z"",""tokenId"":""0ccebc4a-dba0-4b8c-9fac-f710a9fde9ac""}"
c065fe95-4058-450b-8457-de58c33f830a,2026-03-07T23:04:54.447Z,b0000000-0000-0000-0000-000000000001,Admin User,admin@rasid.demo,user.login,user,b0000000-0000-0000-0000-000000000001,,"{""email"":""admin"",""loginAt"":""2026-03-07T23:04:54.446Z"",""tokenId"":""c12b5edb-6745-4f2f-bcae-4a69e8546a4e""}"
f3e7a65c-40e0-4f0d-b48b-fcfefd5171bb,2026-03-07T23:04:23.383Z,b0000000-0000-0000-0000-000000000001,Admin User,admin@rasid.demo,user.login,user,b0000000-0000-0000-0000-000000000001,,"{""email"":""admin"",""loginAt"":""2026-03-07T23:04:23.382Z"",""tokenId"":""c2defa91-eff5-4dcd-a935-25f9b80a4afd""}"
036fec03-92f0-4915-b840-b82e3c555247,2026-03-07T23:03:52.732Z,b0000000-0000-0000-0000-000000000001,Admin User,admin@rasid.demo,user.login,user,b0000000-0000-0000-0000-000000000001,,"{""email"":""admin"",""loginAt"":""2026-03-07T23:03:52.731Z"",""tokenId"":""630e6543-4b5a-4fd8-84f1-b561ddf9f34c""}"
ccfa8a42-99b6-4bf9-81eb-13eff0aff4ba,2026-03-07T23:03:45.153Z,b0000000-0000-0000-0000-000000000001,Admin User,admin@rasid.demo,user.login,user,b0000000-0000-0000-0000-000000000001,,"{""email"":""admin"",""loginAt"":""2026-03-07T23:03:45.152Z"",""tokenId"":""87f37f2a-fed9-4705-ac3f-5beab28364f3""}"
ca605298-7693-47f2-9ac3-3454b86c23ba,2026-03-07T23:03:37.665Z,b0000000-0000-0000-0000-000000000001,Admin User,admin@rasid.demo,user.login,user,b0000000-0000-0000-0000-000000000001,,"{""email"":""admin"",""loginAt"":""2026-03-07T23:03:37.665Z"",""tokenId"":""c24b9dca-b030-439f-9c79-48f4a69b9850""}"
36191287-cecf-43d6-99dd-838faf86e921,2026-03-07T23:03:30.325Z,b0000000-0000-0000-0000-000000000001,Admin User,admin@rasid.demo,user.login,user,b0000000-0000-0000-0000-000000000001,,"{""email"":""admin"",""loginAt"":""2026-03-07T23:03:30.324Z"",""tokenId"":""5788d984-93d0-4835-baa8-42ce6460b20b""}"
c87074fc-e889-4475-8d32-4ac0ba4987bb,2026-03-07T23:03:22.368Z,b0000000-0000-0000-0000-000000000001,Admin User,admin@rasid.demo,user.login,user,b0000000-0000-0000-0000-000000000001,,"{""email"":""admin"",""loginAt"":""2026-03-07T23:03:22.367Z"",""tokenId"":""4ebd9e6b-1fcf-40a1-9776-b1a957590889""}"
3ec17034-ac85-406a-a5f8-336a105bdbec,2026-03-07T22:41:52.298Z,b0000000-0000-0000-0000-000000000001,Admin User,admin@rasid.demo,user.login,user,b0000000-0000-0000-0000-000000000001,,"{""email"":""admin"",""loginAt"":""2026-03-07T22:41:52.297Z"",""tokenId"":""f993f111-7485-4519-b26f-353df760c487""}"
4670ab73-7e20-4406-8f3e-d7af08b77421,2026-03-07T22:40:56.132Z,b0000000-0000-0000-0000-000000000001,Admin User,admin@rasid.demo,user.login,user,b0000000-0000-0000-0000-000000000001,,"{""email"":""admin"",""loginAt"":""2026-03-07T22:40:56.131Z"",""tokenId"":""20f15abf-286e-4798-a5de-731441712b0f""}"
32afe569-dad5-45e8-b44c-5d38b775d968,2026-03-07T22:39:07.919Z,b0000000-0000-0000-0000-000000000001,Admin User,admin@rasid.demo,user.login,user,b0000000-0000-0000-0000-000000000001,,"{""email"":""admin"",""loginAt"":""2026-03-07T22:39:07.918Z"",""tokenId"":""a84498a6-c030-4d31-811a-12a0d8d6b237""}"
c2d0b18e-9fc7-4b39-a63f-35d0a4af7128,2026-03-07T22:38:51.114Z,b0000000-0000-0000-0000-000000000001,Admin User,admin@rasid.demo,user.login,user,b0000000-0000-0000-0000-000000000001,,"{""email"":""admin"",""loginAt"":""2026-03-07T22:38:51.113Z"",""tokenId"":""be6a0fe8-4d84-4ebc-a12e-305ca4fb2df8""}"
519b180a-df45-41e2-a69c-9884068a6cb9,2026-03-07T22:35:23.631Z,b0000000-0000-0000-0000-000000000001,Admin User,admin@rasid.demo,user.login,user,b0000000-0000-0000-0000-000000000001,,"{""email"":""admin"",""loginAt"":""2026-03-07T22:35:23.630Z"",""tokenId"":""fe12a81b-0bde-4d4f-ac13-4ad5e2ac3752""}"
a494a960-ae1c-42f8-a4d0-d05d689c830a,2026-03-07T22:35:07.966Z,b0000000-0000-0000-0000-000000000001,Admin User,admin@rasid.demo,user.login,user,b0000000-0000-0000-0000-000000000001,,"{""email"":""admin"",""loginAt"":""2026-03-07T22:35:07.965Z"",""tokenId"":""99752504-15eb-48c7-ab8a-9b5c8518fd29""}"
37ad2b56-5712-4440-bd2c-887695be1b60,2026-03-07T22:34:43.460Z,b0000000-0000-0000-0000-000000000001,Admin User,admin@rasid.demo,user.login,user,b0000000-0000-0000-0000-000000000001,,"{""email"":""admin"",""loginAt"":""2026-03-07T22:34:43.459Z"",""tokenId"":""13bfff5e-5ffc-40a7-bfdc-84c6087c442f""}"
f36c9400-2bb7-468a-a7ff-4a6fe9a95a26,2026-03-07T20:20:28.025Z,b0000000-0000-0000-0000-000000000001,Admin User,admin@rasid.demo,user.login,user,b0000000-0000-0000-0000-000000000001,,"{""email"":""admin"",""loginAt"":""2026-03-07T20:20:28.024Z"",""tokenId"":""d08b896e-c07d-415b-81b1-7797dd686660""}"
ec3a129e-d69c-4f5b-b4d3-dc9e5fee625b,2026-03-07T20:20:16.617Z,b0000000-0000-0000-0000-000000000001,Admin User,admin@rasid.demo,user.login,user,b0000000-0000-0000-0000-000000000001,,"{""email"":""admin"",""loginAt"":""2026-03-07T20:20:16.616Z"",""tokenId"":""821fec45-ae9f-4c79-890f-3498ffa0e9b3""}"
f0abf419-6d41-4271-a363-64e9d08f824c,2026-03-07T20:20:09.075Z,b0000000-0000-0000-0000-000000000001,Admin User,admin@rasid.demo,user.login,user,b0000000-0000-0000-0000-000000000001,,"{""email"":""admin"",""loginAt"":""2026-03-07T20:20:09.074Z"",""tokenId"":""494c114b-c0b2-436f-9cbb-671f0a369c30""}"
0b7729c3-c730-46c5-90dc-baea3dfb5242,2026-03-07T20:20:02.415Z,b0000000-0000-0000-0000-000000000001,Admin User,admin@rasid.demo,user.login,user,b0000000-0000-0000-0000-000000000001,,"{""email"":""admin"",""loginAt"":""2026-03-07T20:20:02.414Z"",""tokenId"":""0cf49025-b95c-446e-8a5b-3d3ed29cb000""}"
889291cb-caeb-42ed-977f-b47dc1827b2c,2026-03-07T20:07:55.506Z,b0000000-0000-0000-0000-000000000001,Admin User,admin@rasid.demo,user.login,user,b0000000-0000-0000-0000-000000000001,,"{""email"":""admin"",""loginAt"":""2026-03-07T20:07:55.505Z"",""tokenId"":""e36eef36-39e4-49ad-b1f5-78a856b2ba6f""}"
6cc84300-a642-4dfa-b9fa-fe4627f2eef9,2026-03-07T18:57:34.834Z,b0000000-0000-0000-0000-000000000001,Admin User,admin@rasid.demo,user.login,user,b0000000-0000-0000-0000-000000000001,,"{""email"":""admin"",""loginAt"":""2026-03-07T18:57:34.833Z"",""tokenId"":""89f9e97f-4669-4cab-913a-2d0fdc373f67""}"
7dfb3795-50a2-4ffa-8687-c05134bbc5c5,2026-03-07T18:56:54.464Z,b0000000-0000-0000-0000-000000000001,Admin User,admin@rasid.demo,user.login,user,b0000000-0000-0000-0000-000000000001,,"{""email"":""admin"",""loginAt"":""2026-03-07T18:56:54.463Z"",""tokenId"":""42c22405-68c7-4ab9-86a2-fcbf80a39c3d""}"
c571d962-61b1-426e-9130-d7d15ac5cc84,2026-03-07T18:56:53.618Z,b0000000-0000-0000-0000-000000000001,Admin User,admin@rasid.demo,user.login,user,b0000000-0000-0000-0000-000000000001,,"{""email"":""admin"",""loginAt"":""2026-03-07T18:56:53.615Z"",""tokenId"":""1235085e-2b69-4697-95ee-3706740d4eb3""}"
50b89db1-bf40-4f44-a670-a80d02878582,2026-03-07T18:56:43.822Z,b0000000-0000-0000-0000-000000000001,Admin User,admin@rasid.demo,user.login,user,b0000000-0000-0000-0000-000000000001,,"{""email"":""admin"",""loginAt"":""2026-03-07T18:56:43.821Z"",""tokenId"":""c8fc1099-1785-4fb5-9d98-bf4842f0b677""}"
6f7bfda5-7c12-4298-975f-395c563aa14e,2026-03-07T18:56:43.675Z,b0000000-0000-0000-0000-000000000001,Admin User,admin@rasid.demo,user.login,user,b0000000-0000-0000-0000-000000000001,,"{""email"":""admin"",""loginAt"":""2026-03-07T18:56:43.674Z"",""tokenId"":""01b6e081-fc39-4c67-bf8e-e66dfd0226b4""}"
022813a1-2eec-4bff-a0d8-de95ee5c5865,2026-03-07T18:56:30.716Z,b0000000-0000-0000-0000-000000000001,Admin User,admin@rasid.demo,user.login,user,b0000000-0000-0000-0000-000000000001,,"{""email"":""admin"",""loginAt"":""2026-03-07T18:56:30.715Z"",""tokenId"":""d8610db5-0165-4fe5-832f-05ca077933dc""}"
ae2073e4-df37-42ea-8235-e7dabd9df26b,2026-03-07T18:56:29.883Z,b0000000-0000-0000-0000-000000000001,Admin User,admin@rasid.demo,user.login,user,b0000000-0000-0000-0000-000000000001,,"{""email"":""admin"",""loginAt"":""2026-03-07T18:56:29.882Z"",""tokenId"":""cad53705-c9ed-496d-ab6e-b5cac56883a4""}"
bdcdc86b-60bf-476f-b44a-51f0cacb0c7f,2026-03-07T18:56:10.476Z,b0000000-0000-0000-0000-000000000001,Admin User,admin@rasid.demo,user.login,user,b0000000-0000-0000-0000-000000000001,,"{""email"":""admin"",""loginAt"":""2026-03-07T18:56:10.475Z"",""tokenId"":""0f3d9b9f-03ac-45f6-be0c-5371a0e18b8e""}"
56c05b76-09f8-41d6-a21e-99043a89a047,2026-03-07T18:55:35.993Z,b0000000-0000-0000-0000-000000000001,Admin User,admin@rasid.demo,user.login,user,b0000000-0000-0000-0000-000000000001,,"{""email"":""admin"",""loginAt"":""2026-03-07T18:55:35.992Z"",""tokenId"":""d42aee11-937a-41db-9f50-c5fbd7439dd2""}"
c2db1b11-5d69-444b-bc99-1dcb601da2ec,2026-03-07T18:55:08.837Z,b0000000-0000-0000-0000-000000000001,Admin User,admin@rasid.demo,user.login,user,b0000000-0000-0000-0000-000000000001,,"{""email"":""admin"",""loginAt"":""2026-03-07T18:55:08.836Z"",""tokenId"":""2e2bd276-33c3-4386-a847-064549144b1b""}"
80e4ee5a-5ddc-4dfd-8ec5-76938baddc44,2026-03-07T18:54:48.999Z,b0000000-0000-0000-0000-000000000001,Admin User,admin@rasid.demo,user.login,user,b0000000-0000-0000-0000-000000000001,,"{""email"":""admin"",""loginAt"":""2026-03-07T18:54:48.998Z"",""tokenId"":""823054c9-ac76-4f6a-bd43-26415aea9dc1""}"
648354e4-abe2-40f2-b5cc-c218fb5e8598,2026-03-07T18:54:31.623Z,b0000000-0000-0000-0000-000000000001,Admin User,admin@rasid.demo,user.login,user,b0000000-0000-0000-0000-000000000001,,"{""email"":""admin"",""loginAt"":""2026-03-07T18:54:31.614Z"",""tokenId"":""eda4332e-4325-4d6e-a9e7-66e8f12480d5""}"
a2546c89-527c-4fce-b609-5e582e7f4674,2026-03-07T18:51:18.151Z,b0000000-0000-0000-0000-000000000001,Admin User,admin@rasid.demo,user.login,user,b0000000-0000-0000-0000-000000000001,,"{""email"":""admin"",""loginAt"":""2026-03-07T18:51:18.150Z"",""tokenId"":""6f6bb71a-c743-42ac-b349-fee695293669""}"
5c5d006e-1107-41dc-9d66-0f9016471be9,2026-03-07T18:51:07.822Z,b0000000-0000-0000-0000-000000000001,Admin User,admin@rasid.demo,user.login,user,b0000000-0000-0000-0000-000000000001,,"{""email"":""admin"",""loginAt"":""2026-03-07T18:51:07.821Z"",""tokenId"":""996916b2-4196-45fe-a96a-59c91e97e4e9""}"
b0bb5475-f848-4e46-9974-7a7661a733f6,2026-03-07T18:49:13.585Z,b0000000-0000-0000-0000-000000000001,Admin User,admin@rasid.demo,user.login,user,b0000000-0000-0000-0000-000000000001,,"{""email"":""admin"",""loginAt"":""2026-03-07T18:49:13.584Z"",""tokenId"":""4b8c5b5b-6338-45e5-b128-2a064de7f29e""}"
57138edc-fbb7-412c-b8ee-99af2fb40564,2026-03-07T18:41:57.761Z,b0000000-0000-0000-0000-000000000001,Admin User,admin@rasid.demo,user.login,user,b0000000-0000-0000-0000-000000000001,,"{""email"":""admin"",""loginAt"":""2026-03-07T18:41:57.760Z"",""tokenId"":""2272c971-2ac6-4ab9-b99a-cd8857d56084""}"
2980b6af-1fd2-4f06-9709-787015828ff9,2026-03-07T18:41:57.324Z,b0000000-0000-0000-0000-000000000001,Admin User,admin@rasid.demo,user.login,user,b0000000-0000-0000-0000-000000000001,,"{""email"":""admin"",""loginAt"":""2026-03-07T18:41:57.323Z"",""tokenId"":""8f061c2e-dab0-450e-adae-3b294d55fc3a""}"
cf2ef9e9-867b-42aa-a9ee-8f59a260cdb4,2026-03-07T18:40:59.824Z,b0000000-0000-0000-0000-000000000001,Admin User,admin@rasid.demo,user.login,user,b0000000-0000-0000-0000-000000000001,,"{""email"":""admin"",""loginAt"":""2026-03-07T18:40:59.823Z"",""tokenId"":""e772d830-baeb-4000-a55a-5e6d48213265""}"
171679d5-ffe1-4ae1-bfae-49c675c7d2d0,2026-03-07T18:40:36.356Z,b0000000-0000-0000-0000-000000000001,Admin User,admin@rasid.demo,user.login,user,b0000000-0000-0000-0000-000000000001,,"{""email"":""admin"",""loginAt"":""2026-03-07T18:40:36.355Z"",""tokenId"":""12f612e8-8335-45f1-87b8-c8c07e0c256d""}"
4774d8c1-bc95-46cb-99c4-e201b88dbbfd,2026-03-07T17:44:25.252Z,b0000000-0000-0000-0000-000000000001,Admin User,admin@rasid.demo,user.login,user,b0000000-0000-0000-0000-000000000001,,"{""email"":""admin"",""loginAt"":""2026-03-07T17:44:25.251Z"",""tokenId"":""3509e5af-a8e2-44aa-acda-b8cb47d6eb34""}"
4a421e64-e04a-4719-b106-e3b58382e6c0,2026-03-07T17:43:56.153Z,b0000000-0000-0000-0000-000000000001,Admin User,admin@rasid.demo,user.login,user,b0000000-0000-0000-0000-000000000001,,"{""email"":""admin"",""loginAt"":""2026-03-07T17:43:56.151Z"",""tokenId"":""4b8f8605-6d3c-4823-9b3e-14617ee5082e""}"
6ee8d641-7246-4f4f-90db-c6efbd7999d4,2026-03-07T17:43:25.575Z,b0000000-0000-0000-0000-000000000001,Admin User,admin@rasid.demo,user.login,user,b0000000-0000-0000-0000-000000000001,,"{""email"":""admin"",""loginAt"":""2026-03-07T17:43:25.574Z"",""tokenId"":""633c1be7-8830-4b26-82e6-0e6f0a85f720""}"
3a968667-193c-4f3d-8f80-132bf33c8a0e,2026-03-07T17:42:45.291Z,b0000000-0000-0000-0000-000000000001,Admin User,admin@rasid.demo,user.login,user,b0000000-0000-0000-0000-000000000001,,"{""email"":""admin"",""loginAt"":""2026-03-07T17:42:45.290Z"",""tokenId"":""e1fb7b88-6a26-46ca-ac62-7afd29e485a5""}"
0a44070c-5c7f-4429-b119-ebad30266227,2026-03-07T17:42:29.299Z,b0000000-0000-0000-0000-000000000001,Admin User,admin@rasid.demo,user.login,user,b0000000-0000-0000-0000-000000000001,,"{""email"":""admin"",""loginAt"":""2026-03-07T17:42:29.298Z"",""tokenId"":""8bf82e2c-a8f2-46ff-aa98-cd335f39fcba""}"
49cac77b-fb1d-4390-80d3-d34df69d2a88,2026-03-07T17:40:28.512Z,b0000000-0000-0000-0000-000000000001,Admin User,admin@rasid.demo,user.login,user,b0000000-0000-0000-0000-000000000001,,"{""email"":""admin"",""loginAt"":""2026-03-07T17:40:28.511Z"",""tokenId"":""12aed3c0-9d26-44e9-a820-55d454ff48da""}"
c2bb1619-fb34-4cc7-9a25-f3e60f0ff1d0,2026-03-07T17:40:05.729Z,b0000000-0000-0000-0000-000000000001,Admin User,admin@rasid.demo,autonomous_orchestration_started,orchestration,auto-5f715734-f24d-490f-9773-b308a5864be4,,null
5a8b20dc-8c1f-4593-be77-07f5bfd44f84,2026-03-07T17:39:52.009Z,b0000000-0000-0000-0000-000000000001,Admin User,admin@rasid.demo,user.login,user,b0000000-0000-0000-0000-000000000001,,"{""email"":""admin"",""loginAt"":""2026-03-07T17:39:52.008Z"",""tokenId"":""84cbbae9-b358-4249-9de0-090beee360fc""}"
d4918688-1fe6-4d99-b576-7da04660892c,2026-03-07T17:39:29.641Z,b0000000-0000-0000-0000-000000000001,Admin User,admin@rasid.demo,user.login,user,b0000000-0000-0000-0000-000000000001,,"{""email"":""admin"",""loginAt"":""2026-03-07T17:39:29.640Z"",""tokenId"":""4ba33f73-b14a-45d7-b858-e617260f13b4""}"
15d9fa10-97db-43a3-9d97-8116f877a80a,2026-03-07T17:39:17.988Z,b0000000-0000-0000-0000-000000000001,Admin User,admin@rasid.demo,user.login,user,b0000000-0000-0000-0000-000000000001,,"{""email"":""admin"",""loginAt"":""2026-03-07T17:39:17.987Z"",""tokenId"":""277a2ec9-b3c5-4615-b378-fb9d9afe35be""}"
7264f1e8-f0aa-4810-b999-d39d6cc96159,2026-03-07T17:36:47.903Z,b0000000-0000-0000-0000-000000000001,Admin User,admin@rasid.demo,autonomous_orchestration_started,orchestration,auto-bfa55733-5986-445a-ab9f-ee4b00cbc797,,null
f3ebfb1a-4b47-4d06-922d-31f848020c8c,2026-03-07T17:32:07.017Z,b0000000-0000-0000-0000-000000000001,Admin User,admin@rasid.demo,user.login,user,b0000000-0000-0000-0000-000000000001,,"{""email"":""admin"",""loginAt"":""2026-03-07T17:32:07.015Z"",""tokenId"":""1e03f724-f2a7-4954-b93b-112f864f451d""}"
2fed9991-14d7-4ac4-8a6d-6a7e710945c5,2026-03-07T17:28:14.408Z,b0000000-0000-0000-0000-000000000001,Admin User,admin@rasid.demo,user.login,user,b0000000-0000-0000-0000-000000000001,,"{""email"":""admin"",""loginAt"":""2026-03-07T17:28:14.407Z"",""tokenId"":""7f981a3d-9ffb-4d59-8dc5-0ee7065377e0""}"
b7ac0dbe-3273-48d8-8090-3b3db0ec1a2a,2026-03-07T17:27:21.734Z,b0000000-0000-0000-0000-000000000001,Admin User,admin@rasid.demo,user.login,user,b0000000-0000-0000-0000-000000000001,,"{""email"":""admin"",""loginAt"":""2026-03-07T17:27:21.734Z"",""tokenId"":""b879c722-3b50-4437-90e0-1cdd8d97217f""}"
416ff363-971c-44e5-971c-3588f5fefc26,2026-03-07T17:26:53.594Z,b0000000-0000-0000-0000-000000000001,Admin User,admin@rasid.demo,user.login,user,b0000000-0000-0000-0000-000000000001,,"{""email"":""admin"",""loginAt"":""2026-03-07T17:26:53.593Z"",""tokenId"":""356d46f0-dc9e-4953-a4d1-5cdc0b6e88cd""}"
012a976b-e286-47ff-b8e5-4113d141a42c,2026-03-07T17:25:57.356Z,b0000000-0000-0000-0000-000000000001,Admin User,admin@rasid.demo,user.login,user,b0000000-0000-0000-0000-000000000001,,"{""email"":""admin"",""loginAt"":""2026-03-07T17:25:57.355Z"",""tokenId"":""d78451a6-4462-4842-a07e-594431ddd521""}"
ba299086-f1bf-45e9-bee3-9b2a9840240a,2026-03-07T17:25:05.906Z,b0000000-0000-0000-0000-000000000001,Admin User,admin@rasid.demo,user.login,user,b0000000-0000-0000-0000-000000000001,,"{""email"":""admin"",""loginAt"":""2026-03-07T17:25:05.905Z"",""tokenId"":""45d6ec7e-e7d4-4e40-b9a2-61a98f6a25e1""}"
e8cdce2d-ace1-4192-8cba-54f1169f351d,2026-03-07T17:24:43.240Z,b0000000-0000-0000-0000-000000000001,Admin User,admin@rasid.demo,user.login,user,b0000000-0000-0000-0000-000000000001,,"{""email"":""admin"",""loginAt"":""2026-03-07T17:24:43.239Z"",""tokenId"":""40ddd9d9-b4b5-418c-9f90-740eaa6baa8c""}"
ae84c827-27ee-4692-a3be-4e60b90e3d5b,2026-03-07T17:24:34.667Z,b0000000-0000-0000-0000-000000000001,Admin User,admin@rasid.demo,user.login,user,b0000000-0000-0000-0000-000000000001,,"{""email"":""admin"",""loginAt"":""2026-03-07T17:24:34.666Z"",""tokenId"":""d8f78856-4c93-43c1-95a6-22d0909ca2dd""}"
6fb70f19-df65-4e35-bac1-06dbb7e583db,2026-03-07T17:24:25.858Z,b0000000-0000-0000-0000-000000000001,Admin User,admin@rasid.demo,user.login,user,b0000000-0000-0000-0000-000000000001,,"{""email"":""admin"",""loginAt"":""2026-03-07T17:24:25.857Z"",""tokenId"":""59130fd8-986d-4d02-b0db-45bf81cd6f99""}"
fe203f4c-5543-48fc-bb49-79abfc62eec3,2026-03-07T17:21:57.936Z,b0000000-0000-0000-0000-000000000001,Admin User,admin@rasid.demo,user.login,user,b0000000-0000-0000-0000-000000000001,,"{""email"":""admin"",""loginAt"":""2026-03-07T17:21:57.935Z"",""tokenId"":""1be72141-d620-4787-bd12-0cf80e1f15a4""}"
03921a8d-8d3c-4f26-b7df-e23299f2e36f,2026-03-07T17:21:40.970Z,b0000000-0000-0000-0000-000000000001,Admin User,admin@rasid.demo,user.login,user,b0000000-0000-0000-0000-000000000001,,"{""email"":""admin"",""loginAt"":""2026-03-07T17:21:40.969Z"",""tokenId"":""d1828200-4a17-4814-a87c-3f447b2dd2ad""}"
ded2266c-3925-436b-a497-c77cb98b179d,2026-03-07T17:21:26.972Z,b0000000-0000-0000-0000-000000000001,Admin User,admin@rasid.demo,user.login,user,b0000000-0000-0000-0000-000000000001,,"{""email"":""admin"",""loginAt"":""2026-03-07T17:21:26.971Z"",""tokenId"":""ea946075-9e19-4e13-9258-7e8c7524f3b7""}"
ec659175-891a-4113-b18c-9b431604e1c1,2026-03-07T17:21:14.129Z,b0000000-0000-0000-0000-000000000001,Admin User,admin@rasid.demo,user.login,user,b0000000-0000-0000-0000-000000000001,,"{""email"":""admin"",""loginAt"":""2026-03-07T17:21:14.128Z"",""tokenId"":""210b4469-de88-4c3a-bb9a-29d12f574d2c""}"
8c23d599-9f13-45dc-8f86-7087188b63d8,2026-03-07T17:20:46.327Z,b0000000-0000-0000-0000-000000000001,Admin User,admin@rasid.demo,user.login,user,b0000000-0000-0000-0000-000000000001,,"{""email"":""admin"",""loginAt"":""2026-03-07T17:20:46.326Z"",""tokenId"":""16e1c094-c95a-404b-bbb3-ac1f90207b8d""}"
38cd488a-f8e3-4a6d-9049-3c36fde3813a,2026-03-07T17:20:33.163Z,b0000000-0000-0000-0000-000000000001,Admin User,admin@rasid.demo,user.login,user,b0000000-0000-0000-0000-000000000001,,"{""email"":""admin"",""loginAt"":""2026-03-07T17:20:33.162Z"",""tokenId"":""8c2f1869-ba4c-4953-ae8c-518d33729344""}"
7bc4823e-5d85-464f-ac51-d333d7ac750f,2026-03-07T17:20:22.368Z,b0000000-0000-0000-0000-000000000001,Admin User,admin@rasid.demo,user.login,user,b0000000-0000-0000-0000-000000000001,,"{""email"":""admin"",""loginAt"":""2026-03-07T17:20:22.367Z"",""tokenId"":""9d49a067-c192-432a-b991-97a4baed43a5""}"
b94f71af-0abd-4beb-b7b6-b897f81d5778,2026-03-07T17:19:25.535Z,b0000000-0000-0000-0000-000000000001,Admin User,admin@rasid.demo,user.login,user,b0000000-0000-0000-0000-000000000001,,"{""email"":""admin"",""loginAt"":""2026-03-07T17:19:25.534Z"",""tokenId"":""5964f3ac-e75f-45de-b71b-a1b1fb5331c4""}"
50ee7095-c3a2-419d-9b0f-dc430da7b1bd,2026-03-07T17:19:12.899Z,b0000000-0000-0000-0000-000000000001,Admin User,admin@rasid.demo,user.login,user,b0000000-0000-0000-0000-000000000001,,"{""email"":""admin"",""loginAt"":""2026-03-07T17:19:12.898Z"",""tokenId"":""76ac56e0-651a-42a2-a19e-4bf040f14d69""}"
61201b1c-cf58-4c91-a14d-db60f90352fa,2026-03-07T17:19:04.164Z,b0000000-0000-0000-0000-000000000001,Admin User,admin@rasid.demo,user.login,user,b0000000-0000-0000-0000-000000000001,,"{""email"":""admin"",""loginAt"":""2026-03-07T17:19:04.163Z"",""tokenId"":""9c47222b-d30d-4632-8f0f-579b490bc3e7""}"
fef03622-826a-40e9-8639-15ef7d0694ca,2026-03-07T17:18:44.543Z,b0000000-0000-0000-0000-000000000001,Admin User,admin@rasid.demo,user.login,user,b0000000-0000-0000-0000-000000000001,,"{""email"":""admin"",""loginAt"":""2026-03-07T17:18:44.543Z"",""tokenId"":""1fa5e68f-cb93-49cd-a242-5186ed012543""}"
86bbf127-d8b0-4252-8303-bf5771b4792f,2026-03-07T17:18:31.813Z,b0000000-0000-0000-0000-000000000001,Admin User,admin@rasid.demo,user.login,user,b0000000-0000-0000-0000-000000000001,,"{""email"":""admin"",""loginAt"":""2026-03-07T17:18:31.812Z"",""tokenId"":""259d8271-9099-4a3f-9d99-ae811305914a""}"
5528c121-ddc2-4219-b58e-67969bfcf5d5,2026-03-07T17:17:28.589Z,b0000000-0000-0000-0000-000000000001,Admin User,admin@rasid.demo,user.login,user,b0000000-0000-0000-0000-000000000001,,"{""email"":""admin"",""loginAt"":""2026-03-07T17:17:28.588Z"",""tokenId"":""963518a2-a04a-46df-bb5e-d259e02f9f7c""}"
ad2e9b4c-dbfd-4e91-9634-f0116df09b8f,2026-03-07T17:17:10.669Z,b0000000-0000-0000-0000-000000000001,Admin User,admin@rasid.demo,user.login,user,b0000000-0000-0000-0000-000000000001,,"{""email"":""admin"",""loginAt"":""2026-03-07T17:17:10.667Z"",""tokenId"":""1023b01a-ebf0-422a-9ddc-4cd49bf05791""}"
f43c4442-9916-4594-8bee-284c20e4bcd2,2026-03-07T17:17:09.155Z,b0000000-0000-0000-0000-000000000001,Admin User,admin@rasid.demo,user.login,user,b0000000-0000-0000-0000-000000000001,,"{""email"":""admin"",""loginAt"":""2026-03-07T17:17:09.154Z"",""tokenId"":""9595afca-a450-4e0c-bf5a-7991cf873879""}"
33cf3f39-4c6d-4677-8f89-0f4d6539eb66,2026-03-07T17:17:01.156Z,b0000000-0000-0000-0000-000000000001,Admin User,admin@rasid.demo,user.login,user,b0000000-0000-0000-0000-000000000001,,"{""email"":""admin"",""loginAt"":""2026-03-07T17:17:01.155Z"",""tokenId"":""38f63da1-ca4d-4d04-82d7-9117decb63c8""}"
cdcbefc6-c09e-42a1-9225-437556588647,2026-03-07T17:16:42.311Z,b0000000-0000-0000-0000-000000000001,Admin User,admin@rasid.demo,user.login,user,b0000000-0000-0000-0000-000000000001,,"{""email"":""admin"",""loginAt"":""2026-03-07T17:16:42.310Z"",""tokenId"":""bfc3fab4-5e80-465d-bad4-b4a2af87eb8e""}"
8958e4f0-4508-4ff6-8996-4a21d545b1a0,2026-03-07T17:16:04.078Z,b0000000-0000-0000-0000-000000000001,Admin User,admin@rasid.demo,user.login,user,b0000000-0000-0000-0000-000000000001,,"{""email"":""admin"",""loginAt"":""2026-03-07T17:16:04.077Z"",""tokenId"":""e0bab9dd-63a5-486a-bcc7-1fabcfbf137f""}"
0350243c-ee32-404e-a9c4-c1707186ab78,2026-03-07T17:15:53.528Z,b0000000-0000-0000-0000-000000000001,Admin User,admin@rasid.demo,user.login,user,b0000000-0000-0000-0000-000000000001,,"{""email"":""admin"",""loginAt"":""2026-03-07T17:15:53.528Z"",""tokenId"":""5ee90a3c-aff0-428d-817c-d29977b21e72""}"
b90ce4be-440d-495b-b46f-6f3cb9d1a856,2026-03-07T17:15:48.144Z,b0000000-0000-0000-0000-000000000001,Admin User,admin@rasid.demo,user.login,user,b0000000-0000-0000-0000-000000000001,,"{""email"":""admin"",""loginAt"":""2026-03-07T17:15:48.143Z"",""tokenId"":""2f887f32-77ae-4735-a204-75ef530d6e84""}"
2fb8322a-2448-4336-872e-c7feb57063f1,2026-03-07T17:15:43.762Z,b0000000-0000-0000-0000-000000000001,Admin User,admin@rasid.demo,user.login,user,b0000000-0000-0000-0000-000000000001,,"{""email"":""admin"",""loginAt"":""2026-03-07T17:15:43.761Z"",""tokenId"":""ed17c4f8-4ca8-49b0-b066-43240e635ae1""}"
e6efaf79-b6fe-4ec4-aac8-de33bce98799,2026-03-07T17:15:34.022Z,b0000000-0000-0000-0000-000000000001,Admin User,admin@rasid.demo,user.login,user,b0000000-0000-0000-0000-000000000001,,"{""email"":""admin"",""loginAt"":""2026-03-07T17:15:34.021Z"",""tokenId"":""aac1949a-fe63-4adc-8d25-94b51c071fa6""}"
84e92bf4-255b-477d-b386-004193027bfb,2026-03-07T17:07:41.210Z,b0000000-0000-0000-0000-000000000001,Admin User,admin@rasid.demo,user.login,user,b0000000-0000-0000-0000-000000000001,,"{""email"":""admin"",""loginAt"":""2026-03-07T17:07:41.209Z"",""tokenId"":""08db7e0c-483d-4812-86c2-6d4ff5fd560b""}"
db10cdd3-0b0c-446c-95f0-b95e6bb9cfd1,2026-03-07T17:07:37.737Z,b0000000-0000-0000-0000-000000000001,Admin User,admin@rasid.demo,user.login,user,b0000000-0000-0000-0000-000000000001,,"{""email"":""admin"",""loginAt"":""2026-03-07T17:07:37.736Z"",""tokenId"":""0a83fc08-81c9-4c88-ac63-b77114266dea""}"
59d05723-40e3-4094-b98e-1cf3b4471b17,2026-03-07T17:04:30.717Z,b0000000-0000-0000-0000-000000000001,Admin User,admin@rasid.demo,autonomous_orchestration_started,orchestration,auto-d2a174dc-8d0b-4589-ac35-5d28b08bb382,,null
d69b065f-c42f-4fcd-91a0-f2f1adb3010c,2026-03-07T17:04:27.153Z,b0000000-0000-0000-0000-000000000001,Admin User,admin@rasid.demo,user.login,user,b0000000-0000-0000-0000-000000000001,,"{""email"":""admin"",""loginAt"":""2026-03-07T17:04:27.152Z"",""tokenId"":""5fe78d9a-1451-4cb2-85da-9f3d0d5b27c5""}"
6b695107-6be3-4032-a43d-3be63f0f5560,2026-03-07T17:03:45.767Z,b0000000-0000-0000-0000-000000000001,Admin User,admin@rasid.demo,autonomous_orchestration_started,orchestration,auto-c6c73687-2f4e-4341-877b-3f87a80a97ae,,null
32daedd5-a3d8-4568-90f3-f8199df28bb7,2026-03-07T17:03:30.091Z,b0000000-0000-0000-0000-000000000001,Admin User,admin@rasid.demo,user.login,user,b0000000-0000-0000-0000-000000000001,,"{""email"":""admin"",""loginAt"":""2026-03-07T17:03:30.091Z"",""tokenId"":""352d4e72-5dd9-43c3-b876-85a6f0998f8e""}"
58d96507-67f8-4edf-984e-a4353a7f4cdb,2026-03-07T17:03:11.084Z,b0000000-0000-0000-0000-000000000001,Admin User,admin@rasid.demo,autonomous_orchestration_started,orchestration,auto-84d9a0c9-c6a5-499b-a569-61d832674018,,null
84794531-d613-44aa-82ab-da044d3a8984,2026-03-07T17:03:08.209Z,b0000000-0000-0000-0000-000000000001,Admin User,admin@rasid.demo,user.login,user,b0000000-0000-0000-0000-000000000001,,"{""email"":""admin"",""loginAt"":""2026-03-07T17:03:08.209Z"",""tokenId"":""c06ded45-32f6-475c-a6e7-03bb6d5a7e65""}"
4fa3669e-1d27-411c-adbf-9f27b61b16db,2026-03-07T17:02:16.310Z,b0000000-0000-0000-0000-000000000001,Admin User,admin@rasid.demo,user.login,user,b0000000-0000-0000-0000-000000000001,,"{""email"":""admin"",""loginAt"":""2026-03-07T17:02:16.309Z"",""tokenId"":""fffc781a-5ece-4514-a8b5-a37ce39cc860""}"
2ec34a4e-7633-439f-ba94-b58b6ea4b395,2026-03-07T17:01:20.484Z,b0000000-0000-0000-0000-000000000001,Admin User,admin@rasid.demo,user.login,user,b0000000-0000-0000-0000-000000000001,,"{""email"":""admin"",""loginAt"":""2026-03-07T17:01:20.483Z"",""tokenId"":""9af20c28-c652-42cd-8539-67bec39a5191""}"
71e3bb8a-be89-4fc4-8237-518ace987986,2026-03-07T17:00:39.379Z,b0000000-0000-0000-0000-000000000001,Admin User,admin@rasid.demo,user.login,user,b0000000-0000-0000-0000-000000000001,,"{""email"":""admin"",""loginAt"":""2026-03-07T17:00:39.378Z"",""tokenId"":""bd716595-2b95-4273-ad8d-b188b0a620ac""}"
aaf892a9-74f6-486e-b325-9f0ea2e057e9,2026-03-07T16:58:58.502Z,b0000000-0000-0000-0000-000000000001,Admin User,admin@rasid.demo,user.login,user,b0000000-0000-0000-0000-000000000001,,"{""email"":""admin"",""loginAt"":""2026-03-07T16:58:58.501Z"",""tokenId"":""c3ed5b50-7d05-4984-a390-159e6e0f9665""}"
f9db55c9-66fe-4f0d-bffd-f87e235ff57e,2026-03-07T16:58:51.984Z,b0000000-0000-0000-0000-000000000001,Admin User,admin@rasid.demo,user.login,user,b0000000-0000-0000-0000-000000000001,,"{""email"":""admin"",""loginAt"":""2026-03-07T16:58:51.983Z"",""tokenId"":""4778df52-daf2-40c5-94f4-b92e86523b5c""}"
8d1d2a52-2f27-46da-b543-bcb1ff8c51ee,2026-03-07T16:58:43.899Z,b0000000-0000-0000-0000-000000000001,Admin User,admin@rasid.demo,user.login,user,b0000000-0000-0000-0000-000000000001,,"{""email"":""admin"",""loginAt"":""2026-03-07T16:58:43.898Z"",""tokenId"":""759342f9-d00e-4b62-90c0-2be62b6678d5""}"
588be295-78b6-4bdf-a8aa-364082ef7473,2026-03-07T16:58:22.401Z,b0000000-0000-0000-0000-000000000001,Admin User,admin@rasid.demo,user.login,user,b0000000-0000-0000-0000-000000000001,,"{""email"":""admin"",""loginAt"":""2026-03-07T16:58:22.400Z"",""tokenId"":""d2b3de19-89dc-403d-ba10-c6d8acc59ecb""}"
9ffc019a-407f-4269-8a60-72cb37a30df3,2026-03-07T16:55:41.112Z,b0000000-0000-0000-0000-000000000001,Admin User,admin@rasid.demo,user.login,user,b0000000-0000-0000-0000-000000000001,,"{""email"":""admin"",""loginAt"":""2026-03-07T16:55:41.111Z"",""tokenId"":""8c0d4c2c-22b1-46ae-8c10-3fff034cefb9""}"
5d74f200-be89-4723-957a-6a413fe6f53f,2026-03-07T16:54:39.497Z,b0000000-0000-0000-0000-000000000001,Admin User,admin@rasid.demo,user.login,user,b0000000-0000-0000-0000-000000000001,,"{""email"":""admin"",""loginAt"":""2026-03-07T16:54:39.496Z"",""tokenId"":""78550735-8d5d-4548-a24a-7c3a98ff053b""}"
953e5afd-37f0-4aa6-8f66-642256490771,2026-03-07T16:54:30.401Z,b0000000-0000-0000-0000-000000000001,Admin User,admin@rasid.demo,user.login,user,b0000000-0000-0000-0000-000000000001,,"{""email"":""admin"",""loginAt"":""2026-03-07T16:54:30.401Z"",""tokenId"":""c5d30e42-5386-4fb9-96ed-c752ca2d35ab""}"
c7f013e0-efc0-4d73-9e25-51a63f96c93c,2026-03-07T16:54:19.599Z,b0000000-0000-0000-0000-000000000001,Admin User,admin@rasid.demo,user.login,user,b0000000-0000-0000-0000-000000000001,,"{""email"":""admin"",""loginAt"":""2026-03-07T16:54:19.599Z"",""tokenId"":""7349c4f3-4256-4283-94d3-90ccc37e965c""}"
9a7a6e4f-36fc-41d8-8291-e02880b15d04,2026-03-07T16:54:06.354Z,b0000000-0000-0000-0000-000000000001,Admin User,admin@rasid.demo,user.login,user,b0000000-0000-0000-0000-000000000001,,"{""email"":""admin"",""loginAt"":""2026-03-07T16:54:06.353Z"",""tokenId"":""8ba89af7-23d3-4807-a73b-ade889a3f02d""}"
24544ed8-5d2d-4fda-b69b-8f85e6f7baef,2026-03-07T16:53:10.052Z,b0000000-0000-0000-0000-000000000001,Admin User,admin@rasid.demo,user.login,user,b0000000-0000-0000-0000-000000000001,,"{""email"":""admin"",""loginAt"":""2026-03-07T16:53:10.051Z"",""tokenId"":""66f991d4-f73c-4264-81b3-9569b15e8cbd""}"
f4f09092-0e2d-4c9b-8643-c68da3b51595,2026-03-07T16:50:13.476Z,b0000000-0000-0000-0000-000000000001,Admin User,admin@rasid.demo,user.login,user,b0000000-0000-0000-0000-000000000001,,"{""email"":""admin"",""loginAt"":""2026-03-07T16:50:13.475Z"",""tokenId"":""cb60024c-1385-4b15-8190-3b66e9e1cdf8""}"
32e538ed-888a-4738-a577-dfb384ab5903,2026-03-07T16:49:58.860Z,b0000000-0000-0000-0000-000000000001,Admin User,admin@rasid.demo,user.login,user,b0000000-0000-0000-0000-000000000001,,"{""email"":""admin"",""loginAt"":""2026-03-07T16:49:58.859Z"",""tokenId"":""7d60d13c-82c2-4c7c-a08d-eb9b00f349a7""}"
b1d1ba19-525f-48a8-a1a4-4fb8d58263cd,2026-03-07T16:49:44.060Z,b0000000-0000-0000-0000-000000000001,Admin User,admin@rasid.demo,user.login,user,b0000000-0000-0000-0000-000000000001,,"{""email"":""admin"",""loginAt"":""2026-03-07T16:49:44.059Z"",""tokenId"":""2102d86f-8588-4466-bfa8-a1c4cad10c71""}"
efa3dc95-dd14-46a9-b97b-b426f174345b,2026-03-07T16:49:14.046Z,b0000000-0000-0000-0000-000000000001,Admin User,admin@rasid.demo,user.login,user,b0000000-0000-0000-0000-000000000001,,"{""email"":""admin"",""loginAt"":""2026-03-07T16:49:14.045Z"",""tokenId"":""f99c67b3-2447-446b-b608-23c95e073fcb""}"
60cba7f0-d31a-4edb-9bc1-275f7b590901,2026-03-07T16:45:41.487Z,b0000000-0000-0000-0000-000000000001,Admin User,admin@rasid.demo,user.login,user,b0000000-0000-0000-0000-000000000001,,"{""email"":""admin"",""loginAt"":""2026-03-07T16:45:41.486Z"",""tokenId"":""7dcbf400-064b-46c7-b458-6d37086b7b45""}"
9fa6366d-c9bd-4a94-9fc8-b7a383eb41cc,2026-03-07T16:45:10.957Z,b0000000-0000-0000-0000-000000000001,Admin User,admin@rasid.demo,user.login,user,b0000000-0000-0000-0000-000000000001,,"{""email"":""admin"",""loginAt"":""2026-03-07T16:45:10.956Z"",""tokenId"":""d9d0bae1-160f-4206-ab4a-2693ea57468a""}"
d83b2292-5f68-4524-9ae3-b87b2b61d35b,2026-03-07T16:45:01.867Z,b0000000-0000-0000-0000-000000000001,Admin User,admin@rasid.demo,user.login,user,b0000000-0000-0000-0000-000000000001,,"{""email"":""admin"",""loginAt"":""2026-03-07T16:45:01.866Z"",""tokenId"":""24609c42-57ef-40a8-bc66-c4a9953870c9""}"
c5a2a8f4-ff79-48fd-b46f-30783a8dc4e3,2026-03-07T16:44:55.386Z,b0000000-0000-0000-0000-000000000001,Admin User,admin@rasid.demo,user.login,user,b0000000-0000-0000-0000-000000000001,,"{""email"":""admin"",""loginAt"":""2026-03-07T16:44:55.385Z"",""tokenId"":""aa2a57c4-2954-4e43-b876-30d011f8a630""}"
e5e16715-de69-431f-99e5-95094475dd96,2026-03-07T16:43:18.902Z,b0000000-0000-0000-0000-000000000001,Admin User,admin@rasid.demo,user.login,user,b0000000-0000-0000-0000-000000000001,,"{""email"":""admin"",""loginAt"":""2026-03-07T16:43:18.901Z"",""tokenId"":""444b56bf-2ca4-43d5-bde6-57c7f3892a93""}"
d638dbd1-79d9-4be5-b244-43834fb51f31,2026-03-07T16:43:10.655Z,b0000000-0000-0000-0000-000000000001,Admin User,admin@rasid.demo,user.login,user,b0000000-0000-0000-0000-000000000001,,"{""email"":""admin"",""loginAt"":""2026-03-07T16:43:10.654Z"",""tokenId"":""6e74545e-3102-41ec-b6b5-216595d78766""}"
001cb897-6606-4462-aef7-fc721c83cdc2,2026-03-07T16:42:59.285Z,b0000000-0000-0000-0000-000000000001,Admin User,admin@rasid.demo,user.login,user,b0000000-0000-0000-0000-000000000001,,"{""email"":""admin"",""loginAt"":""2026-03-07T16:42:59.284Z"",""tokenId"":""daa92351-1eb5-4bd0-b22d-49761d20a2fc""}"
81d258d7-f0fa-4058-bfd0-e7c3a0c66daa,2026-03-07T16:42:41.280Z,b0000000-0000-0000-0000-000000000001,Admin User,admin@rasid.demo,user.login,user,b0000000-0000-0000-0000-000000000001,,"{""email"":""admin"",""loginAt"":""2026-03-07T16:42:41.280Z"",""tokenId"":""06a090ab-933c-44be-8fab-be557e003e14""}"
731ddf9e-2f8e-431f-b355-6588c326a628,2026-03-07T16:42:35.614Z,b0000000-0000-0000-0000-000000000001,Admin User,admin@rasid.demo,user.login,user,b0000000-0000-0000-0000-000000000001,,"{""email"":""admin"",""loginAt"":""2026-03-07T16:42:35.613Z"",""tokenId"":""9886a2b9-26c7-479d-9d4b-d709b2e0d634""}"
0edef713-acb2-4b08-86df-1ba42ae50b7a,2026-03-07T16:42:29.795Z,b0000000-0000-0000-0000-000000000001,Admin User,admin@rasid.demo,user.login,user,b0000000-0000-0000-0000-000000000001,,"{""email"":""admin"",""loginAt"":""2026-03-07T16:42:29.794Z"",""tokenId"":""86dc944b-8117-422d-9e49-a60456e9ba67""}"
ecbd98df-243a-45dd-90b1-8ae91251f416,2026-03-07T16:42:24.218Z,b0000000-0000-0000-0000-000000000001,Admin User,admin@rasid.demo,user.login,user,b0000000-0000-0000-0000-000000000001,,"{""email"":""admin"",""loginAt"":""2026-03-07T16:42:24.217Z"",""tokenId"":""55a53a08-4c85-4546-9f41-508a87dfca4b""}"
5ad13571-765d-44d4-bf0f-9317a6d20060,2026-03-07T16:42:04.773Z,b0000000-0000-0000-0000-000000000001,Admin User,admin@rasid.demo,user.login,user,b0000000-0000-0000-0000-000000000001,,"{""email"":""admin"",""loginAt"":""2026-03-07T16:42:04.772Z"",""tokenId"":""23274cc7-e705-4faf-9d46-e2ce61741afe""}"
4dc913fa-3bb3-4a2d-b70c-69a8badfda4a,2026-03-07T16:41:59.659Z,b0000000-0000-0000-0000-000000000001,Admin User,admin@rasid.demo,user.login,user,b0000000-0000-0000-0000-000000000001,,"{""email"":""admin"",""loginAt"":""2026-03-07T16:41:59.658Z"",""tokenId"":""a98cdc52-53ab-4b12-977b-cf5d25d42657""}"
1cc6f4cd-c1be-454c-af13-66b0a99a9021,2026-03-07T16:41:52.110Z,b0000000-0000-0000-0000-000000000001,Admin User,admin@rasid.demo,user.login,user,b0000000-0000-0000-0000-000000000001,,"{""email"":""admin"",""loginAt"":""2026-03-07T16:41:52.109Z"",""tokenId"":""56421834-a619-4334-af0a-430bcd46a933""}"
2cb05d50-92d8-4e0f-8b8e-a397a87e4088,2026-03-07T16:41:46.032Z,b0000000-0000-0000-0000-000000000001,Admin User,admin@rasid.demo,user.login,user,b0000000-0000-0000-0000-000000000001,,"{""email"":""admin"",""loginAt"":""2026-03-07T16:41:46.031Z"",""tokenId"":""8d81181b-dbd6-4cc8-bb81-99840a2c240a""}"
416269f3-b693-4f8d-9259-ab04c7fc7890,2026-03-07T16:41:39.578Z,b0000000-0000-0000-0000-000000000001,Admin User,admin@rasid.demo,user.login,user,b0000000-0000-0000-0000-000000000001,,"{""email"":""admin"",""loginAt"":""2026-03-07T16:41:39.577Z"",""tokenId"":""6e7496ad-c5a0-4855-9ba0-8f00c194c5c9""}"
68e77d69-1535-495d-b83a-81a44a49e623,2026-03-07T16:34:02.069Z,b0000000-0000-0000-0000-000000000001,Admin User,admin@rasid.demo,user.login,user,b0000000-0000-0000-0000-000000000001,,"{""email"":""admin"",""loginAt"":""2026-03-07T16:34:02.068Z"",""tokenId"":""3cc476b3-4446-477f-a524-17a95794cc2e""}"
70ddcec6-c4ce-4804-ad71-14e64e52e840,2026-03-07T16:33:55.343Z,b0000000-0000-0000-0000-000000000001,Admin User,admin@rasid.demo,user.login,user,b0000000-0000-0000-0000-000000000001,,"{""email"":""admin"",""loginAt"":""2026-03-07T16:33:55.342Z"",""tokenId"":""b11f5184-8290-4ec5-bf70-0d4051771b6d""}"
c38ab4d2-e146-4880-8fe2-fc2a633ea36e,2026-03-07T16:33:05.756Z,b0000000-0000-0000-0000-000000000001,Admin User,admin@rasid.demo,user.login,user,b0000000-0000-0000-0000-000000000001,,"{""email"":""admin"",""loginAt"":""2026-03-07T16:33:05.755Z"",""tokenId"":""ced70309-1821-4f15-ba71-73ccff9ffe74""}"
a739a0d1-d1b6-4d5b-881c-582b59131399,2026-03-07T16:33:01.057Z,b0000000-0000-0000-0000-000000000001,Admin User,admin@rasid.demo,user.login,user,b0000000-0000-0000-0000-000000000001,,"{""email"":""admin"",""loginAt"":""2026-03-07T16:33:01.056Z"",""tokenId"":""0831e797-8481-4d7e-8631-8a7173e1210c""}"
4ef65788-fae4-48bf-94e0-cc4ba2df60e4,2026-03-07T15:57:29.128Z,b0000000-0000-0000-0000-000000000001,Admin User,admin@rasid.demo,user.login,user,b0000000-0000-0000-0000-000000000001,,"{""email"":""admin"",""loginAt"":""2026-03-07T15:57:29.127Z"",""tokenId"":""9ad44842-2539-4c08-b4b4-8271c5a247fb""}"
a5126ae9-31e2-4840-8d84-19c18e02eb08,2026-03-07T15:57:05.149Z,b0000000-0000-0000-0000-000000000001,Admin User,admin@rasid.demo,user.login,user,b0000000-0000-0000-0000-000000000001,,"{""email"":""admin"",""loginAt"":""2026-03-07T15:57:05.148Z"",""tokenId"":""367ef627-da82-4c86-ac97-8c4e66455a9d""}"
c5c8a381-179a-4e4c-85c9-0e64c5614d9f,2026-03-07T15:56:59.906Z,b0000000-0000-0000-0000-000000000001,Admin User,admin@rasid.demo,user.login,user,b0000000-0000-0000-0000-000000000001,,"{""email"":""admin"",""loginAt"":""2026-03-07T15:56:59.905Z"",""tokenId"":""5feda744-0c3a-401e-8937-64918f8b2b6d""}"
8a763843-d7f5-42cc-9ba0-b6e5ec134f07,2026-03-07T15:55:31.565Z,b0000000-0000-0000-0000-000000000001,Admin User,admin@rasid.demo,user.login,user,b0000000-0000-0000-0000-000000000001,,"{""email"":""admin"",""loginAt"":""2026-03-07T15:55:31.564Z"",""tokenId"":""7ad6e447-d079-4bab-9a0f-8ddf3875b49f""}"
9f63a73c-f8ec-481d-90ee-b8f830431fb6,2026-03-07T15:55:25.929Z,b0000000-0000-0000-0000-000000000001,Admin User,admin@rasid.demo,user.login,user,b0000000-0000-0000-0000-000000000001,,"{""email"":""admin"",""loginAt"":""2026-03-07T15:55:25.928Z"",""tokenId"":""a8d99642-a73a-4d6b-b672-80d7c40ea03d""}"
8d45633d-eecf-48d9-8051-023518d2332a,2026-03-07T15:54:39.814Z,b0000000-0000-0000-0000-000000000001,Admin User,admin@rasid.demo,user.login,user,b0000000-0000-0000-0000-000000000001,,"{""email"":""admin"",""loginAt"":""2026-03-07T15:54:39.813Z"",""tokenId"":""8869f772-c877-4a2b-bcd6-6a1181b5ba6a""}"
b2d4da22-d662-4c42-a430-ab27e64276d5,2026-03-07T15:54:33.248Z,b0000000-0000-0000-0000-000000000001,Admin User,admin@rasid.demo,user.login,user,b0000000-0000-0000-0000-000000000001,,"{""email"":""admin"",""loginAt"":""2026-03-07T15:54:33.247Z"",""tokenId"":""a064a864-bde1-451f-9bf2-644f7a1ccc58""}"
1109c5f5-ab4a-4ac5-b7cb-f67fedfe04e3,2026-03-07T15:54:20.513Z,b0000000-0000-0000-0000-000000000001,Admin User,admin@rasid.demo,user.login,user,b0000000-0000-0000-0000-000000000001,,"{""email"":""admin"",""loginAt"":""2026-03-07T15:54:20.512Z"",""tokenId"":""032d78d9-f5d4-4163-b1cc-060d498fc64b""}"
2be4937e-0e6b-4bdf-91f0-35f3cffe5eb8,2026-03-07T15:54:09.818Z,b0000000-0000-0000-0000-000000000001,Admin User,admin@rasid.demo,user.login,user,b0000000-0000-0000-0000-000000000001,,"{""email"":""admin"",""loginAt"":""2026-03-07T15:54:09.817Z"",""tokenId"":""b8c8521a-beba-4fe0-9ce6-be058b6b16f0""}"
c93d4ff5-87ca-46c4-981f-f9c91e79bafd,2026-03-07T15:54:03.646Z,b0000000-0000-0000-0000-000000000001,Admin User,admin@rasid.demo,user.login,user,b0000000-0000-0000-0000-000000000001,,"{""email"":""admin"",""loginAt"":""2026-03-07T15:54:03.645Z"",""tokenId"":""abbeb8a0-8bdf-45b8-946f-4c9c5760aba1""}"
ed3013cc-2b8c-4873-9e30-01387b84fc5a,2026-03-07T15:51:57.051Z,b0000000-0000-0000-0000-000000000001,Admin User,admin@rasid.demo,user.login,user,b0000000-0000-0000-0000-000000000001,,"{""email"":""admin"",""loginAt"":""2026-03-07T15:51:57.050Z"",""tokenId"":""885e5153-48dd-4970-bcaf-00df68a1153e""}"
ed3eeae5-e053-40ff-98bb-e77e2ba5a61b,2026-03-07T15:51:48.226Z,b0000000-0000-0000-0000-000000000001,Admin User,admin@rasid.demo,user.login,user,b0000000-0000-0000-0000-000000000001,,"{""email"":""admin"",""loginAt"":""2026-03-07T15:51:48.225Z"",""tokenId"":""a6a2d1a1-fcbc-4ecf-828e-a5253bb216b2""}"
4a4f7018-4155-4934-8939-e3213d081eaf,2026-03-07T15:51:36.775Z,b0000000-0000-0000-0000-000000000001,Admin User,admin@rasid.demo,user.login,user,b0000000-0000-0000-0000-000000000001,,"{""email"":""admin"",""loginAt"":""2026-03-07T15:51:36.774Z"",""tokenId"":""fe546160-3b37-44b5-a142-f94fb77d0ab5""}"
532baa27-1ba1-48d2-893e-43f751c116f1,2026-03-07T15:51:29.520Z,b0000000-0000-0000-0000-000000000001,Admin User,admin@rasid.demo,user.login,user,b0000000-0000-0000-0000-000000000001,,"{""email"":""admin"",""loginAt"":""2026-03-07T15:51:29.519Z"",""tokenId"":""12097a9e-eb6c-42b8-b544-b3020bd44f32""}"
1b1122cc-a230-4f20-82e8-6e500784f381,2026-03-07T15:51:24.375Z,b0000000-0000-0000-0000-000000000001,Admin User,admin@rasid.demo,user.login,user,b0000000-0000-0000-0000-000000000001,,"{""email"":""admin"",""loginAt"":""2026-03-07T15:51:24.374Z"",""tokenId"":""41bf4ada-850b-42b5-a720-c9fa402af47a""}"
fff46da7-0558-4314-99bb-e0f3ac60bcb1,2026-03-07T15:51:14.155Z,b0000000-0000-0000-0000-000000000001,Admin User,admin@rasid.demo,user.login,user,b0000000-0000-0000-0000-000000000001,,"{""email"":""admin"",""loginAt"":""2026-03-07T15:51:14.154Z"",""tokenId"":""d43f1d89-9120-44da-bd8d-2e38d33847d5""}"
320bfebf-68e9-4284-b94e-f4a656d1e88d,2026-03-07T15:51:04.246Z,b0000000-0000-0000-0000-000000000001,Admin User,admin@rasid.demo,user.login,user,b0000000-0000-0000-0000-000000000001,,"{""email"":""admin"",""loginAt"":""2026-03-07T15:51:04.245Z"",""tokenId"":""cb728859-4569-4252-baf6-c96d7b6fc3bc""}"
5713ccc1-78bc-4471-b1fd-4ddb833badc4,2026-03-07T15:49:42.237Z,b0000000-0000-0000-0000-000000000001,Admin User,admin@rasid.demo,user.login,user,b0000000-0000-0000-0000-000000000001,,"{""email"":""admin"",""loginAt"":""2026-03-07T15:49:42.236Z"",""tokenId"":""23334257-804a-47e5-809f-ee22494a5fe3""}"
3fddf461-b403-4c50-b08b-35e7389a386c,2026-03-07T15:49:36.207Z,b0000000-0000-0000-0000-000000000001,Admin User,admin@rasid.demo,user.login,user,b0000000-0000-0000-0000-000000000001,,"{""email"":""admin"",""loginAt"":""2026-03-07T15:49:36.206Z"",""tokenId"":""6151cd56-0b9b-4537-9ce3-a15fb954e516""}"
ab87e2c1-c0f2-4679-8800-573ae9035266,2026-03-07T15:49:20.003Z,b0000000-0000-0000-0000-000000000001,Admin User,admin@rasid.demo,user.login,user,b0000000-0000-0000-0000-000000000001,,"{""email"":""admin"",""loginAt"":""2026-03-07T15:49:20.002Z"",""tokenId"":""f46d570e-68e5-43d5-b99d-392990365157""}"
56a5ed0f-96a3-4c61-88c9-47cec53872af,2026-03-07T15:49:06.506Z,b0000000-0000-0000-0000-000000000001,Admin User,admin@rasid.demo,user.login,user,b0000000-0000-0000-0000-000000000001,,"{""email"":""admin"",""loginAt"":""2026-03-07T15:49:06.505Z"",""tokenId"":""df8d4d8c-6068-4e1a-af1b-8e3992778502""}"
81924b11-03fa-45a6-a899-114c0b0be73e,2026-03-07T15:48:59.897Z,b0000000-0000-0000-0000-000000000001,Admin User,admin@rasid.demo,user.login,user,b0000000-0000-0000-0000-000000000001,,"{""email"":""admin"",""loginAt"":""2026-03-07T15:48:59.896Z"",""tokenId"":""aceaa575-2f71-43fb-81c2-d0739951680d""}"
4b702738-b469-4819-b77c-e8829c9a5754,2026-03-07T15:48:47.674Z,b0000000-0000-0000-0000-000000000001,Admin User,admin@rasid.demo,user.login,user,b0000000-0000-0000-0000-000000000001,,"{""email"":""admin"",""loginAt"":""2026-03-07T15:48:47.673Z"",""tokenId"":""26bcab84-1e91-436b-8015-b1cd43d3c432""}"
13c8d0b6-2ac4-42cb-9bde-9c55ac4d2649,2026-03-07T15:48:39.941Z,b0000000-0000-0000-0000-000000000001,Admin User,admin@rasid.demo,user.login,user,b0000000-0000-0000-0000-000000000001,,"{""email"":""admin"",""loginAt"":""2026-03-07T15:48:39.940Z"",""tokenId"":""731df99a-0bba-40fc-91f2-51ab2f2eaa75""}"
22500af1-37cc-4c37-83b2-3c28b7db600b,2026-03-07T15:47:46.683Z,b0000000-0000-0000-0000-000000000001,Admin User,admin@rasid.demo,user.login,user,b0000000-0000-0000-0000-000000000001,,"{""email"":""admin"",""loginAt"":""2026-03-07T15:47:46.682Z"",""tokenId"":""943ed0e7-81d9-4512-a626-b4bb39f44090""}"
79b041e6-df77-40e6-864b-d687d4201e42,2026-03-07T15:47:34.148Z,b0000000-0000-0000-0000-000000000001,Admin User,admin@rasid.demo,user.login,user,b0000000-0000-0000-0000-000000000001,,"{""email"":""admin"",""loginAt"":""2026-03-07T15:47:34.147Z"",""tokenId"":""5e74228e-bc64-43b7-88da-86f83f2f9e59""}"
5a8dc0f2-4b74-498f-bd01-8b13db33b661,2026-03-07T15:46:35.700Z,b0000000-0000-0000-0000-000000000001,Admin User,admin@rasid.demo,user.login,user,b0000000-0000-0000-0000-000000000001,,"{""email"":""admin"",""loginAt"":""2026-03-07T15:46:35.700Z"",""tokenId"":""d0b185af-c5d5-4cc0-a95e-bf6fb130ddc6""}"
e6bc8690-5a62-4c2f-8f8f-5e203b8ac2f0,2026-03-07T15:46:29.822Z,b0000000-0000-0000-0000-000000000001,Admin User,admin@rasid.demo,user.login,user,b0000000-0000-0000-0000-000000000001,,"{""email"":""admin"",""loginAt"":""2026-03-07T15:46:29.821Z"",""tokenId"":""55ae4b73-9f10-491f-9708-e473974dd4e2""}"
a2cf7fd2-a28b-4bfd-97e9-71e0d7054e2c,2026-03-07T15:45:54.446Z,b0000000-0000-0000-0000-000000000001,Admin User,admin@rasid.demo,user.login,user,b0000000-0000-0000-0000-000000000001,,"{""email"":""admin"",""loginAt"":""2026-03-07T15:45:54.445Z"",""tokenId"":""5f2f5dbb-52f9-474c-9bc5-7d6a4d103841""}"
29329d29-515f-4dff-b02c-7a541e27a20c,2026-03-07T15:45:46.712Z,b0000000-0000-0000-0000-000000000001,Admin User,admin@rasid.demo,user.login,user,b0000000-0000-0000-0000-000000000001,,"{""email"":""admin"",""loginAt"":""2026-03-07T15:45:46.712Z"",""tokenId"":""b14bedfc-100e-49b5-8055-8d570acd746f""}"
4ef574cf-5e3c-44c3-9f8b-165b721fcf38,2026-03-07T15:45:15.693Z,b0000000-0000-0000-0000-000000000001,Admin User,admin@rasid.demo,user.login,user,b0000000-0000-0000-0000-000000000001,,"{""email"":""admin"",""loginAt"":""2026-03-07T15:45:15.692Z"",""tokenId"":""5b674e1a-361c-41e1-9eb2-6724885555fa""}"
c89f905c-d863-4e9f-92f6-25c4f8c1ed58,2026-03-07T15:44:41.265Z,b0000000-0000-0000-0000-000000000001,Admin User,admin@rasid.demo,user.login,user,b0000000-0000-0000-0000-000000000001,,"{""email"":""admin"",""loginAt"":""2026-03-07T15:44:41.264Z"",""tokenId"":""5b73cf2b-9932-4bf0-89b2-a7d7587b277b""}"
46069d50-314f-498d-bc6f-281b1be3d92c,2026-03-07T15:44:11.634Z,b0000000-0000-0000-0000-000000000001,Admin User,admin@rasid.demo,user.login,user,b0000000-0000-0000-0000-000000000001,,"{""email"":""admin"",""loginAt"":""2026-03-07T15:44:11.633Z"",""tokenId"":""a3e1a2af-2b49-4bf9-83df-9dd71ec10c0f""}"
7bced61b-40ba-4cb7-aebd-eec720c5f22f,2026-03-07T15:43:59.110Z,b0000000-0000-0000-0000-000000000001,Admin User,admin@rasid.demo,user.login,user,b0000000-0000-0000-0000-000000000001,,"{""email"":""admin"",""loginAt"":""2026-03-07T15:43:59.109Z"",""tokenId"":""11558751-53b4-4153-be62-41abd7fa377e""}"
85b1f0bb-5694-4d75-b0a1-877b47c3d874,2026-03-07T15:43:47.167Z,b0000000-0000-0000-0000-000000000001,Admin User,admin@rasid.demo,user.login,user,b0000000-0000-0000-0000-000000000001,,"{""email"":""admin"",""loginAt"":""2026-03-07T15:43:47.166Z"",""tokenId"":""0f3db97e-adf6-4714-9350-19d1bfc0e85c""}"
dd9743e2-55c4-4fea-bb74-a64b4fa4a201,2026-03-07T15:43:37.612Z,b0000000-0000-0000-0000-000000000001,Admin User,admin@rasid.demo,user.login,user,b0000000-0000-0000-0000-000000000001,,"{""email"":""admin"",""loginAt"":""2026-03-07T15:43:37.610Z"",""tokenId"":""4cd0eb07-7af2-41b6-83af-90e8e3a445ca""}"
b2a7d6a4-f3c3-4f4c-a472-71f9d3bb0be4,2026-03-07T15:39:34.247Z,b0000000-0000-0000-0000-000000000001,Admin User,admin@rasid.demo,user.login,user,b0000000-0000-0000-0000-000000000001,,"{""email"":""admin"",""loginAt"":""2026-03-07T15:39:34.246Z"",""tokenId"":""960f43b6-44d7-44ef-a6c0-340e673f732c""}"
75fc654c-1711-430e-80e1-27ab16334ad7,2026-03-07T15:39:11.927Z,b0000000-0000-0000-0000-000000000001,Admin User,admin@rasid.demo,user.login,user,b0000000-0000-0000-0000-000000000001,,"{""email"":""admin"",""loginAt"":""2026-03-07T15:39:11.926Z"",""tokenId"":""9c031bb0-5562-4631-ab7a-be6208342ef0""}"
773714ac-6b15-4719-9e47-98043a9db79e,2026-03-07T15:39:02.030Z,b0000000-0000-0000-0000-000000000001,Admin User,admin@rasid.demo,user.login,user,b0000000-0000-0000-0000-000000000001,,"{""email"":""admin"",""loginAt"":""2026-03-07T15:39:02.029Z"",""tokenId"":""a076bc96-8eb1-481a-b3b4-9966acd09073""}"
a5a1d5a4-070b-4956-87cb-38dccea335d3,2026-03-07T15:38:52.278Z,b0000000-0000-0000-0000-000000000001,Admin User,admin@rasid.demo,user.login,user,b0000000-0000-0000-0000-000000000001,,"{""email"":""admin"",""loginAt"":""2026-03-07T15:38:52.277Z"",""tokenId"":""b4ad391c-d7b9-4c71-a70b-b01f0d9d956d""}"
115753d0-8c43-42a6-a472-a92585e8bb1b,2026-03-07T15:38:12.937Z,b0000000-0000-0000-0000-000000000001,Admin User,admin@rasid.demo,user.login,user,b0000000-0000-0000-0000-000000000001,,"{""email"":""admin"",""loginAt"":""2026-03-07T15:38:12.936Z"",""tokenId"":""28b73f16-db49-473e-8763-6db5501af286""}"
5d8d27fa-3380-4355-bf27-b1fc74b2e1e4,2026-03-07T15:38:06.423Z,b0000000-0000-0000-0000-000000000001,Admin User,admin@rasid.demo,user.login,user,b0000000-0000-0000-0000-000000000001,,"{""email"":""admin"",""loginAt"":""2026-03-07T15:38:06.422Z"",""tokenId"":""33d1e6e2-4964-4190-830b-79078c49f2f6""}"
c4699313-aa1a-48d1-8607-f6c52b295c31,2026-03-07T15:36:31.630Z,b0000000-0000-0000-0000-000000000001,Admin User,admin@rasid.demo,user.login,user,b0000000-0000-0000-0000-000000000001,,"{""email"":""admin"",""loginAt"":""2026-03-07T15:36:31.629Z"",""tokenId"":""5fd9ccc5-6dcd-470b-9551-97b5849f4abf""}"
134b6e92-214d-4b33-a10d-b276e87cbcdc,2026-03-07T15:36:24.126Z,b0000000-0000-0000-0000-000000000001,Admin User,admin@rasid.demo,user.login,user,b0000000-0000-0000-0000-000000000001,,"{""email"":""admin"",""loginAt"":""2026-03-07T15:36:24.125Z"",""tokenId"":""9e36b338-1b30-4338-bdcd-c791d1c826ae""}"
12db36fc-bddc-4c68-85e7-ba3b1ba3b477,2026-03-07T15:36:11.911Z,b0000000-0000-0000-0000-000000000001,Admin User,admin@rasid.demo,user.login,user,b0000000-0000-0000-0000-000000000001,,"{""email"":""admin"",""loginAt"":""2026-03-07T15:36:11.910Z"",""tokenId"":""8651fd05-8b18-4bff-939d-f0230f6db955""}"
f233f4bd-890d-47e5-a0ab-bef81f030f91,2026-03-07T15:35:58.117Z,b0000000-0000-0000-0000-000000000001,Admin User,admin@rasid.demo,user.login,user,b0000000-0000-0000-0000-000000000001,,"{""email"":""admin"",""loginAt"":""2026-03-07T15:35:58.116Z"",""tokenId"":""6f834b7c-0c82-416d-a232-aad12760ba60""}"
a0c0855d-cca9-4396-a2ff-f9771a5f2893,2026-03-07T15:35:27.404Z,b0000000-0000-0000-0000-000000000001,Admin User,admin@rasid.demo,user.login,user,b0000000-0000-0000-0000-000000000001,,"{""email"":""admin"",""loginAt"":""2026-03-07T15:35:27.403Z"",""tokenId"":""f1c9e87f-d72a-47b5-a923-39584c2baff1""}"
a64aca9e-8554-47ff-ab39-c6835f62251e,2026-03-07T15:35:21.597Z,b0000000-0000-0000-0000-000000000001,Admin User,admin@rasid.demo,user.login,user,b0000000-0000-0000-0000-000000000001,,"{""email"":""admin"",""loginAt"":""2026-03-07T15:35:21.596Z"",""tokenId"":""a926c632-e4cf-4d64-ba2b-146576ebe3ea""}"
2e762f17-10cc-49f4-9041-c6c0a96c0480,2026-03-07T15:34:52.285Z,b0000000-0000-0000-0000-000000000001,Admin User,admin@rasid.demo,user.login,user,b0000000-0000-0000-0000-000000000001,,"{""email"":""admin"",""loginAt"":""2026-03-07T15:34:52.284Z"",""tokenId"":""ec8ad52e-83d3-4cf8-8e38-c7f9ecd3ccd0""}"
be0bba4c-cbf2-4d64-bc8f-8973e6e06387,2026-03-07T15:34:43.198Z,b0000000-0000-0000-0000-000000000001,Admin User,admin@rasid.demo,user.login,user,b0000000-0000-0000-0000-000000000001,,"{""email"":""admin"",""loginAt"":""2026-03-07T15:34:43.197Z"",""tokenId"":""334cbb43-e3fb-4e88-b38d-7b8b1475b9e3""}"
ee309df6-fbf2-4760-bcaa-397933246cd7,2026-03-07T15:33:17.655Z,b0000000-0000-0000-0000-000000000001,Admin User,admin@rasid.demo,user.login,user,b0000000-0000-0000-0000-000000000001,,"{""email"":""admin"",""loginAt"":""2026-03-07T15:33:17.654Z"",""tokenId"":""6e6930c7-041b-46f5-beca-a08e38e25d45""}"
d69558a9-4613-41db-a20d-bee058ddd2b8,2026-03-07T15:32:20.155Z,b0000000-0000-0000-0000-000000000001,Admin User,admin@rasid.demo,user.login,user,b0000000-0000-0000-0000-000000000001,,"{""email"":""admin"",""loginAt"":""2026-03-07T15:32:20.154Z"",""tokenId"":""686ddd0b-a8a0-4bd1-9bf2-a7fe79cf655e""}"
2f1591a0-32dd-4c45-87f3-d8fdb36c7e6a,2026-03-07T15:31:49.048Z,b0000000-0000-0000-0000-000000000001,Admin User,admin@rasid.demo,user.login,user,b0000000-0000-0000-0000-000000000001,,"{""email"":""admin"",""loginAt"":""2026-03-07T15:31:49.047Z"",""tokenId"":""ab0a60ec-0692-4a94-a89a-fbce5f41d7e2""}"
22974571-f841-4939-ad10-80d6608fd7c5,2026-03-07T15:31:37.356Z,b0000000-0000-0000-0000-000000000001,Admin User,admin@rasid.demo,user.login,user,b0000000-0000-0000-0000-000000000001,,"{""email"":""admin"",""loginAt"":""2026-03-07T15:31:37.355Z"",""tokenId"":""1e1759e9-fb3b-461c-8a26-42d240042903""}"
c2f9a1af-4990-49bb-96de-778444502d8d,2026-03-07T15:31:29.523Z,b0000000-0000-0000-0000-000000000001,Admin User,admin@rasid.demo,user.login,user,b0000000-0000-0000-0000-000000000001,,"{""email"":""admin"",""loginAt"":""2026-03-07T15:31:29.522Z"",""tokenId"":""76c1835c-59d2-4e4e-b328-79030cce2bc2""}"
e09bd343-4738-452d-b813-33b3b47823f3,2026-03-07T15:30:22.606Z,b0000000-0000-0000-0000-000000000001,Admin User,admin@rasid.demo,user.login,user,b0000000-0000-0000-0000-000000000001,,"{""email"":""admin"",""loginAt"":""2026-03-07T15:30:22.605Z"",""tokenId"":""2c495a21-850b-4692-b017-0469378a28ac""}"
0a5648b0-4699-4bab-af04-73eef0868d62,2026-03-07T15:30:14.754Z,b0000000-0000-0000-0000-000000000001,Admin User,admin@rasid.demo,user.login,user,b0000000-0000-0000-0000-000000000001,,"{""email"":""admin"",""loginAt"":""2026-03-07T15:30:14.753Z"",""tokenId"":""50bc434a-68b5-4df3-bb04-64edf72ecdbd""}"
3b298c83-8f00-4422-86cc-fd23fb337c71,2026-03-07T15:30:05.187Z,b0000000-0000-0000-0000-000000000001,Admin User,admin@rasid.demo,user.login,user,b0000000-0000-0000-0000-000000000001,,"{""email"":""admin"",""loginAt"":""2026-03-07T15:30:05.186Z"",""tokenId"":""2ba35aba-1dd2-47cd-b441-9c63a104d1a0""}"
3d1b40a0-dde2-4b06-bb1a-751f99bdfe6d,2026-03-07T15:26:47.147Z,b0000000-0000-0000-0000-000000000001,Admin User,admin@rasid.demo,user.login,user,b0000000-0000-0000-0000-000000000001,,"{""email"":""admin"",""loginAt"":""2026-03-07T15:26:47.146Z"",""tokenId"":""65d46e4a-6922-4840-9502-c3632d7352cf""}"
b385691d-faeb-45d4-9242-151d516f55e4,2026-03-07T15:26:40.185Z,b0000000-0000-0000-0000-000000000001,Admin User,admin@rasid.demo,user.login,user,b0000000-0000-0000-0000-000000000001,,"{""email"":""admin"",""loginAt"":""2026-03-07T15:26:40.184Z"",""tokenId"":""507147e3-8944-4cb9-9d23-c1b7d7b27aaa""}"
74d3ce1f-cd60-461a-99ac-f35d6e301ec1,2026-03-07T15:26:00.977Z,b0000000-0000-0000-0000-000000000001,Admin User,admin@rasid.demo,user.login,user,b0000000-0000-0000-0000-000000000001,,"{""email"":""admin"",""loginAt"":""2026-03-07T15:26:00.976Z"",""tokenId"":""a7e79150-6b7b-4421-acdf-0e6a7531e8ce""}"
91710c2b-81da-4e9a-aeee-205082d7e75f,2026-03-07T15:25:48.923Z,b0000000-0000-0000-0000-000000000001,Admin User,admin@rasid.demo,user.login,user,b0000000-0000-0000-0000-000000000001,,"{""email"":""admin"",""loginAt"":""2026-03-07T15:25:48.922Z"",""tokenId"":""4afb46b3-3d42-4f79-a965-7b8cb29e0928""}"
8d931d98-2da3-4676-827d-c82427b8df88,2026-03-07T15:25:37.195Z,b0000000-0000-0000-0000-000000000001,Admin User,admin@rasid.demo,user.login,user,b0000000-0000-0000-0000-000000000001,,"{""email"":""admin"",""loginAt"":""2026-03-07T15:25:37.194Z"",""tokenId"":""4bb2490f-1a2e-47e9-8841-577a0b95e386""}"
b1511b69-c849-4379-8815-2102526eca28,2026-03-07T15:24:06.254Z,b0000000-0000-0000-0000-000000000001,Admin User,admin@rasid.demo,user.login,user,b0000000-0000-0000-0000-000000000001,,"{""email"":""admin"",""loginAt"":""2026-03-07T15:24:06.253Z"",""tokenId"":""8f126674-f36c-45bc-ad5d-2a150f237cdb""}"
307154f2-e664-40e1-a70a-624dc16f97c8,2026-03-07T15:22:24.968Z,b0000000-0000-0000-0000-000000000001,Admin User,admin@rasid.demo,user.login,user,b0000000-0000-0000-0000-000000000001,,"{""email"":""admin"",""loginAt"":""2026-03-07T15:22:24.967Z"",""tokenId"":""bc890f19-ab22-4b13-9641-7c0e2b5a1270""}"
6e1bd754-5708-42ef-b6c2-37a6bdae6639,2026-03-07T15:22:11.582Z,b0000000-0000-0000-0000-000000000001,Admin User,admin@rasid.demo,user.login,user,b0000000-0000-0000-0000-000000000001,,"{""email"":""admin"",""loginAt"":""2026-03-07T15:22:11.581Z"",""tokenId"":""e4f88173-ca93-44fc-b47a-307f139e0d1a""}"
7b08cc13-d642-4416-82b5-9442ba67a8df,2026-03-07T15:15:42.939Z,b0000000-0000-0000-0000-000000000001,Admin User,admin@rasid.demo,user.login,user,b0000000-0000-0000-0000-000000000001,,"{""email"":""admin"",""loginAt"":""2026-03-07T15:15:42.938Z"",""tokenId"":""2e00ea81-76b1-4f6a-86a3-fd8664b62955""}"
d63aefb9-e0b7-46bb-bafd-a14422557d84,2026-03-07T15:15:24.977Z,b0000000-0000-0000-0000-000000000001,Admin User,admin@rasid.demo,user.login,user,b0000000-0000-0000-0000-000000000001,,"{""email"":""admin"",""loginAt"":""2026-03-07T15:15:24.976Z"",""tokenId"":""a9d14199-846c-4f5e-a264-1ea0e3c8a142""}"
3aeb3bea-6f54-42ba-855e-0b43f07f6005,2026-03-07T15:14:36.717Z,b0000000-0000-0000-0000-000000000001,Admin User,admin@rasid.demo,user.login,user,b0000000-0000-0000-0000-000000000001,,"{""email"":""admin"",""loginAt"":""2026-03-07T15:14:36.716Z"",""tokenId"":""1e68f5dd-322c-436d-81c4-3602c8171f01""}"
8d6bff8e-5fc5-4671-ae9d-80704c14ace0,2026-03-07T15:14:23.115Z,b0000000-0000-0000-0000-000000000001,Admin User,admin@rasid.demo,user.login,user,b0000000-0000-0000-0000-000000000001,,"{""email"":""admin"",""loginAt"":""2026-03-07T15:14:23.114Z"",""tokenId"":""4d3d72f7-0465-42d6-ad51-e705467692f2""}"
f937cd3d-6e30-4d1e-bd2a-52dbc0d88959,2026-03-07T15:12:17.575Z,b0000000-0000-0000-0000-000000000001,Admin User,admin@rasid.demo,user.login,user,b0000000-0000-0000-0000-000000000001,,"{""email"":""admin"",""loginAt"":""2026-03-07T15:12:17.574Z"",""tokenId"":""d9691e67-11b7-4cc3-8022-6d9ea21b08be""}"
03eb0924-8029-4559-a9e0-513c78962efc,2026-03-07T15:10:15.472Z,b0000000-0000-0000-0000-000000000001,Admin User,admin@rasid.demo,user.login,user,b0000000-0000-0000-0000-000000000001,,"{""email"":""admin"",""loginAt"":""2026-03-07T15:10:15.471Z"",""tokenId"":""6f6a50d5-96e9-4eb3-8efd-8f3965d204fb""}"
ec0eaedd-1455-446f-a91c-224f78e16b86,2026-03-07T15:10:06.400Z,b0000000-0000-0000-0000-000000000001,Admin User,admin@rasid.demo,user.login,user,b0000000-0000-0000-0000-000000000001,,"{""email"":""admin"",""loginAt"":""2026-03-07T15:10:06.398Z"",""tokenId"":""40c2f568-bfcc-40df-ae58-72ac2acfc28f""}"
1a49c11d-c79f-462d-a54b-4aa6dea479bb,2026-03-07T15:09:40.656Z,b0000000-0000-0000-0000-000000000001,Admin User,admin@rasid.demo,user.login,user,b0000000-0000-0000-0000-000000000001,,"{""email"":""admin"",""loginAt"":""2026-03-07T15:09:40.655Z"",""tokenId"":""117a3a82-25ae-493d-9c8a-88f30f653133""}"
fc1ee113-059e-4335-84a7-404013ae0a24,2026-03-07T15:09:08.429Z,b0000000-0000-0000-0000-000000000001,Admin User,admin@rasid.demo,user.login,user,b0000000-0000-0000-0000-000000000001,,"{""email"":""admin"",""loginAt"":""2026-03-07T15:09:08.428Z"",""tokenId"":""c61e6065-ab00-444c-957a-bb79a665820d""}"
391107ff-d204-4e31-8b11-800c9ef800e6,2026-03-07T15:08:51.452Z,b0000000-0000-0000-0000-000000000001,Admin User,admin@rasid.demo,user.login,user,b0000000-0000-0000-0000-000000000001,,"{""email"":""admin"",""loginAt"":""2026-03-07T15:08:51.451Z"",""tokenId"":""246ca788-dc62-4763-a45c-612dcddc701e""}"
7097b2a6-bd7c-4e1a-9ef0-e8829683c729,2026-03-07T15:08:35.125Z,b0000000-0000-0000-0000-000000000001,Admin User,admin@rasid.demo,user.login,user,b0000000-0000-0000-0000-000000000001,,"{""email"":""admin"",""loginAt"":""2026-03-07T15:08:35.124Z"",""tokenId"":""22d6efb9-e580-4bdf-9ced-2acbbe0f376a""}"
65bf0420-51d2-43e1-88c2-ffbadb12c760,2026-03-07T15:08:17.569Z,b0000000-0000-0000-0000-000000000001,Admin User,admin@rasid.demo,user.login,user,b0000000-0000-0000-0000-000000000001,,"{""email"":""admin"",""loginAt"":""2026-03-07T15:08:17.569Z"",""tokenId"":""cf0a20d9-a2f9-463d-9657-b4dae0fd8559""}"
15cd77ff-aa13-4df4-9a42-55a65d377ab8,2026-03-07T15:07:52.890Z,b0000000-0000-0000-0000-000000000001,Admin User,admin@rasid.demo,user.login,user,b0000000-0000-0000-0000-000000000001,,"{""email"":""admin"",""loginAt"":""2026-03-07T15:07:52.890Z"",""tokenId"":""1d04adde-5243-41fe-8f5e-9dc78430db1b""}"
8c187cbb-2cf5-4ad6-8ddc-b7d9c995bdb8,2026-03-07T15:07:28.952Z,b0000000-0000-0000-0000-000000000001,Admin User,admin@rasid.demo,user.login,user,b0000000-0000-0000-0000-000000000001,,"{""email"":""admin"",""loginAt"":""2026-03-07T15:07:28.951Z"",""tokenId"":""3578cc17-3295-4127-a0aa-4a660ea82850""}"
1ff19267-ad7f-4639-89bb-83d11f38fa16,2026-03-07T15:07:01.018Z,b0000000-0000-0000-0000-000000000001,Admin User,admin@rasid.demo,user.login,user,b0000000-0000-0000-0000-000000000001,,"{""email"":""admin"",""loginAt"":""2026-03-07T15:07:01.017Z"",""tokenId"":""e1c63488-a3bb-4033-af3e-983df97a7aa8""}"
fc700c1b-c7a6-4803-b19d-0ee52b6f8018,2026-03-07T15:06:49.236Z,b0000000-0000-0000-0000-000000000001,Admin User,admin@rasid.demo,user.login,user,b0000000-0000-0000-0000-000000000001,,"{""email"":""admin"",""loginAt"":""2026-03-07T15:06:49.235Z"",""tokenId"":""0888d4a4-3bce-4eaf-b18c-dbf2eda4c234""}"
ae809728-c75f-46da-8dfb-980180ca2e06,2026-03-07T15:04:49.137Z,b0000000-0000-0000-0000-000000000001,Admin User,admin@rasid.demo,user.login,user,b0000000-0000-0000-0000-000000000001,,"{""email"":""admin"",""loginAt"":""2026-03-07T15:04:49.136Z"",""tokenId"":""18821a18-11d9-4fc2-be9b-1f0965028d09""}"
5286a0ce-1512-4183-923a-c041e73e1e2e,2026-03-07T15:04:39.622Z,b0000000-0000-0000-0000-000000000001,Admin User,admin@rasid.demo,user.login,user,b0000000-0000-0000-0000-000000000001,,"{""email"":""admin"",""loginAt"":""2026-03-07T15:04:39.621Z"",""tokenId"":""1bb74493-8230-45f2-8e34-789c264dc48c""}"
c4084f7b-2116-4d3d-a2d1-2b4751ebccc0,2026-03-07T15:04:25.394Z,b0000000-0000-0000-0000-000000000001,Admin User,admin@rasid.demo,user.login,user,b0000000-0000-0000-0000-000000000001,,"{""email"":""admin"",""loginAt"":""2026-03-07T15:04:25.393Z"",""tokenId"":""ac6a11bd-37f1-4b2c-830e-21bb43e256db""}"