FEATURE_ID	FEATURE_TEXT	SOURCE_SECTION	SOURCE_LINE
F-000001	**Unified Intelligent Document & Data Platform**	منصة تحليل البيانات والمستندات الذكية	480
F-000002	هيكلة حسب المحركات والخدمات — شاملة لجميع المميزات والوظائف وحالات الاستخدام	منصة تحليل البيانات والمستندات الذكية	484
F-000003	الإصدار: 2.0 | التصنيف: سري | الهيكلة: حسب المحركات	منصة تحليل البيانات والمستندات الذكية	486
F-000004	منصة ويب موحدة وشاملة تمثل نظام تشغيل ذكي للمستندات والبيانات. تعتمد بالكامل على الذكاء الاصطناعي وتوفر وضعين دائمين: الوضع السهل بضغطة زر والوضع المتقدم للتحكم الكامل. تقوم على فلسفة السحب والإفلات الشامل في جميع العمليات بلا استثناء.	الرؤية الاستراتيجية العامة للمنصة	494
F-000005	المنصة ليست مجرد نظام بيانات ولوحات مؤشرات وتقارير، بل هي نظام تشغيل ذكي شامل للمستندات يتضمن:	نطاق المنصة الموسع	500
F-000006	- محرك بيانات وملفات شامل يقرأ جميع الأنواع بلا حدود	نطاق المنصة الموسع	502
F-000007	- محرك Excel احترافي بقدرات معالجة فائقة	نطاق المنصة الموسع	503
F-000008	- محرك لوحات مؤشرات تفاعلية بمستوى احترافي	نطاق المنصة الموسع	504
F-000009	- محرك تقارير احترافية دورية	نطاق المنصة الموسع	505
F-000010	- محرك عروض تقديمية وإنفوجرافيك يتجاوز مستوى Gamma	نطاق المنصة الموسع	506
F-000011	- محرك مطابقة حرفية هندسية دقيقة واحد لواحد	نطاق المنصة الموسع	507
F-000012	- محرك تعريب احترافي متقدم يتجاوز مجرد عكس الاتجاه	نطاق المنصة الموسع	508
F-000013	- محرك تحويل شامل بين جميع الصيغ	نطاق المنصة الموسع	509
F-000014	- محرك ذكاء اصطناعي واستجواب حر	نطاق المنصة الموسع	510
F-000015	- نظام حوكمة وصلاحيات وعمل جماعي	نطاق المنصة الموسع	511
F-000016	- وضعان دائمان في كل ميزة: سهل بضغطة زر ومتقدم للتحكم الكامل	المبادئ الثابتة في جميع المحركات	517
F-000017	- سحب وإفلات شامل في كل عملية	المبادئ الثابتة في جميع المحركات	518
F-000018	- ذكاء اصطناعي مفعل في كل مكان يساعد ولا يتحكم	المبادئ الثابتة في جميع المحركات	519
F-000019	- لا إغلاق نهائي لأي مخرجات: كل شيء قابل للتعديل دائماً	المبادئ الثابتة في جميع المحركات	520
F-000020	- لا حدود لحجم البيانات أو عدد الملفات أو الصفوف	المبادئ الثابتة في جميع المحركات	521
F-000021	- تكامل كامل بين جميع المحركات	المبادئ الثابتة في جميع المحركات	522
F-000022	- واجهة رسومية فاخرة وعصرية	المبادئ الثابتة في جميع المحركات	523
F-000023	- قابلية توسع غير محدودة وبنية وحدوية	المبادئ الثابتة في جميع المحركات	524
F-000024	- مدراء الإدارات والمدراء التنفيذيون	المستخدمون المستهدفون	530
F-000025	- محللو البيانات والمتخصصون	المستخدمون المستهدفون	531
F-000026	- الجهات الحكومية والرسمية	المستخدمون المستهدفون	532
F-000027	- الشركات المتوسطة والكبيرة	المستخدمون المستهدفون	533
F-000028	- فرق التقارير التشغيلية والمالية	المستخدمون المستهدفون	534
F-000029	- أي مستخدم يتعامل مع بيانات دون خبرة تقنية	المستخدمون المستهدفون	535
F-000030	ملفات البيانات	1.1 المصادر المدعومة	544
F-000031	- ملفات Excel بجميع الإصدارات والأحجام بلا حد أقصى	1.1 المصادر المدعومة	546
F-000032	- ملفات CSV بجميع الترميزات	1.1 المصادر المدعومة	547
F-000033	- ملفات TXT النصية	1.1 المصادر المدعومة	548
F-000034	- ملفات JSON	1.1 المصادر المدعومة	549
F-000035	- Google Sheets عبر الربط المباشر	1.1 المصادر المدعومة	550
F-000036	- قواعد بيانات مباشرة	1.1 المصادر المدعومة	551
F-000037	- ملفات مضغوطة تحتوي على ملفات متعددة	1.1 المصادر المدعومة	552
F-000038	- مجلدات كاملة يتم رفعها دفعة واحدة	1.1 المصادر المدعومة	553
F-000039	ملفات المستندات	1.1 المصادر المدعومة	555
F-000040	- ملفات Word بجميع الإصدارات	1.1 المصادر المدعومة	557
F-000041	- ملفات PDF المنسقة والممسوحة ضوئياً	1.1 المصادر المدعومة	558
F-000042	- نصوص خام بجميع الصيغ	1.1 المصادر المدعومة	559
F-000043	- تقارير رسمية بأي تنسيق	1.1 المصادر المدعومة	560
F-000044	- عروض تقديمية PowerPoint و Google Slides	1.1 المصادر المدعومة	561
F-000045	الصور والوسائط	1.1 المصادر المدعومة	563
F-000046	- صور تقارير ومستندات وجداول	1.1 المصادر المدعومة	565
F-000047	- صور إيصالات وفواتير	1.1 المصادر المدعومة	566
F-000048	- صور بيانات مطبوعة أو مكتوبة بخط اليد	1.1 المصادر المدعومة	567
F-000049	- قراءة النصوص والأرقام والجداول داخل الصور عبر التعرف البصري	1.1 المصادر المدعومة	568
F-000050	- تحويل الجداول المصورة إلى جداول رقمية قابلة للتحليل	1.1 المصادر المدعومة	569
F-000051	- مقاطع فيديو يوتيوب كمصدر للمحتوى	1.1 المصادر المدعومة	570
F-000052	مصادر مباشرة	1.1 المصادر المدعومة	572
F-000053	- روابط مواقع إلكترونية ومحتوى صفحات ويب	1.1 المصادر المدعومة	574
F-000054	- بريد إلكتروني	1.1 المصادر المدعومة	575
F-000055	- أنظمة تخطيط الموارد	1.1 المصادر المدعومة	576
F-000056	- واجهات برمجية خارجية	1.1 المصادر المدعومة	577
F-000057	- استيراد البيانات خصوصًا Excel	1.1 المصادر المدعومة	578
F-000058	- دمج مع Gmail وNotion وGoogle Drive عبر الموصلات	1.1 المصادر المدعومة	579
F-000059	- دمج مع Browser Operator لجمع بيانات المنافسين	1.1 المصادر المدعومة	580
F-000060	- استيراد التصاميم من Canva	1.1 المصادر المدعومة	581
F-000061	- سحب وإفلات ملفات متعددة Excel دفعة واحدة	1.1 المصادر المدعومة	582
F-000062	- رفع 10 ملفات شهرية ودمجها تلقائيًا	1.1 المصادر المدعومة	583
F-000063	- استخراج جدول موحد من ملفات متعددة	1.1 المصادر المدعومة	584
F-000064	- رفع مجلد كامل وليس فقط ملفات منفردة	1.1 المصادر المدعومة	585
F-000065	- قراءة جميع الشيتات تلقائيًا مع عرض خريطة محتوى	1.1 المصادر المدعومة	586
F-000066	- يسحب 50 ملف Excel	1.1 المصادر المدعومة	587
F-000067	- رفع 500 ملف Excel مختلفة المحتوى بضغطة زر واحدة	1.1 المصادر المدعومة	588
F-000068	- رفع ملفات متعددة	1.1 المصادر المدعومة	589
F-000069	- دعم جميع أنواع الملفات (Excel, CSV, TXT, Word, PDF, Images, APIs, DBs)	1.1 المصادر المدعومة	590
F-000070	- قراءة ملفات متعددة الأنواع معًا	1.1 المصادر المدعومة	591
F-000071	- سحب ملف لإرفاقه في مراسلة أو تقرير أو صفحة أو مهمة	1.1 المصادر المدعومة	592
F-000072	- سحب ملفات إلى مجلد ذكي لإنشاء قاعدة تصنيف	1.1 المصادر المدعومة	593
F-000073	- سحب قالب وإفلاته لإنشاء تقرير أو مراسلة أو لوحة جديدة	1.1 المصادر المدعومة	594
F-000074	- سحب حقل إلى فلتر أو محور تجميع داخل تقرير أو لوحة	1.1 المصادر المدعومة	595
F-000075	- سحب صفحة داخل شجرة الصفحات لتغيير التسلسل	1.1 المصادر المدعومة	596
F-000076	- سحب Feature Flag على مجموعة مستخدمين أو أدوار لاستهدافهم	1.1 المصادر المدعومة	597
F-000077	- سحب مزود SMS أو Email إلى Notification Channel Stack لتفعيلها	1.1 المصادر المدعومة	598
F-000078	- سحب لون أو Token وإفلاته على مكوّن لتطبيقه	1.1 المصادر المدعومة	599
F-000079	- سحب Theme وإفلاته على وحدة لتفعيل ثيم خاص بها	1.1 المصادر المدعومة	600
F-000080	- سحب Permission Chip على دور لإضافته	1.1 المصادر المدعومة	601
F-000081	- سحب مستخدم إلى قسم لتفعيل سياسات رؤية بيانات القسم	1.1 المصادر المدعومة	602
F-000082	- سحب مراسلة على Workflow Template لتطبيق مسار اعتماد	1.1 المصادر المدعومة	603
F-000083	- سحب مراسلة على Schedule Slot لجدولة الإرسال	1.1 المصادر المدعومة	604
F-000084	- سحب تصعيد على فريق لتغيير المالك مع تحقق صلاحيات	1.1 المصادر المدعومة	605
F-000085	- رفع ملفات Excel شهرية مع فهرسة تلقائية	1.1 المصادر المدعومة	606
F-000086	- دعم Data Connectors لإنشاء SheetForge مكتمل	1.1 المصادر المدعومة	607
F-000087	- عدم تخزين بيانات Excel ثنائية في قاعدة البيانات	1.1 المصادر المدعومة	608
F-000088	- دعم رفع ملفات Excel مع فهرسة تلقائية لبناء قواعد بيانات موحدة	1.1 المصادر المدعومة	609
F-000089	- قراءة أي ملف	1.1 المصادر المدعومة	610
F-000090	- دعم ملفات PDF منسقة وممسوحة ضوئياً	1.1 المصادر المدعومة	611
F-000091	- دعم ملفات مضغوطة متعددة	1.1 المصادر المدعومة	612
F-000092	- دعم مجلدات كاملة	1.1 المصادر المدعومة	613
F-000093	- دعم روابط مباشرة	1.1 المصادر المدعومة	614
F-000094	- استيراد العروض من PowerPoint	1.1 المصادر المدعومة	615
F-000095	- استيراد العروض من Google Slides	1.1 المصادر المدعومة	616
F-000096	- استخراج بيانات من صور ومستندات ممسوحة	1.1 المصادر المدعومة	617
F-000097	- استخراج بيانات من صور وفواتير ومستندات ممسوحة	1.1 المصادر المدعومة	618
F-000098	- تصدير PDF / صورة	1.1 المصادر المدعومة	619
F-000099	- يحدد نوع الملف (مالي، موارد بشرية، مبيعات…)	1.1 المصادر المدعومة	620
F-000100	- التعرف على نوع كل ملف (مبيعات، موارد بشرية، مشاريع، مالية…)	1.1 المصادر المدعومة	621
F-000101	- دعم تعدد العملاء (Multi-tenant) من البداية	1.1 المصادر المدعومة	622
F-000102	- جميع الكتابات تتم عبر K3.	1.1 المصادر المدعومة	623
F-000103	- استيراد ملفات اكسل بجميع أنواعها القديمة والحديثة	1.1 المصادر المدعومة	624
F-000104	- استيراد ملفات القيم المفصولة بفواصل وملفات النصوص المنظمة	1.1 المصادر المدعومة	625
F-000105	- استيراد ملفات المستندات المحمولة واستخلاص البيانات منها	1.1 المصادر المدعومة	626
F-000106	- استيراد ملفات وورد واستخلاص الجداول والنصوص منها	1.1 المصادر المدعومة	627
F-000107	- استيراد الصور واستخلاص البيانات منها باستخدام التعرف البصري على النصوص	1.1 المصادر المدعومة	628
F-000108	- استيراد البيانات من قواعد البيانات مباشرة	1.1 المصادر المدعومة	629
F-000109	- استيراد البيانات من واجهات ربط خارجية	1.1 المصادر المدعومة	630
F-000110	- استيراد البيانات من صفحات الانترنت عبر الاستخلاص التلقائي	1.1 المصادر المدعومة	631
F-000111	- استيراد ملفات العروض التقديمية واستخلاص المحتوى منها	1.1 المصادر المدعومة	632
F-000112	- دعم استيراد ملفات ضخمة تتجاوز ملايين الصفوف	1.1 المصادر المدعومة	633
F-000113	- رفع وتجميع ملفات اكسل مع تنظيم بمشاريع ومجلدات ووسوم	1.1 المصادر المدعومة	634
F-000114	- فهرسة تلقائية للأوراق والجداول والنطاقات والأعمدة والأنواع والقيم المرجعية	1.1 المصادر المدعومة	635
F-000115	- دمج بيانات متعددة المصادر في تقرير واحد	1.1 المصادر المدعومة	636
F-000116	- ربط التقرير بمصدر بيانات حي يتحدث تلقائيا	1.1 المصادر المدعومة	637
F-000117	- تعريف الأبعاد والحقائق والعلاقات بين البيانات	1.1 المصادر المدعومة	638
F-000118	- ذكاء زمني جاهز للتحليل	1.1 المصادر المدعومة	639
F-000119	- سجل مؤشرات الأداء يشمل التعريف والمعادلة والمالك والنطاق والأهداف والحساسية وتاريخ التغير	1.1 المصادر المدعومة	640
F-000120	- إصدارات لتعريفات مؤشرات الأداء	1.1 المصادر المدعومة	641
F-000121	- سير موافقات لتعديل تعريفات المؤشرات	1.1 المصادر المدعومة	642
F-000122	- تصنيف حساسية المؤشر	1.1 المصادر المدعومة	643
F-000123	- معاينة تأثير التغيير على المؤشر قبل التطبيق	1.1 المصادر المدعومة	644
F-000124	- ملكية ومسؤولية واضحة لكل مؤشر	1.1 المصادر المدعومة	645
F-000125	- حقول محسوبة مع دوال وشروط	1.1 المصادر المدعومة	646
F-000126	- ربط مصادر متعددة بدون تعقيد	1.1 المصادر المدعومة	647
F-000127	- سجل دلالي موحد للمؤشرات يتضمن تعريفات وقواعد تجميع ومستويات هرمية ونمذجة أبعاد	1.1 المصادر المدعومة	648
F-000128	- تعريف مجموعات البيانات والمقاييس والأبعاد والحسابات والربط بين المصادر	1.1 المصادر المدعومة	649
F-000129	- فلاتر معيارية قابلة للحفظ	1.1 المصادر المدعومة	650
F-000130	- استيراد ملفات بصيغ مختلفة	1.1 المصادر المدعومة	651
F-000131	- ربط بواجهات ربط خارجية مع مفاتيح وقيود	1.1 المصادر المدعومة	652
F-000132	- تحويل البيانات وربط حقول المصدر بحقول المنصة	1.1 المصادر المدعومة	653
F-000133	- مزامنة دورية تلقائية كل ساعة أو يوم أو أسبوع	1.1 المصادر المدعومة	654
F-000134	- سجل المزامنة يشمل النجاح والفشل وتفاصيل الأخطاء وإعادة التشغيل	1.1 المصادر المدعومة	655
F-000135	- دليل الجهات يشمل الوزارات والهيئات والشركات مع جهات الاتصال	1.1 المصادر المدعومة	656
F-000136	- إدخال متعدد يشمل النص والصوت والصور والملفات	1.1 المصادر المدعومة	657
F-000137	- تحليل ملفات اكسل تلقائيا مع رسوم بيانية	1.1 المصادر المدعومة	658
F-000138	- دعم قنوات إضافية مثل واتساب	1.1 المصادر المدعومة	659
F-000139	- رفع ملفات متعددة بالسحب والإفلات	1.1 المصادر المدعومة	660
F-000140	- معاينة الملفات بدون تحميل	1.1 المصادر المدعومة	661
F-000141	- بحث بالاسم والنوع والتاريخ والمحتوى	1.1 المصادر المدعومة	662
F-000142	- فهرسة الملفات تلقائيا للبحث الذكي مع مراعاة الصلاحيات	1.1 المصادر المدعومة	663
F-000143	- رفع وتحميل الملفات	1.1 المصادر المدعومة	664
F-000144	- تخزين سحابي أو محلي	1.1 المصادر المدعومة	665
F-000145	- بحث نصي في كل محتوى المساعدة	1.1 المصادر المدعومة	666
F-000146	- تحويل مواقع ويب إلى عروض شرائح	1.1 المصادر المدعومة	667
F-000147	- تحويل ملفات المستند المحمول إلى عروض شرائح قابلة للتحرير	1.1 المصادر المدعومة	668
F-000148	- تحويل ملفات وورد إلى عروض تقديمية ملخصة	1.1 المصادر المدعومة	669
F-000149	- تحويل ملفات اكسل إلى لوحات مؤشرات تفاعلية	1.1 المصادر المدعومة	670
F-000150	- تحويل ملفات المستند المحمول إلى ملفات وورد مطابقة	1.1 المصادر المدعومة	671
F-000151	- تحويل ملفات وورد إلى PDF مطابق	1.1 المصادر المدعومة	672
F-000152	- تحويل PDF إلى Word مطابق	1.1 المصادر المدعومة	673
F-000153	- تحويل ملفات وورد إلى عروض تقديمية	1.1 المصادر المدعومة	674
F-000154	- تحويل العرض التقديمي إلى مستند محمول	1.1 المصادر المدعومة	675
F-000155	- تحويل ملفات اكسل إلى مستند محمول مع الحفاظ على التنسيق	1.1 المصادر المدعومة	676
F-000156	- تحويل المستند المحمول إلى اكسل مع استخلاص البيانات	1.1 المصادر المدعومة	677
F-000157	- تحويل الصور إلى بيانات منظمة	1.1 المصادر المدعومة	678
F-000158	- تحويل بين جميع صيغ الجداول والنصوص	1.1 المصادر المدعومة	679
F-000159	- دعم التحويل الدفعي لملفات متعددة في وقت واحد	1.1 المصادر المدعومة	680
F-000160	- تحويل عروض شرائح إلى فيديو	1.1 المصادر المدعومة	681
F-000161	- تحويل عروض إلى صفحات ويب تفاعلية	1.1 المصادر المدعومة	682
F-000162	- تحويل مستندات إلى تقارير رسمية منسقة	1.1 المصادر المدعومة	683
F-000163	- تحويل صور إلى مستندات قابلة للتحرير	1.1 المصادر المدعومة	684
F-000164	- تحويل مستندات ممسوحة ضوئيا إلى نسخ نصية منظمة	1.1 المصادر المدعومة	685
F-000165	- تحويل عروض عربية إلى إنجليزية والعكس مع الحفاظ على التصميم	1.1 المصادر المدعومة	686
F-000166	- تحويل تقارير طويلة إلى ملخصات تنفيذية	1.1 المصادر المدعومة	687
F-000167	- تحويل بيانات خام إلى عروض تنفيذية	1.1 المصادر المدعومة	688
F-000168	- تحويل عروض إلى محتوى تدريبي	1.1 المصادر المدعومة	689
F-000169	- تحويل مستندات إلى قوالب قابلة لإعادة الاستخدام	1.1 المصادر المدعومة	690
F-000170	- تحويل مستندات إلى صيغ أرشيفية قانونية	1.1 المصادر المدعومة	691
F-000171	- تحويل معظم إجراءات الإدارة والعمل اليومي إلى تفاعل مباشر بالسحب والإفلات	1.1 المصادر المدعومة	692
F-000172	- تحويل بيانات إلى إنفوجرافيك	1.1 المصادر المدعومة	693
F-000173	- تحويل بيانات إلى إنفوجرافيك بنقرة واحدة	1.1 المصادر المدعومة	694
F-000174	- تحويل جداول اكسل متعددة إلى مجموعة شرائح	1.1 المصادر المدعومة	695
F-000175	- تحويل التصاميم من يسار لليمين إلى يمين لليسار مع الحفاظ على التصميم	1.1 المصادر المدعومة	696
F-000176	- تحويل لغة مع RTL	1.1 المصادر المدعومة	697
F-000177	- سحب ملف إلى مراسلة أو تقرير لإرفاقه	1.1 المصادر المدعومة	698
F-000178	- مكتبة موحدة للملفات والأصول تدعم جميع أنواع القوالب والعناصر والأيقونات والشعارات	1.1 المصادر المدعومة	699
F-000179	- الوصول للمكتبة من أي محرر في المنصة	1.1 المصادر المدعومة	700
F-000180	- السحب من المكتبة إلى أي وحدة مباشرة	1.1 المصادر المدعومة	701
F-000181	- وسم تلقائي للملفات	1.1 المصادر المدعومة	702
F-000182	- سجل إصدارات لكل أصل	1.1 المصادر المدعومة	703
F-000183	- تتبع الاعتماديات	1.1 المصادر المدعومة	704
F-000184	- إشعارات تحديث تلقائية	1.1 المصادر المدعومة	705
F-000185	- مكتبة خاصة بكل جهة ومكتبة مشتركة عامة	1.1 المصادر المدعومة	706
F-000186	- سير عمل موافقة على الإصدارات	1.1 المصادر المدعومة	707
F-000187	- إعادة استخدام الأصول عبر الوحدات	1.1 المصادر المدعومة	708
F-000188	- تطبيقات بيانات مدعومة بنماذج اللغة الكبيرة	1.1 المصادر المدعومة	709
F-000189	- اتصال البيانات	1.1 المصادر المدعومة	710
F-000190	- التضمين	1.1 المصادر المدعومة	711
F-000191	- النشر السحابي	1.1 المصادر المدعومة	712
F-000192	- نمذجة البيانات	1.1 المصادر المدعومة	713
F-000193	- تحميل البيانات وطرح الأسئلة باللغة الإنجليزية البسيطة.	1.1 المصادر المدعومة	714
F-000194	- تحميل جدول بيانات أو توصيل المستودع.	1.1 المصادر المدعومة	715
F-000195	- توصيل ودمج البيانات من مئات المصادر.	1.1 المصادر المدعومة	716
F-000196	- استيراد الملفات المجدولة كمجموعات بيانات.	1.1 المصادر المدعومة	717
F-000197	- ربط مصادر بيانات متعددة	1.1 المصادر المدعومة	718
F-000198	- استيراد الملفات المجدولة كمجموعات بيانات	1.1 المصادر المدعومة	719
F-000199	- كشف بياناتك المتصلة، التي تزيد قيمتها عن 100 عملية تكامل، من خلال بروتوكول سياق النموذج	1.1 المصادر المدعومة	720
F-000200	- سحب البيانات من الخدمات الشائعة مثل Google و Salesforce مع أكثر من 100 عملية تكامل و 250+ مقياسًا مضمنًا خارج الصندوق	1.1 المصادر المدعومة	721
F-000201	- تكوين عناصر واجهة مستخدم مأهولة مسبقًا بما في ذلك Google Analytics و Facebook Pages و Facebook Ads و Grade.us و SERPs و Moz و Twitter و Mailchimp و Instagram	1.1 المصادر المدعومة	722
F-000202	- استيراد PDF	1.1 المصادر المدعومة	723
F-000203	- استيراد البيانات	1.1 المصادر المدعومة	724
F-000204	- توصيل بيانات شامل	1.1 المصادر المدعومة	725
F-000205	- توصيل بأي مصدر بيانات	1.1 المصادر المدعومة	726
F-000206	- القدرة على العمل مع أنواع ملفات متعددة (Excel, PowerPoint, Word, PDF)	1.1 المصادر المدعومة	727
F-000207	- القدرة على تحليل ما يصل إلى 10 ملفات في محادثة واحدة	1.1 المصادر المدعومة	728
F-000208	- تحليل البيانات من ملفات Excel و CSV و PDF و JSON	1.1 المصادر المدعومة	729
F-000209	- تحليل ملفات كبيرة جدًا لا يمكن فتحها في تطبيقات جداول البيانات	1.1 المصادر المدعومة	730
F-000210	- تحميل الملفات مباشرة من Google Drive و Microsoft OneDrive	1.1 المصادر المدعومة	731
F-000211	- تحويل ملفات CSV و Excel إلى مخططات ولوحات معلومات وجداول زمنية متوافقة مع العلامة التجارية	1.1 المصادر المدعومة	732
F-000212	- دعم أكثر من 25 لغة	1.1 المصادر المدعومة	733
F-000213	- دعم أنواع متعددة من المخططات (شريطية، دائرية، مبعثرة، خطية، إلخ)	1.1 المصادر المدعومة	734
F-000214	- دعم مجموعة واسعة من أنواع المرئيات	1.1 المصادر المدعومة	735
F-000215	- معالجة ملفات CSV و TSV وملفات البيانات الأخرى	1.1 المصادر المدعومة	736
F-000216	- معالجة ملفات PDF الكبيرة (أكبر من 30 ميغابايت)	1.1 المصادر المدعومة	737
F-000217	- إنشاء مستندات Word وملفات PDF	1.1 المصادر المدعومة	738
F-000218	- إنشاء عرض من ملف PDF	1.1 المصادر المدعومة	739
F-000219	- إنشاء عرض تقديمي من رابط (URL)	1.1 المصادر المدعومة	740
F-000220	- إنشاء عرض من بريد إلكتروني عبر Mail Manus	1.1 المصادر المدعومة	741
F-000221	- إنشاء عرض من محادثات Slack	1.1 المصادر المدعومة	742
F-000222	- بحث معمق تلقائي عبر مصادر متعددة (Wide Research)	1.1 المصادر المدعومة	743
F-000223	- التكامل المباشر مع Google Slides وPowerPoint كإضافة	1.1 المصادر المدعومة	744
F-000224	- وحدة استيراد البيانات (Data Ingestion Module)	1.1 المصادر المدعومة	745
F-000225	- ربط مباشر مع أنظمة ERP	1.1 المصادر المدعومة	746
F-000226	- دعم جميع أنواع المصادر (Excel, CSV, TXT, Google Sheets, قواعد بيانات, ملفات مضغوطة, صور, روابط مواقع, APIs)	1.1 المصادر المدعومة	747
F-000227	- فهرسة متعددة المصادر (ملفات، صفحات، تقارير، مراسلات، جداول مخصصة، موصلات)	1.1 المصادر المدعومة	748
F-000228	- دعم ملفات Excel, CSV, TXT, Word, PDF, Images, APIs, DBs	1.1 المصادر المدعومة	749
F-000229	- منصة ERP + Dashboard قوية	1.1 المصادر المدعومة	750
F-000230	- قواعد بيانات	1.1 المصادر المدعومة	751
F-000231	- PDF (منسق / ممسوح ضوئياً)	1.1 المصادر المدعومة	752
F-000232	- روابط مباشرة	1.1 المصادر المدعومة	753
F-000233	- Images (OCR)	1.1 المصادر المدعومة	754
F-000234	- Databases	1.1 المصادر المدعومة	755
F-000235	- لصق رابط موقع واستخراج محتواه	1.1 المصادر المدعومة	756
F-000236	- استيراد ملف powerpoint وتحويله لعرض المنصة	1.1 المصادر المدعومة	757
F-000237	- استيراد مستند word	1.1 المصادر المدعومة	758
F-000238	- البحث في مكتبة unsplash للصور المجانية	1.1 المصادر المدعومة	759
F-000239	- استيراد من google docs	1.1 المصادر المدعومة	760
F-000240	- استيراد من google slides	1.1 المصادر المدعومة	761
F-000241	- استيراد ملف pdf	1.1 المصادر المدعومة	762
F-000242	- الربط بقواعد بيانات	1.1 المصادر المدعومة	763
F-000243	- تصور البيانات تلقائيًا من ملفات CSV وExcel	1.1 المصادر المدعومة	764
F-000244	- دعم مصادر متعددة مثل google drive، instagram، spotify، microsoft word، microsoft excel، microsoft powerpoint، microsoft 365، google forms، youtube، figma، miro، airtable، tiktok، vimeo، wistia، unsplash، loom، google analytics، ideogram 3.0، make.com، tally، jotform، zapier، amplitude، giphy، typeform، calendly، power bi، تضمين موقع ويب وتطبيقات خارجية.	1.1 المصادر المدعومة	765
F-000245	- لا حد أقصى لعدد الملفات المرفوعة	1.2 القدرة الحجمية غير المحدودة	771
F-000246	- لا حد أقصى لعدد الصفوف حتى لو بلغت الملايين	1.2 القدرة الحجمية غير المحدودة	772
F-000247	- معالجة تدريجية دون تجميد الواجهة	1.2 القدرة الحجمية غير المحدودة	773
F-000248	- معالجة متوازية في الخلفية	1.2 القدرة الحجمية غير المحدودة	774
F-000249	- تقسيم ذكي تلقائي للملفات الضخمة	1.2 القدرة الحجمية غير المحدودة	775
F-000250	- تحميل تدريجي للبيانات	1.2 القدرة الحجمية غير المحدودة	776
F-000251	- إشعار عند انتهاء المعالجة	1.2 القدرة الحجمية غير المحدودة	777
F-000252	- استيعاب غير محدود للبيانات وحجم البيانات بلا حدود نظرية	1.2 القدرة الحجمية غير المحدودة	778
F-000253	- لا يوجد بطء حتى مع ملايين الصفوف	1.2 القدرة الحجمية غير المحدودة	779
F-000254	- استيعاب أي عدد من الصفوف (مئات الآلاف – ملايين – بلا حد منطقي)	1.2 القدرة الحجمية غير المحدودة	780
F-000255	- لا حد لعدد الصفوف	1.2 القدرة الحجمية غير المحدودة	781
F-000256	- معالجة ملفات ضخمة دون بطء	1.2 القدرة الحجمية غير المحدودة	782
F-000257	- لا تجميد للواجهة	1.2 القدرة الحجمية غير المحدودة	783
F-000258	- لا حد لعدد الملفات	1.2 القدرة الحجمية غير المحدودة	784
F-000259	- معالجة خلفية متوازية	1.2 القدرة الحجمية غير المحدودة	785
F-000260	- تقسيم ذكي تلقائي للبيانات الضخمة	1.2 القدرة الحجمية غير المحدودة	786
F-000261	- تحليل دون تحميل كامل البيانات في العرض	1.2 القدرة الحجمية غير المحدودة	787
F-000262	- رفع عدد غير محدود من الملفات بأي نوع	1.2 القدرة الحجمية غير المحدودة	788
F-000263	- دعم 10,000+ عملية مستندية متزامنة	1.2 القدرة الحجمية غير المحدودة	789
F-000264	- دعم 50,000 مستخدم متزامن	1.2 القدرة الحجمية غير المحدودة	790
F-000265	- معالجة الملفات الضخمة بتقسيمها إلى أجزاء ومعالجتها بالتوازي	1.2 القدرة الحجمية غير المحدودة	791
F-000266	- تطبيق تنسيق شرطي على الخلايا بناء على قيمها	1.2 القدرة الحجمية غير المحدودة	792
F-000267	- دعم الجداول الضخمة عبر البث التدريجي	1.2 القدرة الحجمية غير المحدودة	793
F-000268	- دعم أوراق تحتوي أكثر من عشرة ملايين صف	1.2 القدرة الحجمية غير المحدودة	794
F-000269	- تقسيم تقييم الخلايا إلى أجزاء	1.2 القدرة الحجمية غير المحدودة	795
F-000270	- عرض الخلايا حسب نطاق الرؤية فقط	1.2 القدرة الحجمية غير المحدودة	796
F-000271	- تحميل الخلايا عند الحاجة فقط	1.2 القدرة الحجمية غير المحدودة	797
F-000272	- تقسيم الحساب على مستوى الأعمدة	1.2 القدرة الحجمية غير المحدودة	798
F-000273	- تنفيذ أوراق متعددة بالتوازي	1.2 القدرة الحجمية غير المحدودة	799
F-000274	- إعادة حساب موزعة على عدة خوادم	1.2 القدرة الحجمية غير المحدودة	800
F-000275	- توسع أفقي لحسابات الجداول	1.2 القدرة الحجمية غير المحدودة	801
F-000276	- إنشاء تقارير من البيانات الضخمة	1.2 القدرة الحجمية غير المحدودة	802
F-000277	- معالجة ملايين الصفوف من البيانات	1.2 القدرة الحجمية غير المحدودة	803
F-000278	- السماح بتحليل مجموعات البيانات الكبيرة.	1.2 القدرة الحجمية غير المحدودة	804
F-000279	- توسيع نطاق مليارات السجلات باستخدام جداول البيانات و SQL و Python والذكاء الاصطناعي.	1.2 القدرة الحجمية غير المحدودة	805
F-000280	- قابلية التوسع للعمليات المتنامية.	1.2 القدرة الحجمية غير المحدودة	806
F-000281	- تحليل مليارات السجلات.	1.2 القدرة الحجمية غير المحدودة	807
F-000282	- تحليل مجموعات البيانات المعقدة.	1.2 القدرة الحجمية غير المحدودة	808
F-000283	- تحديث البيانات تلقائيًا.	1.2 القدرة الحجمية غير المحدودة	809
F-000284	- توسيع نطاق التحليلات عبر المؤسسة.	1.2 القدرة الحجمية غير المحدودة	810
F-000285	- تحليل ملفات كبيرة جدًا لا يمكن فتحها في تطبيقات جداول البيانات	1.2 القدرة الحجمية غير المحدودة	811
F-000286	- دعم الملفات الكبيرة جدًا دون توقف أو تعليق	1.2 القدرة الحجمية غير المحدودة	812
F-000287	- استيعاب متزامن لـ 10,000 عملية رفع ملفات	1.2 القدرة الحجمية غير المحدودة	813
F-000288	- استيعاب دفعات تصل إلى 100,000 ملف لكل دفعة	1.2 القدرة الحجمية غير المحدودة	814
F-000289	- استيعاب الملفات المستند إلى قائمة انتظار (Queue-based ingestion)	1.2 القدرة الحجمية غير المحدودة	815
F-000290	- تحويل دفعات على مستوى المؤسسات (Enterprise-scale batch conversion)	1.2 القدرة الحجمية غير المحدودة	816
F-000291	- محاكاة ارتفاع التحميلات 10 أضعاف	1.2 القدرة الحجمية غير المحدودة	817
F-000292	- Excel بجميع أحجامه	1.2 القدرة الحجمية غير المحدودة	818
F-000293	- إدارة البيانات الضخمة بدون تعقيد.	1.2 القدرة الحجمية غير المحدودة	819
F-000294	- قدرات ذكية إضافية للملفات الضخمة جدًا.	1.2 القدرة الحجمية غير المحدودة	820
F-000295	- ذكاء في إدارة البيانات الضخمة.	1.2 القدرة الحجمية غير المحدودة	821
F-000296	- أرشفة ذكية حسب الموضوع والسنة.	1.2 القدرة الحجمية غير المحدودة	822
F-000297	- معالجة ملفات ضخمة دون بطء.	1.2 القدرة الحجمية غير المحدودة	823
F-000298	- تنفيذ العمليات في الخلفية.	1.2 القدرة الحجمية غير المحدودة	824
F-000299	- معالجة غير محدودة للملفات ومجموعات البيانات.	1.2 القدرة الحجمية غير المحدودة	825
F-000300	- معالجة تدريجية دون تجميد الواجهة.	1.2 القدرة الحجمية غير المحدودة	826
F-000301	- معالجة خلفية متوازية.	1.2 القدرة الحجمية غير المحدودة	827
F-000302	- دعم ملايين العمليات.	1.2 القدرة الحجمية غير المحدودة	828
F-000303	- معالجة تدريجية.	1.2 القدرة الحجمية غير المحدودة	829
F-000304	- فهرسة مجموعات البيانات الكبيرة.	1.2 القدرة الحجمية غير المحدودة	830
F-000305	- الحفاظ على أداء عالٍ تحت الأحمال القصوى.	1.2 القدرة الحجمية غير المحدودة	831
F-000306	- دعم المعالجة القائمة على البث لمجموعات البيانات الكبيرة.	1.2 القدرة الحجمية غير المحدودة	832
F-000307	- وضع المعالجة المجمعة الضخمة.	1.2 القدرة الحجمية غير المحدودة	833
F-000308	- بنية التحويل المتوازي الضخم.	1.2 القدرة الحجمية غير المحدودة	834
F-000309	- إنشاء لوحات أداء تنفيذية.	1.2 القدرة الحجمية غير المحدودة	835
F-000310	- التوسع التدريجي بدون إعادة بناء النظام.	1.2 القدرة الحجمية غير المحدودة	836
F-000311	- إنشاء تقارير من البيانات الضخمة.	1.2 القدرة الحجمية غير المحدودة	837
F-000312	- بث المستندات الضخمة.	1.2 القدرة الحجمية غير المحدودة	838
F-000313	- التجميع الضخم.	1.2 القدرة الحجمية غير المحدودة	839
F-000314	- توجيه ذكي تلقائي للمسار المجمع مسبقًا عبر GPU للملفات الضخمة.	1.2 القدرة الحجمية غير المحدودة	840
F-000315	- تحسين الأداء والسيادة.	1.2 القدرة الحجمية غير المحدودة	841
F-000316	- اقتراح بدائل آمنة للأداء.	1.2 القدرة الحجمية غير المحدودة	842
F-000317	- الحفاظ على الاستقرار الجمالي تحت تغييرات البيانات الكبيرة.	1.2 القدرة الحجمية غير المحدودة	843
F-000318	- إعادة حساب موزعة عالية الأداء.	1.2 القدرة الحجمية غير المحدودة	844
F-000319	- كشف اختناقات الأداء.	1.2 القدرة الحجمية غير المحدودة	845
F-000320	- التحكم التدريجي في تفعيل/إيقاف الميزات مع استهداف أدوار/مستخدمين محددين.	1.2 القدرة الحجمية غير المحدودة	846
F-000321	- تقارير مفصلة عن وقت كل مرحلة، الاختناقات، والأداء.	1.2 القدرة الحجمية غير المحدودة	847
F-000322	- منع التضخم المبكر.	1.2 القدرة الحجمية غير المحدودة	848
F-000323	- توقعات الأداء.	1.2 القدرة الحجمية غير المحدودة	849
F-000324	- طبقة تحسين الأداء.	1.2 القدرة الحجمية غير المحدودة	850
F-000325	- إنشاء جلسات ذاكرة ضخمة.	1.2 القدرة الحجمية غير المحدودة	851
F-000326	- تحمل استعلامات البحث الكبيرة.	1.2 القدرة الحجمية غير المحدودة	852
F-000327	- إعادة تشغيل معيار الأداء الكامل.	1.2 القدرة الحجمية غير المحدودة	853
F-000328	- ضبط الأداء.	1.2 القدرة الحجمية غير المحدودة	854
F-000329	- أهداف الأداء بناءً على متطلبات تسليم القيمة.	1.2 القدرة الحجمية غير المحدودة	855
F-000330	- تتبع أداء الذكاء الاصطناعي لكل منتج.	1.2 القدرة الحجمية غير المحدودة	856
F-000331	- اعتبارات الأداء.	1.2 القدرة الحجمية غير المحدودة	857
F-000332	- عزل الأداء.	1.2 القدرة الحجمية غير المحدودة	858
F-000333	- محرك الأداء.	1.2 القدرة الحجمية غير المحدودة	859
F-000334	- حاكم الأداء.	1.2 القدرة الحجمية غير المحدودة	860
F-000335	- فرض الأداء.	1.2 القدرة الحجمية غير المحدودة	861
F-000336	- محرك معالجة الملفات الكبيرة.	1.2 القدرة الحجمية غير المحدودة	862
F-000337	- توسيع حاكم الأداء.	1.2 القدرة الحجمية غير المحدودة	863
F-000338	- استيعاب أي عدد من الملفات	1.2 القدرة الحجمية غير المحدودة	864
F-000339	- تستوعب أي حجم بيانات	1.2 القدرة الحجمية غير المحدودة	865
F-000340	- لا يوجد حد نظري لعدد الملفات	1.2 القدرة الحجمية غير المحدودة	866
F-000341	- لا يوجد حد نظري لعدد المستخدمين	1.2 القدرة الحجمية غير المحدودة	867
F-000342	- حجم الملف الواحد الأقصى: ≥ 10GB	1.2 القدرة الحجمية غير المحدودة	868
F-000343	- معالجة مليار صف على عنقود مخصص	1.2 القدرة الحجمية غير المحدودة	869
F-000344	- معالجة متوازية موزعة	1.2 القدرة الحجمية غير المحدودة	870
F-000345	- معالجة متدفقة	1.2 القدرة الحجمية غير المحدودة	871
F-000346	- دعم Partitioning	1.2 القدرة الحجمية غير المحدودة	872
F-000347	- دعم Sharding	1.2 القدرة الحجمية غير المحدودة	873
F-000348	- دعم Caching	1.2 القدرة الحجمية غير المحدودة	874
F-000349	- توسعة أفقية مثبتة	1.2 القدرة الحجمية غير المحدودة	875
F-000350	- توسعة تلقائية (Auto-scaling)	1.2 القدرة الحجمية غير المحدودة	876
F-000351	- إدارة قوائم الانتظار ذات الأولويات P0–P4	1.2 القدرة الحجمية غير المحدودة	877
F-000352	- إدارة التزامن	1.2 القدرة الحجمية غير المحدودة	878
F-000353	- نموذج تحسين التخزين المؤقت والاستعلام	1.2 القدرة الحجمية غير المحدودة	879
F-000354	- استراتيجية إبطال التخزين المؤقت	1.2 القدرة الحجمية غير المحدودة	880
F-000355	- فصل التخزين التحليلي عن التخزين المعاملاتي	1.2 القدرة الحجمية غير المحدودة	881
F-000356	- معالجة متوازية للرسوميات موزعة	1.2 القدرة الحجمية غير المحدودة	882
F-000357	- عزل GPU	1.2 القدرة الحجمية غير المحدودة	883
F-000358	- Fallback لوحدة المعالجة المركزية (CPU)	1.2 القدرة الحجمية غير المحدودة	884
F-000359	- سياسة التوسعة الأفقية	1.2 القدرة الحجمية غير المحدودة	885
F-000360	- عمال عرض بدون حالة (Stateless rendering workers)	1.2 القدرة الحجمية غير المحدودة	886
F-000361	- استخراج تخطيطي متوازي	1.2 القدرة الحجمية غير المحدودة	887
F-000362	- خط أنابيب معالجة غير متزامنة	1.2 القدرة الحجمية غير المحدودة	888
F-000363	- تحمل إكمال جزئي للمهام	1.2 القدرة الحجمية غير المحدودة	889
F-000364	- نظام أولوية قوائم العرض	1.2 القدرة الحجمية غير المحدودة	890
F-000365	- تكرار جماعي للبيانات	1.2 القدرة الحجمية غير المحدودة	891
F-000366	- استراتيجية ضغط العودة لمحرك العرض	1.2 القدرة الحجمية غير المحدودة	892
F-000367	- نتائج عرض حتمية تحت الحمل	1.2 القدرة الحجمية غير المحدودة	893
F-000368	- اتساق التخطيط عبر العقد	1.2 القدرة الحجمية غير المحدودة	894
F-000369	- نتائج عرض متطابقة عبر النسخ	1.2 القدرة الحجمية غير المحدودة	895
F-000370	- تخزين مؤقت للرموز البصرية	1.2 القدرة الحجمية غير المحدودة	896
F-000371	- معمارية معالجة بصرية موزعة عالية السعة	1.2 القدرة الحجمية غير المحدودة	897
F-000372	- نموذج عرض موزع	1.2 القدرة الحجمية غير المحدودة	898
F-000373	- استراتيجية احتواء الحمل	1.2 القدرة الحجمية غير المحدودة	899
F-000374	- معالجة بصرية موزعة عالية السعة لأكثر من 10,000 مهمة عرض متزامنة	1.2 القدرة الحجمية غير المحدودة	900
F-000375	- تحديد أولويات المهام (P0–P4)	1.2 القدرة الحجمية غير المحدودة	901
F-000376	- استراتيجية احتواء ضغط العودة	1.2 القدرة الحجمية غير المحدودة	902
F-000377	الوضع السهل	1.3 الاستيراد الذكي	908
F-000378	سحب الملفات وإفلاتها وضغط زر واحد. يقوم النظام تلقائياً بالتالي:	1.3 الاستيراد الذكي	911
F-000379	- قراءة جميع الملفات مهما كان نوعها	1.3 الاستيراد الذكي	913
F-000380	- قراءة جميع الشيتات داخل كل ملف	1.3 الاستيراد الذكي	914
F-000381	- اكتشاف الأعمدة وأنواع البيانات تلقائياً	1.3 الاستيراد الذكي	915
F-000382	- اكتشاف الجداول حتى لو لم تكن منسقة	1.3 الاستيراد الذكي	916
F-000383	- تجاهل الصفوف غير المهمة	1.3 الاستيراد الذكي	917
F-000384	- التعرف على الجداول المكررة بين ملفات مختلفة	1.3 الاستيراد الذكي	918
F-000385	- اقتراح الدمج تلقائياً حسب التشابه	1.3 الاستيراد الذكي	919
F-000386	- توحيد أسماء الأعمدة المتشابهة بالذكاء الاصطناعي	1.3 الاستيراد الذكي	920
F-000387	- كشف التكرار والأخطاء	1.3 الاستيراد الذكي	921
F-000388	- ربط الملفات تلقائياً عبر أعمدة مشتركة	1.3 الاستيراد الذكي	922
F-000389	الوضع المتقدم	1.3 الاستيراد الذكي	924
F-000390	- تحديد الشيتات المراد قراءتها	1.3 الاستيراد الذكي	926
F-000391	- تحديد نطاق الصفوف والأعمدة	1.3 الاستيراد الذكي	927
F-000392	- اختيار طريقة التعرف على الجداول	1.3 الاستيراد الذكي	928
F-000393	- تحديد كيفية التعامل مع القيم الفارغة	1.3 الاستيراد الذكي	929
F-000394	وضع الفحص قبل الاستيراد	1.3 الاستيراد الذكي	931
F-000395	- عرض عدد الصفوف والأعمدة لكل ملف	1.3 الاستيراد الذكي	933
F-000396	- عرض نسبة القيم الفارغة	1.3 الاستيراد الذكي	934
F-000397	- عرض الأعمدة المتكررة والحساسة	1.3 الاستيراد الذكي	935
F-000398	- تصنيف الملف المقترح من الذكاء الاصطناعي	1.3 الاستيراد الذكي	936
F-000399	- وحدة استيراد البيانات (Data Ingestion Module)	1.3 الاستيراد الذكي	937
F-000400	- تحميل تدريجي وجزئي للبيانات للعمل على جزء محدد دون تحميل كامل الملف	1.3 الاستيراد الذكي	938
F-000401	- جدولة المعالجة الثقيلة في الخلفية	1.3 الاستيراد الذكي	939
F-000402	- دعم استيراد قوالب ونماذج خارجية	1.3 الاستيراد الذكي	940
F-000403	- استيراد قالب خارجي (Import Template)	1.3 الاستيراد الذكي	941
F-000404	- فهم نوع كل عمود (رقم، تاريخ، اسم، فئة…)	1.3 الاستيراد الذكي	942
F-000405	- اختلاف صيغ تواريخ	1.3 الاستيراد الذكي	943
F-000406	- اقتراح توحيد الأعمدة المتشابهة	1.3 الاستيراد الذكي	944
F-000407	- دمج عمود من ملف مع عمود من ملف آخر	1.3 الاستيراد الذكي	945
F-000408	- سحب عمود من جدول وإفلاته على عمود آخر	1.3 الاستيراد الذكي	946
F-000409	- ربط حسب أكثر من عمود	1.3 الاستيراد الذكي	947
F-000410	- إنشاء عمود جديد ناتج من عمودين	1.3 الاستيراد الذكي	948
F-000411	- فصل عمود إلى عدة أعمدة	1.3 الاستيراد الذكي	949
F-000412	- تقسيم الاسم الكامل إلى (اسم أول – اسم أخير)	1.3 الاستيراد الذكي	950
F-000413	- تقسيم التاريخ إلى (يوم – شهر – سنة)	1.3 الاستيراد الذكي	951
F-000414	- تقسيم نص حسب رمز معين	1.3 الاستيراد الذكي	952
F-000415	- دمج ملفات متعددة	1.3 الاستيراد الذكي	953
F-000416	- إنشاء علاقة بين عمودين	1.3 الاستيراد الذكي	954
F-000417	- إنشاء عمود مشتق	1.3 الاستيراد الذكي	955
F-000418	- الفهم الأولي التلقائي للملفات	1.3 الاستيراد الذكي	956
F-000419	- تصنيف نوع كل ملف	1.3 الاستيراد الذكي	957
F-000420	- استخراج الجداول	1.3 الاستيراد الذكي	958
F-000421	- استخراج النصوص	1.3 الاستيراد الذكي	959
F-000422	- اكتشاف العلاقات المحتملة	1.3 الاستيراد الذكي	960
F-000423	- تحديد المواضيع العامة	1.3 الاستيراد الذكي	961
F-000424	- مطابقة حرفية 1:1 من أي صيغة إلى أي صيغة	1.3 الاستيراد الذكي	962
F-000425	- الكشف التلقائي عن نوع البيانات في كل عمود	1.3 الاستيراد الذكي	963
F-000426	- الكشف التلقائي عن ترميز الملف ولغته	1.3 الاستيراد الذكي	964
F-000427	- دعم استيراد ملفات متعددة دفعة واحدة	1.3 الاستيراد الذكي	965
F-000428	- دمج بيانات من مصادر متعددة في جدول واحد	1.3 الاستيراد الذكي	966
F-000429	- بحث عالمي من أي مكان في المنصة بالضغط على اختصار لوحة المفاتيح	1.3 الاستيراد الذكي	967
F-000430	- بحث ذكي يفهم الاختصارات مع تصحيح تلقائي	1.3 الاستيراد الذكي	968
F-000431	- فلاتر بحث حسب الوحدة والنوع والتاريخ والمستخدم	1.3 الاستيراد الذكي	969
F-000432	- نتائج مصنفة ومجمعة حسب النوع مثل مراسلة وتقرير ومستخدم	1.3 الاستيراد الذكي	970
F-000433	- بحث داخل الملفات المرفقة	1.3 الاستيراد الذكي	971
F-000434	- حفظ البحث لاستخدامه لاحقا	1.3 الاستيراد الذكي	972
F-000435	- اقتراحات فورية أثناء الكتابة	1.3 الاستيراد الذكي	973
F-000436	- تاريخ البحث يحفظ آخر عمليات البحث	1.3 الاستيراد الذكي	974
F-000437	- بحث دلالي مدمج مع بحث بالكلمات المفتاحية مع إعادة ترتيب النتائج	1.3 الاستيراد الذكي	975
F-000438	- من نتيجة البحث يمكن تنفيذ إجراء مثل الفتح والمشاركة والتصدير وإنشاء مهمة	1.3 الاستيراد الذكي	976
F-000439	- بحث ذكي في مستندات المنصة مع مراعاة الصلاحيات	1.3 الاستيراد الذكي	977
F-000440	- خطوات معالجة متتابعة للرفع والتحويل والتقسيم والفهرسة	1.3 الاستيراد الذكي	978
F-000441	- مراجع واقتباسات داخل الإجابة مع روابط للمصدر	1.3 الاستيراد الذكي	979
F-000442	- تقييم دقة الاستشهاد والتغطية وكشف الإجابات غير الدقيقة	1.3 الاستيراد الذكي	980
F-000443	- تفضيل المصادر الرسمية والأحدث والأكثر موثوقية	1.3 الاستيراد الذكي	981
F-000444	- فهرسة متعددة المصادر تشمل الملفات والصفحات والتقارير والمراسلات والجداول المخصصة والموصلات	1.3 الاستيراد الذكي	982
F-000445	- بحث متقدم نصي مع فلاتر متعددة وبحث في المرفقات	1.3 الاستيراد الذكي	983
F-000446	- إنشاء تعبيرات تحليل البيانات (DAX) للمبدعين المتقدمين	1.3 الاستيراد الذكي	984
F-000447	- الكتابة السحرية (Magic Write)	1.3 الاستيراد الذكي	985
F-000448	- الممحاة السحرية (Magic Eraser)	1.3 الاستيراد الذكي	986
F-000449	- الحجم السحري (Magic Resize)	1.3 الاستيراد الذكي	987
F-000450	- إزالة الخلفية (Background Remover)	1.3 الاستيراد الذكي	988
F-000451	- الرسوم المتحركة (Animations)	1.3 الاستيراد الذكي	989
F-000452	- التسميات التوضيحية المدعومة بالذكاء الاصطناعي (AI-powered captions)	1.3 الاستيراد الذكي	990
F-000453	- التصميم السحري (Magic Design)	1.3 الاستيراد الذكي	991
F-000454	- مولد الصور بالذكاء الاصطناعي (AI Image Generator)	1.3 الاستيراد الذكي	992
F-000455	- مولد رمز الاستجابة السريعة (QR code generator)	1.3 الاستيراد الذكي	993
F-000456	- مولد الشعار بالذكاء الاصطناعي (AI logo generator)	1.3 الاستيراد الذكي	994
F-000457	- مولد التوقيع (Signature generator)	1.3 الاستيراد الذكي	995
F-000458	- مولد اسم النشاط التجاري (Business name generator)	1.3 الاستيراد الذكي	996
F-000459	- أتمتة العلامة التجارية بالذكاء الاصطناعي	1.3 الاستيراد الذكي	997
F-000460	- مولد التصميم بالذكاء الاصطناعي	1.3 الاستيراد الذكي	998
F-000461	- التحرير المدعوم بالذكاء الاصطناعي	1.3 الاستيراد الذكي	999
F-000462	- الرموز والصور التي تم إنشاؤها بواسطة الذكاء الاصطناعي	1.3 الاستيراد الذكي	1000
F-000463	- أدوات كتابة النصوص والترجمة بالذكاء الاصطناعي	1.3 الاستيراد الذكي	1001
F-000464	- مدقق إمكانية الوصول بالذكاء الاصطناعي وأدوات الامتثال المرئي لـ WCAG	1.3 الاستيراد الذكي	1002
F-000465	- معدل الصور بالذكاء الاصطناعي	1.3 الاستيراد الذكي	1003
F-000466	- مكبر الصور بالذكاء الاصطناعي	1.3 الاستيراد الذكي	1004
F-000467	- مزيل خلفية الصور بالذكاء الاصطناعي	1.3 الاستيراد الذكي	1005
F-000468	- مرمم الصور بالذكاء الاصطناعي	1.3 الاستيراد الذكي	1006
F-000469	- مزيل النص بالذكاء الاصطناعي	1.3 الاستيراد الذكي	1007
F-000470	- الحفاظ على المحتوى بالذكاء الاصطناعي	1.3 الاستيراد الذكي	1008
F-000471	- المخطط التفصيلي بالذكاء الاصطناعي	1.3 الاستيراد الذكي	1009
F-000472	- مولد الأيقونات بالذكاء الاصطناعي	1.3 الاستيراد الذكي	1010
F-000473	- استيراد ذكي للبيانات	1.3 الاستيراد الذكي	1011
F-000474	- تحويل الأسئلة باللغة الطبيعية إلى استعلامات بيانات معقدة	1.3 الاستيراد الذكي	1012
F-000475	- تحويل الأوامر النصية إلى تحليلات وتقارير	1.3 الاستيراد الذكي	1013
F-000476	- تحويل الأوامر النصية البسيطة إلى تقارير مصممة بالكامل	1.3 الاستيراد الذكي	1014
F-000477	- تحويل الاستعلامات باللغة العادية إلى استعلامات SQL	1.3 الاستيراد الذكي	1015
F-000478	- تحويل البحث من مصادر متعددة إلى موجزات واضحة وقابلة للتنفيذ	1.3 الاستيراد الذكي	1016
F-000479	- تحويل البيانات إلى مخططات شريطية ودائرية وخطية احترافية	1.3 الاستيراد الذكي	1017
F-000480	- تحويل البيانات الأولية إلى قصص جاهزة للعرض تلقائيًا	1.3 الاستيراد الذكي	1018
F-000481	- تحويل البيانات غير المنظمة إلى روايات منظمة ولوحة معلومات تفاعلية	1.3 الاستيراد الذكي	1019
F-000482	- تحويل البيانات والمستندات إلى تحليلات ولوحات معلومات وتقارير	1.3 الاستيراد الذكي	1020
F-000483	- تحويل التقارير بسهولة إلى شرائح PowerPoint	1.3 الاستيراد الذكي	1021
F-000484	- تحويل المحادثات والاستكشافات إلى تقارير وشرائح منظمة	1.3 الاستيراد الذكي	1022
F-000485	- تحويل الملفات أو الأفكار إلى تقارير واضحة وثاقبة على الفور	1.3 الاستيراد الذكي	1023
F-000486	- تحويل النص العادي إلى مستندات منسقة	1.3 الاستيراد الذكي	1024
F-000487	- تحويل تحديث حالة المشروع إلى عرض تقديمي أنيق واحترافي	1.3 الاستيراد الذكي	1025
F-000488	- تحويل جداول البيانات إلى رؤى قابلة للتنفيذ تلقائيًا	1.3 الاستيراد الذكي	1026
F-000489	- تحويل جداول البيانات إلى شرائح متحركة	1.3 الاستيراد الذكي	1027
F-000490	- تحويل صيغ التقارير	1.3 الاستيراد الذكي	1028
F-000491	- تحويل مؤشرات الأداء الرئيسية والاتجاهات والنتائج إلى عروض تقديمية مرئية واضحة	1.3 الاستيراد الذكي	1029
F-000492	- تحويل مستند إلى عرض تقديمي في PowerPoint	1.3 الاستيراد الذكي	1030
F-000493	- تحويل ملاحظات غير رسمية إلى تقرير رسمي	1.3 الاستيراد الذكي	1031
F-000494	- تحويل ملفات CSV و Excel إلى مخططات ولوحات معلومات وجداول زمنية متوافقة مع العلامة التجارية	1.3 الاستيراد الذكي	1032
F-000495	- تصدير بصيغة PowerPoint (.pptx) قابل للتعديل	1.3 الاستيراد الذكي	1033
F-000496	- سحب وإفلات ملفات متعددة Excel دفعة واحدة	1.3 الاستيراد الذكي	1034
F-000497	- رفع 10 ملفات شهرية ودمجها تلقائيًا	1.3 الاستيراد الذكي	1035
F-000498	- الاستيراد الذكي والمتقدم	1.3 الاستيراد الذكي	1036
F-000499	- رفع مجلد كامل وليس فقط ملفات منفردة	1.3 الاستيراد الذكي	1037
F-000500	- وضع الفحص قبل الاستيراد	1.3 الاستيراد الذكي	1038
F-000501	- تلخيص ملف ضخم في صفحة واحدة	1.3 الاستيراد الذكي	1039
F-000502	- دمج 500 ملف ضمن 10 مجموعات تلقائيًا	1.3 الاستيراد الذكي	1040
F-000503	- تحليل 500 ملف بدون تدخل يدوي	1.3 الاستيراد الذكي	1041
F-000504	- نظام استيراد المصادر المتعددة	1.3 الاستيراد الذكي	1042
F-000505	- تقسيم ملف ضخم إلى عدة ملفات	1.3 الاستيراد الذكي	1043
F-000506	- رفع ملفات جديدة خاصة بكل خدمة	1.3 الاستيراد الذكي	1044
F-000507	- رفع ملفات وتفريغها وتنظيفها وتوحيدها وتحليلها وإنشاء لوحات مؤشرات وتقارير وعروض تقديمية بضغطة زر	1.3 الاستيراد الذكي	1045
F-000508	- دعم استيراد القوالب الخارجية	1.3 الاستيراد الذكي	1046
F-000509	- تحميل جزئي وتدريجي للبيانات للعمل على ملخصات أو أجزاء محددة	1.3 الاستيراد الذكي	1047
F-000510	- دعم الجيل السريع المكافئ للمنصة: مخطط تفصيلي بنقرة واحدة ← شرائح، بيانات بنقرة واحدة ← إنفوجرافيك، PDF بنقرة واحدة ← عرض تقديمي قابل للتعديل	1.3 الاستيراد الذكي	1048
F-000511	- اقتراح تلقائي للمصادر، مؤشرات الأداء الرئيسية، التخطيط، وسير العمل	1.3 الاستيراد الذكي	1049
F-000512	- تجريد الموصلات وواجهة الاستيعاب (Connector abstraction + ingestion interface)	1.3 الاستيراد الذكي	1050
F-000513	- تحميل كسول (lazy loading)	1.3 الاستيراد الذكي	1051
F-000514	- تحميل القيم المحددة (المصطلحات، البنود، الغرض من الجمع)	1.3 الاستيراد الذكي	1052
F-000515	- نسخة أساسية: رفع Excel، عمليات دمج وتحليل، داشبورد بسيط	1.3 الاستيراد الذكي	1053
F-000516	- دعم استيراد قالب	1.3 الاستيراد الذكي	1054
F-000517	- رفع وتحميل الملفات	1.3 الاستيراد الذكي	1055
F-000518	- سحب مجموعة ملفات اكسل إلى هذا الويب أبليكيشن	1.3 الاستيراد الذكي	1056
F-000519	- تجميع الملفات المتشابهة معًا	1.3 الاستيراد الذكي	1057
F-000520	- مجلدات كاملة	1.3 الاستيراد الذكي	1058
F-000521	- طبقة استيعاب البيانات	1.3 الاستيراد الذكي	1059
F-000522	- رفع صور ولقطات شاشة لتحويلها لمحتوى	1.3 الاستيراد الذكي	1060
F-000523	- دمج محتوى خارجي	1.3 الاستيراد الذكي	1061
F-000524	- دعم قوالب Excel	1.3 الاستيراد الذكي	1062
F-000525	- التعرف على نوع كل ملف تلقائياً: مبيعات أو موارد بشرية أو مشاريع أو مالية	1.4 تصنيف الملفات بالذكاء الاصطناعي	1068
F-000526	- تجميع الملفات المتشابهة في مجموعات	1.4 تصنيف الملفات بالذكاء الاصطناعي	1069
F-000527	- عرض خريطة عامة تبين المجموعات والتشابه	1.4 تصنيف الملفات بالذكاء الاصطناعي	1070
F-000528	- كشف اللغة المختلطة	1.4 تصنيف الملفات بالذكاء الاصطناعي	1071
F-000529	- فهم العلاقات داخل كل ملف	1.4 تصنيف الملفات بالذكاء الاصطناعي	1072
F-000530	- تصنيف البيانات حسب السرية (سري – داخلي – عام)	1.4 تصنيف الملفات بالذكاء الاصطناعي	1073
F-000531	- تصنيف الملفات حسب النوع	1.4 تصنيف الملفات بالذكاء الاصطناعي	1074
F-000532	- اقتراح أعمدة مناسبة للربط والدمج	1.4 تصنيف الملفات بالذكاء الاصطناعي	1075
F-000533	- اقتراح دمج الملفات تلقائيًا حسب التشابه	1.4 تصنيف الملفات بالذكاء الاصطناعي	1076
F-000534	- اقتراح تنظيف بيانات معين	1.4 تصنيف الملفات بالذكاء الاصطناعي	1077
F-000535	- اقتراح تقسيم ذكي تلقائي للبيانات	1.4 تصنيف الملفات بالذكاء الاصطناعي	1078
F-000536	- اقتراح مفاتيح الربط وأنواع الدمج	1.4 تصنيف الملفات بالذكاء الاصطناعي	1079
F-000537	- اقتراح أفضل سيناريو دمج للملفات والجداول	1.4 تصنيف الملفات بالذكاء الاصطناعي	1080
F-000538	- اقتراح تقسيم البيانات حسب السنة أو فاصل معين	1.4 تصنيف الملفات بالذكاء الاصطناعي	1081
F-000539	- اقتراح أعمدة غير مستخدمة للحذف	1.4 تصنيف الملفات بالذكاء الاصطناعي	1082
F-000540	- اقتراح دمج أعمدة متعددة	1.4 تصنيف الملفات بالذكاء الاصطناعي	1083
F-000541	- اقتراح دمج جداول وأوراق متعددة	1.4 تصنيف الملفات بالذكاء الاصطناعي	1084
F-000542	- اقتراح مفاتيح الربط والدمج في الوضع السهل والمتقدم	1.4 تصنيف الملفات بالذكاء الاصطناعي	1085
F-000543	- تم اكتشاف 312 عمود متكرر	1.4 تصنيف الملفات بالذكاء الاصطناعي	1086
F-000544	- إعادة تسمية الأوراق بذكاء	1.4 تصنيف الملفات بالذكاء الاصطناعي	1087
F-000545	- ترتيب الأوراق	1.4 تصنيف الملفات بالذكاء الاصطناعي	1088
F-000546	- إنشاء قاعدة تصنيف ذكية للملفات عبر السحب والإفلات	1.4 تصنيف الملفات بالذكاء الاصطناعي	1089
F-000547	- إنشاء خريطة معرفة (Knowledge Graph) للعلاقات بين الملفات والمفاهيم	1.4 تصنيف الملفات بالذكاء الاصطناعي	1090
F-000548	- تصنيف المستندات حسب المجال والدرجة	1.4 تصنيف الملفات بالذكاء الاصطناعي	1091
F-000549	- تصنيف البيانات تلقائيا إلى فئات	1.4 تصنيف الملفات بالذكاء الاصطناعي	1092
F-000550	- فهم الجدول كنموذج دلالي وتحديد غرضه التجاري	1.4 تصنيف الملفات بالذكاء الاصطناعي	1093
F-000551	- تصنيف نوع الجدول تلقائيا سواء مالي أو تخطيطي أو إحصائي	1.4 تصنيف الملفات بالذكاء الاصطناعي	1094
F-000552	- تصنيف بوسوم وتصنيفات مخصصة	1.4 تصنيف الملفات بالذكاء الاصطناعي	1095
F-000553	- تصنيف تلقائي واستخراج كلمات مفتاحية	1.4 تصنيف الملفات بالذكاء الاصطناعي	1096
F-000554	- مطابقة المخططات مع النصوص	1.4 تصنيف الملفات بالذكاء الاصطناعي	1097
F-000555	- مطابقة 1:1 بصريًا دائمًا	1.4 تصنيف الملفات بالذكاء الاصطناعي	1098
F-000556	- مطابقة حرفية 1:1	1.4 تصنيف الملفات بالذكاء الاصطناعي	1099
F-000557	- دعم Pixel-level parity	1.4 تصنيف الملفات بالذكاء الاصطناعي	1100
F-000558	- إعادة بناءها 1:1	1.4 تصنيف الملفات بالذكاء الاصطناعي	1101
F-000559	- مطابقة حرفية 1:1 من أي صيغة إلى أي صيغة	1.4 تصنيف الملفات بالذكاء الاصطناعي	1102
F-000560	- مطابقة 1:1 احترافية	1.4 تصنيف الملفات بالذكاء الاصطناعي	1103
F-000561	- وضع نسخ صارم مطابق رياضياً	1.4 تصنيف الملفات بالذكاء الاصطناعي	1104
F-000562	- مقارنة بكسل-بكسل	1.4 تصنيف الملفات بالذكاء الاصطناعي	1105
F-000563	- إعادة إنتاج خطي مطابق	1.4 تصنيف الملفات بالذكاء الاصطناعي	1106
F-000564	- إعادة إنتاج بصري مطابق بنسبة شبه كاملة	1.4 تصنيف الملفات بالذكاء الاصطناعي	1107
F-000565	- مطابقة دقيقة لمواضع العناصر	1.4 تصنيف الملفات بالذكاء الاصطناعي	1108
F-000566	- مطابقة الجداول المعقدة	1.4 تصنيف الملفات بالذكاء الاصطناعي	1109
F-000567	- مقارنة بصرية بكسل-بكسل	1.4 تصنيف الملفات بالذكاء الاصطناعي	1110
F-000568	- دعم وضع نسخ صارم مطابق رياضياً	1.4 تصنيف الملفات بالذكاء الاصطناعي	1111
F-000569	- مطابقة الهوية البصرية العربية	1.4 تصنيف الملفات بالذكاء الاصطناعي	1112
F-000570	- إعادة إنتاج بصري مطابق بنسبة عالية	1.4 تصنيف الملفات بالذكاء الاصطناعي	1113
F-000571	- إعادة إنتاج مطابق حرفياً 1:1 دون أي اختلاف بصري	1.4 تصنيف الملفات بالذكاء الاصطناعي	1114
F-000572	- تطابق المحاذاة الدقيقة للبكسل الواحد	1.4 تصنيف الملفات بالذكاء الاصطناعي	1115
F-000573	- تطابق بكسل-بكسل (Pixel-to-Pixel Matching)	1.4 تصنيف الملفات بالذكاء الاصطناعي	1116
F-000574	- تطابق بصمة التخطيط الرقمية للمستند	1.4 تصنيف الملفات بالذكاء الاصطناعي	1117
F-000575	- جميع عمليات التحويل تعمل بوضع STRICT 1:1 افتراضياً	1.4 تصنيف الملفات بالذكاء الاصطناعي	1118
F-000576	- لا يُسمح بتحسينات جمالية تلقائية في وضع 1:1	1.4 تصنيف الملفات بالذكاء الاصطناعي	1119
F-000577	- الناتج يجب أن يكون مطابقاً هيكلياً وبصرياً ورياضياً	1.4 تصنيف الملفات بالذكاء الاصطناعي	1120
F-000578	- إعادة بناء مطابق بكسل-بكسل	1.4 تصنيف الملفات بالذكاء الاصطناعي	1121
F-000579	- إعادة بناء مطابق حرفياً	1.4 تصنيف الملفات بالذكاء الاصطناعي	1122
F-000580	- تطابق الإحداثيات حتى مستوى البكسل	1.4 تصنيف الملفات بالذكاء الاصطناعي	1123
F-000581	- مقارنة بكسل-بكسل إلزامية	1.4 تصنيف الملفات بالذكاء الاصطناعي	1124
F-000582	- مقارنة بصمة التخطيط	1.4 تصنيف الملفات بالذكاء الاصطناعي	1125
F-000583	- تسجيل تقرير مطابقة رقمي	1.4 تصنيف الملفات بالذكاء الاصطناعي	1126
F-000584	- تحديد مستوى النسخ المطابق لكل طلب	1.4 تصنيف الملفات بالذكاء الاصطناعي	1127
F-000585	- انحراف بكسل لا يتجاوز ‎0.1%‎	1.4 تصنيف الملفات بالذكاء الاصطناعي	1128
F-000586	- تطابق بصمة هيكلية ≥ ‎0.999‎	1.4 تصنيف الملفات بالذكاء الاصطناعي	1129
F-000587	- الحفاظ على عرض الأعمدة بالبكسل	1.4 تصنيف الملفات بالذكاء الاصطناعي	1130
F-000588	- مطابقة بصرية مكافئة بدلاً من مطابقة بكسلية	1.4 تصنيف الملفات بالذكاء الاصطناعي	1131
F-000589	- انحراف بكسلي لا يتجاوز ‎0.1%‎	1.4 تصنيف الملفات بالذكاء الاصطناعي	1132
F-000590	- تحقق مزدوج: بكسل + بصمة هيكلية ≥ ‎0.999‎	1.4 تصنيف الملفات بالذكاء الاصطناعي	1133
F-000591	- تقييم DAG للمعادلات	1.4 تصنيف الملفات بالذكاء الاصطناعي	1134
F-000592	- النسخ الصارم ينتج مطابقة 1:1	1.4 تصنيف الملفات بالذكاء الاصطناعي	1135
F-000593	- يحافظ على المطابقة 1:1 الصارمة	1.4 تصنيف الملفات بالذكاء الاصطناعي	1136
F-000594	- مطابقة 1:1 رياضية	1.4 تصنيف الملفات بالذكاء الاصطناعي	1137
F-000595	- إعادة بناء Formula DAG	1.4 تصنيف الملفات بالذكاء الاصطناعي	1138
F-000596	- الحفاظ على pixel column width	1.4 تصنيف الملفات بالذكاء الاصطناعي	1139
F-000597	- الحفاظ على مطابقة هندسية مطلقة	1.4 تصنيف الملفات بالذكاء الاصطناعي	1140
F-000598	- يتم التحقق من هذه العلاقات وليس فقط البكسل	1.4 تصنيف الملفات بالذكاء الاصطناعي	1141
F-000599	- دعم المصفوفات الديناميكية	1.4 تصنيف الملفات بالذكاء الاصطناعي	1142
F-000600	- التعرف على الخطوط المستخدمة ومطابقتها	1.4 تصنيف الملفات بالذكاء الاصطناعي	1143
F-000601	- تمثيل موحد داخلي لجميع أنواع المستندات بسبع طبقات	1.4 تصنيف الملفات بالذكاء الاصطناعي	1144
F-000602	- تجميد التمثيل الداخلي بعد اكتماله ومنع تعديله	1.4 تصنيف الملفات بالذكاء الاصطناعي	1145
F-000603	- واجهة استعلام باللغة الطبيعية (NLQ).	1.4 تصنيف الملفات بالذكاء الاصطناعي	1146
F-000604	- تصنيف الملفات بالذكاء الاصطناعي	1.4 تصنيف الملفات بالذكاء الاصطناعي	1147
F-000605	- تصنيف ذكي للملفات حسب الأهمية	1.4 تصنيف الملفات بالذكاء الاصطناعي	1148
F-000606	- عرض أسماء الملفات والأوراق والأعمدة	1.5 القراءة التفاعلية	1154
F-000607	- إذا طلب المستخدم الأعمدة فقط يعرضها فقط	1.5 القراءة التفاعلية	1155
F-000608	- إذا سأل عن العلاقات يعرض خريطة العلاقات	1.5 القراءة التفاعلية	1156
F-000609	- يمكن بالسحب والإفلات الدمج مباشرة	1.5 القراءة التفاعلية	1157
F-000610	- إنشاء قصة بيانات (Data Storytelling)	1.5 القراءة التفاعلية	1158
F-000611	- تحويل البيانات إلى قصة تفاعلية	1.5 القراءة التفاعلية	1159
F-000612	- حساب density-preserving sampling للحفاظ على شكل المخطط العام	1.5 القراءة التفاعلية	1160
F-000613	- اقتراح إعادة ترتيب وتقليل التشويش لتحسين العرض	1.5 القراءة التفاعلية	1161
F-000614	- وضع الاستجواب الذكي لطرح أسئلة نصية واسترجاع بيانات محددة	1.5 القراءة التفاعلية	1162
F-000615	- الوضع السهل (Smart Mode)	1.5 القراءة التفاعلية	1163
F-000616	- الوضع المتقدم (Pro Mode)	1.5 القراءة التفاعلية	1164
F-000617	- واجهة استكشاف بيانات تفاعلية	1.5 القراءة التفاعلية	1165
F-000618	- القراءة التفاعلية	1.5 القراءة التفاعلية	1166
F-000619	- تضمين المخططات والمرفقات والمصادر الحية	1.5 القراءة التفاعلية	1167
F-000620	- تضمين لوحات المعلومات في أي مكان	1.5 القراءة التفاعلية	1168
F-000621	- تعديل النص ببضع نقرات فقط	1.5 القراءة التفاعلية	1169
F-000622	- تعديل النص لتحقيق الرسمية والنبرة والطول المناسب	1.5 القراءة التفاعلية	1170
F-000623	- تعديل نبرة التقرير	1.5 القراءة التفاعلية	1171
F-000624	- تعديل وتخصيص التخطيط والنص والعناصر المرئية	1.5 القراءة التفاعلية	1172
F-000625	- تقديم اقتراحات ذكية لتحسين وضوح الكتابة وتأثيرها	1.5 القراءة التفاعلية	1173
F-000626	- تقديم اقتراحات لضمان وضوح الكتابة وخلوها من الأخطاء	1.5 القراءة التفاعلية	1174
F-000627	- تقصير الفقرات الطويلة أو التوسع في الموضوعات المعقدة	1.5 القراءة التفاعلية	1175
F-000628	- قراءة ذكية لكل ملف	1.5 القراءة التفاعلية	1176
F-000629	- قراءة النصوص والأرقام من الصور (تقارير، جداول، إيصالات)	1.5 القراءة التفاعلية	1177
F-000630	- قراءة ملفات متعددة الأنواع معًا	1.5 القراءة التفاعلية	1178
F-000631	- تحليل البيانات دون تحميلها بالكامل في العرض	1.5 القراءة التفاعلية	1179
F-000632	- الترابط الزمني والمنطقي بين البيانات من مصادر مختلفة	1.5 القراءة التفاعلية	1180
F-000633	- ملفات نصية ومستندات (Word, PDF, نصوص خام, تقارير رسمية)	1.5 القراءة التفاعلية	1181
F-000634	- القراءة الذكية متعددة الأنواع	1.5 القراءة التفاعلية	1182
F-000635	- استخراج البيانات داخله	1.5 القراءة التفاعلية	1183
F-000636	- القراءة الذكية	1.5 القراءة التفاعلية	1184
F-000637	- عرض أسماء الملفات	1.5 القراءة التفاعلية	1185
F-000638	- قراءة أي ملف	1.5 القراءة التفاعلية	1186
F-000639	- استخراج النصوص	1.5 القراءة التفاعلية	1187
F-000640	- تفهم أي نوع ملفات	1.5 القراءة التفاعلية	1188
F-000641	- القراءة المتعددة	1.5 القراءة التفاعلية	1189
F-000642	- قراءة PDF	1.5 القراءة التفاعلية	1190
F-000643	- استخراج من صورة فقط	1.5 القراءة التفاعلية	1191
F-000644	- استخراج من PDF	1.5 القراءة التفاعلية	1192
F-000645	- استخراج من PPT	1.5 القراءة التفاعلية	1193
F-000646	- استخراج من Excel	1.5 القراءة التفاعلية	1194
F-000647	- قائمة موحدة بكل الأعمدة عبر جميع الملفات	1.6 مركز التحكم بالأعمدة	1200
F-000648	- بيان مصدر كل عمود	1.6 مركز التحكم بالأعمدة	1201
F-000649	- نسبة القيم المفقودة وعدد القيم الفريدة	1.6 مركز التحكم بالأعمدة	1202
F-000650	- اكتشاف الأعمدة المتشابهة حتى لو اختلفت الأسماء	1.6 مركز التحكم بالأعمدة	1203
F-000651	- سحب عمود من ملف وإفلاته على عمود آخر للربط	1.6 مركز التحكم بالأعمدة	1204
F-000652	- دمج نصي ورقمي ومشروط ومتعدد	1.6 مركز التحكم بالأعمدة	1205
F-000653	- فصل الأعمدة: اسم كامل إلى أول وأخير أو تاريخ إلى يوم وشهر وسنة	1.6 مركز التحكم بالأعمدة	1206
F-000654	- إعادة تسمية يدوية أو تلقائية جماعية	1.6 مركز التحكم بالأعمدة	1207
F-000655	- إنشاء أعمدة مشتقة وتحليلية	1.6 مركز التحكم بالأعمدة	1208
F-000656	- خريطة أعمدة بصرية تعرض العلاقات	1.6 مركز التحكم بالأعمدة	1209
F-000657	- عرض شامل للأعمدة ونسبة القيم الفارغة وعدد القيم الفريدة	1.6 مركز التحكم بالأعمدة	1210
F-000658	- عرض أسماء الملفات والأوراق وخريطة العلاقات بينها	1.6 مركز التحكم بالأعمدة	1211
F-000659	- عرض عدد الصفوف	1.6 مركز التحكم بالأعمدة	1212
F-000660	- سحب عمود وإفلاته على عمود آخر	1.6 مركز التحكم بالأعمدة	1213
F-000661	- اقتراح إعادة ترتيب الأعمدة تلقائياً	1.6 مركز التحكم بالأعمدة	1214
F-000662	- اقتراح تقليل التشويش في العرض	1.6 مركز التحكم بالأعمدة	1215
F-000663	- إدارة أوراق العمل بإعادة التسمية وإزالة الأوراق الفارغة	1.6 مركز التحكم بالأعمدة	1216
F-000664	- سحب لإنشاء جدول، مقارنة، إضافة إلى تحليل مع رؤية مباشرة لجميع العمليات	1.6 مركز التحكم بالأعمدة	1217
F-000665	- تثبيت أعمدة وصفوف عند التمرير	1.6 مركز التحكم بالأعمدة	1218
F-000666	- مقارنة ملفين واكتشاف الفروقات بينهما	1.6 مركز التحكم بالأعمدة	1219
F-000667	- معاينة سريعة مع إحصاءات عن القيم المفقودة والمكررة والشاذة	1.6 مركز التحكم بالأعمدة	1220
F-000668	- مقارنة الفروقات بين نسخ الملفات مع سجل تدقيق	1.6 مركز التحكم بالأعمدة	1221
F-000669	- سحب وإفلات أعمدة من ملفات متعددة لبناء جدول هدف	1.6 مركز التحكم بالأعمدة	1222
F-000670	- معاينة البيانات قبل الاستيراد	1.6 مركز التحكم بالأعمدة	1223
F-000671	- مركز التحكم بالأعمدة	1.6 مركز التحكم بالأعمدة	1224
F-000672	- واجهة بدون كود وتصورات تفاعلية	1.6 مركز التحكم بالأعمدة	1225
F-000673	- إنشاء محتوى مباشرة داخل الأعمدة (AI Column)	1.6 مركز التحكم بالأعمدة	1226
F-000674	- اختيار أفضل تمثيل مرئي للبيانات تلقائيًا	1.6 مركز التحكم بالأعمدة	1227
F-000675	- اقتراح أفضل الرسوم البيانية بناءً- على البيانات	1.6 مركز التحكم بالأعمدة	1228
F-000676	- تحديد نوع المخطط المثالي لمجموعة البيانات تلقائيًا	1.6 مركز التحكم بالأعمدة	1229
F-000677	- اكتشاف الأعمدة وأنواع البيانات والقيم الشاذة والنواقص تلقائيًا (Auto Profiling)	1.6 مركز التحكم بالأعمدة	1230
F-000678	- ربط الملفات تلقائيًا عبر أعمدة مشتركة (Smart Join Suggestions)	1.6 مركز التحكم بالأعمدة	1231
F-000679	- إنشاء أعمدة محسوبة ومشتقة (Calculated/Derived Fields)	1.6 مركز التحكم بالأعمدة	1232
F-000680	- اختيار الأعمدة مباشرة للرسم البياني	1.6 مركز التحكم بالأعمدة	1233
F-000681	- مركز التحكم الذكي بالأعمدة (Column Intelligence System)	1.6 مركز التحكم بالأعمدة	1234
F-000682	- سحب عمود من ملف وإفلاته في ملف آخر لربطهما	1.6 مركز التحكم بالأعمدة	1235
F-000683	- إعادة تسمية الأعمدة (يدوي، جماعي، أو تلقائي بالذكاء الاصطناعي)	1.6 مركز التحكم بالأعمدة	1236
F-000684	- تقسيم عمود إلى عدة أعمدة	1.6 مركز التحكم بالأعمدة	1237
F-000685	- دمج عدة أعمدة في عمود واحد	1.6 مركز التحكم بالأعمدة	1238
F-000686	- اكتشاف الأعمدة المتشابهة التي تمثل نفس الشيء رغم اختلاف الاسم	1.6 مركز التحكم بالأعمدة	1239
F-000687	- خريطة الأعمدة لفهم السياق والعلاقات بينها	1.6 مركز التحكم بالأعمدة	1240
F-000688	- مقارنة محتوى عمودين	1.6 مركز التحكم بالأعمدة	1241
F-000689	- اقتراح وحذف الأعمدة غير المستخدمة أو غير الضرورية	1.6 مركز التحكم بالأعمدة	1242
F-000690	- قائمة موحدة بكل الأعمدة عبر جميع الملفات مع بيان مصدر كل عمود	1.6 مركز التحكم بالأعمدة	1243
F-000691	- تجميع البيانات حسب أي عمود	1.6 مركز التحكم بالأعمدة	1244
F-000692	- ترتيب الأعمدة منطقيًا	1.6 مركز التحكم بالأعمدة	1245
F-000693	- تلوين رؤوس الأعمدة	1.6 مركز التحكم بالأعمدة	1246
F-000694	- ضبط عرض الأعمدة تلقائيًا	1.6 مركز التحكم بالأعمدة	1247
F-000695	- تحويل أنواع بيانات الأعمدة	1.6 مركز التحكم بالأعمدة	1248
F-000696	- أرشفة الأعمدة	1.6 مركز التحكم بالأعمدة	1249
F-000697	- إنشاء علاقة بين عمودين	1.6 مركز التحكم بالأعمدة	1250
F-000698	- تحديد الأعمدة يدويًا	1.6 مركز التحكم بالأعمدة	1251
F-000699	- الحفاظ على خصائص الأعمدة والجداول (عرض الأعمدة بالبكسل، تجميد الصفوف، إلخ)	1.6 مركز التحكم بالأعمدة	1252
F-000700	- تحميل انتقائي للأعمدة المستخدمة فقط (Column-level selective loading)	1.6 مركز التحكم بالأعمدة	1253
F-000701	- تقسيم العمليات على مستوى الأعمدة (Column-level computation partitioning)	1.6 مركز التحكم بالأعمدة	1254
F-000702	- إنشاء أعمدة وتحليلات تلقائيًا	1.6 مركز التحكم بالأعمدة	1255
F-000703	- تحديد الأعمدة الحساسة تلقائيًا	1.6 مركز التحكم بالأعمدة	1256
F-000704	- تحديد أهم الأعمدة المؤثرة في المقاييس	1.6 مركز التحكم بالأعمدة	1257
F-000705	- كشف الأعمدة المتضاربة	1.6 مركز التحكم بالأعمدة	1258
F-000706	- دمج جدولين أو أكثر مع اختيار نوع الدمج	1.7 إدارة الجداول	1264
F-000707	- تقسيم حسب الأعمدة أو الصفوف أو السنة أو الفئة أو الفرع	1.7 إدارة الجداول	1265
F-000708	- تقسيم ملف ضخم إلى ملفات مستقلة	1.7 إدارة الجداول	1266
F-000709	- تقسيم ذكي تلقائي يقترح أفضل طريقة	1.7 إدارة الجداول	1267
F-000710	- إنشاء جداول تلخيصية وجداول محورية	1.7 إدارة الجداول	1268
F-000711	- دمج وفصل أوراق العمل	1.7 إدارة الجداول	1269
F-000712	- إنشاء جدول من وصف نصي بالذكاء الاصطناعي	1.7 إدارة الجداول	1270
F-000713	- حفظ الجداول كقوالب قابلة لإعادة الاستخدام	1.7 إدارة الجداول	1271
F-000714	- إنشاء أعمدة محسوبة ومشتقة	1.7 إدارة الجداول	1272
F-000715	- إنشاء جدول مقارنة وجداول مالية وجداول نهائية منظمة	1.7 إدارة الجداول	1273
F-000716	- تجميع (Group By) وجمع جدول من جدول (Aggregation)	1.7 إدارة الجداول	1274
F-000717	- فصل جدول كبير إلى جداول أصغر وتقسيم الملفات الكبيرة	1.7 إدارة الجداول	1275
F-000718	- دمج أوراق متعددة في جدول واحد ودمج ملفات متشابهة	1.7 إدارة الجداول	1276
F-000719	- تغيير نوع البيانات وتوحيد تنسيق التاريخ والعملات	1.7 إدارة الجداول	1277
F-000720	- إزالة أعمدة غير مهمة واستبعاد أعمدة	1.7 إدارة الجداول	1278
F-000721	- إنشاء مكتبة بيانات منظمة من الملفات المرفوعة	1.7 إدارة الجداول	1279
F-000722	- إنشاء مستودع بيانات مؤقت ودمجه مع بيانات حديثة	1.7 إدارة الجداول	1280
F-000723	- إنشاء جدول مركزي وجدول موحد كبير	1.7 إدارة الجداول	1281
F-000724	- دمج أي عمود مع أي عمود وأي جدول مع أي جدول	1.7 إدارة الجداول	1282
F-000725	- إنشاء نسخ خفيفة للتحليل من ملفات ضخمة	1.7 إدارة الجداول	1283
F-000726	- إدارة البيانات: إنشاء Dataset، تعريف Metric، اقتراح تنظيف	1.7 إدارة الجداول	1284
F-000727	- دعم الجداول الضخمة عبر البث التدريجي	1.7 إدارة الجداول	1285
F-000728	- بث جداول ضخمة تدريجياً	1.7 إدارة الجداول	1286
F-000729	- إعادة حساب متعددة الخيوط	1.7 إدارة الجداول	1287
F-000730	- إعادة حساب حتمية قابلة للتكرار	1.7 إدارة الجداول	1288
F-000731	- تسريع معالجة مليارات الصفوف	1.7 إدارة الجداول	1289
F-000732	- محرك تجميع لحظي	1.7 إدارة الجداول	1290
F-000733	- آلية تجميع مسبق ذكية	1.7 إدارة الجداول	1291
F-000734	- طبقة تجميع مسبق ذكية	1.7 إدارة الجداول	1292
F-000735	- اكتشاف الجداول داخل الشيت حتى لو لم تكن منسقة	1.7 إدارة الجداول	1293
F-000736	- تجاهل الصفوف غير المهمة (عناوين، ملاحظات)	1.7 إدارة الجداول	1294
F-000737	- سحب عمود من ملف وإفلاته في ملف آخر لربطهما	1.7 إدارة الجداول	1295
F-000738	- تقسيم عمود إلى عدة أعمدة	1.7 إدارة الجداول	1296
F-000739	- إنشاء جدول جديد من الصفر	1.7 إدارة الجداول	1297
F-000740	- توليد جدول تلقائيًا من وصف نصي	1.7 إدارة الجداول	1298
F-000741	- بإنشاء جدول ملخص	1.7 إدارة الجداول	1299
F-000742	- تلخيص ملف ضخم في صفحة واحدة	1.7 إدارة الجداول	1300
F-000743	- تحليل نصوص داخل Excel (تعليقات – ملاحظات)	1.7 إدارة الجداول	1301
F-000744	- محرك الذكاء الاصطناعي لمعالجة وتحليل ملفات Excel بكبسة زر	1.7 إدارة الجداول	1302
F-000745	- إنشاء جدول ملخص	1.7 إدارة الجداول	1303
F-000746	- تجميع حسب عمود	1.7 إدارة الجداول	1304
F-000747	- دمج كل الشيتات المتشابهة	1.7 إدارة الجداول	1305
F-000748	- توحيد تنسيق جميع الشيتات	1.7 إدارة الجداول	1306
F-000749	- فصل أوراق تلقائيًا	1.7 إدارة الجداول	1307
F-000750	- إنشاء شيت لكل فرع	1.7 إدارة الجداول	1308
F-000751	- إنشاء شيت لكل سنة	1.7 إدارة الجداول	1309
F-000752	- إنشاء شيت لكل فئة	1.7 إدارة الجداول	1310
F-000753	- تقسيم حسب الصفوف	1.7 إدارة الجداول	1311
F-000754	- محرك تركيب الجداول (SheetForge) لإنشاء جداول مخصصة من ملفات Excel	1.7 إدارة الجداول	1312
F-000755	- Table Composer يبني Dataset موحّد	1.7 إدارة الجداول	1313
F-000756	- إنشاء sheet محاكاة بثلاث أعمدة وصفين ثابتين عند عدم وجود sheets	1.7 إدارة الجداول	1314
F-000757	- حساب totalRows و maxCols من metadata للـ sheets	1.7 إدارة الجداول	1315
F-000758	- نظام إدارة الجداول الضخم (Massive Table Engine)	1.7 إدارة الجداول	1316
F-000759	- دمج غير محدود للجداول	1.7 إدارة الجداول	1317
F-000760	- دمج متعدد المستويات	1.7 إدارة الجداول	1318
F-000761	- دمج عبر ملفات مختلفة	1.7 إدارة الجداول	1319
F-000762	- دمج ذكي تلقائي	1.7 إدارة الجداول	1320
F-000763	- تقسيم حسب شرط أو فئة	1.7 إدارة الجداول	1321
F-000764	- تقسيم ملف ضخم إلى عدة ملفات	1.7 إدارة الجداول	1322
F-000765	- إنشاء جدول محوري	1.7 إدارة الجداول	1323
F-000766	- ترتيب النتائج	1.7 إدارة الجداول	1324
F-000767	- طلب إنشاء جداول وتحليلات عند الطلب	1.7 إدارة الجداول	1325
F-000768	- اكتشاف Dimensions و Measures	1.7 إدارة الجداول	1326
F-000769	- اكتشاف علاقات الجداول	1.7 إدارة الجداول	1327
F-000770	- كشف مفاتيح أولية ومركبة	1.7 إدارة الجداول	1328
F-000771	- اكتشاف الوقت والتراتبية الزمنية	1.7 إدارة الجداول	1329
F-000772	- اقتراح Star Schema تلقائي	1.7 إدارة الجداول	1330
F-000773	- اقتراح Snowflake Schema عند الحاجة	1.7 إدارة الجداول	1331
F-000774	- اقتراح Aggregation Logic	1.7 إدارة الجداول	1332
F-000775	- اقتراح Grouping تلقائي	1.7 إدارة الجداول	1333
F-000776	- إعادة توزيع الحقول حسب الاستخدام	1.7 إدارة الجداول	1334
F-000777	- إعادة بناء الهيكل	1.7 إدارة الجداول	1335
F-000778	- تطابق الجداول المعقدة وهيكلها بالكامل	1.7 إدارة الجداول	1336
F-000779	- تطابق الجداول متعددة الصفحات	1.7 إدارة الجداول	1337
F-000780	- تطابق تنسيقات الخلايا	1.7 إدارة الجداول	1338
F-000781	- تطابق صيغ المعادلات	1.7 إدارة الجداول	1339
F-000782	- تطابق دقة الأرقام	1.7 إدارة الجداول	1340
F-000783	- تطابق المخططات البيانية بكل محاورها وبياناتها وتسلسلها	1.7 إدارة الجداول	1341
F-000784	- تطابق المخططات البيانية	1.7 إدارة الجداول	1342
F-000785	- تحديد أنواع العمليات	1.7 إدارة الجداول	1343
F-000786	- تخصيص تنسيق الجداول	1.7 إدارة الجداول	1344
F-000787	- اختيار مستوى التحليل	1.7 إدارة الجداول	1345
F-000788	- تحويل الجداول المحورية إلى جداول عادية والعكس	1.7 إدارة الجداول	1346
F-000789	- حساب أعمدة جديدة من أعمدة موجودة بمعادلات	1.7 إدارة الجداول	1347
F-000790	- إضافة أعمدة جديدة بناء على معادلات	1.7 إدارة الجداول	1348
F-000791	- حذف أعمدة متعددة دفعة واحدة	1.7 إدارة الجداول	1349
F-000792	- نقل الأعمدة وإعادة ترتيبها بالسحب والإفلات	1.7 إدارة الجداول	1350
F-000793	- تغيير نوع بيانات العمود	1.7 إدارة الجداول	1351
F-000794	- إخفاء أعمدة مع إبقائها في البيانات	1.7 إدارة الجداول	1352
F-000795	- دمج جداول متعددة بناء على أعمدة مشتركة	1.7 إدارة الجداول	1353
F-000796	- ربط جداول من ملفات مختلفة بعلاقات	1.7 إدارة الجداول	1354
F-000797	- إنشاء جداول محورية تفاعلية	1.7 إدارة الجداول	1355
F-000798	- تجميع البيانات وحساب المجاميع والمتوسطات	1.7 إدارة الجداول	1356
F-000799	- إنشاء أعمدة محسوبة ديناميكية تتحدث تلقائيا	1.7 إدارة الجداول	1357
F-000800	- إنشاء أوراق عمل جديدة داخل الملف	1.7 إدارة الجداول	1358
F-000801	- نسخ أوراق العمل بين الملفات	1.7 إدارة الجداول	1359
F-000802	- إعادة تسمية أوراق العمل	1.7 إدارة الجداول	1360
F-000803	- حذف أوراق العمل مع خيار الاحتفاظ بنسخة	1.7 إدارة الجداول	1361
F-000804	- ترتيب أوراق العمل بالسحب والإفلات	1.7 إدارة الجداول	1362
F-000805	- تقسيم ملف كبير إلى ملفات أصغر بناء على معايير	1.7 إدارة الجداول	1363
F-000806	- دمج ملفات متعددة في ملف واحد	1.7 إدارة الجداول	1364
F-000807	- تتبع التغييرات في الملف مع إمكانية التراجع	1.7 إدارة الجداول	1365
F-000808	- حفظ نسخ احتياطية تلقائية	1.7 إدارة الجداول	1366
F-000809	- عمليات جاهزة للدمج والإلحاق والربط والتقسيم والتدوير وعكس التدوير	1.7 إدارة الجداول	1367
F-000810	- اقتراح مفاتيح الربط تلقائيا مع معالجة اختلاف التهجئة والتنسيق	1.7 إدارة الجداول	1368
F-000811	- إعداد أوراق جاهزة للتحليل ولمؤشرات الأداء	1.7 إدارة الجداول	1369
F-000812	- نشر لقواعد البيانات مع اقتراح المفاتيح والفهارس والقيود	1.7 إدارة الجداول	1370
F-000813	- اكتشاف المفتاح الأساسي تلقائيا	1.7 إدارة الجداول	1371
F-000814	- اكتشاف الربط الذكي بين الجداول	1.7 إدارة الجداول	1372
F-000815	- بناء رسم بياني كامل لاعتماديات المعادلات	1.7 إدارة الجداول	1373
F-000816	- الحفاظ الكامل على هندسة الجداول المحورية	1.7 إدارة الجداول	1374
F-000817	- الحفاظ على حالات الفلترة	1.7 إدارة الجداول	1375
F-000818	- تحويل وصف الأعمال إلى جداول محورية	1.7 إدارة الجداول	1376
F-000819	- توليد نماذج متعددة الأوراق من وصف نصي	1.7 إدارة الجداول	1377
F-000820	- توليد جداول توقعات من البيانات	1.7 إدارة الجداول	1378
F-000821	- بناء جداول لوحات مؤشرات تلقائيا	1.7 إدارة الجداول	1379
F-000822	- توليد قوائم مالية تلقائيا	1.7 إدارة الجداول	1380
F-000823	- توليد متتبعات مؤشرات أداء تلقائيا	1.7 إدارة الجداول	1381
F-000824	- توليد نماذج سيناريوهات تلقائيا	1.7 إدارة الجداول	1382
F-000825	- إعادة بناء جداول محورية ذكية من جداول مسطحة	1.7 إدارة الجداول	1383
F-000826	- تحويل أوراق الجداول إلى كتل لوحة مؤشرات تلقائيا	1.7 إدارة الجداول	1384
F-000827	- ربط المقاييس والأبعاد تلقائيا	1.7 إدارة الجداول	1385
F-000828	- الحفاظ على منطق الجداول المحورية	1.7 إدارة الجداول	1386
F-000829	- شرائح تسحب بيانات حية من المنصة مع تحديث مجدول	1.7 إدارة الجداول	1387
F-000830	- إنشاء جداول داخلية كمصدر بيانات أصلي	1.7 إدارة الجداول	1388
F-000831	- أنواع حقول متعددة تشمل النص والرقم والتاريخ والاختيار والمستخدم والملف والعلاقة والمحسوب	1.7 إدارة الجداول	1389
F-000832	- علاقات بين الجداول مع بحث وتجميع	1.7 إدارة الجداول	1390
F-000833	- عروض متعددة تشمل الشبكة ولوحة كانبان والتقويم والتجميع والتدوير	1.7 إدارة الجداول	1391
F-000834	- حقول محسوبة وتجميعية	1.7 إدارة الجداول	1392
F-000835	- نماذج إدخال مع قواعد إظهار الحقول	1.7 إدارة الجداول	1393
F-000836	- أنواع حقول تشمل النص والرقم والتاريخ والاختيار والملف والصورة والتوقيع والموقع الجغرافي	1.7 إدارة الجداول	1394
F-000837	- ربط الاستجابة بجدول مخصص أو كيان أو مراسلة	1.7 إدارة الجداول	1395
F-000838	- نسخ سابقة مع مقارنة بين الإصدارات	1.7 إدارة الجداول	1396
F-000839	- سلة محذوفات مع إمكانية الاسترجاع	1.7 إدارة الجداول	1397
F-000840	- ربط الملفات بأي كيان مثل مراسلة أو تقرير	1.7 إدارة الجداول	1398
F-000841	- استخراج جداول وكيانات وأرقام من المستندات	1.7 إدارة الجداول	1399
F-000842	- إدارة الإصدارات	1.7 إدارة الجداول	1400
F-000843	- الحصول على مخططات تفاعلية ومؤشرات أداء رئيسية ورؤى.	1.7 إدارة الجداول	1401
F-000844	- بناء تخطيطات مؤشرات الأداء الرئيسية والمخططات والفلاتر والرؤى المكتوبة تلقائيًا.	1.7 إدارة الجداول	1402
F-000845	- استكشاف البيانات باللغة الإنجليزية البسيطة والحصول على مخططات وجداول وشروحات على الفور.	1.7 إدارة الجداول	1403
F-000846	- تحليل وتصور وإعداد تقارير وبحث وتقديم.	1.7 إدارة الجداول	1404
F-000847	- إنشاء تصورات مرئية بسرعة.	1.7 إدارة الجداول	1405
F-000848	- عشرة فلاتر تاريخ مدمجة مسبقًا.	1.7 إدارة الجداول	1406
F-000849	- إنشاء نماذج دلالية تلقائيًا من مساحات العمل.	1.7 إدارة الجداول	1407
F-000850	- مراقبة أهم مؤشرات الأداء الرئيسية ومقاييس الأعمال في الوقت الفعلي.	1.7 إدارة الجداول	1408
F-000851	- الوصول إلى البيانات وتحليلها وتصورها في الوقت الفعلي.	1.7 إدارة الجداول	1409
F-000852	- إنشاء تصورات بيانات مخصصة.	1.7 إدارة الجداول	1410
F-000853	- إنشاء نموذج دلالي تلقائي.	1.7 إدارة الجداول	1411
F-000854	- تسريع إعداد البيانات لرؤى الذكاء الاصطناعي الموثوقة.	1.7 إدارة الجداول	1412
F-000855	- التخلص من عنق الزجاجة في إعداد البيانات.	1.7 إدارة الجداول	1413
F-000856	- استكشاف البيانات بشكل حدسي.	1.7 إدارة الجداول	1414
F-000857	- استكشاف البيانات الديناميكي.	1.7 إدارة الجداول	1415
F-000858	- واجهة استكشاف بيانات تفاعلية.	1.7 إدارة الجداول	1416
F-000859	- السماح للمستخدمين بالتفاعل مع البيانات في الوقت الفعلي دون تخطيط مسارات التحليل مسبقًا.	1.7 إدارة الجداول	1417
F-000860	- استبدال جداول البيانات.	1.7 إدارة الجداول	1418
F-000861	- إنشاء تصورات بيانات تفاعلية غنية.	1.7 إدارة الجداول	1419
F-000862	- استكشاف البيانات بحرية في أي اتجاه.	1.7 إدارة الجداول	1420
F-000863	- إنشاء وإعداد بيانات بمساعدة الذكاء الاصطناعي.	1.7 إدارة الجداول	1421
F-000864	- بناء نماذج بيانات مرنة وقابلة لإعادة الاستخدام.	1.7 إدارة الجداول	1422
F-000865	- إنشاء لوحات فرعية	1.7 إدارة الجداول	1423
F-000866	- تضمين اللوحات في مواقع أخرى	1.7 إدارة الجداول	1424
F-000867	- إنشاء صفحات تقرير كاملة في ثوانٍ	1.7 إدارة الجداول	1425
F-000868	- إنشاء تقارير ديناميكية	1.7 إدارة الجداول	1426
F-000869	- إنشاء تصورات ديناميكية	1.7 إدارة الجداول	1427
F-000870	- إنشاء ملخصات ديناميكية	1.7 إدارة الجداول	1428
F-000871	- إنشاء الشرائح تلقائيًا	1.7 إدارة الجداول	1429
F-000872	- ترجمة تلقائية للوحات المعلومات الحية والإجابات	1.7 إدارة الجداول	1430
F-000873	- منشئ لوحة المعلومات بالسحب والإفلات	1.7 إدارة الجداول	1431
F-000874	- مراقبة المقاييس الرئيسية باستمرار وتنبيهك عند حدوث تغيير كبير	1.7 إدارة الجداول	1432
F-000875	- تقسيم وتقطيع المقاييس غير ذات الصلة من تطبيقات مختلفة تمامًا لإنشاء رؤى جديدة تمامًا	1.7 إدارة الجداول	1433
F-000876	- إنشاء الجداول	1.7 إدارة الجداول	1434
F-000877	- إنشاء المخططات الانسيابية والجداول الزمنية	1.7 إدارة الجداول	1435
F-000878	- إنشاء المخططات والرسوم البيانية	1.7 إدارة الجداول	1436
F-000879	- إنشاء الخرائط	1.7 إدارة الجداول	1437
F-000880	- مكتبة المخططات والخرائط	1.7 إدارة الجداول	1438
F-000881	- المخططات والخرائط الذهنية الذكية	1.7 إدارة الجداول	1439
F-000882	- المخططات التفاعلية والتي يمكن الوصول إليها	1.7 إدارة الجداول	1440
F-000883	- مكتبة المخططات والخرائط المتخصصة (أكثر من 35 نوعًا من المخططات ، وأكثر من 800 خريطة)	1.7 إدارة الجداول	1441
F-000884	- خرائط مخصصة	1.7 إدارة الجداول	1442
F-000885	- إدارة الجداول	1.7 إدارة الجداول	1443
F-000886	- دمج الجداول لإنشاء رسوم بيانية مخصصة	1.7 إدارة الجداول	1444
F-000887	- ربط البيانات المتفرقة عبر جداول متعددة	1.7 إدارة الجداول	1445
F-000888	- إنشاء أعمدة علاقات (Relation Columns) لربط الجداول	1.7 إدارة الجداول	1446
F-000889	- دمج المرئيات والرسوم البيانية	1.7 إدارة الجداول	1447
F-000890	- إنشاء جداول داخل المستندات	1.7 إدارة الجداول	1448
F-000891	- إنشاء جداول ورسوم بيانية ثابتة وتفاعلية	1.7 إدارة الجداول	1449
F-000892	- إنشاء جدول بيانات Excel لتتبع النفقات الشهرية	1.7 إدارة الجداول	1450
F-000893	- إنشاء تصورات بيانات معقدة من أوامر بسيطة	1.7 إدارة الجداول	1451
F-000894	- إنشاء تصورات للبيانات كملفات صور (PNG)	1.7 إدارة الجداول	1452
F-000895	- إنشاء جداول بيانات Excel ونماذج مالية بصيغ عاملة	1.7 إدارة الجداول	1453
F-000896	- إنشاء عرض جدول تفاعلي تلقائيًا	1.7 إدارة الجداول	1454
F-000897	- إنشاء مخططات من الجداول	1.7 إدارة الجداول	1455
F-000898	- إنشاء مخططات ورسوم بيانية وجداول زمنية ورسوم بيانية	1.7 إدارة الجداول	1456
F-000899	- إنشاء مرئيات دقيقة وذات صلة تلقائيًا	1.7 إدارة الجداول	1457
F-000900	- إنشاء مسودات أولى للمستندات	1.7 إدارة الجداول	1458
F-000901	- إنشاء مسودات مخصصة للاحتياجات المحددة	1.7 إدارة الجداول	1459
F-000902	- إنشاء مسودة تقرير كاملة من بضع جمل	1.7 إدارة الجداول	1460
F-000903	- إنشاء مسودة كاملة بناءً على تفاصيل أساسية	1.7 إدارة الجداول	1461
F-000904	- إنشاء هيكل تلقائي للملخصات والتقارير	1.7 إدارة الجداول	1462
F-000905	- إنشاء وتحرير الملفات مباشرة في المحادثات	1.7 إدارة الجداول	1463
F-000906	- القدرة على تحرير المسودة التي تم إنشاؤها لتلبية الاحتياجات بشكل أفضل	1.7 إدارة الجداول	1464
F-000907	- المساعدة في إنشاء نماذج بيانات محسّنة	1.7 إدارة الجداول	1465
F-000908	- تتبع التفاصيل المحددة داخل المستند عبر طرح الأسئلة	1.7 إدارة الجداول	1466
F-000909	- تحديث أشرطة التقدم تلقائيًا أثناء العمل	1.7 إدارة الجداول	1467
F-000910	- تحديث النص ديناميكيًا بناءً على معايير أو حسابات محددة	1.7 إدارة الجداول	1468
F-000911	- تحليل البيانات من ملفات Excel و CSV و PDF و JSON	1.7 إدارة الجداول	1469
F-000912	- تحويل البيانات إلى مخططات شريطية ودائرية وخطية احترافية	1.7 إدارة الجداول	1470
F-000913	- تحويل البيانات الأولية إلى قصص جاهزة للعرض تلقائيًا	1.7 إدارة الجداول	1471
F-000914	- تحويل البيانات المملة إلى مرئيات جذابة تحكي قصة	1.7 إدارة الجداول	1472
F-000915	- تحويل البيانات غير المنظمة إلى روايات منظمة ولوحة معلومات تفاعلية	1.7 إدارة الجداول	1473
F-000916	- تنظيف البيانات وتحليلها الفوري	1.7 إدارة الجداول	1474
F-000917	- هيكلة التقارير تلقائياً	1.7 إدارة الجداول	1475
F-000918	- استخراج جدول موحد من ملفات متعددة	1.7 إدارة الجداول	1476
F-000919	- تحويل ملف Excel إلى نظام متابعة دائم	1.7 إدارة الجداول	1477
F-000920	- BI على مستوى المؤسسة	1.7 إدارة الجداول	1478
F-000921	- Canvas فارغ — يسحب المستخدم: ملف, عمود, فلتر, عملية حسابية, علاقة ربط	1.7 إدارة الجداول	1479
F-000922	- زر واحد: تنظيف البيانات, دمجها, إنشاء مؤشرات, إنشاء داشبورد, كتابة تقرير, إنشاء عرض تقديمي, اقتراح توصيات	1.7 إدارة الجداول	1480
F-000923	- إنشاء جداول جديدة	1.7 إدارة الجداول	1481
F-000924	- إضافة أوراق مؤشرات	1.7 إدارة الجداول	1482
F-000925	- إصدار تقارير احترافية من الجداول	1.7 إدارة الجداول	1483
F-000926	- إنشاء جدول أداء شهري تلقائي	1.7 إدارة الجداول	1484
F-000927	- اكتشاف الجداول داخل ورقة العمل حتى لو لم تكن منسقة	1.7 إدارة الجداول	1485
F-000928	- إنشاء جداول ذكية	1.7 إدارة الجداول	1486
F-000929	- ربط جدول بنتائج جدول آخر	1.7 إدارة الجداول	1487
F-000930	- مشاركة جدول مع فريق	1.7 إدارة الجداول	1488
F-000931	- تحويل جدول إلى نموذج إدخال بيانات	1.7 إدارة الجداول	1489
F-000932	- استخراج جميع الجداول حتى لو كانت غير منظمة	1.7 إدارة الجداول	1490
F-000933	- إنشاء جدول موحد كبير	1.7 إدارة الجداول	1491
F-000934	- استخراج الجداول من الصور وتحويلها لجداول قابلة للتحليل	1.7 إدارة الجداول	1492
F-000935	- دمج أي عدد من الجداول والأوراق في جدول واحد	1.7 إدارة الجداول	1493
F-000936	- فصل أي جدول إلى جداول أصغر	1.7 إدارة الجداول	1494
F-000937	- تنسيق وتجميل الجداول وأوراق العمل	1.7 إدارة الجداول	1495
F-000938	- إعادة تسمية وترتيب الأوراق بذكاء	1.7 إدارة الجداول	1496
F-000939	- عرض أسماء وأعداد صفوف الأوراق	1.7 إدارة الجداول	1497
F-000940	- نظام إدارة الجداول (Table Operations)	1.7 إدارة الجداول	1498
F-000941	- تقسيم الجداول حسب الصفوف	1.7 إدارة الجداول	1499
F-000942	- إنشاء جداول فرعية	1.7 إدارة الجداول	1500
F-000943	- استيعاب ومعالجة أي عدد من الصفوف (ملايين أو مليارات)	1.7 إدارة الجداول	1501
F-000944	- إنشاء جداول وتحليلات عند الطلب	1.7 إدارة الجداول	1502
F-000945	- إنشاء جدول مقارنة	1.7 إدارة الجداول	1503
F-000946	- إنشاء جدول محوري (Pivot Table)	1.7 إدارة الجداول	1504
F-000947	- تحويل نطاق محدد إلى جدول رسمي	1.7 إدارة الجداول	1505
F-000948	- إدارة أوراق العمل	1.7 إدارة الجداول	1506
F-000949	- تعديل وتخصيص الجداول وتنسيقاتها	1.7 إدارة الجداول	1507
F-000950	- إدراج جداول تفاعلية	1.7 إدارة الجداول	1508
F-000951	- توليد جداول عند الطلب	1.7 إدارة الجداول	1509
F-000952	- مخرجات قابلة للتعديل بالكامل بعد الإنشاء	1.7 إدارة الجداول	1510
F-000953	- معالجة وتحليل ملايين الصفوف في ثوانٍ معدودة	1.7 إدارة الجداول	1511
F-000954	- إعادة بناء لوحات المعلومات والتقارير والعروض التقديمية من الصور والملفات المختلفة	1.7 إدارة الجداول	1512
F-000955	- إنشاء لوحات معلومات تدعم مليارات الصفوف	1.7 إدارة الجداول	1513
F-000956	- عكس الجداول (Table Inversion)	1.7 إدارة الجداول	1514
F-000957	- قواعد لإعادة تدفق الجداول (Table Reflow)	1.7 إدارة الجداول	1515
F-000958	- عزل على مستوى الصف (Row-level isolation)	1.7 إدارة الجداول	1516
F-000959	- عرض محلي للوحات المعلومات مع مليون صف	1.7 إدارة الجداول	1517
F-000960	- تقديرات الجدول الزمني	1.7 إدارة الجداول	1518
F-000961	- مصفوفة المخاطر لكل مرحلة	1.7 إدارة الجداول	1519
F-000962	- مصفوفة التحقق	1.7 إدارة الجداول	1520
F-000963	- جدول تخصيص CIDR	1.7 إدارة الجداول	1521
F-000964	- جدول ربط IRSA	1.7 إدارة الجداول	1522
F-000965	- تشغيل المهام المجدولة وسير العمليات الطويلة	1.7 إدارة الجداول	1523
F-000966	- إعداد تقارير مجدولة أو عند الطلب	1.7 إدارة الجداول	1524
F-000967	- إعادة ترتيب الجداول والمخططات تلقائياً	1.7 إدارة الجداول	1525
F-000968	- جدولة التقارير وإرسالها تلقائياً	1.7 إدارة الجداول	1526
F-000969	- تحويل جداول معقدة إلى رسوم بيانية	1.7 إدارة الجداول	1527
F-000970	- مطابقة الجداول المعقدة ومتعددة الصفحات وهيكلها بالكامل	1.7 إدارة الجداول	1528
F-000971	- آلة افتراضية لجداول البيانات (Spreadsheet Virtual Machine)	1.7 إدارة الجداول	1529
F-000972	- بث وتدفق جداول البيانات الضخمة تدريجياً	1.7 إدارة الجداول	1530
F-000973	- إعادة بناء الجداول المحورية	1.7 إدارة الجداول	1531
F-000974	- محرك تنفيذ جداول البيانات (Spreadsheet Execution Engine)	1.7 إدارة الجداول	1532
F-000975	- الحفاظ على الأوراق المخفية (Hidden sheets)	1.7 إدارة الجداول	1533
F-000976	- إعادة بناء لوحات معلومات تفاعلية 1:1 من الصور ولقطات الشاشة	1.7 إدارة الجداول	1534
F-000977	- محرك لوحات معلومات تفاعلية من الصور (Image → Editable Dashboard Engine)	1.7 إدارة الجداول	1535
F-000978	- محرك بيانات فائق (Lakehouse, Apache Arrow, DuckDB, ClickHouse)	1.7 إدارة الجداول	1536
F-000979	- توقع وفصل رأس وتذييل الجدول (header/body separation)	1.7 إدارة الجداول	1537
F-000980	- إعادة جدولة العمليات	1.7 إدارة الجداول	1538
F-000981	- محرك جداول بيانات مستقل (Autonomous Spreadsheet Engine)	1.7 إدارة الجداول	1539
F-000982	- تحليل الاعتمادية بين أوراق العمل المختلفة	1.7 إدارة الجداول	1540
F-000983	- تحميل أوراق عمل تحتوي على أكثر من مليار خلية	1.7 إدارة الجداول	1541
F-000984	- التنقل الآمن في الذاكرة بين أوراق العمل	1.7 إدارة الجداول	1542
F-000985	- تحويل أي جدول Excel إلى مكون في لوحة المعلومات	1.7 إدارة الجداول	1543
F-000986	- الحفاظ على الأبعاد عند سحب جدول Excel إلى عرض تقديمي	1.7 إدارة الجداول	1544
F-000987	- تكامل شامل بين البيانات، المرئيات، جداول البيانات، لوحات المعلومات، والتقارير	1.7 إدارة الجداول	1545
F-000988	- فهم ذكي لجداول البيانات ومحتواها الدلالي	1.7 إدارة الجداول	1546
F-000989	- الكشف التلقائي عن غرض ورقة العمل (مالية، مخزون، موارد بشرية، تخطيط، مؤشرات أداء)	1.7 إدارة الجداول	1547
F-000990	- إنشاء نماذج متعددة الأوراق من وصف نصي	1.7 إدارة الجداول	1548
F-000991	- إنشاء ورقة عمل للتنبؤ من البيانات	1.7 إدارة الجداول	1549
F-000992	- بناء ورقة عمل للوحة المعلومات تلقائيًا	1.7 إدارة الجداول	1550
F-000993	- تحويل الدوال المتقلبة (volatile functions) إلى بدائل مستقرة	1.7 إدارة الجداول	1551
F-000994	- موازنة أوراق العمل تلقائيًا	1.7 إدارة الجداول	1552
F-000995	- إنشاء أوراق عمل لمقارنة السيناريوهات	1.7 إدارة الجداول	1553
F-000996	- إجراء محاكاة مونت كارلو داخل جدول البيانات	1.7 إدارة الجداول	1554
F-000997	- تنفيذ العمليات على أوراق العمل بالتوازي والتوسع الأفقي	1.7 إدارة الجداول	1555
F-000998	- الكشف التلقائي عن هيكل الجدول المحوري من جدول مسطح	1.7 إدارة الجداول	1556
F-000999	- مقارنة البيانات عبر أوراق العمل المختلفة	1.7 إدارة الجداول	1557
F-001000	- التنبؤ بالصفوف المستقبلية	1.7 إدارة الجداول	1558
F-001001	- تحويل ملف Excel متعدد الأوراق إلى عرض تقديمي	1.7 إدارة الجداول	1559
F-001002	- دعم لوحات معلومات مرئية بمليارات الصفوف	1.7 إدارة الجداول	1560
F-001003	- جدولة النسخ الاحتياطي مع تحديد الوجهات والتشفير وسياسات الاحتفاظ	1.7 إدارة الجداول	1561
F-001004	- جدولة الإشعارات لإرسالها في وقت محدد	1.7 إدارة الجداول	1562
F-001005	- إدارة التقارير: إنشاء، حفظ كقالب، جدولة، وإرسال عبر SMS	1.7 إدارة الجداول	1563
F-001006	- جدولة تحديث موحدة تشمل البيانات، لوحات المعلومات، التقارير، والعروض	1.7 إدارة الجداول	1564
F-001007	- نشر وتصدير وجدولة ومشاركة المخرجات عبر مركز نشر موحد	1.7 إدارة الجداول	1565
F-001008	- إنشاء جداول مخصصة وربطها بالنماذج الدلالية ولوحات المعلومات	1.7 إدارة الجداول	1566
F-001009	- تطبيق عزل المستأجرين (tenant isolation) على الجداول الجديدة	1.7 إدارة الجداول	1567
F-001010	- الكشف عن الصفوف المعزولة (Orphan row detection)	1.7 إدارة الجداول	1568
F-001011	- جدول تصنيف البنود (Clause Classification Table)	1.7 إدارة الجداول	1569
F-001012	- مكتبة مكونات جاهزة: بطاقات مؤشرات الأداء، رسوم بيانية خطية، شريطية، دائرية، خرائط حرارية، وجداول	1.7 إدارة الجداول	1570
F-001013	- اكتشاف العلاقات بين الجداول تلقائيًا	1.7 إدارة الجداول	1571
F-001014	- تلخيص البيانات من عدة جداول	1.7 إدارة الجداول	1572
F-001015	- تحليل الاتجاهات دون الحاجة لعرض كل الصفوف	1.7 إدارة الجداول	1573
F-001016	- تثبيت صفوف العناوين	1.7 إدارة الجداول	1574
F-001017	- إنشاء “مجموعات بيانات” تلقائيًا	1.7 إدارة الجداول	1575
F-001018	- Freeze pane detection	1.7 إدارة الجداول	1576
F-001019	- Filter detection	1.7 إدارة الجداول	1577
F-001020	- إنشاء جدول	1.7 إدارة الجداول	1578
F-001021	- صفحات متعددة داخل الموقع الواحد	1.7 إدارة الجداول	1579
F-001022	مساحة عمل فارغة (Canvas) يسحب عليها المستخدم العناصر:	1.8 محرك المعالجة البصري	1585
F-001023	- ملفات وجداول وأعمدة وفلاتر وعمليات حسابية وعلاقات ربط	1.8 محرك المعالجة البصري	1587
F-001024	- دمج وربط وتجميع وجداول محورية وتصفية ومقارنة	1.8 محرك المعالجة البصري	1588
F-001025	- أعمدة محسوبة وتحويل تواريخ وعملات وكشف قيم شاذة	1.8 محرك المعالجة البصري	1589
F-001026	- اقتراح عمليات بالذكاء الاصطناعي	1.8 محرك المعالجة البصري	1590
F-001027	- بناء سير عمل مرئي يمكن حفظه وإعادة تشغيله	1.8 محرك المعالجة البصري	1591
F-001028	- سجل العمليات الكامل	1.8 محرك المعالجة البصري	1592
F-001029	- معالجة البيانات بصريًا باستخدام السحب والإفلات	1.8 محرك المعالجة البصري	1593
F-001030	- محرك معالجة البيانات البصري	1.8 محرك المعالجة البصري	1594
F-001031	- ربط الملفات تلقائيًا عبر أعمدة مشتركة (Smart Join Suggestions)	1.8 محرك المعالجة البصري	1595
F-001032	- ربط جدول بنتائج جدول آخر	1.8 محرك المعالجة البصري	1596
F-001033	- دمج عدة أعمدة في عمود واحد	1.8 محرك المعالجة البصري	1597
F-001034	- دمج الاسم واللقب والمدينة والمنطقة والقيم الرقمية والنصوص بتنسيق معين	1.8 محرك المعالجة البصري	1598
F-001035	- اختيار نوع الدمج (ربط / استبدال / إضافة) وتحديد مفتاح الربط	1.8 محرك المعالجة البصري	1599
F-001036	- وضع الدمج المتعدد لدمج 500 ملف ضمن 10 مجموعات تلقائيًا	1.8 محرك المعالجة البصري	1600
F-001037	- دمج تلقائي حسب أفضل مفتاح وربط ملفات متشابهة	1.8 محرك المعالجة البصري	1601
F-001038	- تعديل منطق الدمج واختيار طريقة الدمج والتنظيف	1.8 محرك المعالجة البصري	1602
F-001039	- إعادة تنفيذ عمليات الدمج والتنظيف وتطبيقها على ملفات جديدة	1.8 محرك المعالجة البصري	1603
F-001040	- دمج بيانات قديمة مع جديدة	1.8 محرك المعالجة البصري	1604
F-001041	- دمج عدة جداول وأوراق متعددة	1.8 محرك المعالجة البصري	1605
F-001042	- تجميع الجداول وإنشاء مجموعات بيانات تلقائيًا	1.8 محرك المعالجة البصري	1606
F-001043	- إنشاء جدول نهائي منظم وتقسيم حسب السنة أو الإدارات المختلفة	1.8 محرك المعالجة البصري	1607
F-001044	- توحيد جماعي للأسماء وتطبيق معيار تسمية رسمي	1.8 محرك المعالجة البصري	1608
F-001045	- إعادة هيكلة كاملة للبيانات بضغطة زر	1.8 محرك المعالجة البصري	1609
F-001046	- إنشاء جدول أساسي وجدول مركزي وجدول موحد	1.8 محرك المعالجة البصري	1610
F-001047	- دعم جميع أنواع الملفات بما في ذلك الصور التي تحتوي على نصوص أو جداول والملفات المضغوطة وقواعد البيانات	1.8 محرك المعالجة البصري	1611
F-001048	- تحويل الصور التي تحتوي على جداول إلى جداول قابلة للتحليل تلقائيًا	1.8 محرك المعالجة البصري	1612
F-001049	- فهم سياق البيانات وليس فقط الأرقام	1.8 محرك المعالجة البصري	1613
F-001050	- تحويل البيانات الفوضوية إلى نظام موحد	1.8 محرك المعالجة البصري	1614
F-001051	- إنشاء مكتبة بيانات منظمة وأرشفة ذكية حسب الموضوع والسنة	1.8 محرك المعالجة البصري	1615
F-001052	- عرض تدقيق بيانات وبناء خريطة بيانات	1.8 محرك المعالجة البصري	1616
F-001053	- إمكانية تعديل كل تحويل يدويًا مع دعم السحب والإفلات في كل مكان	1.8 محرك المعالجة البصري	1617
F-001054	- محاكاة كاملة لأي تصميم خارجي مع إمكانية إعادة الربط ببيانات جديدة	1.8 محرك المعالجة البصري	1618
F-001055	- كل مخرجات قابلة للتحرير الكامل بعد الإنشاء	1.8 محرك المعالجة البصري	1619
F-001056	- وضع سهل + وضع متقدم دائمًا للتحكم الكامل أو السهولة المطلقة	1.8 محرك المعالجة البصري	1620
F-001057	- دعم معالجة متوازية وتدريجية للبيانات	1.8 محرك المعالجة البصري	1621
F-001058	- تصنيف البيانات وفصلها	1.8 محرك المعالجة البصري	1622
F-001059	- دعم الاستجواب الحر للبيانات	1.8 محرك المعالجة البصري	1623
F-001060	- تصميم طبقة البيانات وربطها ببيانات جديدة	1.8 محرك المعالجة البصري	1624
F-001061	- رسم مخططات عبر معالجة رسومية	1.8 محرك المعالجة البصري	1625
F-001062	- رسم بياني عبر معالجة رسومية GPU	1.8 محرك المعالجة البصري	1626
F-001063	- تخصيص وحدات معالجة رسومية لكل جهة	1.8 محرك المعالجة البصري	1627
F-001064	- محرك تسريع لحظي للاستعلامات الضخمة	1.8 محرك المعالجة البصري	1628
F-001065	- محرك تسريع لحظي للاستعلامات	1.8 محرك المعالجة البصري	1629
F-001066	- دعم بيانات بمليارات الصفوف	1.8 محرك المعالجة البصري	1630
F-001067	- دعم معاملات ACID	1.8 محرك المعالجة البصري	1631
F-001068	- دعم دوال متقدمة	1.8 محرك المعالجة البصري	1632
F-001069	- تسريع الاستعلام باستخدام ClickHouse + Materialized Views	1.8 محرك المعالجة البصري	1633
F-001070	- تحليل البيانات باستخدام DuckDB + Arrow + Iceberg	1.8 محرك المعالجة البصري	1634
F-001071	- تنسيق تلقائي احترافي	1.8 محرك المعالجة البصري	1635
F-001072	- تثبيت صف العناوين	1.8 محرك المعالجة البصري	1636
F-001073	- اختيار خطوط احترافية	1.8 محرك المعالجة البصري	1637
F-001074	- محاذاة القيم	1.8 محرك المعالجة البصري	1638
F-001075	- إضافة حدود منظمة	1.8 محرك المعالجة البصري	1639
F-001076	- تنسيق الجداول كنمط رسمي	1.8 محرك المعالجة البصري	1640
F-001077	- اتجاه من اليمين إلى اليسار	1.8 محرك المعالجة البصري	1641
F-001078	- محاذاة مناسبة	1.8 محرك المعالجة البصري	1642
F-001079	- تنسيق أرقام عربي	1.8 محرك المعالجة البصري	1643
F-001080	- تجميل أوراق العمل	1.8 محرك المعالجة البصري	1644
F-001081	- إضافة صفحة غلاف	1.8 محرك المعالجة البصري	1645
F-001082	- إضافة صفحة ملخص	1.8 محرك المعالجة البصري	1646
F-001083	- تنسيق احترافي كامل	1.8 محرك المعالجة البصري	1647
F-001084	- حجز موارد GPU/CPU مسبقاً لتحسين الأداء	1.8 محرك المعالجة البصري	1648
F-001085	- تشغيل كامل بدون اتصال خارجي	1.8 محرك المعالجة البصري	1649
F-001086	- حزم AI محلية لتحسين الاستقرار والأداء	1.8 محرك المعالجة البصري	1650
F-001087	- تقليل latency عبر تخزين أعمدة hot فقط	1.8 محرك المعالجة البصري	1651
F-001088	- الحفاظ على deterministic ordering في العرض	1.8 محرك المعالجة البصري	1652
F-001089	- عدم تحميل ملفات Excel كاملة داخل قاعدة البيانات	1.8 محرك المعالجة البصري	1653
F-001090	- عدم تحميل ملفات Excel كاملة داخل قاعدة البيانات لضمان الأداء	1.8 محرك المعالجة البصري	1654
F-001091	- تطوير مفهوم الزحف مع استخراج النصوص وتصوير الشاشات وتحليل البيانات في مرحلة التحليل وليس الزحف	1.8 محرك المعالجة البصري	1655
F-001092	- إعادة تنسيق وتنظيم البيانات تلقائياً	1.8 محرك المعالجة البصري	1656
F-001093	- تحليل PDF أو صورة Dashboard	1.8 محرك المعالجة البصري	1657
F-001094	- اكتشاف أن هذا Bar chart	1.8 محرك المعالجة البصري	1658
F-001095	- تحويل صورة إلى مستند قابل للتحرير	1.8 محرك المعالجة البصري	1659
F-001096	- تحويل مستند ممسوح ضوئياً إلى نسخة نصية منظمة	1.8 محرك المعالجة البصري	1660
F-001097	- تحويل مستند إلى صيغة أرشيفية قانونية	1.8 محرك المعالجة البصري	1661
F-001098	- تصدير بصيغ اكسل ومفصولة بفواصل وأخرى	1.8 محرك المعالجة البصري	1662
F-001099	- تصدير أي بيانات من المنصة	1.8 محرك المعالجة البصري	1663
F-001100	- اكتشاف مخطط البيانات تلقائيا من أعمدة وأنواع وعلاقات	1.8 محرك المعالجة البصري	1664
F-001101	- اكتشاف مصادر وجداول جديدة مع تنبيه واقتراح مجموعة بيانات	1.8 محرك المعالجة البصري	1665
F-001102	- استيراد وتصدير مع خرائط أعمدة وتنظيف	1.8 محرك المعالجة البصري	1666
F-001103	- جمع الاستجابات وتصديرها وتحليلها	1.8 محرك المعالجة البصري	1667
F-001104	- تصدير بصيغ متعددة	1.8 محرك المعالجة البصري	1668
F-001105	- تحليل مجموعات البيانات الكبيرة	1.8 محرك المعالجة البصري	1669
F-001106	- تنقية وتحليل البيانات باستخدام إثراء البيانات	1.8 محرك المعالجة البصري	1670
F-001107	- أرشفة البيانات داخل Cyfe للتخزين والمراجع الموثوقة	1.8 محرك المعالجة البصري	1671
F-001108	- محرر الفيديو	1.8 محرك المعالجة البصري	1672
F-001109	- أدوات تنظيف وتحويل البيانات	1.8 محرك المعالجة البصري	1673
F-001110	- تجهيز سريع للبيانات	1.8 محرك المعالجة البصري	1674
F-001111	- تحضير آلي للبيانات	1.8 محرك المعالجة البصري	1675
F-001112	- توصيف آلي للبيانات	1.8 محرك المعالجة البصري	1676
F-001113	- تنشيط البيانات المظلمة	1.8 محرك المعالجة البصري	1677
F-001114	- تنشيط البيانات المظلمة باستخدام الذكاء الاصطناعي	1.8 محرك المعالجة البصري	1678
F-001115	- رسم بياني للمعرفة (Knowledge Graph) يطلق قيمة حقيقية من البيانات	1.8 محرك المعالجة البصري	1679
F-001116	- إنشاء مستندات Word وملفات PDF	1.8 محرك المعالجة البصري	1680
F-001117	- تصدير بصيغ PDF, PowerPoint, Excel	1.8 محرك المعالجة البصري	1681
F-001118	- محرك إدارة وفهم وتحليل جميع أنواع الملفات بلا حدود للحجم أو العدد	1.8 محرك المعالجة البصري	1682
F-001119	- محرك بصمة التخطيط المرئي (Visual Layout Fingerprint Engine)	1.8 محرك المعالجة البصري	1683
F-001120	- إنشاء بصمة التخطيط الهيكلي (Structural fingerprint generation)	1.8 محرك المعالجة البصري	1684
F-001121	- إعادة حساب بصمة التخطيط عند التعديل اليدوي	1.8 محرك المعالجة البصري	1685
F-001122	- فرض تطابق بصمة التخطيط (Deterministic fingerprint enforcement)	1.8 محرك المعالجة البصري	1686
F-001123	- الحفاظ على سلامة البنية، والاستقرار البصري، والاتساق السردي، وتوازن الكثافة، ووضوح التسلسل الهرمي، وصحة البيانات، وسلامة اللغة العربية، والحفاظ على البصمة	1.8 محرك المعالجة البصري	1687
F-001124	- محرك أنماط URL	1.8 محرك المعالجة البصري	1688
F-001125	- الحفاظ على تشابه البصمة	1.8 محرك المعالجة البصري	1689
F-001126	- OCR للصور	1.8 محرك المعالجة البصري	1690
F-001127	- File Parsing & OCR Service	1.8 محرك المعالجة البصري	1691
F-001128	- محرك معالجة وتخزين الأعمدة عالي الأداء (Columnar Engine & Caching)	1.8 محرك المعالجة البصري	1692
F-001129	- اقتراح دمج الملفات تلقائيًا حسب التشابه	1.8 محرك المعالجة البصري	1693
F-001130	- اقتراح تقسيمات جديدة	1.8 محرك المعالجة البصري	1694
F-001131	- الدمج الذكي التلقائي	1.8 محرك المعالجة البصري	1695
F-001132	- اقتراح أفضل سيناريو لدمج	1.8 محرك المعالجة البصري	1696
F-001133	- وضع الدمج المتعدد	1.8 محرك المعالجة البصري	1697
F-001134	- عرض اقتراحات الربط	1.8 محرك المعالجة البصري	1698
F-001135	- دمج متعدد الملفات والمستويات	1.8 محرك المعالجة البصري	1699
F-001136	- دمج عبر ملفات مختلفة	1.8 محرك المعالجة البصري	1700
F-001137	- سحب ودمج	1.8 محرك المعالجة البصري	1701
F-001138	- دمج الشرائح	1.8 محرك المعالجة البصري	1702
F-001139	- القراءة من الصور	1.8 محرك المعالجة البصري	1703
F-001140	- محرك معالجة البيانات البصري (Visual Data Engine)	1.8 محرك المعالجة البصري	1704
F-001141	- OCR متكامل.	1.8 محرك المعالجة البصري	1705
F-001142	- منصة ويب موحدة تعتمد على الذكاء الاصطناعي لمعالجة أي نوع بيانات.	1.8 محرك المعالجة البصري	1706
F-001143	- إنشاء سرد بصري متكامل.	1.8 محرك المعالجة البصري	1707
F-001144	- تحويل الفكرة إلى وثائق هندسية متكاملة.	1.8 محرك المعالجة البصري	1708
F-001145	- يقرأ من connectors.	1.8 محرك المعالجة البصري	1709
F-001146	- إضافة caching.	1.8 محرك المعالجة البصري	1710
F-001147	- إضافة query optimization.	1.8 محرك المعالجة البصري	1711
F-001148	- Power BI integration.	1.8 محرك المعالجة البصري	1712
F-001149	- دمج المنصة داخل تطبيقات أخرى.	1.8 محرك المعالجة البصري	1713
F-001150	- تضمين في مواقع أخرى.	1.8 محرك المعالجة البصري	1714
F-001151	- ربط google analytics للمواقع المنشورة.	1.8 محرك المعالجة البصري	1715
F-001152	- تحسين محركات البحث (عنوان وصفي ووصف مخصص).	1.8 محرك المعالجة البصري	1716
F-001153	- تضمين فيديوهات من يوتيوب، فيميو، تيك توك، لوم، loom.	1.8 محرك المعالجة البصري	1717
F-001154	- إزالة التكرار وكشف القيم المفقودة	1.9 تنظيف البيانات	1723
F-001155	- تصحيح أخطاء الإملاء وتوحيد صيغ الكتابة	1.9 تنظيف البيانات	1724
F-001156	- اكتشاف القيم غير المنطقية	1.9 تنظيف البيانات	1725
F-001157	- إزالة المسافات الزائدة وتوحيد الأحرف	1.9 تنظيف البيانات	1726
F-001158	- قياس جودة كل ملف بدرجة من مئة	1.9 تنظيف البيانات	1727
F-001159	- مقارنة ملفين بالكامل وإظهار الفروقات	1.9 تنظيف البيانات	1728
F-001160	- تقرير فروقات تلقائي	1.9 تنظيف البيانات	1729
F-001161	- تتبع التغييرات والرجوع لإصدار سابق	1.9 تنظيف البيانات	1730
F-001162	- إعادة هيكلة كاملة بزر واحد	1.9 تنظيف البيانات	1731
F-001163	- كشف القيم الشاذة	1.9 تنظيف البيانات	1732
F-001164	- تنظيف النصوص بإزالة المسافات والرموز والتنسيق	1.9 تنظيف البيانات	1733
F-001165	- تنظيف تلقائي للبيانات	1.9 تنظيف البيانات	1734
F-001166	- تنظيف البيانات وإعادة الهيكلة	1.9 تنظيف البيانات	1735
F-001167	- إزالة التكرار والفراغات الزائدة	1.9 تنظيف البيانات	1736
F-001168	- تصحيح القيم غير المنطقية	1.9 تنظيف البيانات	1737
F-001169	- توحيد تنسيق التاريخ والعملات	1.9 تنظيف البيانات	1738
F-001170	- استبدال القيم وتنفيذ تنظيف شامل تلقائي	1.9 تنظيف البيانات	1739
F-001171	- اقتراح تنظيف البيانات	1.9 تنظيف البيانات	1740
F-001172	- محرك البحث العالمي للبحث في البيانات والمحتوى	1.9 تنظيف البيانات	1741
F-001173	- تنظيف شامل للبيانات بتصحيح التناقضات وتوحيد وحدات القياس والتواريخ وكشف الأخطاء المنطقية	1.9 تنظيف البيانات	1742
F-001174	- تقييم جودة البيانات	1.9 تنظيف البيانات	1743
F-001175	- إعادة هيكلة كاملة للبيانات	1.9 تنظيف البيانات	1744
F-001176	- إعادة تنسيق مستند ليتوافق مع هوية بصرية جديدة	1.9 تنظيف البيانات	1745
F-001177	- إعادة تحويل مستند مع تحسين التصميم تلقائياً	1.9 تنظيف البيانات	1746
F-001178	- إعادة هيكلة تلقائية	1.9 تنظيف البيانات	1747
F-001179	- إزالة الصفوف المكررة تلقائيا	1.9 تنظيف البيانات	1748
F-001180	- اكتشاف القيم الفارغة ومعالجتها بعدة طرق	1.9 تنظيف البيانات	1749
F-001181	- توحيد تنسيق التواريخ تلقائيا	1.9 تنظيف البيانات	1750
F-001182	- توحيد تنسيق الأرقام والعملات	1.9 تنظيف البيانات	1751
F-001183	- تصحيح الأخطاء الإملائية في البيانات النصية	1.9 تنظيف البيانات	1752
F-001184	- تقسيم الأعمدة إلى أعمدة فرعية	1.9 تنظيف البيانات	1753
F-001185	- دمج أعمدة متعددة في عمود واحد	1.9 تنظيف البيانات	1754
F-001186	- تحويل نوع البيانات من نص إلى رقم والعكس	1.9 تنظيف البيانات	1755
F-001187	- إزالة المسافات الزائدة والأحرف غير المرئية	1.9 تنظيف البيانات	1756
F-001188	- استبدال القيم بناء على قواعد محددة	1.9 تنظيف البيانات	1757
F-001189	- ترشيح البيانات بشروط متعددة ومتداخلة	1.9 تنظيف البيانات	1758
F-001190	- ترتيب البيانات بعدة أعمدة صعودا ونزولا	1.9 تنظيف البيانات	1759
F-001191	- إعادة تسمية الأعمدة دفعة واحدة	1.9 تنظيف البيانات	1760
F-001192	- اكتشاف القيم الشاذة والمتطرفة تلقائيا	1.9 تنظيف البيانات	1761
F-001193	- اكتشاف تغير المخطط مثل الأعمدة المفقودة والجديدة والمتغيرة النوع	1.9 تنظيف البيانات	1762
F-001194	- كشف فجوات القيم مثل الفراغات والتكرار والشذوذ	1.9 تنظيف البيانات	1763
F-001195	- كشف اختلاف القوائم المرجعية مثل الجهات والمدن والتصنيفات	1.9 تنظيف البيانات	1764
F-001196	- تقرير فجوات مع توصية إصلاح وتطبيق مع سجل	1.9 تنظيف البيانات	1765
F-001197	- توحيد أسماء الأعمدة بقواعد تسمية عربية وإنجليزية	1.9 تنظيف البيانات	1766
F-001198	- درجة جودة البيانات لكل مجموعة بيانات	1.9 تنظيف البيانات	1767
F-001199	- تنبيهات عند تغير مخطط البيانات	1.9 تنظيف البيانات	1768
F-001200	- تحديث تدريجي للبيانات	1.9 تنظيف البيانات	1769
F-001201	- جدولة خطوات المعالجة المتتابعة التلقائية	1.9 تنظيف البيانات	1770
F-001202	- تحليل أثر تغيير المخطط على مؤشرات الأداء	1.9 تنظيف البيانات	1771
F-001203	- قواعد تنظيف لإزالة المكرر وتصحيح التنسيق وملء الفراغات	1.9 تنظيف البيانات	1772
F-001204	- تحليل جودة البيانات تلقائيا يشمل نسب النواقص والقيم الشاذة والتوزيع	1.9 تنظيف البيانات	1773
F-001205	- إنشاء مجموعات بيانات ومقاييس أولية تلقائيا عند وصول بيانات جديدة	1.9 تنظيف البيانات	1774
F-001206	- اقتراح لوحات مؤشرات وتقارير وصفحات تلقائيا عند وصول بيانات جديدة	1.9 تنظيف البيانات	1775
F-001207	- قواعد التحقق تشمل الإلزامي وقيود النطاق والأنماط	1.9 تنظيف البيانات	1776
F-001208	- تحقق من المدخلات يشمل حقل مطلوب وحد أدنى وأقصى وأنماط وشروط	1.9 تنظيف البيانات	1777
F-001209	- منطق شرطي لإظهار أو إخفاء حقول بناء على الإجابات	1.9 تنظيف البيانات	1778
F-001210	- نماذج متعددة الخطوات	1.9 تنظيف البيانات	1779
F-001211	- تصنيف حسب النوع والأولوية والجهة والموضوع والتاريخ	1.9 تنظيف البيانات	1780
F-001212	- إثراء البيانات.	1.9 تنظيف البيانات	1781
F-001213	- تصفية ذكية للبيانات	1.9 تنظيف البيانات	1782
F-001214	- أدوات مدعومة بالذكاء الاصطناعي	1.9 تنظيف البيانات	1783
F-001215	- تنظيف البيانات	1.9 تنظيف البيانات	1784
F-001216	- التحقق من إمكانية الوصول (تباين الألوان، تخطيط، قابلية قراءة الخط)	1.9 تنظيف البيانات	1785
F-001217	- التدقيق الإملائي والنحوي	1.9 تنظيف البيانات	1786
F-001218	- المساعدة في إنشاء نماذج بيانات محسّنة	1.9 تنظيف البيانات	1787
F-001219	- بناء نماذج تعلم الآلة	1.9 تنظيف البيانات	1788
F-001220	- بناء نماذج تعلم الآلة الأولية مباشرة في المحادثة	1.9 تنظيف البيانات	1789
F-001221	- تجميع التنبيهات المتشابهة معًا لتحديد المشكلات بشكل أسرع	1.9 تنظيف البيانات	1790
F-001222	- تجميع التنبيهات في Jira Service Management	1.9 تنظيف البيانات	1791
F-001223	- تنظيف البيانات وتحليلها الفوري	1.9 تنظيف البيانات	1792
F-001224	- كشف التكرار والقيم الشاذة والمفقودة والأخطاء المنطقية	1.9 تنظيف البيانات	1793
F-001225	- تحليل فجوة الأداء	1.9 تنظيف البيانات	1794
F-001226	- تنظيف النصوص (إزالة مسافات، رموز، تنسيق)	1.9 تنظيف البيانات	1795
F-001227	- تصحيح أخطاء الإملاء الشائعة	1.9 تنظيف البيانات	1796
F-001228	- توحيد صيغ الكتابة (مثلاً: الرياض / Riyadh)	1.9 تنظيف البيانات	1797
F-001229	- ذكاء في الجودة والحوكمة	1.9 تنظيف البيانات	1798
F-001230	- قياس جودة كل ملف بدرجة من 100	1.9 تنظيف البيانات	1799
F-001231	- توحيد تنسيق التواريخ والعملات ووحدات القياس والخطوط	1.9 تنظيف البيانات	1800
F-001232	- إعادة الهيكلة الكاملة للملف	1.9 تنظيف البيانات	1801
F-001233	- مراقبة جودة نماذج الذكاء الاصطناعي	1.9 تنظيف البيانات	1802
F-001234	- تحليل الامتثال التنظيمي تلقائياً	1.9 تنظيف البيانات	1803
F-001235	- تقارير امتثال تنظيمية جاهزة للتقديم	1.9 تنظيف البيانات	1804
F-001236	- نظام مطابقة حرفية 1:1 وتكييف ذكي دون كسر المطابقة	1.9 تنظيف البيانات	1805
F-001237	- إعادة المحاولة حتى الوصول لمستوى الجودة المطلوب	1.9 تنظيف البيانات	1806
F-001238	- قواعد تحقق قابلة للحفظ وإعادة الاستخدام	1.9 تنظيف البيانات	1807
F-001239	- إدارة البيانات: إنشاء Dataset، تعريف Metric، اقتراح تنظيف	1.9 تنظيف البيانات	1808
F-001240	- بحث بالأنماط المهيكلة (Structured pattern search)	1.9 تنظيف البيانات	1809
F-001241	- محرك تقييم تنظيمي حتمي (Deterministic Regulatory Evaluation Engine)	1.9 تنظيف البيانات	1810
F-001242	- تطبيع القيم الفارغة	1.9 تنظيف البيانات	1811
F-001243	- أدوات تنظيف وتحويل الأعمدة	1.9 تنظيف البيانات	1812
F-001244	- تحويل صيغ التواريخ والعملات	1.9 تنظيف البيانات	1813
F-001245	- تحويل البيانات الفوضوية إلى نظام موحد	1.9 تنظيف البيانات	1814
F-001246	- تصنيف الملفات حسب النوع	1.9 تنظيف البيانات	1815
F-001247	- تطبيق معيار تسمية رسمي	1.9 تنظيف البيانات	1816
F-001248	- ترتيب النتائج	1.9 تنظيف البيانات	1817
F-001249	- استبدال القيم	1.9 تنظيف البيانات	1818
F-001250	- “نظف كل شيء”	1.9 تنظيف البيانات	1819
F-001251	- إمكانية العمل على جزء من البيانات	1.9 تنظيف البيانات	1820
F-001252	- إعادة هيكلته	1.9 تنظيف البيانات	1821
F-001253	- تحسين الهيكل العام	1.9 تنظيف البيانات	1822
F-001254	- استبدال البيانات	1.9 تنظيف البيانات	1823
F-001255	- تعديل طريقة التجميع	1.9 تنظيف البيانات	1824
F-001256	- بناء Data Lake داخلي	1.9 تنظيف البيانات	1825
F-001257	- Data Transformation Engine	1.9 تنظيف البيانات	1826
F-001258	- Data Lake + Structured Storage	1.9 تنظيف البيانات	1827
F-001259	- Data Lake للملفات الخام	1.9 تنظيف البيانات	1828
F-001260	- طبقة معالجة	1.9 تنظيف البيانات	1829
F-001261	- طبقة بيانات منظمة	1.9 تنظيف البيانات	1830
F-001262	- Grid reconstruction	1.9 تنظيف البيانات	1831
F-001263	- Data binding remapping	1.9 تنظيف البيانات	1832
F-001264	- Data Processing	1.9 تنظيف البيانات	1833
F-001265	- Data Normalization Engine	1.9 تنظيف البيانات	1834
F-001266	- هيكل استيعاب البيانات	1.9 تنظيف البيانات	1835
F-001267	- Rebinding to new data automatically	1.9 تنظيف البيانات	1836
F-001268	- Data Rebinding Engine	1.9 تنظيف البيانات	1837
F-001269	- القيام بعمليات دمج وفصل ومقارنة وتحليل لملفات الإكسل باستخدام الذكاء الاصطناعي	1.9 تنظيف البيانات	1838
F-001270	- تقسيم أي ملف	1.9 تنظيف البيانات	1839
F-001271	- تقسيم ذكي وتلقائي للملفات الكبيرة والضخمة	1.9 تنظيف البيانات	1840
F-001272	- تقسيم حسب فاصل	1.9 تنظيف البيانات	1841
F-001273	- تقسيم حسب التاريخ أو السنة	1.9 تنظيف البيانات	1842
F-001274	- تقسيم اسم مركب	1.9 تنظيف البيانات	1843
F-001275	- تقسيم حسب الفئة أو الفرع	1.9 تنظيف البيانات	1844
F-001276	- وضع متقدم لاختيار معايير التقسيم	1.9 تنظيف البيانات	1845
F-001277	- تقسيم حسب شرط	1.9 تنظيف البيانات	1846
F-001278	- تقسيم زمني	1.9 تنظيف البيانات	1847
F-001279	- تقسيم الشرائح منطقيًا	1.9 تنظيف البيانات	1848
F-001280	- إضافة أو حذف فصل	1.9 تنظيف البيانات	1849
F-001281	- تقسيم الصفحة	1.9 تنظيف البيانات	1850
F-001282	- فصل البيانات	1.9 تنظيف البيانات	1851
F-001283	- تقسيم الملفات	1.9 تنظيف البيانات	1852
F-001284	- تقسيم العملاء تلقائيًا إلى فئات	1.9 تنظيف البيانات	1853
F-001285	- ملف لكل سنة	1.9 تنظيف البيانات	1854
F-001286	- ملف لكل منطقة	1.9 تنظيف البيانات	1855
F-001287	- ملف لكل فئة	1.9 تنظيف البيانات	1856
F-001288	المنصة لا تكتفي بقراءة ملفات Excel بل تنشئ محرك تنفيذ معادلات كامل يدعم:	2.1 محرك تنفيذ المعادلات الافتراضي	1865
F-001289	- تقييم كامل لشجرة المعادلات بترتيب الحساب الأصلي	2.1 محرك تنفيذ المعادلات الافتراضي	1867
F-001290	- تتبع الاعتمادية بين الخلايا عبر رسم بياني موجه	2.1 محرك تنفيذ المعادلات الافتراضي	1868
F-001291	- معالجة المراجع الدائرية	2.1 محرك تنفيذ المعادلات الافتراضي	1869
F-001292	- إعادة حساب تدريجي عند تغيير قيمة واحدة	2.1 محرك تنفيذ المعادلات الافتراضي	1870
F-001293	- معالجة متعددة الخيوط للحسابات الثقيلة	2.1 محرك تنفيذ المعادلات الافتراضي	1871
F-001294	- دعم المعادلات المتقدمة والمصفوفات الديناميكية	2.1 محرك تنفيذ المعادلات الافتراضي	1872
F-001295	- دقة رقمية لا تقل عن ستة خانات عشرية	2.1 محرك تنفيذ المعادلات الافتراضي	1873
F-001296	- إنشاء أعمدة محسوبة ومشتقة	2.1 محرك تنفيذ المعادلات الافتراضي	1874
F-001297	- إعادة حساب حتمية قابلة للتكرار	2.1 محرك تنفيذ المعادلات الافتراضي	1875
F-001298	- تحويل صيغ التواريخ والعملات	2.1 محرك تنفيذ المعادلات الافتراضي	1876
F-001299	- توحيد صيغ الكتابة (مثلاً: الرياض / Riyadh)	2.1 محرك تنفيذ المعادلات الافتراضي	1877
F-001300	- دعم صيغ LET و LAMBDA	2.1 محرك تنفيذ المعادلات الافتراضي	1878
F-001301	- بناء رسم بياني لاعتماديات المعادلات	2.1 محرك تنفيذ المعادلات الافتراضي	1879
F-001302	- إعادة بناء الجداول المحورية	2.1 محرك تنفيذ المعادلات الافتراضي	1880
F-001303	- الحفاظ الكامل على هندسة الجداول المحورية	2.1 محرك تنفيذ المعادلات الافتراضي	1881
F-001304	- تقييم DAG للمعادلات	2.1 محرك تنفيذ المعادلات الافتراضي	1882
F-001305	- إعادة حساب تدريجي	2.1 محرك تنفيذ المعادلات الافتراضي	1883
F-001306	- بناء رسم اعتماد كامل للمعادلات	2.1 محرك تنفيذ المعادلات الافتراضي	1884
F-001307	- محرك Excel يجتاز تدقيق الدقة	2.1 محرك تنفيذ المعادلات الافتراضي	1885
F-001308	- استنتاج صيغ مفقودة من نمط البيانات	2.1 محرك تنفيذ المعادلات الافتراضي	1886
F-001309	- اكتشاف أخطاء منطقية في الصيغ	2.1 محرك تنفيذ المعادلات الافتراضي	1887
F-001310	- اقتراح تبسيط الصيغ المعقدة	2.1 محرك تنفيذ المعادلات الافتراضي	1888
F-001311	- إعادة ترتيب تقييم المعادلات بذكاء	2.1 محرك تنفيذ المعادلات الافتراضي	1889
F-001312	- تنسيق وتجميل احترافي تلقائي للبيانات	2.1 محرك تنفيذ المعادلات الافتراضي	1890
F-001313	- تنسيق تواريخ وإضافة حدود احترافية وتفعيل الفلاتر وتحويل النطاق إلى جدول رسمي ومحاذاة صحيحة	2.1 محرك تنفيذ المعادلات الافتراضي	1891
F-001314	- إعادة كتابة الاستعلامات تلقائياً	2.1 محرك تنفيذ المعادلات الافتراضي	1892
F-001315	- سرعة تنفيذ عالية	2.1 محرك تنفيذ المعادلات الافتراضي	1893
F-001316	- زيادة سرعة التنفيذ	2.1 محرك تنفيذ المعادلات الافتراضي	1894
F-001317	- توازن بين السرعة والسيطرة	2.1 محرك تنفيذ المعادلات الافتراضي	1895
F-001318	- تنفيذ في مسار غير متزامن	2.1 محرك تنفيذ المعادلات الافتراضي	1896
F-001319	- عدم السماح بأي تجاوز متوازي (parallel override)	2.1 محرك تنفيذ المعادلات الافتراضي	1897
F-001320	- تغيير سقف الأداء	2.1 محرك تنفيذ المعادلات الافتراضي	1898
F-001321	- وضوح قبل السرعة	2.1 محرك تنفيذ المعادلات الافتراضي	1899
F-001322	- التزام بتنفيذ منضبط (Execution discipline)	2.1 محرك تنفيذ المعادلات الافتراضي	1900
F-001323	- دعم الصيغ المتقدمة والمعادلات المتداخلة	2.1 محرك تنفيذ المعادلات الافتراضي	1901
F-001324	- إعادة حساب متعددة الخيوط	2.1 محرك تنفيذ المعادلات الافتراضي	1902
F-001325	- دعم المصفوفات الديناميكية	2.1 محرك تنفيذ المعادلات الافتراضي	1903
F-001326	- دعم معالجة مراجع دائرية	2.1 محرك تنفيذ المعادلات الافتراضي	1904
F-001327	- استخراج نموذج منطق الأعمال من الجدول	2.1 محرك تنفيذ المعادلات الافتراضي	1905
F-001328	- اكتشاف سلاسل المنطق المخفية	2.1 محرك تنفيذ المعادلات الافتراضي	1906
F-001329	- اقتراح إعادة هيكلة النموذج	2.1 محرك تنفيذ المعادلات الافتراضي	1907
F-001330	- التنبؤ بنتائج المعادلات	2.1 محرك تنفيذ المعادلات الافتراضي	1908
F-001331	- التحقق من الاتساق المالي	2.1 محرك تنفيذ المعادلات الافتراضي	1909
F-001332	- اكتشاف التناقضات المنطقية	2.1 محرك تنفيذ المعادلات الافتراضي	1910
F-001333	- تحويل اللغة الطبيعية إلى معادلات	2.1 محرك تنفيذ المعادلات الافتراضي	1911
F-001334	- ترجمة المعادلات إلى شرح مقروء	2.1 محرك تنفيذ المعادلات الافتراضي	1912
F-001335	- ترجمة المعادلات بين اللغات	2.1 محرك تنفيذ المعادلات الافتراضي	1913
F-001336	- تصحيح المعادلات في الوقت الحقيقي	2.1 محرك تنفيذ المعادلات الافتراضي	1914
F-001337	- شرح أسباب الأخطاء	2.1 محرك تنفيذ المعادلات الافتراضي	1915
F-001338	- اقتراح بدائل أكثر كفاءة	2.1 محرك تنفيذ المعادلات الافتراضي	1916
F-001339	- اكتشاف عنق الزجاجة في الأداء	2.1 محرك تنفيذ المعادلات الافتراضي	1917
F-001340	- تبسيط المعادلات المتداخلة المعقدة	2.1 محرك تنفيذ المعادلات الافتراضي	1918
F-001341	- اكتشاف التبعيات الدائرية	2.1 محرك تنفيذ المعادلات الافتراضي	1919
F-001342	- تحويل الدوال المتقلبة إلى بدائل مستقرة	2.1 محرك تنفيذ المعادلات الافتراضي	1920
F-001343	- هيكلة المذكرات تلقائيًا قبل كتابتها.	2.1 محرك تنفيذ المعادلات الافتراضي	1921
F-001344	- كتابة استعلامات DAX.	2.1 محرك تنفيذ المعادلات الافتراضي	1922
F-001345	- إضافة أوصاف لمقاييس نموذجك الدلالي.	2.1 محرك تنفيذ المعادلات الافتراضي	1923
F-001346	- تبسيط إنشاء الحقول المحسوبة للتحليل المخصص.	2.1 محرك تنفيذ المعادلات الافتراضي	1924
F-001347	- وصف الحساب المطلوب بلغة طبيعية.	2.1 محرك تنفيذ المعادلات الافتراضي	1925
F-001348	- إنشاء الصيغة تلقائيًا باستخدام الذكاء الاصطناعي.	2.1 محرك تنفيذ المعادلات الافتراضي	1926
F-001349	- تبسيط إنشاء كود LookML.	2.1 محرك تنفيذ المعادلات الافتراضي	1927
F-001350	- وصف ما تبحث عنه لإنشائه بلغة طبيعية.	2.1 محرك تنفيذ المعادلات الافتراضي	1928
F-001351	- إنشاء مقاييس وأبعاد LookML المقابلة تلقائيًا.	2.1 محرك تنفيذ المعادلات الافتراضي	1929
F-001352	- وصف تصورات البيانات بلغة طبيعية.	2.1 محرك تنفيذ المعادلات الافتراضي	1930
F-001353	- إنشاء تكوينات كود JSON اللازمة.	2.1 محرك تنفيذ المعادلات الافتراضي	1931
F-001354	- إعادة الكتابة.	2.1 محرك تنفيذ المعادلات الافتراضي	1932
F-001355	- إنشاء الصيغ وتحسينها.	2.1 محرك تنفيذ المعادلات الافتراضي	1933
F-001356	- إنشاء صيغ وتحسينها.	2.1 محرك تنفيذ المعادلات الافتراضي	1934
F-001357	- إنشاء الصيغ وتحسينها	2.1 محرك تنفيذ المعادلات الافتراضي	1935
F-001358	- مساعد الصيغة	2.1 محرك تنفيذ المعادلات الافتراضي	1936
F-001359	- محرك تنفيذ المعادلات الافتراضي	2.1 محرك تنفيذ المعادلات الافتراضي	1937
F-001360	- القدرة على تصحيح الأخطاء في الكود الذي تم إنشاؤه تلقائيًا	2.1 محرك تنفيذ المعادلات الافتراضي	1938
F-001361	- المساعدة في كتابة الصيغ المعقدة وفهمها	2.1 محرك تنفيذ المعادلات الافتراضي	1939
F-001362	- تحويل صيغ التقارير	2.1 محرك تنفيذ المعادلات الافتراضي	1940
F-001363	- تنفيذ الكود لإنشاء ملفات بناءً على اللغة الطبيعية	2.1 محرك تنفيذ المعادلات الافتراضي	1941
F-001364	- شرح صيغة DAX معقدة لزميل في الفريق	2.1 محرك تنفيذ المعادلات الافتراضي	1942
F-001365	- كتابة وتنفيذ كود Python تلقائيًا لتحليل البيانات	2.1 محرك تنفيذ المعادلات الافتراضي	1943
F-001366	- كتابة وشرح استعلامات DAX	2.1 محرك تنفيذ المعادلات الافتراضي	1944
F-001367	- إنشاء استعلامات SQL في Atlassian Analytics	2.1 محرك تنفيذ المعادلات الافتراضي	1945
F-001368	- إنشاء نصوص Python لتحليل البيانات	2.1 محرك تنفيذ المعادلات الافتراضي	1946
F-001369	- استخدام بيئة تنفيذ كود آمنة ومعزولة	2.1 محرك تنفيذ المعادلات الافتراضي	1947
F-001370	- توقع صيغ Excel دقيقة وتنسيق أفضل للمستندات	2.1 محرك تنفيذ المعادلات الافتراضي	1948
F-001371	- عرض تحليل الكود المستخدم (Python, pandas, Matplotlib)	2.1 محرك تنفيذ المعادلات الافتراضي	1949
F-001372	- إنشاء صيغ في لوحة التحكم (Canvas Formulas)	2.1 محرك تنفيذ المعادلات الافتراضي	1950
F-001373	- صياغة التقارير والمذكرات والموجزات مع هيكل	2.1 محرك تنفيذ المعادلات الافتراضي	1951
F-001374	- صياغة تقارير منظمة مع أدلة وملخصات وتوصيات بناءً على الهدف والسياق	2.1 محرك تنفيذ المعادلات الافتراضي	1952
F-001375	- صياغة تقرير أداء ربع سنوي	2.1 محرك تنفيذ المعادلات الافتراضي	1953
F-001376	- صياغة رسائل البريد الإلكتروني والمقترحات والتقارير	2.1 محرك تنفيذ المعادلات الافتراضي	1954
F-001377	- صياغة محتوى مهم في ثوانٍ	2.1 محرك تنفيذ المعادلات الافتراضي	1955
F-001378	- صياغة مقترح مشروع بناءً على ملاحظات الاجتماع	2.1 محرك تنفيذ المعادلات الافتراضي	1956
F-001379	- كتابة تقارير أعمال من صفحة واحدة	2.1 محرك تنفيذ المعادلات الافتراضي	1957
F-001380	- كتابة تقارير الأداء	2.1 محرك تنفيذ المعادلات الافتراضي	1958
F-001381	- كتابة تقرير موجز للمستثمرين العالميين	2.1 محرك تنفيذ المعادلات الافتراضي	1959
F-001382	- كتابة مسودة أولى لتقرير بحثي	2.1 محرك تنفيذ المعادلات الافتراضي	1960
F-001383	- كتابة ملخص تنفيذي لتقرير بحثي	2.1 محرك تنفيذ المعادلات الافتراضي	1961
F-001384	- كتابة ملخصات تنفيذية	2.1 محرك تنفيذ المعادلات الافتراضي	1962
F-001385	- مراجعة اتفاقيات مستوى الخدمة (SLAs)	2.1 محرك تنفيذ المعادلات الافتراضي	1963
F-001386	- مراجعة الأداء وتحليل النتائج ومشاركة الرؤى من العام الماضي	2.1 محرك تنفيذ المعادلات الافتراضي	1964
F-001387	- مراجعة العقود القانونية وتلخيصها	2.1 محرك تنفيذ المعادلات الافتراضي	1965
F-001388	- تحويل وصف العمل إلى Pivot	2.1 محرك تنفيذ المعادلات الافتراضي	1966
F-001389	- اقتراح التخطيط الأمثل للـ Pivot	2.1 محرك تنفيذ المعادلات الافتراضي	1967
F-001390	- التجميع الهرمي التلقائي	2.1 محرك تنفيذ المعادلات الافتراضي	1968
F-001391	- تحسين أداء الـ Pivot وتسريع ذاكرة التخزين المؤقت	2.1 محرك تنفيذ المعادلات الافتراضي	1969
F-001392	- كتابة النقاط	2.1 محرك تنفيذ المعادلات الافتراضي	1970
F-001393	التنسيق التلقائي الشامل	2.2 التنسيق والتجميل الاحترافي	1976
F-001394	- تثبيت صف العناوين تلقائياً	2.2 التنسيق والتجميل الاحترافي	1978
F-001395	- تلوين رؤوس الأعمدة بألوان احترافية	2.2 التنسيق والتجميل الاحترافي	1979
F-001396	- اختيار خطوط احترافية مناسبة	2.2 التنسيق والتجميل الاحترافي	1980
F-001397	- ضبط عرض الأعمدة تلقائياً حسب المحتوى	2.2 التنسيق والتجميل الاحترافي	1981
F-001398	- محاذاة القيم بشكل صحيح	2.2 التنسيق والتجميل الاحترافي	1982
F-001399	- تفعيل الفلاتر التلقائية	2.2 التنسيق والتجميل الاحترافي	1983
F-001400	- إضافة حدود منظمة واحترافية	2.2 التنسيق والتجميل الاحترافي	1984
F-001401	- تنسيق الأرقام والعملات والتواريخ	2.2 التنسيق والتجميل الاحترافي	1985
F-001402	- تحويل النطاق إلى جدول رسمي	2.2 التنسيق والتجميل الاحترافي	1986
F-001403	دعم اللغة العربية الكامل	2.2 التنسيق والتجميل الاحترافي	1988
F-001404	- اتجاه من اليمين إلى اليسار تلقائياً	2.2 التنسيق والتجميل الاحترافي	1990
F-001405	- خطوط عربية احترافية	2.2 التنسيق والتجميل الاحترافي	1991
F-001406	- محاذاة مناسبة للنصوص العربية	2.2 التنسيق والتجميل الاحترافي	1992
F-001407	- تنسيق أرقام بالصيغة العربية عند الحاجة	2.2 التنسيق والتجميل الاحترافي	1993
F-001408	تجميل أوراق العمل	2.2 التنسيق والتجميل الاحترافي	1995
F-001409	- إعادة تسمية الأوراق بأسماء ذكية	2.2 التنسيق والتجميل الاحترافي	1997
F-001410	- ترتيب الأوراق منطقياً	2.2 التنسيق والتجميل الاحترافي	1998
F-001411	- إزالة الأوراق الفارغة	2.2 التنسيق والتجميل الاحترافي	1999
F-001412	- إضافة صفحة غلاف وملخص وفهرس	2.2 التنسيق والتجميل الاحترافي	2000
F-001413	- تعديل hierarchy بصريًا	2.2 التنسيق والتجميل الاحترافي	2001
F-001414	- تعديل density	2.2 التنسيق والتجميل الاحترافي	2002
F-001415	- اقتراح تحسين	2.2 التنسيق والتجميل الاحترافي	2003
F-001416	- اقتراح narrative	2.2 التنسيق والتجميل الاحترافي	2004
F-001417	- Rendering لمئات الآلاف من النقاط دون lag	2.2 التنسيق والتجميل الاحترافي	2005
F-001418	- مقارنة عمودين	2.2 التنسيق والتجميل الاحترافي	2006
F-001419	- التعليق على خلية معينة	2.2 التنسيق والتجميل الاحترافي	2007
F-001420	- تنسيق تلقائي احترافي	2.2 التنسيق والتجميل الاحترافي	2008
F-001421	- وضع متقدم مع اختيار مستوى التفاصيل ونظام السحب والإفلات الشامل	2.2 التنسيق والتجميل الاحترافي	2009
F-001422	- تنسيق تلقائي	2.2 التنسيق والتجميل الاحترافي	2010
F-001423	- تنسيق اكسل احترافي بقوالب جاهزة	2.2 التنسيق والتجميل الاحترافي	2011
F-001424	- تنسيق الأرقام بآلاف الفواصل والكسور العشرية	2.2 التنسيق والتجميل الاحترافي	2012
F-001425	- تنسيق التواريخ بصيغ متعددة	2.2 التنسيق والتجميل الاحترافي	2013
F-001426	- تلوين الخلايا والنصوص	2.2 التنسيق والتجميل الاحترافي	2014
F-001427	- تنسيق الحدود والإطارات	2.2 التنسيق والتجميل الاحترافي	2015
F-001428	- محاذاة النصوص أفقيا وعموديا	2.2 التنسيق والتجميل الاحترافي	2016
F-001429	- دمج الخلايا وفكها	2.2 التنسيق والتجميل الاحترافي	2017
F-001430	- تطبيق أنماط تنسيق موحدة دفعة واحدة	2.2 التنسيق والتجميل الاحترافي	2018
F-001431	- معاينة التنسيق قبل التطبيق	2.2 التنسيق والتجميل الاحترافي	2019
F-001432	- علامة مائية للتقارير المعتمدة	2.2 التنسيق والتجميل الاحترافي	2020
F-001433	- التحكم الكامل في الخطوط والألوان والأحجام	2.2 التنسيق والتجميل الاحترافي	2021
F-001434	- تنسيق تلقائي للعرض على شاشة أو طابعة	2.2 التنسيق والتجميل الاحترافي	2022
F-001435	- ترقيم تلقائي برقم مرجعي فريد لكل مراسلة حسب النوع والسنة	2.2 التنسيق والتجميل الاحترافي	2023
F-001436	- طباعة رسمية بترويسة المنظمة ورقم مرجعي ورمز استجابة سريعة	2.2 التنسيق والتجميل الاحترافي	2024
F-001437	- تقارير مثالية للبكسل.	2.2 التنسيق والتجميل الاحترافي	2025
F-001438	- تصدير PDF.	2.2 التنسيق والتجميل الاحترافي	2026
F-001439	- تنسيق وتجميل احترافي للتقارير واللوحات	2.2 التنسيق والتجميل الاحترافي	2027
F-001440	- ضبط الألوان وإضافة شعارك مباشرة من الصندوق	2.2 التنسيق والتجميل الاحترافي	2028
F-001441	- إنشاء تقارير ذات علامة تجارية عن طريق تخصيص كل شيء من اسم المجال الخاص بك إلى خلفيات لوحة المعلومات والمزيد	2.2 التنسيق والتجميل الاحترافي	2029
F-001442	- التنسيقات تصدير متعددة (.ppt ، .png ، .pdf ، .svg)	2.2 التنسيق والتجميل الاحترافي	2030
F-001443	- تصدير مرن متعدد التنسيقات	2.2 التنسيق والتجميل الاحترافي	2031
F-001444	- مزيل الخلفية بنقرة واحدة	2.2 التنسيق والتجميل الاحترافي	2032
F-001445	- تغيير حجم الصورة بنقرة واحدة	2.2 التنسيق والتجميل الاحترافي	2033
F-001446	- إخفاء الصور	2.2 التنسيق والتجميل الاحترافي	2034
F-001447	- انتقاء الألوان	2.2 التنسيق والتجميل الاحترافي	2035
F-001448	- محاذاة المحتوى تلقائيًا	2.2 التنسيق والتجميل الاحترافي	2036
F-001449	- الرسوم المتحركة (تكبير ، ارتداد ، قلب أو تلاشي)	2.2 التنسيق والتجميل الاحترافي	2037
F-001450	- التنسيق والتجميل الاحترافي	2.2 التنسيق والتجميل الاحترافي	2038
F-001451	- تحويل النص العادي إلى مستندات منسقة	2.2 التنسيق والتجميل الاحترافي	2039
F-001452	- تنسيق وتصميم ذكي للمستندات	2.2 التنسيق والتجميل الاحترافي	2040
F-001453	- توقع صيغ Excel دقيقة وتنسيق أفضل للمستندات	2.2 التنسيق والتجميل الاحترافي	2041
F-001454	- تعديل وتخصيص التخطيط والنص والعناصر المرئية	2.2 التنسيق والتجميل الاحترافي	2042
F-001455	- ضبط نبرة الكتابة تلقائيًا لتناسب الجمهور المستهدف	2.2 التنسيق والتجميل الاحترافي	2043
F-001456	- ضمان كتابة واضحة وخالية من الأخطاء	2.2 التنسيق والتجميل الاحترافي	2044
F-001457	- فحص التصميم تلقائيًا لضمان إمكانية الوصول للجميع	2.2 التنسيق والتجميل الاحترافي	2045
F-001458	- مخرجات متوافقة مع هوية العلامة التجارية	2.2 التنسيق والتجميل الاحترافي	2046
F-001459	- التحقق من إمكانية الوصول (تباين الألوان، تخطيط، قابلية قراءة الخط)	2.2 التنسيق والتجميل الاحترافي	2047
F-001460	- التدقيق الإملائي والنحوي	2.2 التنسيق والتجميل الاحترافي	2048
F-001461	- تنسيق وتجميل ملف Excel (Formatting & Beautification Engine)	2.2 التنسيق والتجميل الاحترافي	2049
F-001462	- محرر الخطوط (عناوين/نص، أحجام، رفع خطوط عربية/لاتينية)	2.2 التنسيق والتجميل الاحترافي	2050
F-001463	- تصدير/استيراد الثيم (تنسيق JSON، مشاركة بين المنصات)	2.2 التنسيق والتجميل الاحترافي	2051
F-001464	- وضع Nano Banana Pro: شرائح صور بجودة استوديو	2.2 التنسيق والتجميل الاحترافي	2052
F-001465	- تطبيق مجموعة العلامة التجارية (ألوان، خطوط، شعارات)	2.2 التنسيق والتجميل الاحترافي	2053
F-001466	- تنسيقات عرض جذابة بصرياً وقابلة للتمرير	2.2 التنسيق والتجميل الاحترافي	2054
F-001467	- تنسيق تلقائي احترافي وشامل	2.2 التنسيق والتجميل الاحترافي	2055
F-001468	- محاذاة القيم بشكل مناسب	2.2 التنسيق والتجميل الاحترافي	2056
F-001469	- دعم خطوط عربية احترافية	2.2 التنسيق والتجميل الاحترافي	2057
F-001470	- تنسيق الأرقام والعملات والتواريخ (مع دعم التنسيق العربي)	2.2 التنسيق والتجميل الاحترافي	2058
F-001471	- الوضع السهل: زر “تنسيق احترافي كامل”	2.2 التنسيق والتجميل الاحترافي	2059
F-001472	- الوضع المتقدم: اختيار الخط، الألوان، النمط، ومستوى التنسيق	2.2 التنسيق والتجميل الاحترافي	2060
F-001473	- حفظ وتسجيل كل خطوة	2.2 التنسيق والتجميل الاحترافي	2061
F-001474	- نظام التنسيق والتجميل الاحترافي (Formatting Intelligence)	2.2 التنسيق والتجميل الاحترافي	2062
F-001475	- إضافة فلاتر عامة وتفاعلية وإنشاء فلاتر مخصصة	2.2 التنسيق والتجميل الاحترافي	2063
F-001476	- محاكاة كاملة لأي تصميم خارجي واستخراج مكوناته (الألوان، الخطوط، النمط)	2.2 التنسيق والتجميل الاحترافي	2064
F-001477	- التدخل في أي خطوة والتحكم الكامل بها	2.2 التنسيق والتجميل الاحترافي	2065
F-001478	- اختيار أفضل نمط بصري وتطبيق ألوان احترافية	2.2 التنسيق والتجميل الاحترافي	2066
F-001479	- التحكم في: الطبقات, المحاذاة, المسافات, الشفافية, التدرجات	2.2 التنسيق والتجميل الاحترافي	2067
F-001480	- تحديد: ألوان أساسية, ألوان ثانوية, خطوط رسمية, أسلوب عرض	2.2 التنسيق والتجميل الاحترافي	2068
F-001481	- تغيير تنسيق أي صفحة	2.2 التنسيق والتجميل الاحترافي	2069
F-001482	- زر “إعادة تنسيق احترافي”	2.2 التنسيق والتجميل الاحترافي	2070
F-001483	- أوامر لغة طبيعية مثل “اجعل التصميم أكثر بساطة” أو “خفف الألوان”	2.2 التنسيق والتجميل الاحترافي	2071
F-001484	- تصميم معياري ومستقل (Modular design)	2.2 التنسيق والتجميل الاحترافي	2072
F-001485	- خدمة إدارة القوالب والأنماط (Template & Style Management)	2.2 التنسيق والتجميل الاحترافي	2073
F-001486	- تصميم متجاوب لمختلف الشاشات (Responsive design)	2.2 التنسيق والتجميل الاحترافي	2074
F-001487	- منطق التصميم القائم على القواعد والقيود (AI + Design Rules + Constraint system)	2.2 التنسيق والتجميل الاحترافي	2075
F-001488	- نموذج التصميم الدلالي المجرد (Design Semantic Abstraction)	2.2 التنسيق والتجميل الاحترافي	2076
F-001489	- ربط رموز التصميم (Design token mapping)	2.2 التنسيق والتجميل الاحترافي	2077
F-001490	- استخراج التنسيق الشرطي (Conditional formatting extraction)	2.2 التنسيق والتجميل الاحترافي	2078
F-001491	- استنساخ أنماط الخلايا (Cell style replication)	2.2 التنسيق والتجميل الاحترافي	2079
F-001492	- معالجة تصميم عالية الإنتاجية (High Throughput Design Processing)	2.2 التنسيق والتجميل الاحترافي	2080
F-001493	- استراتيجية التخزين المؤقت لاستنساخ التصميم (Cache Strategy for Design Replication)	2.2 التنسيق والتجميل الاحترافي	2081
F-001494	- محرك التصميم الدلالي (Semantic Design Engine)	2.2 التنسيق والتجميل الاحترافي	2082
F-001495	- تكييف تنسيق الأرقام (Number formatting adaptation)	2.2 التنسيق والتجميل الاحترافي	2083
F-001496	- إعادة بناء التصميم الدلالي (Semantic design reconstruction)	2.2 التنسيق والتجميل الاحترافي	2084
F-001497	- محرك قيود التصميم (Design Constraint Engine)	2.2 التنسيق والتجميل الاحترافي	2085
F-001498	- تحرير التصميم دون اتصال بالإنترنت (Offline design editing)	2.2 التنسيق والتجميل الاحترافي	2086
F-001499	- عقيدة ذكاء التصميم والتكافؤ البصري (Design Intelligence & Visual Parity Doctrine)	2.2 التنسيق والتجميل الاحترافي	2087
F-001500	- تشكيل الخطوط بدقة	2.2 التنسيق والتجميل الاحترافي	2088
F-001501	- اقتراح ألوان متناسقة وتحسين المحاذاة تلقائياً	2.2 التنسيق والتجميل الاحترافي	2089
F-001502	- توليد تصميم متوافق مع العلامة التجارية	2.2 التنسيق والتجميل الاحترافي	2090
F-001503	- تنسيق التواريخ حسب الثقافة والعملات حسب الدولة	2.2 التنسيق والتجميل الاحترافي	2091
F-001504	- تطابق حرفي ودقيق في الخطوط والألوان والمحاذاة والطبقات	2.2 التنسيق والتجميل الاحترافي	2092
F-001505	- الحفاظ على نسب الخطوط والهوامش بالكامل	2.2 التنسيق والتجميل الاحترافي	2093
F-001506	- استنساخ محرك التنسيق الشرطي (Conditional formatting engine clone)	2.2 التنسيق والتجميل الاحترافي	2094
F-001507	- الحفاظ على الأنماط المسماة (Named styles)	2.2 التنسيق والتجميل الاحترافي	2095
F-001508	- محرك تنسيق البيانات الثقافي (Cultural Data Formatting Engine)	2.2 التنسيق والتجميل الاحترافي	2096
F-001509	- مصمم مساعد بالذكاء الاصطناعي (AI Co-Designer)	2.2 التنسيق والتجميل الاحترافي	2097
F-001510	- حلقة تعزيز التصميم (Design Reinforcement Loop)	2.2 التنسيق والتجميل الاحترافي	2098
F-001511	- قياس استقرار التصميم (Design Stability Scoring)	2.2 التنسيق والتجميل الاحترافي	2099
F-001512	- واجهة مستخدم تدريجية: خطوة بخطوة للمبتدئين، ووضع احترافي للخبراء	2.2 التنسيق والتجميل الاحترافي	2100
F-001513	- يحسب محرك التصميم: تباين المحاذاة، تماسك الشبكة، إيقاع المساحات البيضاء، استقرار نسبة التباين، والإنتروبيا البصرية	2.2 التنسيق والتجميل الاحترافي	2101
F-001514	- ضبط نبرة الخطاب	2.2 التنسيق والتجميل الاحترافي	2102
F-001515	- مصمم ذكاء الأعمال المستقل (Autonomous BI Designer)	2.2 التنسيق والتجميل الاحترافي	2103
F-001516	- وضع صارم (Strict mode) للحفاظ على سلامة التصميم دون تجميل	2.2 التنسيق والتجميل الاحترافي	2104
F-001517	- دعم ثيمات التصميم في المكتبة	2.2 التنسيق والتجميل الاحترافي	2105
F-001518	- فلاتر معيارية قابلة للحفظ	2.2 التنسيق والتجميل الاحترافي	2106
F-001519	- محرر ألوان متقدم (أساسي/ثانوي/خلفيات/نصوص/حدود)	2.2 التنسيق والتجميل الاحترافي	2107
F-001520	- تخصيص زوايا الحدود (border-radius) لكل مكون	2.2 التنسيق والتجميل الاحترافي	2108
F-001521	- وضع الألوان (فاتح/داكن/تلقائي/عالي التباين)	2.2 التنسيق والتجميل الاحترافي	2109
F-001522	- محرر البطاقات لتخصيص الشكل الافتراضي (حدود/ظل/padding/خلفية)	2.2 التنسيق والتجميل الاحترافي	2110
F-001523	- تطبيق علامة المنظمة التجارية (شعار/ألوان/خطوط) تلقائياً	2.2 التنسيق والتجميل الاحترافي	2111
F-001524	- قوالب الوصولية (Accessibility Templates) للتباين والخطوط ودعم RTL والنص البديل	2.2 التنسيق والتجميل الاحترافي	2112
F-001525	- مساعد سير العمل بالذكاء الاصطناعي (AI-assisted Workflow) يقترح تصميمًا من وصف نصي	2.2 التنسيق والتجميل الاحترافي	2113
F-001526	- مصمم وكيل (Designer Agent) لتحسين التخطيط والتباين ودعم RTL	2.2 التنسيق والتجميل الاحترافي	2114
F-001527	- وضع إبداعي (Creative) لبدائل تصميم وسرد أغنى ضمن قيود العلامة التجارية	2.2 التنسيق والتجميل الاحترافي	2115
F-001528	- تحديد وتعديل أسلوب ونبرة العرض التقديمي	2.2 التنسيق والتجميل الاحترافي	2116
F-001529	- جعل الملف الإكسل الأفضل جمالياً وبصرياً	2.2 التنسيق والتجميل الاحترافي	2117
F-001530	- نسق الملف رسميًا	2.2 التنسيق والتجميل الاحترافي	2118
F-001531	- ترتيب العناصر	2.2 التنسيق والتجميل الاحترافي	2119
F-001532	- اختيار مستوى كثافة المعلومات	2.2 التنسيق والتجميل الاحترافي	2120
F-001533	- تخصيص احترافي	2.2 التنسيق والتجميل الاحترافي	2121
F-001534	- تحسين المسافات	2.2 التنسيق والتجميل الاحترافي	2122
F-001535	- ضبط الهوامش	2.2 التنسيق والتجميل الاحترافي	2123
F-001536	- قابل للتخصيص بالكامل	2.2 التنسيق والتجميل الاحترافي	2124
F-001537	- واجهة رسومية فاخرة	2.2 التنسيق والتجميل الاحترافي	2125
F-001538	- عناصر مرئية واضحة	2.2 التنسيق والتجميل الاحترافي	2126
F-001539	- إعادة التصميم الفوري	2.2 التنسيق والتجميل الاحترافي	2127
F-001540	- خلفيات متنوعة	2.2 التنسيق والتجميل الاحترافي	2128
F-001541	- عنوان رئيسي	2.2 التنسيق والتجميل الاحترافي	2129
F-001542	- حملات إعلانية بصرية	2.2 التنسيق والتجميل الاحترافي	2130
F-001543	عند تفعيل وضع المطابقة الحرفية يحافظ النظام على:	2.3 المطابقة الحرفية لملفات Excel	2136
F-001544	- عرض الأعمدة بالبكسل الدقيق	2.3 المطابقة الحرفية لملفات Excel	2138
F-001545	- ارتفاع الصفوف بالقيمة الأصلية	2.3 المطابقة الحرفية لملفات Excel	2139
F-001546	- نطاقات الخلايا المدمجة	2.3 المطابقة الحرفية لملفات Excel	2140
F-001547	- سلامة المعادلات وترتيب الحساب	2.3 المطابقة الحرفية لملفات Excel	2141
F-001548	- النطاقات المسماة	2.3 المطابقة الحرفية لملفات Excel	2142
F-001549	- قواعد التنسيق الشرطي	2.3 المطابقة الحرفية لملفات Excel	2143
F-001550	- حشو الخلايا وسماكة الحدود	2.3 المطابقة الحرفية لملفات Excel	2144
F-001551	- إحداثيات تجميد الأجزاء	2.3 المطابقة الحرفية لملفات Excel	2145
F-001552	- إزاحات مرتكزات الرسوم البيانية	2.3 المطابقة الحرفية لملفات Excel	2146
F-001553	- هندسة تخطيط الجداول المحورية	2.3 المطابقة الحرفية لملفات Excel	2147
F-001554	- الأعمدة المخفية وحالات الفلاتر	2.3 المطابقة الحرفية لملفات Excel	2148
F-001555	- تحويل ملف Excel إلى نظام متابعة دائم	2.3 المطابقة الحرفية لملفات Excel	2149
F-001556	- تطابق تام في الإحداثيات الدقيقة لكل عنصر	2.3 المطابقة الحرفية لملفات Excel	2150
F-001557	- تطابق كامل في أحجام العناصر ونِسَبها	2.3 المطابقة الحرفية لملفات Excel	2151
F-001558	- تطابق الهوامش والمسافات والفواصل الداخلية	2.3 المطابقة الحرفية لملفات Excel	2152
F-001559	- تطابق طبقات العناصر وترتيبها الأمامي والخلفي	2.3 المطابقة الحرفية لملفات Excel	2153
F-001560	- تطابق ترتيب الطبقات	2.3 المطابقة الحرفية لملفات Excel	2154
F-001561	- تطابق ترتيب العناصر في الطبقات	2.3 المطابقة الحرفية لملفات Excel	2155
F-001562	- تطابق المحاذاة الدقيقة للبكسل الواحد	2.3 المطابقة الحرفية لملفات Excel	2156
F-001563	- تطابق دقيق للمحاذاة	2.3 المطابقة الحرفية لملفات Excel	2157
F-001564	- تطابق مواضع العناصر بالإحداثيات الدقيقة	2.3 المطابقة الحرفية لملفات Excel	2158
F-001565	- إعادة إنشاء العناصر بنفس الإحداثيات	2.3 المطابقة الحرفية لملفات Excel	2159
F-001566	- تحويل كل عنصر إلى نظيره المباشر دون إعادة تصميم	2.3 المطابقة الحرفية لملفات Excel	2160
F-001567	- تطابق جميع الروابط الداخلية	2.3 المطابقة الحرفية لملفات Excel	2161
F-001568	- الحفاظ الكامل على الروابط الداخلية والبنية الهيكلية	2.3 المطابقة الحرفية لملفات Excel	2162
F-001569	- الحفاظ الكامل على العناوين ومستوياتها	2.3 المطابقة الحرفية لملفات Excel	2163
F-001570	- تطابق الهيكل الهرمي للعناوين	2.3 المطابقة الحرفية لملفات Excel	2164
F-001571	- الحفاظ الكامل على مواضع الصور والوسائط	2.3 المطابقة الحرفية لملفات Excel	2165
F-001572	- الحفاظ الكامل على أنماط الفقرات والقوائم	2.3 المطابقة الحرفية لملفات Excel	2166
F-001573	- تطابق أنماط الفقرات	2.3 المطابقة الحرفية لملفات Excel	2167
F-001574	- منع إعادة التفاف النص بشكل مختلف	2.3 المطابقة الحرفية لملفات Excel	2168
F-001575	- تطابق 100% في التخطيط	2.3 المطابقة الحرفية لملفات Excel	2169
F-001576	- الحفاظ على كل شريحة بنفس البنية	2.3 المطابقة الحرفية لملفات Excel	2170
F-001577	- إعادة بناء مطابق حرفياً	2.3 المطابقة الحرفية لملفات Excel	2171
F-001578	- الحفاظ على الحركات والانتقالات إن وجدت	2.3 المطابقة الحرفية لملفات Excel	2172
F-001579	- تطابق العلاقات بين العناصر	2.3 المطابقة الحرفية لملفات Excel	2173
F-001580	- تطابق توزيع الصفحات	2.3 المطابقة الحرفية لملفات Excel	2174
F-001581	- الحفاظ على الفواصل اليدوية	2.3 المطابقة الحرفية لملفات Excel	2175
F-001582	- تطابق بصمة التخطيط الرقمية للمستند	2.3 المطابقة الحرفية لملفات Excel	2176
F-001583	- تطابق البصمة الهندسية للمستند	2.3 المطابقة الحرفية لملفات Excel	2177
F-001584	- تطابق القيم اللونية الرقمية	2.3 المطابقة الحرفية لملفات Excel	2178
F-001585	- تطابق الإحداثيات حتى مستوى البكسل	2.3 المطابقة الحرفية لملفات Excel	2179
F-001586	- تطابق نسب العرض والارتفاع لكل صفحة أو شريحة	2.3 المطابقة الحرفية لملفات Excel	2180
F-001587	- تطابق نسب العرض والارتفاع	2.3 المطابقة الحرفية لملفات Excel	2181
F-001588	- تطابق المسافات الداخلية والخارجية	2.3 المطابقة الحرفية لملفات Excel	2182
F-001589	- تطابق بصمة التخطيط	2.3 المطابقة الحرفية لملفات Excel	2183
F-001590	- مقارنة بصمة التخطيط	2.3 المطابقة الحرفية لملفات Excel	2184
F-001591	- مقارنة هيكلية للعناصر	2.3 المطابقة الحرفية لملفات Excel	2185
F-001592	- استنساخ محرك التنسيق الشرطي بالكامل	2.3 المطابقة الحرفية لملفات Excel	2186
F-001593	- الحفاظ على عرض الأعمدة بالبكسل	2.3 المطابقة الحرفية لملفات Excel	2187
F-001594	- الحفاظ على ارتفاع الصفوف	2.3 المطابقة الحرفية لملفات Excel	2188
F-001595	- الحفاظ على دمج الخلايا	2.3 المطابقة الحرفية لملفات Excel	2189
F-001596	- الحفاظ على سلامة المعادلات	2.3 المطابقة الحرفية لملفات Excel	2190
F-001597	- الحفاظ على النطاقات المسماة	2.3 المطابقة الحرفية لملفات Excel	2191
F-001598	- الحفاظ على تجميد الصفوف والأعمدة	2.3 المطابقة الحرفية لملفات Excel	2192
F-001599	- الحفاظ على الأوراق المخفية	2.3 المطابقة الحرفية لملفات Excel	2193
F-001600	- الحفاظ على قواعد التنسيق الشرطي	2.3 المطابقة الحرفية لملفات Excel	2194
F-001601	- نسخ تصميم أي صورة أو مستند بدقة متطابقة تماما	2.3 المطابقة الحرفية لملفات Excel	2195
F-001602	- المطابقة الحرفية لملفات Excel	2.3 المطابقة الحرفية لملفات Excel	2196
F-001603	- مخرجات دقيقة وموثوقة وقابلة للتحقق	2.3 المطابقة الحرفية لملفات Excel	2197
F-001604	- تحويل صيغ التقارير	2.3 المطابقة الحرفية لملفات Excel	2198
F-001605	- تحويل ملفات CSV و Excel إلى مخططات ولوحات معلومات وجداول زمنية متوافقة مع العلامة التجارية	2.3 المطابقة الحرفية لملفات Excel	2199
F-001606	- مطابقة هوية العلامة التجارية في التقارير والعروض	2.3 المطابقة الحرفية لملفات Excel	2200
F-001607	- Excel Structural Replication	2.3 المطابقة الحرفية لملفات Excel	2201
F-001608	- الوضع السهل: زر واحد لتنسيق احترافي كامل	2.4 الوضع السهل والمتقدم	2207
F-001609	- الوضع المتقدم: اختيار الخط واللون والنمط ومستوى التفاصيل يدوياً	2.4 الوضع السهل والمتقدم	2208
F-001610	- وضع سهل مع زر تنسيق احترافي كامل	2.4 الوضع السهل والمتقدم	2209
F-001611	- تشغيل النظام بوضع سهل أو متقدم مع دعم الذكاء الاصطناعي والسحب والإفلات	2.4 الوضع السهل والمتقدم	2210
F-001612	- الوضع السهل والمتقدم	2.4 الوضع السهل والمتقدم	2211
F-001613	- الوضع السهل: تحويل الأوامر النصية البسيطة إلى تقارير مصممة بالكامل	2.4 الوضع السهل والمتقدم	2212
F-001614	- تنفيذ كل ذلك بوضع سهل أو متقدم	2.4 الوضع السهل والمتقدم	2213
F-001615	- اختيار الوضع السهل أو الوضع المتقدم	2.4 الوضع السهل والمتقدم	2214
F-001616	- وجود وضعين دائمين: سهل / متقدم	2.4 الوضع السهل والمتقدم	2215
F-001617	- الوضع المتقدم: اختيار مستوى التفاصيل	2.4 الوضع السهل والمتقدم	2216
F-001618	- يعرض خيارات في الوضع المتقدم	2.4 الوضع السهل والمتقدم	2217
F-001619	- الذكاء الاصطناعي لا يلغي التحكم اليدوي	2.4 الوضع السهل والمتقدم	2218
F-001620	- وضع تلقائي	2.4 الوضع السهل والمتقدم	2219
F-001621	- تحليل البيانات واختيار أهم المؤشرات تلقائياً	3.1 الوضع السهل: لوحة بضغطة زر	2228
F-001622	- اختيار أنسب الرسوم البيانية	3.1 الوضع السهل: لوحة بضغطة زر	2229
F-001623	- ترتيب العناصر بشكل منطقي	3.1 الوضع السهل: لوحة بضغطة زر	2230
F-001624	- تطبيق ثيم احترافي	3.1 الوضع السهل: لوحة بضغطة زر	2231
F-001625	- إضافة فلاتر عامة	3.1 الوضع السهل: لوحة بضغطة زر	2232
F-001626	- إنشاء مقارنة زمنية تلقائية	3.1 الوضع السهل: لوحة بضغطة زر	2233
F-001627	- السحب والإفلات: سحب حقل إلى Columns/Filters/Group by	3.1 الوضع السهل: لوحة بضغطة زر	2234
F-001628	- السحب والإفلات: سحب قسم تقرير لإعادة ترتيبه	3.1 الوضع السهل: لوحة بضغطة زر	2235
F-001629	- السحب والإفلات: سحب تقرير على Schedule لإنشاء جدولة	3.1 الوضع السهل: لوحة بضغطة زر	2236
F-001630	- السحب والإفلات: سحب Component إلى الصفحة مع ربط بيانات	3.1 الوضع السهل: لوحة بضغطة زر	2237
F-001631	- السحب والإفلات: سحب صفحة داخل Tree لإعادة ترتيب الهيكل	3.1 الوضع السهل: لوحة بضغطة زر	2238
F-001632	- سحب وإفلات عناصر لإنشاء تقارير ولوحات تحكم	3.1 الوضع السهل: لوحة بضغطة زر	2239
F-001633	- Generate Dashboard تنفيذي وتشغيلي بضغطة زر	3.1 الوضع السهل: لوحة بضغطة زر	2240
F-001634	- إنشاء داشبورد احترافية بسهولة	3.1 الوضع السهل: لوحة بضغطة زر	2241
F-001635	- إنشاء Dashboard	3.1 الوضع السهل: لوحة بضغطة زر	2242
F-001636	- إنشاء لوحات مؤشرات	3.1 الوضع السهل: لوحة بضغطة زر	2243
F-001637	- خدمة الداشبورد	3.1 الوضع السهل: لوحة بضغطة زر	2244
F-001638	- إنشاء لوحات معلومات تفاعلية	3.1 الوضع السهل: لوحة بضغطة زر	2245
F-001639	- لوحات معلومات تنفيذية لحظية	3.1 الوضع السهل: لوحة بضغطة زر	2246
F-001640	- تحويل Excel إلى لوحة معلومات تفاعلية	3.1 الوضع السهل: لوحة بضغطة زر	2247
F-001641	- تحويل جداول معقدة إلى رسوم بيانية	3.1 الوضع السهل: لوحة بضغطة زر	2248
F-001642	- منصة تنفيذ سيادية رياضية حتمية متسارعة البيانات ثنائية اللغة بمستوى احترافي نخبوي	3.1 الوضع السهل: لوحة بضغطة زر	2249
F-001643	- لوحات معلومات لحظية متدفقة	3.1 الوضع السهل: لوحة بضغطة زر	2250
F-001644	- لوحة مؤشرات بـ 1 مليار صف يمكن تلخيصها وعرضها بدون انهيار	3.1 الوضع السهل: لوحة بضغطة زر	2251
F-001645	- وضع تنفيذي يبسط العرض البصري فورا	3.1 الوضع السهل: لوحة بضغطة زر	2252
F-001646	- واجهة مبسطة للمستوى التنفيذي	3.1 الوضع السهل: لوحة بضغطة زر	2253
F-001647	- مسارات إنشاء خطوة بخطوة مع معاينة حية	3.1 الوضع السهل: لوحة بضغطة زر	2254
F-001648	- منشئ لوحة المعلومات	3.1 الوضع السهل: لوحة بضغطة زر	2255
F-001649	- لوحات معلومات التلفزيون	3.1 الوضع السهل: لوحة بضغطة زر	2256
F-001650	- منشئ روبوتات المحادثة من Plotly	3.1 الوضع السهل: لوحة بضغطة زر	2257
F-001651	- معرض غني	3.1 الوضع السهل: لوحة بضغطة زر	2258
F-001652	- قابل للتخصيص	3.1 الوضع السهل: لوحة بضغطة زر	2259
F-001653	- HTML5 / SVG	3.1 الوضع السهل: لوحة بضغطة زر	2260
F-001654	- البيانات الديناميكية	3.1 الوضع السهل: لوحة بضغطة زر	2261
F-001655	- إنشاء لوحات مؤشرات احترافية بشكل فوري باستخدام الذكاء الاصطناعي.	3.1 الوضع السهل: لوحة بضغطة زر	2262
F-001656	- حفظ أفضل النتائج مباشرة في لوحات المعلومات أو التقارير.	3.1 الوضع السهل: لوحة بضغطة زر	2263
F-001657	- تحويل جداول البيانات أو بيانات المستودع إلى لوحات معلومات مؤشرات الأداء الرئيسية مع عوامل تصفية ورؤى حية.	3.1 الوضع السهل: لوحة بضغطة زر	2264
F-001658	- بناء لوحات معلومات وجداول بيانات وتدفقات عمل محكومة.	3.1 الوضع السهل: لوحة بضغطة زر	2265
F-001659	- لوحات معلومات مخصصة.	3.1 الوضع السهل: لوحة بضغطة زر	2266
F-001660	- إنشاء لوحات معلومات ديناميكية.	3.1 الوضع السهل: لوحة بضغطة زر	2267
F-001661	- إنشاء لوحات معلومات من أمر نصي.	3.1 الوضع السهل: لوحة بضغطة زر	2268
F-001662	- إنشاء لوحة بضغطة زر	3.1 الوضع السهل: لوحة بضغطة زر	2269
F-001663	- قوالب قابلة للتخصيص	3.1 الوضع السهل: لوحة بضغطة زر	2270
F-001664	- قوالب الفريق	3.1 الوضع السهل: لوحة بضغطة زر	2271
F-001665	- قوالب يمكن الوصول إليها متوافقة مع WCAG	3.1 الوضع السهل: لوحة بضغطة زر	2272
F-001666	- قوالب احترافية	3.1 الوضع السهل: لوحة بضغطة زر	2273
F-001667	- قوالب مسبقة الصنع	3.1 الوضع السهل: لوحة بضغطة زر	2274
F-001668	- الوضع السهل: لوحة بضغطة زر	3.1 الوضع السهل: لوحة بضغطة زر	2275
F-001669	- شرائح ذكية (مخطط جانت، مقياس حرارة، رقم كبير، لوحة معلومات، إلخ)	3.1 الوضع السهل: لوحة بضغطة زر	2276
F-001670	- إنشاء شرائح استراتيجية الذهاب إلى السوق وخارطة الطريق	3.1 الوضع السهل: لوحة بضغطة زر	2277
F-001671	- إنشاء شرائح ذكية من العناصر النائبة	3.1 الوضع السهل: لوحة بضغطة زر	2278
F-001672	- إنشاء عرض جدول تفاعلي تلقائيًا	3.1 الوضع السهل: لوحة بضغطة زر	2279
F-001673	- إنشاء لوحات معلومات وتقارير تفاعلية	3.1 الوضع السهل: لوحة بضغطة زر	2280
F-001674	- إنشاء لوحة معلومات لفريق المبيعات لتتبع الفرص	3.1 الوضع السهل: لوحة بضغطة زر	2281
F-001675	- إنشاء لوحة معلومات لمراقبة مؤشرات الأداء الرئيسية للمشروع	3.1 الوضع السهل: لوحة بضغطة زر	2282
F-001676	- تتبع التقدم المحرز في تحقيق أهداف المبيعات	3.1 الوضع السهل: لوحة بضغطة زر	2283
F-001677	- تحديث أشرطة التقدم تلقائيًا أثناء العمل	3.1 الوضع السهل: لوحة بضغطة زر	2284
F-001678	- تحديث الأبحاث تلقائيًا مع تغير السوق	3.1 الوضع السهل: لوحة بضغطة زر	2285
F-001679	- تحديد المقاييس الرئيسية لتقييم أداء فريق	3.1 الوضع السهل: لوحة بضغطة زر	2286
F-001680	- تحديد مؤشرات الأداء الرئيسية (KPIs)	3.1 الوضع السهل: لوحة بضغطة زر	2287
F-001681	- تضمين المخططات والمرفقات والمصادر الحية	3.1 الوضع السهل: لوحة بضغطة زر	2288
F-001682	- تضمين لوحات المعلومات في أي مكان	3.1 الوضع السهل: لوحة بضغطة زر	2289
F-001683	- إنشاء حملات تسويقية وطلبات تقديم العروض (RFPs)	3.1 الوضع السهل: لوحة بضغطة زر	2290
F-001684	- إنشاء خطة عمل لمشروع جديد	3.1 الوضع السهل: لوحة بضغطة زر	2291
F-001685	- إنشاء دليل تدريبي للموظفين الجدد	3.1 الوضع السهل: لوحة بضغطة زر	2292
F-001686	- إنشاء عرض تقديمي حول اتجاهات السوق بناءً- على بحث عبر الإنترنت	3.1 الوضع السهل: لوحة بضغطة زر	2293
F-001687	- إنشاء عرض تقديمي لإطلاق منتج جديد	3.1 الوضع السهل: لوحة بضغطة زر	2294
F-001688	- إنشاء عرض تقديمي للمستثمرين	3.1 الوضع السهل: لوحة بضغطة زر	2295
F-001689	- إنشاء عروض PowerPoint التقديمية من المستندات	3.1 الوضع السهل: لوحة بضغطة زر	2296
F-001690	- إنشاء عروض تقديمية احترافية	3.1 الوضع السهل: لوحة بضغطة زر	2297
F-001691	- إنشاء عروض تقديمية احترافية على الفور	3.1 الوضع السهل: لوحة بضغطة زر	2298
F-001692	- إنشاء عروض تقديمية تلقائيًا	3.1 الوضع السهل: لوحة بضغطة زر	2299
F-001693	- إنشاء عروض تقديمية تلقائيًا أثناء استكشاف البيانات	3.1 الوضع السهل: لوحة بضغطة زر	2300
F-001694	- إنشاء عروض تقديمية كاملة مع بحث مباشر واستشهادات وملاحظات للمتحدث	3.1 الوضع السهل: لوحة بضغطة زر	2301
F-001695	- إنشاء عروض تقديمية مع بحث مباشر واستشهادات وملاحظات للمتحدث	3.1 الوضع السهل: لوحة بضغطة زر	2302
F-001696	- إنشاء كتيبات تدريبية وكتب إلكترونية	3.1 الوضع السهل: لوحة بضغطة زر	2303
F-001697	- إنشاء مقترحات وعروض مبيعات وأوراق بيضاء	3.1 الوضع السهل: لوحة بضغطة زر	2304
F-001698	- إنشاء ملاحظات للمتحدث في العروض التقديمية	3.1 الوضع السهل: لوحة بضغطة زر	2305
F-001699	- اقتراح تغييرات في هيكل المستند لتحسين السرد	3.1 الوضع السهل: لوحة بضغطة زر	2306
F-001700	- اقتراح خطط مزايا للموظفين	3.1 الوضع السهل: لوحة بضغطة زر	2307
F-001701	- اقتراح عناصر العمل من الاجتماعات	3.1 الوضع السهل: لوحة بضغطة زر	2308
F-001702	- المساعدة في صياغة توقعات مالية وخطط استراتيجية	3.1 الوضع السهل: لوحة بضغطة زر	2309
F-001703	- بناء سير عمل تقرير حقيقي مع قالب تقرير متسق	3.1 الوضع السهل: لوحة بضغطة زر	2310
F-001704	- بناء نماذج تعلم الآلة	3.1 الوضع السهل: لوحة بضغطة زر	2311
F-001705	- بناء نماذج تعلم الآلة الأولية مباشرة في المحادثة	3.1 الوضع السهل: لوحة بضغطة زر	2312
F-001706	- بناء نموذج مالي لشركة ناشئة	3.1 الوضع السهل: لوحة بضغطة زر	2313
F-001707	- تحليل SWOT الاستراتيجي	3.1 الوضع السهل: لوحة بضغطة زر	2314
F-001708	- تحليل نقاط القوة والضعف والفرص والتهديدات	3.1 الوضع السهل: لوحة بضغطة زر	2315
F-001709	- تحويل الأفكار إلى مستندات مصممة بشكل احترافي تلقائيًا	3.1 الوضع السهل: لوحة بضغطة زر	2316
F-001710	- إنشاء لوحات مؤشرات الأداء الرئيسية	3.1 الوضع السهل: لوحة بضغطة زر	2317
F-001711	- إنشاء لوحات معلومات تحليلية احترافية على الفور من خلال طرح الأسئلة باللغة الإنجليزية البسيطة	3.1 الوضع السهل: لوحة بضغطة زر	2318
F-001712	- إنشاء لوحات معلومات تلقائيًا من جداول البيانات	3.1 الوضع السهل: لوحة بضغطة زر	2319
F-001713	- بناء صفحات كاملة تلقائيًا (مكونات، ربط بيانات، فلاتر، أذونات)	3.1 الوضع السهل: لوحة بضغطة زر	2320
F-001714	- تخصيص شكل اللوحة	3.1 الوضع السهل: لوحة بضغطة زر	2321
F-001715	- إنشاء داشبورد	3.1 الوضع السهل: لوحة بضغطة زر	2322
F-001716	- اختيار نوع الرسم وتحديد الأعمدة وطريقة التجميع	3.2 الوضع المتقدم: تحكم كامل	2328
F-001717	- تخصيص الألوان والخطوط والأحجام	3.2 الوضع المتقدم: تحكم كامل	2329
F-001718	- إنشاء علاقات ديناميكية بين الرسوم	3.2 الوضع المتقدم: تحكم كامل	2330
F-001719	- تخصيص التفاعلات	3.2 الوضع المتقدم: تحكم كامل	2331
F-001720	- الوضع المتقدم	3.2 الوضع المتقدم: تحكم كامل	2332
F-001721	- إنشاء بطاقة مؤشر واحدة وسحبها لأي تقرير	3.2 الوضع المتقدم: تحكم كامل	2333
F-001722	- تحكم كامل في كل خطوة	3.2 الوضع المتقدم: تحكم كامل	2334
F-001723	- تخصيص الألوان والخطوط والأحجام بالكامل	3.2 الوضع المتقدم: تحكم كامل	2335
F-001724	- دعم الشاشات الكبيرة والعرض على التلفاز	3.2 الوضع المتقدم: تحكم كامل	2336
F-001725	- الوضع الليلي والنهاري	3.2 الوضع المتقدم: تحكم كامل	2337
F-001726	- إنشاء عدد غير محدود من لوحات المؤشرات لكل مستخدم	3.2 الوضع المتقدم: تحكم كامل	2338
F-001727	- لوحة افتراضية تظهر حسب دور المستخدم	3.2 الوضع المتقدم: تحكم كامل	2339
F-001728	- وضع العرض على الشاشات الكبيرة	3.2 الوضع المتقدم: تحكم كامل	2340
F-001729	- استجابة كاملة للجوال	3.2 الوضع المتقدم: تحكم كامل	2341
F-001730	- الحفاظ على هندسة العناصر المرئية في الوضع الصارم	3.2 الوضع المتقدم: تحكم كامل	2342
F-001731	- الحفاظ على التسلسل الهرمي المكاني لمؤشرات الأداء	3.2 الوضع المتقدم: تحكم كامل	2343
F-001732	- إعادة بناء المخططات رياضيا وليس بصريا تقريبيا	3.2 الوضع المتقدم: تحكم كامل	2344
F-001733	- اكتشاف أفضل تخطيط لمؤشرات الأداء	3.2 الوضع المتقدم: تحكم كامل	2345
F-001734	- تحسين تجميع العناصر المرئية	3.2 الوضع المتقدم: تحكم كامل	2346
F-001735	- اقتراح تسلسل هرمي للمؤشرات	3.2 الوضع المتقدم: تحكم كامل	2347
F-001736	- اكتشاف المقاييس المكررة تلقائيا	3.2 الوضع المتقدم: تحكم كامل	2348
F-001737	- توليد بنية تصفية متقاطعة	3.2 الوضع المتقدم: تحكم كامل	2349
F-001738	- اقتراح منطق التعمق في البيانات	3.2 الوضع المتقدم: تحكم كامل	2350
F-001739	- موازنة أرباع لوحة المؤشرات تلقائيا	3.2 الوضع المتقدم: تحكم كامل	2351
F-001740	- تقليل الازدحام البصري	3.2 الوضع المتقدم: تحكم كامل	2352
F-001741	- فرض التناسق البصري	3.2 الوضع المتقدم: تحكم كامل	2353
F-001742	- الحفاظ على استقرار التخطيط أثناء التحديثات الحية	3.2 الوضع المتقدم: تحكم كامل	2354
F-001743	- منع تحرك العناصر المفاجئ	3.2 الوضع المتقدم: تحكم كامل	2355
F-001744	- انتقالات سلسة أثناء التحديث اللحظي	3.2 الوضع المتقدم: تحكم كامل	2356
F-001745	- لوحات مؤشرات لحظية متدفقة	3.2 الوضع المتقدم: تحكم كامل	2357
F-001746	- تجميعات ضخمة في أقل من ثانية	3.2 الوضع المتقدم: تحكم كامل	2358
F-001747	- التحقق التلقائي من إمكانية الوصول	3.2 الوضع المتقدم: تحكم كامل	2359
F-001748	- الحفاظ على توقيت الانتقالات بين الشرائح	3.2 الوضع المتقدم: تحكم كامل	2360
F-001749	- الحفاظ على توقيت المؤثرات الحركية	3.2 الوضع المتقدم: تحكم كامل	2361
F-001750	- الحفاظ على نسبة أبعاد الشرائح	3.2 الوضع المتقدم: تحكم كامل	2362
F-001751	- الحفاظ على ملاحظات المتحدث كما هي	3.2 الوضع المتقدم: تحكم كامل	2363
F-001752	- الحفاظ على هندسة الأشكال الذكية وتوجيه الموصلات	3.2 الوضع المتقدم: تحكم كامل	2364
F-001753	- واجهة كاملة لخبراء التصميم	3.2 الوضع المتقدم: تحكم كامل	2365
F-001754	- إمكانية التبديل بين الوضعين دون فقد الإعدادات	3.2 الوضع المتقدم: تحكم كامل	2366
F-001755	- تحكم كامل في تحرير اللوحات	3.2 الوضع المتقدم: تحكم كامل	2367
F-001756	- الوضع المتقدم: تحكم كامل	3.2 الوضع المتقدم: تحكم كامل	2368
F-001757	- تبسيط البيانات المعقدة في مرئيات واضحة ومؤثرة	3.2 الوضع المتقدم: تحكم كامل	2369
F-001758	- ينفذ الحل في الوضع السهل	3.2 الوضع المتقدم: تحكم كامل	2370
F-001759	- بطاقات مؤشرات رئيسية ورسوم خطية وأعمدة ودائرية وخرائط حرارية	3.3 عناصر اللوحة القابلة للسحب	2376
F-001760	- جداول تفاعلية وخرائط جغرافية ومخططات مقارنة	3.3 عناصر اللوحة القابلة للسحب	2377
F-001761	- مؤشرات أعلى وأقل عشرة ومؤشرات نمو وفلاتر تفاعلية	3.3 عناصر اللوحة القابلة للسحب	2378
F-001762	- سحب العنصر ثم إفلاته ثم اختيار العمود ويتم الربط فوراً	3.3 عناصر اللوحة القابلة للسحب	2379
F-001763	- عناصر اللوحة قابلة للسحب لإعادة الترتيب والتعديل	3.3 عناصر اللوحة القابلة للسحب	2380
F-001764	- إمكانية السحب والإفلات لبناء عمليات ولوحات مؤشرات	3.3 عناصر اللوحة القابلة للسحب	2381
F-001765	- عناصر Dashboard القابلة للسحب	3.3 عناصر اللوحة القابلة للسحب	2382
F-001766	- سحب عنصر → إفلاته → اختيار عمود → يتم الربط فورًا	3.3 عناصر اللوحة القابلة للسحب	2383
F-001767	- سحب العناصر بحرية	3.3 عناصر اللوحة القابلة للسحب	2384
F-001768	- دعم الأجهزة: سطح المكتب (سحب مباشر)، الجوال/اللوحي (ضغط مطوّل + مؤشرات واضحة)	3.3 عناصر اللوحة القابلة للسحب	2385
F-001769	- السحب والإفلات الموسّع: سحب Metric على بطاقة KPI لتبديل المقياس، سحب Dimension على محور لتغيير التجميع، سحب فلتر محفوظ على اللوحة لتطبيقه فوراً	3.3 عناصر اللوحة القابلة للسحب	2386
F-001770	- السحب والإفلات: سحب KPI/Chart من لوحة وإفلاته في شريحة لتكوين عنصر حي	3.3 عناصر اللوحة القابلة للسحب	2387
F-001771	- إضافة methods جديدة	3.3 عناصر اللوحة القابلة للسحب	2388
F-001772	- إعادة كتابة أي ملف من الصفر	3.3 عناصر اللوحة القابلة للسحب	2389
F-001773	- استبدال أي implementation بتنفيذ خاص بك	3.3 عناصر اللوحة القابلة للسحب	2390
F-001774	- إنشاء لوحات مؤشرات تفاعلية بالسحب والإفلات	3.3 عناصر اللوحة القابلة للسحب	2391
F-001775	- مؤشرات أداء رئيسية قابلة للتخصيص	3.3 عناصر اللوحة القابلة للسحب	2392
F-001776	- مرشحات تفاعلية تتحكم في جميع عناصر اللوحة	3.3 عناصر اللوحة القابلة للسحب	2393
F-001777	- ربط عناصر اللوحة ببعضها بحيث يؤثر النقر على أحدها في الباقي	3.3 عناصر اللوحة القابلة للسحب	2394
F-001778	- بطاقات إحصائيات تعرض رقم ومقارنة واتجاه	3.3 عناصر اللوحة القابلة للسحب	2395
F-001779	- عنصر مرئي مخصص	3.3 عناصر اللوحة القابلة للسحب	2396
F-001780	- فلاتر عامة حسب التاريخ والقسم والحالة تصفي كل اللوحة	3.3 عناصر اللوحة القابلة للسحب	2397
F-001781	- تتبع مؤشرات الأداء مع أهداف وتنبيهات	3.3 عناصر اللوحة القابلة للسحب	2398
F-001782	- التعمق بالضغط للوصول إلى تفاصيل البيانات	3.3 عناصر اللوحة القابلة للسحب	2399
F-001783	- الضغط على عنصر في لوحة يفلتر بقية العناصر المرئية	3.3 عناصر اللوحة القابلة للسحب	2400
F-001784	- عنصر مرئي لتنبيهات مؤشرات الأداء والشذوذ	3.3 عناصر اللوحة القابلة للسحب	2401
F-001785	- تنبيه عند تجاوز أو هبوط قيمة مؤشر عن الحد	3.3 عناصر اللوحة القابلة للسحب	2402
F-001786	- تنبيه ذكي عند اكتشاف شذوذ في البيانات	3.3 عناصر اللوحة القابلة للسحب	2403
F-001787	- توجيه التنبيهات إلى إشعارات أو تصعيد أو تقرير	3.3 عناصر اللوحة القابلة للسحب	2404
F-001788	- إعداد كل عنصر مرئي باختيار مجموعة البيانات والمقياس والفلتر والمظهر بدون كود	3.3 عناصر اللوحة القابلة للسحب	2405
F-001789	- إمكانية بناء عناصر مرئية مخصصة للجهات المتقدمة	3.3 عناصر اللوحة القابلة للسحب	2406
F-001790	- تمرير المؤشر فوق مؤشر أداء يظهر التعريف والمالك والحساسية والمصدر	3.3 عناصر اللوحة القابلة للسحب	2407
F-001791	- تكرار وإعادة ترتيب الشرائح بالسحب والإفلات	3.3 عناصر اللوحة القابلة للسحب	2408
F-001792	- مكونات ذكية مثل رسم بياني وجدول ومؤشر أداء كلها حية ومحدثة	3.3 عناصر اللوحة القابلة للسحب	2409
F-001793	- منشئ مرئي بالسحب والإفلات مع شبكة ونسخ ولصق المكونات	3.3 عناصر اللوحة القابلة للسحب	2410
F-001794	- مكونات جاهزة تشمل جدول ورسم ونموذج ونص وصورة وفيديو وخريطة وبطاقات مؤشرات أداء	3.3 عناصر اللوحة القابلة للسحب	2411
F-001795	- منشئ مرئي بسحب وإفلات الحقول	3.3 عناصر اللوحة القابلة للسحب	2412
F-001796	- مصمم مرئي لرسم سير العمل بالسحب والإفلات	3.3 عناصر اللوحة القابلة للسحب	2413
F-001797	- إنشاء مهام بعنوان ووصف وأولوية وتاريخ ومسؤول	3.3 عناصر اللوحة القابلة للسحب	2414
F-001798	- لوحة كانبان بأعمدة حالات مع سحب وإفلات	3.3 عناصر اللوحة القابلة للسحب	2415
F-001799	- سحب وإفلات كامل في جميع أنحاء المنصة	3.3 عناصر اللوحة القابلة للسحب	2416
F-001800	- نقل الأعمدة وإعادة ترتيبها بالسحب والإفلات	3.3 عناصر اللوحة القابلة للسحب	2417
F-001801	- ترتيب أوراق العمل بالسحب والإفلات	3.3 عناصر اللوحة القابلة للسحب	2418
F-001802	- سحب وإفلات أعمدة من ملفات متعددة لبناء جدول هدف	3.3 عناصر اللوحة القابلة للسحب	2419
F-001803	- منشئ شرائح كامل بالسحب والإفلات مع شرائح رئيسية	3.3 عناصر اللوحة القابلة للسحب	2420
F-001804	- محاذاة ذكية للشبكة أثناء السحب	3.3 عناصر اللوحة القابلة للسحب	2421
F-001805	- سحب عبر الشرائح	3.3 عناصر اللوحة القابلة للسحب	2422
F-001806	- سحب عبر لوحات المؤشرات	3.3 عناصر اللوحة القابلة للسحب	2423
F-001807	- سحب عبر وحدات المنصة المختلفة	3.3 عناصر اللوحة القابلة للسحب	2424
F-001808	- سحب حقل بيانات إلى مخطط يربطه تلقائيا	3.3 عناصر اللوحة القابلة للسحب	2425
F-001809	- سحب مؤشر أداء إلى شبكة لوحة مؤشرات يوزعه تلقائيا	3.3 عناصر اللوحة القابلة للسحب	2426
F-001810	- سحب جدول اكسل إلى عرض يحافظ على الهندسة	3.3 عناصر اللوحة القابلة للسحب	2427
F-001811	- سحب صورة إلى قالب يضعها ضمن القيود تلقائيا	3.3 عناصر اللوحة القابلة للسحب	2428
F-001812	- سحب قسم من المكتبة إلى تقرير يرث السمة تلقائيا	3.3 عناصر اللوحة القابلة للسحب	2429
F-001813	- سحب عدة عناصر دفعة واحدة	3.3 عناصر اللوحة القابلة للسحب	2430
F-001814	- سحب حقل إلى فلتر أو محور تجميع داخل تقرير أو لوحة	3.3 عناصر اللوحة القابلة للسحب	2431
F-001815	- سحب قالب وإفلاته لإنشاء تقرير أو مراسلة أو لوحة جديدة	3.3 عناصر اللوحة القابلة للسحب	2432
F-001816	- عناصر التحكم ولوحات المعلومات	3.3 عناصر اللوحة القابلة للسحب	2433
F-001817	- عناصر اللوحة القابلة للسحب.	3.3 عناصر اللوحة القابلة للسحب	2434
F-001818	- عناصر اللوحة القابلة للسحب	3.3 عناصر اللوحة القابلة للسحب	2435
F-001819	- سحب أي عنصر من عناصر الداشبورد	3.3 عناصر اللوحة القابلة للسحب	2436
F-001820	- إعادة إنتاج مطابق حرفياً 1:1 دون أي اختلاف بصري	3.3 عناصر اللوحة القابلة للسحب	2437
F-001821	- مطابقة حرفية 1:1 من أي صيغة إلى أي صيغة	3.3 عناصر اللوحة القابلة للسحب	2438
F-001822	- وضع نسخ صارم يضمن تطابقاً رياضياً كاملاً	3.3 عناصر اللوحة القابلة للسحب	2439
F-001823	- رفض أي ناتج لا يحقق التطابق الحرفي	3.3 عناصر اللوحة القابلة للسحب	2440
F-001824	- تطابق صيغ المعادلات	3.3 عناصر اللوحة القابلة للسحب	2441
F-001825	- تطابق دقة الأرقام	3.3 عناصر اللوحة القابلة للسحب	2442
F-001826	- تطابق البصمة الهندسية للمستند	3.3 عناصر اللوحة القابلة للسحب	2443
F-001827	- تطابق القيم اللونية الرقمية	3.3 عناصر اللوحة القابلة للسحب	2444
F-001828	- تطابق جميع الروابط الداخلية	3.3 عناصر اللوحة القابلة للسحب	2445
F-001829	- Exact mode (1:1 strict replication)	3.3 عناصر اللوحة القابلة للسحب	2446
F-001830	- Adaptive mode (data-fit intelligent)	3.3 عناصر اللوحة القابلة للسحب	2447
F-001831	- Creative mode (AI-enhanced variation)	3.3 عناصر اللوحة القابلة للسحب	2448
F-001832	- شبكة تصميم مرنة وسحب حر وإعادة تحجيم مباشر	3.4 محرر اللوحة الكامل	2454
F-001833	- ربط مباشر بين عنصر وعمود بيانات	3.4 محرر اللوحة الكامل	2455
F-001834	- تنقل عميق بين المستويات (Drill Down)	3.4 محرر اللوحة الكامل	2456
F-001835	- ربط لوحات متعددة ومشاركة رابط تفاعلي	3.4 محرر اللوحة الكامل	2457
F-001836	- تصدير كصورة أو PDF	3.4 محرر اللوحة الكامل	2458
F-001837	- استخدام Themes وثيمات جاهزة للداشبورد	3.4 محرر اللوحة الكامل	2459
F-001838	- اختيار قالب فارغ	3.4 محرر اللوحة الكامل	2460
F-001839	- تحويل Dashboard إلى تقرير	3.4 محرر اللوحة الكامل	2461
F-001840	- قوالب جاهزة للوحات المؤشرات	3.4 محرر اللوحة الكامل	2462
F-001841	- قوالب جاهزة أمنية وتنفيذية وتشغيلية ومالية وامتثال	3.4 محرر اللوحة الكامل	2463
F-001842	- منشئ شرائح كامل بالسحب والإفلات مع شرائح رئيسية	3.4 محرر اللوحة الكامل	2464
F-001843	- استنساخ القالب الرئيسي للشرائح بالكامل	3.4 محرر اللوحة الكامل	2465
F-001844	- محرر اللوحة الكامل	3.4 محرر اللوحة الكامل	2466
F-001845	- إنشاء صيغ في لوحة التحكم (Canvas Formulas)	3.4 محرر اللوحة الكامل	2467
F-001846	- إنشاء عروض PowerPoint التقديمية من المستندات	3.4 محرر اللوحة الكامل	2468
F-001847	- إنشاء عروض تقديمية احترافية	3.4 محرر اللوحة الكامل	2469
F-001848	- إنشاء عروض تقديمية احترافية على الفور	3.4 محرر اللوحة الكامل	2470
F-001849	- إنشاء عروض تقديمية تلقائيًا	3.4 محرر اللوحة الكامل	2471
F-001850	- إنشاء عروض تقديمية تلقائيًا أثناء استكشاف البيانات	3.4 محرر اللوحة الكامل	2472
F-001851	- إنشاء عروض تقديمية كاملة مع بحث مباشر واستشهادات وملاحظات للمتحدث	3.4 محرر اللوحة الكامل	2473
F-001852	- إنشاء عروض تقديمية مع بحث مباشر واستشهادات وملاحظات للمتحدث	3.4 محرر اللوحة الكامل	2474
F-001853	- إنشاء شرائح استراتيجية الذهاب إلى السوق وخارطة الطريق	3.4 محرر اللوحة الكامل	2475
F-001854	- إنشاء شرائح ذكية من العناصر النائبة	3.4 محرر اللوحة الكامل	2476
F-001855	- تحويل الـ Pivot إلى لوحة تحكم	3.4 محرر اللوحة الكامل	2477
F-001856	- المطابقة الدلالية (Semantic Matching)	3.4 محرر اللوحة الكامل	2478
F-001857	- حذف أو تغيير أو إضافة أي عنصر بعد الإنشاء التلقائي	3.5 التعديل الكامل بعد الإنشاء	2484
F-001858	- تغيير نوع الرسم والعمود المرتبط والألوان والأحجام والمواضع	3.5 التعديل الكامل بعد الإنشاء	2485
F-001859	- إنشاء لوحة جديدة من الصفر	3.5 التعديل الكامل بعد الإنشاء	2486
F-001860	- التعديل الكامل بعد الإنشاء مع version history مستقل	3.5 التعديل الكامل بعد الإنشاء	2487
F-001861	- التعديل الكامل للوحة بعد الإنشاء	3.5 التعديل الكامل بعد الإنشاء	2488
F-001862	- تخصيص المؤشرات وإنشاء مؤشرات تلقائياً	3.5 التعديل الكامل بعد الإنشاء	2489
F-001863	- تعديل نسخة دون التأثير على الأصل	3.5 التعديل الكامل بعد الإنشاء	2490
F-001864	- تغيير نوع الرسم	3.5 التعديل الكامل بعد الإنشاء	2491
F-001865	- تغيير العمود المرتبط	3.5 التعديل الكامل بعد الإنشاء	2492
F-001866	- تعديل طريقة التجميع	3.5 التعديل الكامل بعد الإنشاء	2493
F-001867	- تغيير حجم العنصر	3.5 التعديل الكامل بعد الإنشاء	2494
F-001868	- إضافة عنصر جديد	3.5 التعديل الكامل بعد الإنشاء	2495
F-001869	- محرر Dashboard كامل	3.5 التعديل الكامل بعد الإنشاء	2496
F-001870	- إعادة تحجيم مباشر	3.5 التعديل الكامل بعد الإنشاء	2497
F-001871	- إنشاء لوحة من الصفر	3.5 التعديل الكامل بعد الإنشاء	2498
F-001872	- بناء لوحة حسب رؤيتك	3.5 التعديل الكامل بعد الإنشاء	2499
F-001873	- إنشاء المخططات	3.5 التعديل الكامل بعد الإنشاء	2500
F-001874	- إنشاء Dashboards	3.5 التعديل الكامل بعد الإنشاء	2501
F-001875	- إنشاء تلقائي للمرئيات المعقدة من النصوص (مخططات زمنية، رسوم بيانية)	3.5 التعديل الكامل بعد الإنشاء	2502
F-001876	- تعديل المخطط التفصيلي للعرض التقديمي	3.5 التعديل الكامل بعد الإنشاء	2503
F-001877	- إعادة ترتيب الجداول والمخططات	3.5 التعديل الكامل بعد الإنشاء	2504
F-001878	- رسم مخططات عبر GPU	3.5 التعديل الكامل بعد الإنشاء	2505
F-001879	- الحفاظ على نسب كثافة المخطط	3.5 التعديل الكامل بعد الإنشاء	2506
F-001880	- الحفاظ على مواضع وسوم الإيضاح	3.5 التعديل الكامل بعد الإنشاء	2507
F-001881	- رسم مخطط الحوكمة التنفيذي الكامل	3.5 التعديل الكامل بعد الإنشاء	2508
F-001882	- اتجاه المخططات	3.5 التعديل الكامل بعد الإنشاء	2509
F-001883	- اتجاه legend	3.5 التعديل الكامل بعد الإنشاء	2510
F-001884	- تحويل هذا إلى مخطط هندسي تنفيذي قابل للتنفيذ فعلياً	3.5 التعديل الكامل بعد الإنشاء	2511
F-001885	- حفظ حالة اللوحة مع الفلاتر والاختيارات ومشاركتها	3.5 التعديل الكامل بعد الإنشاء	2512
F-001886	- بناء لوحات مؤشرات قابلة للتحرير من صور بدقة واحد لواحد	3.5 التعديل الكامل بعد الإنشاء	2513
F-001887	- ربط ديناميكي لأي مكون بمصدر بيانات	3.5 التعديل الكامل بعد الإنشاء	2514
F-001888	- مسودة ومعاينة ونشر مع نسخ وإصدارات	3.5 التعديل الكامل بعد الإنشاء	2515
F-001889	- عنوان الصفحة ووصف ورابط مخصص	3.5 التعديل الكامل بعد الإنشاء	2516
F-001890	- الصفحة تدعم إجراءات الإنشاء والتحديث والموافقة والتصدير حسب الصلاحيات	3.5 التعديل الكامل بعد الإنشاء	2517
F-001891	- إنشاء مراسلة بمحرر نصوص غني مع إرفاق ملفات واختيار الجهة	3.5 التعديل الكامل بعد الإنشاء	2518
F-001892	- محرر قوالب مرئي مع متغيرات ديناميكية مثل اسم الجهة والتاريخ والرقم المرجعي	3.5 التعديل الكامل بعد الإنشاء	2519
F-001893	- تعديل غير مدمر مع تاريخ تراجع متفرع	3.5 التعديل الكامل بعد الإنشاء	2520
F-001894	- تحويل أي تصميم ثابت إلى تصميم تفاعلي قابل للتعديل	3.5 التعديل الكامل بعد الإنشاء	2521
F-001895	- التعديل الكامل بعد الإنشاء.	3.5 التعديل الكامل بعد الإنشاء	2522
F-001896	- التعديل الكامل بعد الإنشاء	3.5 التعديل الكامل بعد الإنشاء	2523
F-001897	- حفظ النتائج مباشرة في لوحات المعلومات أو التقارير	3.5 التعديل الكامل بعد الإنشاء	2524
F-001898	- كل المخرجات قابلة لإعادة الفتح والتحرير والتصميم وإعادة الربط ببيانات جديدة	3.5 التعديل الكامل بعد الإنشاء	2525
F-001899	- إعادة ربط البيانات ببيانات جديدة	3.5 التعديل الكامل بعد الإنشاء	2526
F-001900	- ربط البيانات الحقيقي	3.5 التعديل الكامل بعد الإنشاء	2527
F-001901	- إنشاء نسخة جديدة من أي لوحة	3.5 التعديل الكامل بعد الإنشاء	2528
F-001902	- تخصيص طريقة عرض الرسوم	3.5 التعديل الكامل بعد الإنشاء	2529
F-001903	- ذكاء عرض متقدم	3.5 التعديل الكامل بعد الإنشاء	2530
F-001904	- مراجعة الكود التنفيذي مقابل الدستور بندًا بندًا (Audit تطابق كامل)	3.5 التعديل الكامل بعد الإنشاء	2531
F-001905	- حفظ أي لوحة كنموذج مع تسميتها	3.6 مكتبة النماذج	2537
F-001906	- إعادة استخدام النموذج مع بيانات جديدة	3.6 مكتبة النماذج	2538
F-001907	- تصدير النموذج ومشاركته	3.6 مكتبة النماذج	2539
F-001908	- مكتبة مؤشرات جاهزة لكل قطاع وإدارة	3.6 مكتبة النماذج	2540
F-001909	- حفظ النماذج (Template Library)	3.6 مكتبة النماذج	2541
F-001910	- حفظ أي Dashboard كنموذج	3.6 مكتبة النماذج	2542
F-001911	- مقارنة بين Dashboards	3.6 مكتبة النماذج	2543
F-001912	- مقارنة مؤشرات	3.6 مكتبة النماذج	2544
F-001913	- كل شيء تفاعلي	3.6 مكتبة النماذج	2545
F-001914	- تنتقل بسلاسة إلى Dashboard	3.6 مكتبة النماذج	2546
F-001915	- شبكة تصميم مرنة	3.6 مكتبة النماذج	2547
F-001916	- ربط مباشر بين عنصر وعمود	3.6 مكتبة النماذج	2548
F-001917	- إنشاء فلاتر مخصصة	3.6 مكتبة النماذج	2549
F-001918	- إنشاء تفاعلات بين الرسوم	3.6 مكتبة النماذج	2550
F-001919	- اختيار أعمدة	3.6 مكتبة النماذج	2551
F-001920	- مكتبة Dashboards	3.6 مكتبة النماذج	2552
F-001921	- تصميم عناصر تفاعلية (قوائم قابلة للنقر، سيناريوهات متفرعة)	3.6 مكتبة النماذج	2553
F-001922	- إنشاء تجارب تفاعلية (ألعاب مصغرة، آلات حاسبة)	3.6 مكتبة النماذج	2554
F-001923	- تقييم أداء الفرق بناءً على مؤشرات متعددة	3.6 مكتبة النماذج	2555
F-001924	- مؤشرات أداء رئيسية قابلة للتخصيص	3.6 مكتبة النماذج	2556
F-001925	- تحليل تفاعلي عبر الفلاتر	3.6 مكتبة النماذج	2557
F-001926	- تقييم أداء الفرق والمؤشرات الداخلية	3.6 مكتبة النماذج	2558
F-001927	- سجل دلالي موحد للمؤشرات	3.6 مكتبة النماذج	2559
F-001928	- سجل دلالي مركزي للمؤشرات	3.6 مكتبة النماذج	2560
F-001929	- إنشاء لوحة مؤشرات من صورة	3.6 مكتبة النماذج	2561
F-001930	- إذا كان Bar chart → توقع dimension/measure	3.6 مكتبة النماذج	2562
F-001931	- اكتشاف مؤشرات الأداء من البيانات	3.6 مكتبة النماذج	2563
F-001932	- توليد KPI تلقائي	3.6 مكتبة النماذج	2564
F-001933	- تحسين ترتيب KPI حسب الأهمية	3.6 مكتبة النماذج	2565
F-001934	- اكتشاف نمط مشترك عبر مؤشرات	3.6 مكتبة النماذج	2566
F-001935	- تحليل ترابط مؤشرات متعددة	3.6 مكتبة النماذج	2567
F-001936	- استخدام قوالب مخصصة (POTX) عند الإنشاء	3.6 مكتبة النماذج	2568
F-001937	- مكتبة واسعة من عناصر العرض المرئي	3.6 مكتبة النماذج	2569
F-001938	- رسوم بيانية متنوعة مثل الأعمدة والخطوط والدوائر والخرائط	3.6 مكتبة النماذج	2570
F-001939	- تحديث البيانات تلقائيا في الوقت الحقيقي	3.6 مكتبة النماذج	2571
F-001940	- دعم الخرائط الجغرافية التفاعلية	3.6 مكتبة النماذج	2572
F-001941	- دعم الرسوم البيانية ثلاثية الأبعاد	3.6 مكتبة النماذج	2573
F-001942	- خريطة بنقاط بيانات جغرافية	3.6 مكتبة النماذج	2574
F-001943	- تحديث حي كل عدد محدد من الثواني أو عبر الأحداث	3.6 مكتبة النماذج	2575
F-001944	- قوالب صفحات للتفاصيل والقائمة واللوحة والتقرير	3.6 مكتبة النماذج	2576
F-001945	- كل مكون ينفذ إجراءات مثل زر موافقة أو تغيير حالة أو إنشاء مهمة	3.6 مكتبة النماذج	2577
F-001946	- تضمين خطوات وموافقات داخل الصفحة	3.6 مكتبة النماذج	2578
F-001947	- قوالب نماذج للاستبيان والطلب والتقييم والتسجيل	3.6 مكتبة النماذج	2579
F-001948	- نموذج خارجي برابط عام للتعبئة بدون تسجيل دخول	3.6 مكتبة النماذج	2580
F-001949	- قوالب مراسلات تشمل خطاب رسمي ومذكرة وتعميم وطلب ورد وكلها قابلة للتخصيص	3.6 مكتبة النماذج	2581
F-001950	- تعريف مراحل من البداية إلى النهاية مع خطوات وسيطة	3.6 مكتبة النماذج	2582
F-001951	- شروط انتقال تلقائية بين المراحل	3.6 مكتبة النماذج	2583
F-001952	- إجراءات تلقائية مثل إرسال إشعار وتغيير حالة وتعيين مسؤول	3.6 مكتبة النماذج	2584
F-001953	- مؤقتات للتصعيد التلقائي إذا لم ينفذ خلال مدة محددة	3.6 مكتبة النماذج	2585
F-001954	- مسارات متعددة بناء على القرار	3.6 مكتبة النماذج	2586
F-001955	- قوالب جاهزة للموافقة والمراجعة والتصعيد	3.6 مكتبة النماذج	2587
F-001956	- تصعيدات وتنبيهات تلقائية حسب سياسات الأداء	3.6 مكتبة النماذج	2588
F-001957	- محرك قواعد مع شروط وإجراءات وأولويات ومنع التكرار	3.6 مكتبة النماذج	2589
F-001958	- قواعد تصعيد تلقائية مثل إذا لم يرد خلال مدة محددة	3.6 مكتبة النماذج	2590
F-001959	- مستويات تصعيد متعددة مع مؤقتات ومسارات بديلة	3.6 مكتبة النماذج	2591
F-001960	- لوحة تصعيد لرؤية شاملة لكل التصعيدات النشطة	3.6 مكتبة النماذج	2592
F-001961	- توليد الصفحة كاملة بمكوناتها وربط البيانات والفلاتر والأذونات	3.6 مكتبة النماذج	2593
F-001962	- أخذ صورة Dashboard وبنائها Editable 1:1	3.6 مكتبة النماذج	2594
F-001963	- إعادة بناء لوحة مؤشرات قابلة للتحرير من صورة بدقة واحد لواحد	3.6 مكتبة النماذج	2595
F-001964	- تحويل صورة إلى لوحة مؤشرات بنقرة واحدة	3.6 مكتبة النماذج	2596
F-001965	- تحويل ملفات اكسل إلى لوحات مؤشرات تفاعلية	3.6 مكتبة النماذج	2597
F-001966	- تحويل جدول اكسل إلى كتلة في لوحة مؤشرات	3.6 مكتبة النماذج	2598
F-001967	- إعادة حساب بصمة التخطيط في الوقت الحقيقي أثناء السحب	3.6 مكتبة النماذج	2599
F-001968	- عند إنشاء لوحة مؤشرات يقترح تقرير وعرض مطابقين	3.6 مكتبة النماذج	2600
F-001969	- إدارة الصفحات والمحتوى	3.6 مكتبة النماذج	2601
F-001970	- مكتبة النماذج.	3.6 مكتبة النماذج	2602
F-001971	- مكتبة النماذج	3.6 مكتبة النماذج	2603
F-001972	- تحويل جداول البيانات إلى شرائح متحركة	3.6 مكتبة النماذج	2604
F-001973	- مكتبة كاملة من شرائح البيانات	3.6 مكتبة النماذج	2605
F-001974	- إنشاء لوحات مؤشرات الأداء الرئيسية	3.6 مكتبة النماذج	2606
F-001975	- إنشاء لوحات معلومات تحليلية احترافية على الفور من خلال طرح الأسئلة باللغة الإنجليزية البسيطة	3.6 مكتبة النماذج	2607
F-001976	- إنشاء لوحات معلومات تلقائيًا من جداول البيانات	3.6 مكتبة النماذج	2608
F-001977	- قوالب عرض تقديمي جاهزة (تقرير مؤشرات الأداء الرئيسية للتسويق، تقرير التسويق ربع السنوي، إلخ)	3.6 مكتبة النماذج	2609
F-001978	- قوالب مسبقة الصنع	3.6 مكتبة النماذج	2610
F-001979	- نماذج لوحات مؤشرات للمؤسسات	3.6 مكتبة النماذج	2611
F-001980	- التحقق بصريًا من التطابق	3.6 مكتبة النماذج	2612
F-001981	- تطابق بكسل-بكسل (Pixel-to-Pixel Matching)	3.6 مكتبة النماذج	2613
F-001982	- تطابق كامل في العناصر المتجهة والنقطية	3.6 مكتبة النماذج	2614
F-001983	- تطابق مواضع العناصر بالإحداثيات الدقيقة	3.6 مكتبة النماذج	2615
F-001984	- تطابق ترتيب طبقات العناصر وترتيبها الأمامي والخلفي	3.6 مكتبة النماذج	2616
F-001985	- تطابق الهوامش والمسافات والفواصل الداخلية	3.6 مكتبة النماذج	2617
F-001986	- استخراج Layout	3.6 مكتبة النماذج	2618
F-001987	- استخراج عناصر	3.6 مكتبة النماذج	2619
F-001988	- إعادة بناء شكل مشابه	3.6 مكتبة النماذج	2620
F-001989	- Grid structure detection	3.6 مكتبة النماذج	2621
F-001990	- Spacing ratios detection	3.6 مكتبة النماذج	2622
F-001991	- Constraint inference	3.6 مكتبة النماذج	2623
F-001992	- Layout tree extraction	3.6 مكتبة النماذج	2624
F-001993	- Visual ratio capture	3.6 مكتبة النماذج	2625
F-001994	- Full Visual Intelligence & Structural Parity Engine	3.6 مكتبة النماذج	2626
F-001995	- استخراج Grid	3.6 مكتبة النماذج	2627
F-001996	- إعادة بناءها 1:1	3.6 مكتبة النماذج	2628
F-001997	- Visual Parity + Layout Intelligence + Replication from Images/PDF	3.6 مكتبة النماذج	2629
F-001998	- Achieving pixel-level structural replication	3.6 مكتبة النماذج	2630
F-001999	إذا أعطى المستخدم صورة لوحة مؤشرات خارجية:	3.7 محاكاة تصميم لوحة خارجية	2636
F-002000	- قراءة التصميم وتحليل توزيع العناصر	3.7 محاكاة تصميم لوحة خارجية	2638
F-002001	- استخراج الألوان والخطوط	3.7 محاكاة تصميم لوحة خارجية	2639
F-002002	- إعادة بناء نفس الشكل والتخطيط بدقة	3.7 محاكاة تصميم لوحة خارجية	2640
F-002003	- ربط التصميم ببيانات المستخدم	3.7 محاكاة تصميم لوحة خارجية	2641
F-002004	- تحويل أي داشبورد إلى تقرير	3.7 محاكاة تصميم لوحة خارجية	2642
F-002005	- محاكاة تصميم خارجي	3.7 محاكاة تصميم لوحة خارجية	2643
F-002006	- يقرأ التصميم	3.7 محاكاة تصميم لوحة خارجية	2644
F-002007	- يعيد بناء نفس الشكل	3.7 محاكاة تصميم لوحة خارجية	2645
F-002008	- يربط التصميم ببياناتك	3.7 محاكاة تصميم لوحة خارجية	2646
F-002009	- دعم المحاكاة الكاملة لنماذج خارجية (تقارير، عروض، داشبورد)	3.7 محاكاة تصميم لوحة خارجية	2647
F-002010	- إنشاء Dashboard مطابق من صورة	3.7 محاكاة تصميم لوحة خارجية	2648
F-002011	- جداول بيانات تفاعلية داخل اللوحة	3.7 محاكاة تصميم لوحة خارجية	2649
F-002012	- جداول سريعة مع فرز وفلترة	3.7 محاكاة تصميم لوحة خارجية	2650
F-002013	- تحويل صورة إلى لوحة مؤشرات بنقرة واحدة	3.7 محاكاة تصميم لوحة خارجية	2651
F-002014	- تحويل بيانات إلى إنفوجرافيك بنقرة واحدة	3.7 محاكاة تصميم لوحة خارجية	2652
F-002015	- تحويل مخطط تفصيلي إلى شرائح بنقرة واحدة	3.7 محاكاة تصميم لوحة خارجية	2653
F-002016	- إعادة بناء لوحة مؤشرات قابلة للتحرير من صورة بدقة واحد لواحد	3.7 محاكاة تصميم لوحة خارجية	2654
F-002017	- صانع الرسوم البيانية بالذكاء الاصطناعي	3.7 محاكاة تصميم لوحة خارجية	2655
F-002018	- منشئ المخططات بالذكاء الاصطناعي	3.7 محاكاة تصميم لوحة خارجية	2656
F-002019	- منشئ الرسوم البيانية بالذكاء الاصطناعي	3.7 محاكاة تصميم لوحة خارجية	2657
F-002020	- منشئ المخططات الدائرية بالذكاء الاصطناعي	3.7 محاكاة تصميم لوحة خارجية	2658
F-002021	- منشئ المخططات الشريطية بالذكاء الاصطناعي	3.7 محاكاة تصميم لوحة خارجية	2659
F-002022	- منشئ المخططات الانسيابية بالذكاء الاصطناعي	3.7 محاكاة تصميم لوحة خارجية	2660
F-002023	- منشئ المخططات المبعثرة بالذكاء الاصطناعي	3.7 محاكاة تصميم لوحة خارجية	2661
F-002024	- محاكاة تصميم لوحة خارجية	3.7 محاكاة تصميم لوحة خارجية	2662
F-002025	- إنشاء لوحات مؤشرات الأداء الرئيسية	3.7 محاكاة تصميم لوحة خارجية	2663
F-002026	- إنشاء لوحات معلومات تحليلية احترافية على الفور من خلال طرح الأسئلة باللغة الإنجليزية البسيطة	3.7 محاكاة تصميم لوحة خارجية	2664
F-002027	- إنشاء لوحات معلومات تلقائيًا من جداول البيانات	3.7 محاكاة تصميم لوحة خارجية	2665
F-002028	- إنشاء لوحات معلومات وتقارير تفاعلية	3.7 محاكاة تصميم لوحة خارجية	2666
F-002029	- إنشاء لوحة معلومات لفريق المبيعات لتتبع الفرص	3.7 محاكاة تصميم لوحة خارجية	2667
F-002030	- إنشاء لوحة معلومات لمراقبة مؤشرات الأداء الرئيسية للمشروع	3.7 محاكاة تصميم لوحة خارجية	2668
F-002031	- تتبع التقدم المحرز في تحقيق أهداف المبيعات	3.7 محاكاة تصميم لوحة خارجية	2669
F-002032	- تحديد المقاييس الرئيسية لتقييم أداء فريق	3.7 محاكاة تصميم لوحة خارجية	2670
F-002033	- تحديد مؤشرات الأداء الرئيسية (KPIs)	3.7 محاكاة تصميم لوحة خارجية	2671
F-002034	- تحويل البيانات والمستندات إلى تحليلات ولوحات معلومات وتقارير	3.7 محاكاة تصميم لوحة خارجية	2672
F-002035	- أخذ صورة عرض وإنشاء ملف PowerPoint قابل للتحرير منها	3.7 محاكاة تصميم لوحة خارجية	2673
F-002036	- إعادة بناء التصميم من صورة أو PDF أو PPTX مع القدرة على إعادة ربط البيانات وتغيير اللغة	3.7 محاكاة تصميم لوحة خارجية	2674
F-002037	- محاكاة التصاميم والنماذج الخارجية	3.7 محاكاة تصميم لوحة خارجية	2675
F-002038	- محاكاة عرض خارجي	3.7 محاكاة تصميم لوحة خارجية	2676
F-002039	- محاكاة PDF خارجي	3.7 محاكاة تصميم لوحة خارجية	2677
F-002040	- محاكاة الحمل	3.7 محاكاة تصميم لوحة خارجية	2678
F-002041	- محاكاة تشبع قائمة انتظار الذكاء الاصطناعي	3.7 محاكاة تصميم لوحة خارجية	2679
F-002042	- محاكاة تحويل مليار صف	3.7 محاكاة تصميم لوحة خارجية	2680
F-002043	- محاكاة أثر تعديل بند قبل اعتماده	3.7 محاكاة تصميم لوحة خارجية	2681
F-002044	- زر محاكاة القرار	3.7 محاكاة تصميم لوحة خارجية	2682
F-002045	- إعادة بناء هندسية رياضية كاملة من أي مصدر مع قدرة تعديل البيانات واللغة دون كسر المطابقة	3.7 محاكاة تصميم لوحة خارجية	2683
F-002046	- طبقة دلالية للمقاييس مع تعريفات وقواعد تجميع وتسلسلات هرمية	3.8 تقنيات الأداء المتقدمة	2689
F-002047	- تجميعات مسبقة وعروض مادية مخزنة مؤقتاً	3.8 تقنيات الأداء المتقدمة	2690
F-002048	- عرض مسرع بتقنيات الرسوميات المتقدمة	3.8 تقنيات الأداء المتقدمة	2691
F-002049	- محرك رسوم بيانية تصريحي يسمح بمطابقة رياضية دقيقة	3.8 تقنيات الأداء المتقدمة	2692
F-002050	- دعم مئات الآلاف من نقاط البيانات دون تأخير	3.8 تقنيات الأداء المتقدمة	2693
F-002051	- إنشاء لوحات أداء تنفيذية	3.8 تقنيات الأداء المتقدمة	2694
F-002052	- عزل أداء الوضع الصارم عن بقية الأنماط	3.8 تقنيات الأداء المتقدمة	2695
F-002053	- تشغيل ذاكرة عمودية عالية السرعة	3.8 تقنيات الأداء المتقدمة	2696
F-002054	- دعم 10,000 عملية تحويل متزامنة	3.8 تقنيات الأداء المتقدمة	2697
F-002055	- لوحات بمليار صف	3.8 تقنيات الأداء المتقدمة	2698
F-002056	- عرض حتمي بالكامل في الوضع الصارم	3.8 تقنيات الأداء المتقدمة	2699
F-002057	- احتواء كامل للذكاء الاصطناعي	3.8 تقنيات الأداء المتقدمة	2700
F-002058	- بناء تطبيقات الذكاء الاصطناعي.	3.8 تقنيات الأداء المتقدمة	2701
F-002059	- استخدام نماذج الذكاء الاصطناعي في مستودع البيانات السحابي الخاص بك لبناء تطبيقات الذكاء الاصطناعي في Sigma.	3.8 تقنيات الأداء المتقدمة	2702
F-002060	- بناء روبوت محادثة يعمل بالذكاء الاصطناعي للوحات المعلومات والتقارير في Sigma.	3.8 تقنيات الأداء المتقدمة	2703
F-002061	- بناء مساعد صفقات يعمل بالذكاء الاصطناعي في Sigma.	3.8 تقنيات الأداء المتقدمة	2704
F-002062	- بناء تطبيقات قوية تعتمد على الذكاء الاصطناعي على بياناتك السحابية.	3.8 تقنيات الأداء المتقدمة	2705
F-002063	- إنشاء تطبيقات تحليلية قوية.	3.8 تقنيات الأداء المتقدمة	2706
F-002064	- تقنيات الأداء المتقدمة	3.8 تقنيات الأداء المتقدمة	2707
F-002065	- محاكاة كاملة لـ: Array formulas, Volatile functions, Custom functions	3.8 تقنيات الأداء المتقدمة	2708
F-002066	- كتابة ملخص تنفيذي وإدراج جداول ورسوم	4.1 الوضع السهل: تقرير بضغطة زر	2717
F-002067	- تنسيق احترافي وثيم مناسب وغلاف وفهرس وتوصيات	4.1 الوضع السهل: تقرير بضغطة زر	2718
F-002068	- إنشاء تقرير بضغطة زر باستخدام السحب والإفلات	4.1 الوضع السهل: تقرير بضغطة زر	2719
F-002069	- Generate Report PDF رسمي مع ملخص وملاحق بضغطة زر	4.1 الوضع السهل: تقرير بضغطة زر	2720
F-002070	- توليد تقارير دورية	4.1 الوضع السهل: تقرير بضغطة زر	2721
F-002071	- مقارنة أداء فروع	4.1 الوضع السهل: تقرير بضغطة زر	2722
F-002072	- تقرير تنفيذي خلال 30 ثانية	4.1 الوضع السهل: تقرير بضغطة زر	2723
F-002073	- جدولة التقارير (أسبوعي / شهري)	4.1 الوضع السهل: تقرير بضغطة زر	2724
F-002074	- إرسال تلقائي عبر البريد	4.1 الوضع السهل: تقرير بضغطة زر	2725
F-002075	- تقرير شهري للإدارة العليا	4.1 الوضع السهل: تقرير بضغطة زر	2726
F-002076	- تقرير أداء ربع سنوي	4.1 الوضع السهل: تقرير بضغطة زر	2727
F-002077	- تقرير مقارنة سنوية	4.1 الوضع السهل: تقرير بضغطة زر	2728
F-002078	- إنشاء تقرير فروقات تلقائي	4.1 الوضع السهل: تقرير بضغطة زر	2729
F-002079	- تحليل الاتجاهات	4.1 الوضع السهل: تقرير بضغطة زر	2730
F-002080	- تصدير تقرير تنفيذي بنقرة	4.1 الوضع السهل: تقرير بضغطة زر	2731
F-002081	- إرسال تقرير تلقائي كل شهر	4.1 الوضع السهل: تقرير بضغطة زر	2732
F-002082	- كتابة تقارير تنفيذية احترافية	4.1 الوضع السهل: تقرير بضغطة زر	2733
F-002083	- يتم تذكر نوع التقارير المعتادة	4.1 الوضع السهل: تقرير بضغطة زر	2734
F-002084	- تحديث التقارير	4.1 الوضع السهل: تقرير بضغطة زر	2735
F-002085	- إنشاء تقارير جاهزة للتصدير	4.1 الوضع السهل: تقرير بضغطة زر	2736
F-002086	- تقرير PDF رسمي	4.1 الوضع السهل: تقرير بضغطة زر	2737
F-002087	- تقرير مقارنة بين مجموعات الملفات	4.1 الوضع السهل: تقرير بضغطة زر	2738
F-002088	- تقرير رسمي للإدارة العليا	4.1 الوضع السهل: تقرير بضغطة زر	2739
F-002089	- إصدار تقرير فجوات	4.1 الوضع السهل: تقرير بضغطة زر	2740
F-002090	- كتابة تقرير احترافي تلقائيًا	4.1 الوضع السهل: تقرير بضغطة زر	2741
F-002091	- إنشاء تقرير تلقائي	4.1 الوضع السهل: تقرير بضغطة زر	2742
F-002092	- تحويل تقارير مصورة إلى جداول	4.1 الوضع السهل: تقرير بضغطة زر	2743
F-002093	- قراءة أرقام من صور تقارير قديمة	4.1 الوضع السهل: تقرير بضغطة زر	2744
F-002094	- كتابة ملخص تنفيذي	4.1 الوضع السهل: تقرير بضغطة زر	2745
F-002095	- تصدير تقرير جاهز	4.1 الوضع السهل: تقرير بضغطة زر	2746
F-002096	- رفع صور تقارير قديمة	4.1 الوضع السهل: تقرير بضغطة زر	2747
F-002097	- تحويلها إلى تقرير	4.1 الوضع السهل: تقرير بضغطة زر	2748
F-002098	- وضع سهل (Auto Report)	4.1 الوضع السهل: تقرير بضغطة زر	2749
F-002099	- تحويل تقرير إلى عرض	4.1 الوضع السهل: تقرير بضغطة زر	2750
F-002100	- إنشاء تقرير	4.1 الوضع السهل: تقرير بضغطة زر	2751
F-002101	- تقارير احترافية	4.1 الوضع السهل: تقرير بضغطة زر	2752
F-002102	- خدمة التقارير	4.1 الوضع السهل: تقرير بضغطة زر	2753
F-002103	- إنشاء تقارير تلقائي	4.1 الوضع السهل: تقرير بضغطة زر	2754
F-002104	- إعداد تقارير مجدولة أو عند الطلب	4.1 الوضع السهل: تقرير بضغطة زر	2755
F-002105	- إعادة بناء التقارير من الأحداث المسجلة	4.1 الوضع السهل: تقرير بضغطة زر	2756
F-002106	- استخراج تقارير دورية تلقائية	4.1 الوضع السهل: تقرير بضغطة زر	2757
F-002107	- تلخيص تقارير طويلة	4.1 الوضع السهل: تقرير بضغطة زر	2758
F-002108	- إنشاء تقارير رقابية موجهة للجهات التنظيمية	4.1 الوضع السهل: تقرير بضغطة زر	2759
F-002109	- تقارير تشغيلية تفصيلية	4.1 الوضع السهل: تقرير بضغطة زر	2760
F-002110	- تقارير مالية دورية	4.1 الوضع السهل: تقرير بضغطة زر	2761
F-002111	- تقارير امتثال تنظيمية جاهزة للتقديم	4.1 الوضع السهل: تقرير بضغطة زر	2762
F-002112	- تحليلات تنبؤية مستقبلية	4.1 الوضع السهل: تقرير بضغطة زر	2763
F-002113	- مقارنة أداء بين فترات زمنية	4.1 الوضع السهل: تقرير بضغطة زر	2764
F-002114	- تحليل الاتجاهات طويلة المدى	4.1 الوضع السهل: تقرير بضغطة زر	2765
F-002115	- تقارير حسب الإدارة/الفرع/المنتج	4.1 الوضع السهل: تقرير بضغطة زر	2766
F-002116	- تقارير حسب الجهة أو العميل	4.1 الوضع السهل: تقرير بضغطة زر	2767
F-002117	- جدولة التقارير وإرسالها تلقائياً	4.1 الوضع السهل: تقرير بضغطة زر	2768
F-002118	- إنشاء تقارير من البيانات الضخمة	4.1 الوضع السهل: تقرير بضغطة زر	2769
F-002119	- إعادة بناء تقارير من سجل الأحداث	4.1 الوضع السهل: تقرير بضغطة زر	2770
F-002120	- مقارنة أداء بين جهات متعددة	4.1 الوضع السهل: تقرير بضغطة زر	2771
F-002121	- مراقبة الالتزام بالميزانيات	4.1 الوضع السهل: تقرير بضغطة زر	2772
F-002122	- تقارير استخدام الذكاء الاصطناعي	4.1 الوضع السهل: تقرير بضغطة زر	2773
F-002123	- تحليلات فورية أثناء الاجتماعات	4.1 الوضع السهل: تقرير بضغطة زر	2774
F-002124	- تقارير مهيأة للطباعة القانونية	4.1 الوضع السهل: تقرير بضغطة زر	2775
F-002125	- تحليل دقة البيانات وجودتها	4.1 الوضع السهل: تقرير بضغطة زر	2776
F-002126	- تحليل تأثير القرارات السابقة	4.1 الوضع السهل: تقرير بضغطة زر	2777
F-002127	- تحويل مستند إلى تقرير رسمي منسق	4.1 الوضع السهل: تقرير بضغطة زر	2778
F-002128	- تحويل تقرير طويل إلى ملخص تنفيذي	4.1 الوضع السهل: تقرير بضغطة زر	2779
F-002129	- تقارير امتثال تنظيمية	4.1 الوضع السهل: تقرير بضغطة زر	2780
F-002130	- تقارير حسب الإدارة أو القسم	4.1 الوضع السهل: تقرير بضغطة زر	2781
F-002131	- تقارير حسب الجهة أو المشروع	4.1 الوضع السهل: تقرير بضغطة زر	2782
F-002132	- مراقبة الالتزام بالميزانيات التشغيلية	4.1 الوضع السهل: تقرير بضغطة زر	2783
F-002133	- تقارير استخدام الموارد	4.1 الوضع السهل: تقرير بضغطة زر	2784
F-002134	- تقارير مهيأة للطباعة الرسمية	4.1 الوضع السهل: تقرير بضغطة زر	2785
F-002135	- تحليل جودة البيانات	4.1 الوضع السهل: تقرير بضغطة زر	2786
F-002136	- مقارنة أداء بين لوحات مختلفة	4.1 الوضع السهل: تقرير بضغطة زر	2787
F-002137	- إدارة التقارير: إنشاء تقرير، حفظه قالباً، جدولة إرساله، إرسال SMS	4.1 الوضع السهل: تقرير بضغطة زر	2788
F-002138	- إنشاء تقارير تفصيلية باستخدام محركات التقارير.	4.1 الوضع السهل: تقرير بضغطة زر	2789
F-002139	- توليد التقارير.	4.1 الوضع السهل: تقرير بضغطة زر	2790
F-002140	- توليد تقارير هيكلية.	4.1 الوضع السهل: تقرير بضغطة زر	2791
F-002141	- إصدار التقارير.	4.1 الوضع السهل: تقرير بضغطة زر	2792
F-002142	- تحديث التقارير مباشرة بناءً على البيانات الحية.	4.1 الوضع السهل: تقرير بضغطة زر	2793
F-002143	- توليد تقارير محدثة لحظة بلحظة.	4.1 الوضع السهل: تقرير بضغطة زر	2794
F-002144	- إنشاء تقارير قابلة للتخصيص.	4.1 الوضع السهل: تقرير بضغطة زر	2795
F-002145	- إنشاء تقارير ديناميكية تعتمد على الأداء.	4.1 الوضع السهل: تقرير بضغطة زر	2796
F-002146	- إنشاء تقارير تنبؤية.	4.1 الوضع السهل: تقرير بضغطة زر	2797
F-002147	- إنشاء تقارير ديناميكية.	4.1 الوضع السهل: تقرير بضغطة زر	2798
F-002148	- ربط المحركات معًا لتوليد التقارير.	4.1 الوضع السهل: تقرير بضغطة زر	2799
F-002149	- إنشاء تقارير قطاعية.	4.1 الوضع السهل: تقرير بضغطة زر	2800
F-002150	- إنشاء تقارير مجمعة.	4.1 الوضع السهل: تقرير بضغطة زر	2801
F-002151	- إنشاء تقارير تدريجية مبنية على زحف جزئي.	4.1 الوضع السهل: تقرير بضغطة زر	2802
F-002152	- إنشاء تقارير للمشرفين.	4.1 الوضع السهل: تقرير بضغطة زر	2803
F-002153	- تحديث التقارير تلقائيًا.	4.1 الوضع السهل: تقرير بضغطة زر	2804
F-002154	- إعادة توليد التقارير.	4.1 الوضع السهل: تقرير بضغطة زر	2805
F-002155	- إصدار تقارير دقيقة.	4.1 الوضع السهل: تقرير بضغطة زر	2806
F-002156	- إنشاء تقارير قابلة للتوثيق.	4.1 الوضع السهل: تقرير بضغطة زر	2807
F-002157	- إنشاء تقارير تنفيذية قابلة للتقديم.	4.1 الوضع السهل: تقرير بضغطة زر	2808
F-002158	- اعتماد رسمي قبل النشر	4.1 الوضع السهل: تقرير بضغطة زر	2809
F-002159	- إنشاء تقارير احترافية بتصميم حر	4.1 الوضع السهل: تقرير بضغطة زر	2810
F-002160	- إدراج رسوم بيانية وجداول داخل التقرير	4.1 الوضع السهل: تقرير بضغطة زر	2811
F-002161	- إدراج رسوم بيانية تلقائيا داخل التقرير	4.1 الوضع السهل: تقرير بضغطة زر	2812
F-002162	- سرد تنفيذي مع مراجع ومصدر الأرقام	4.1 الوضع السهل: تقرير بضغطة زر	2813
F-002163	- ربط كل رقم بمصدره بحواشي ذكية	4.1 الوضع السهل: تقرير بضغطة زر	2814
F-002164	- تقارير دقيقة بصفحات متعددة وفهرس ورؤوس وتذييلات وملاحق	4.1 الوضع السهل: تقرير بضغطة زر	2815
F-002165	- سرد تحليلي مرفق بالتقرير	4.1 الوضع السهل: تقرير بضغطة زر	2816
F-002166	- طبقة تعريفات موحدة للمقاييس والبيانات داخل التقارير	4.1 الوضع السهل: تقرير بضغطة زر	2817
F-002167	- مراسلات مجدولة ترسل في وقت أو تاريخ محدد	4.1 الوضع السهل: تقرير بضغطة زر	2818
F-002168	- مراسلات جماعية لعدة جهات مع تخصيص	4.1 الوضع السهل: تقرير بضغطة زر	2819
F-002169	- تقويم بعرض يومي وأسبوعي وشهري	4.1 الوضع السهل: تقرير بضغطة زر	2820
F-002170	- لقطات وتقارير	4.1 الوضع السهل: تقرير بضغطة زر	2821
F-002171	- ملخصات مع استشهادات مدمجة.	4.1 الوضع السهل: تقرير بضغطة زر	2822
F-002172	- إنشاء تقارير منظمة مع أدلة وملخصات وتوصيات.	4.1 الوضع السهل: تقرير بضغطة زر	2823
F-002173	- مسح المصادر ومقارنة المنافسين وتحويل البحث إلى ملخصات واضحة.	4.1 الوضع السهل: تقرير بضغطة زر	2824
F-002174	- إعطاء الهدف والسياق، ويقوم الذكاء الاصطناعي بصياغة تقارير منظمة مع أدلة وملخصات وتوصيات.	4.1 الوضع السهل: تقرير بضغطة زر	2825
F-002175	- إنشاء تقارير ديناميكية وتصورات وملخصات.	4.1 الوضع السهل: تقرير بضغطة زر	2826
F-002176	- إنشاء ملخص مرئي على التقرير نفسه.	4.1 الوضع السهل: تقرير بضغطة زر	2827
F-002177	- الحصول على ملخصات عند إعداد الاشتراكات في التقارير.	4.1 الوضع السهل: تقرير بضغطة زر	2828
F-002178	- إنشاء ملخصات تلقائية للمخططات ورؤاها الرئيسية.	4.1 الوضع السهل: تقرير بضغطة زر	2829
F-002179	- إنشاء تقارير تلقائي.	4.1 الوضع السهل: تقرير بضغطة زر	2830
F-002180	- إنشاء تقرير بضغطة زر	4.1 الوضع السهل: تقرير بضغطة زر	2831
F-002181	- الوضع السهل: تقرير بضغطة زر	4.1 الوضع السهل: تقرير بضغطة زر	2832
F-002182	- تلخيص البيانات في لوحة التحكم (Canvas) بسرعة	4.1 الوضع السهل: تقرير بضغطة زر	2833
F-002183	- تلخيص الاجتماعات والمستندات	4.1 الوضع السهل: تقرير بضغطة زر	2834
F-002184	- تلخيص العقود وتسليط الضوء على المخاطر	4.1 الوضع السهل: تقرير بضغطة زر	2835
F-002185	- تلخيص المحتوى الطويل (صفحات، تعليقات) للحصول على النقاط الرئيسية	4.1 الوضع السهل: تقرير بضغطة زر	2836
F-002186	- تلخيص بيانات المخططات في Atlassian Analytics	4.1 الوضع السهل: تقرير بضغطة زر	2837
F-002187	- تلخيص عناصر عمل Jira Service Management وصفحات Confluence والتعليقات والمدونات	4.1 الوضع السهل: تقرير بضغطة زر	2838
F-002188	- تلخيص فوري للنقاط الرئيسية أو إنشاء ملخصات تنفيذية	4.1 الوضع السهل: تقرير بضغطة زر	2839
F-002189	- تلخيص محضر اجتماع طويل	4.1 الوضع السهل: تقرير بضغطة زر	2840
F-002190	- تلخيص نقاط النقاش الرئيسية في الاجتماعات	4.1 الوضع السهل: تقرير بضغطة زر	2841
F-002191	- تلخيص ومعاينة الروابط الذكية من Confluence و Jira و Google docs	4.1 الوضع السهل: تقرير بضغطة زر	2842
F-002192	- تلخيصات مع استشهادات مدمجة	4.1 الوضع السهل: تقرير بضغطة زر	2843
F-002193	- حل الحوادث بسرعة من خلال ملخصات المشكلات	4.1 الوضع السهل: تقرير بضغطة زر	2844
F-002194	- حل مشكلات العملاء بسرعة	4.1 الوضع السهل: تقرير بضغطة زر	2845
F-002195	- مراجعة اتفاقيات مستوى الخدمة (SLAs)	4.1 الوضع السهل: تقرير بضغطة زر	2846
F-002196	- مراجعة الأداء وتحليل النتائج ومشاركة الرؤى من العام الماضي	4.1 الوضع السهل: تقرير بضغطة زر	2847
F-002197	- مراجعة العقود القانونية وتلخيصها	4.1 الوضع السهل: تقرير بضغطة زر	2848
F-002198	- مسح المصادر ومقارنة المنافسين وتحويل البحث إلى موجزات واضحة	4.1 الوضع السهل: تقرير بضغطة زر	2849
F-002199	- إنشاء صفحات تقرير كاملة باستخدام الأوامر النصية	4.1 الوضع السهل: تقرير بضغطة زر	2850
F-002200	- إنشاء قوائم تحقق لضمان دقة التقارير	4.1 الوضع السهل: تقرير بضغطة زر	2851
F-002201	- إنشاء ملخص تنفيذي لتقرير أعمال مفصل	4.1 الوضع السهل: تقرير بضغطة زر	2852
F-002202	- إنشاء ملخص تنفيذي لتقرير طويل	4.1 الوضع السهل: تقرير بضغطة زر	2853
F-002203	- إنشاء ملخص سردي للتقرير أو لصفحات معينة	4.1 الوضع السهل: تقرير بضغطة زر	2854
F-002204	- إنشاء ملخصات تشرح النتائج	4.1 الوضع السهل: تقرير بضغطة زر	2855
F-002205	- إنشاء ملخصات تفسيرية للتحليلات والرسوم البيانية	4.1 الوضع السهل: تقرير بضغطة زر	2856
F-002206	- إنشاء ملخصات تلقائية للتقارير الطويلة	4.1 الوضع السهل: تقرير بضغطة زر	2857
F-002207	- إنشاء ملخصات تنفيذية	4.1 الوضع السهل: تقرير بضغطة زر	2858
F-002208	- إنشاء ملخصات تنفيذية وتقارير من صفحة واحدة	4.1 الوضع السهل: تقرير بضغطة زر	2859
F-002209	- إنشاء ملخصات سردية ذكية تتكيف مع محتوى التقرير	4.1 الوضع السهل: تقرير بضغطة زر	2860
F-002210	- إنشاء ملخصات وجداول باستخدام الذكاء الاصطناعي	4.1 الوضع السهل: تقرير بضغطة زر	2861
F-002211	- استخراج البيانات الرئيسية من تقرير مالي	4.1 الوضع السهل: تقرير بضغطة زر	2862
F-002212	- الحصول على ملخص سريع لموضوع أو مشروع	4.1 الوضع السهل: تقرير بضغطة زر	2863
F-002213	- تحديد نبرة التقرير (غير رسمية، احترافية)	4.1 الوضع السهل: تقرير بضغطة زر	2864
F-002214	- تحديد نمط وتصميم التقرير (مباشر، هندسي، متطور)	4.1 الوضع السهل: تقرير بضغطة زر	2865
F-002215	- تحويل الأوامر النصية إلى تحليلات وتقارير	4.1 الوضع السهل: تقرير بضغطة زر	2866
F-002216	- تحويل الأوامر النصية البسيطة إلى تقارير مصممة بالكامل	4.1 الوضع السهل: تقرير بضغطة زر	2867
F-002217	- إنشاء التقارير المنظمة	4.1 الوضع السهل: تقرير بضغطة زر	2868
F-002218	- إنشاء تقارير أداء الأعمال	4.1 الوضع السهل: تقرير بضغطة زر	2869
F-002219	- إنشاء تقارير أداء المبيعات السنوية	4.1 الوضع السهل: تقرير بضغطة زر	2870
F-002220	- إنشاء تقارير أداء المبيعات والملخصات المالية وتقارير التسويق	4.1 الوضع السهل: تقرير بضغطة زر	2871
F-002221	- إنشاء تقارير الأداء	4.1 الوضع السهل: تقرير بضغطة زر	2872
F-002222	- إنشاء تقارير السوق	4.1 الوضع السهل: تقرير بضغطة زر	2873
F-002223	- إنشاء تقارير تشغيلية	4.1 الوضع السهل: تقرير بضغطة زر	2874
F-002224	- إنشاء تقارير حالة المشروع	4.1 الوضع السهل: تقرير بضغطة زر	2875
F-002225	- إنشاء تقارير مالية	4.1 الوضع السهل: تقرير بضغطة زر	2876
F-002226	- إنشاء تقارير متعمقة عن اتجاهات السوق وسلوك المستهلك	4.1 الوضع السهل: تقرير بضغطة زر	2877
F-002227	- إنشاء تقارير مجلس الإدارة	4.1 الوضع السهل: تقرير بضغطة زر	2878
F-002228	- إنشاء تقارير مخصصة باستخدام أوامر نصية بسيطة	4.1 الوضع السهل: تقرير بضغطة زر	2879
F-002229	- إنشاء تقارير مدعومة بالذكاء الاصطناعي من Excel و CSV و PDF أو موضوع معين	4.1 الوضع السهل: تقرير بضغطة زر	2880
F-002230	- إنشاء تقارير معمقة حول اتجاهات السوق وسلوك المستهلك	4.1 الوضع السهل: تقرير بضغطة زر	2881
F-002231	- إنشاء تقارير منظمة مع الأدلة والملخصات والتوصيات	4.1 الوضع السهل: تقرير بضغطة زر	2882
F-002232	- إنشاء تقارير ومقترحات	4.1 الوضع السهل: تقرير بضغطة زر	2883
F-002233	- إنشاء تقرير أداء الحملات التسويقية	4.1 الوضع السهل: تقرير بضغطة زر	2884
F-002234	- إنشاء تقرير أداء ربع سنوي للإدارة	4.1 الوضع السهل: تقرير بضغطة زر	2885
F-002235	- إنشاء تقرير أسبوعي عن أداء المبيعات	4.1 الوضع السهل: تقرير بضغطة زر	2886
F-002236	- إنشاء تقرير بحثي مع تصورات بيانية للنتائج	4.1 الوضع السهل: تقرير بضغطة زر	2887
F-002237	- إنشاء تقرير بحثي مع تصورات للبيانات الإحصائية	4.1 الوضع السهل: تقرير بضغطة زر	2888
F-002238	- إنشاء تقرير تحليل SWOT لتقييم وضع الشركة	4.1 الوضع السهل: تقرير بضغطة زر	2889
F-002239	- إنشاء تقرير تحليل المنافسين	4.1 الوضع السهل: تقرير بضغطة زر	2890
F-002240	- إنشاء تقرير حالة لمشروع معين	4.1 الوضع السهل: تقرير بضغطة زر	2891
F-002241	- إنشاء تقرير ربع سنوي عن أداء التسويق	4.1 الوضع السهل: تقرير بضغطة زر	2892
F-002242	- إنشاء تقرير ربع سنوي يوضح أداء الفريق	4.1 الوضع السهل: تقرير بضغطة زر	2893
F-002243	- إنشاء تقرير سنوي للشركة	4.1 الوضع السهل: تقرير بضغطة زر	2894
F-002244	- إنشاء تقرير سنوي مالي للشركة	4.1 الوضع السهل: تقرير بضغطة زر	2895
F-002245	- إنشاء تقرير عمليات يومي لقسم الخدمات اللوجستية	4.1 الوضع السهل: تقرير بضغطة زر	2896
F-002246	- إنشاء تقرير مالي ربع سنوي مع تحليل مفصل	4.1 الوضع السهل: تقرير بضغطة زر	2897
F-002247	- إنشاء تقرير مالي سنوي	4.1 الوضع السهل: تقرير بضغطة زر	2898
F-002248	- إنشاء تقرير مالي مع الرسوم البيانية التفاعلية	4.1 الوضع السهل: تقرير بضغطة زر	2899
F-002249	- إنشاء تقرير مبيعات تفاعلي في Power BI	4.1 الوضع السهل: تقرير بضغطة زر	2900
F-002250	- إنشاء تقرير مبيعات من ملف Excel	4.1 الوضع السهل: تقرير بضغطة زر	2901
F-002251	- إنشاء تقرير مشروع للمدرسة أو الجامعة	4.1 الوضع السهل: تقرير بضغطة زر	2902
F-002252	- إنشاء توقعات للإيرادات	4.1 الوضع السهل: تقرير بضغطة زر	2903
F-002253	- إنشاء حملات تسويقية وطلبات تقديم العروض (RFPs)	4.1 الوضع السهل: تقرير بضغطة زر	2904
F-002254	- إنشاء خطة عمل لمشروع جديد	4.1 الوضع السهل: تقرير بضغطة زر	2905
F-002255	- إنشاء دليل تدريبي للموظفين الجدد	4.1 الوضع السهل: تقرير بضغطة زر	2906
F-002256	- إنشاء رؤى مكتوبة تلقائيًا من البيانات	4.1 الوضع السهل: تقرير بضغطة زر	2907
F-002257	- إنشاء كتيبات تدريبية وكتب إلكترونية	4.1 الوضع السهل: تقرير بضغطة زر	2908
F-002258	- إنشاء مسودات أولى للمستندات	4.1 الوضع السهل: تقرير بضغطة زر	2909
F-002259	- إنشاء مسودات مخصصة للاحتياجات المحددة	4.1 الوضع السهل: تقرير بضغطة زر	2910
F-002260	- إنشاء مسودة تقرير كاملة من بضع جمل	4.1 الوضع السهل: تقرير بضغطة زر	2911
F-002261	- إنشاء مسودة كاملة بناءً على تفاصيل أساسية	4.1 الوضع السهل: تقرير بضغطة زر	2912
F-002262	- إنشاء مقترحات وعروض مبيعات وأوراق بيضاء	4.1 الوضع السهل: تقرير بضغطة زر	2913
F-002263	- إنشاء هيكل تلقائي للملخصات والتقارير	4.1 الوضع السهل: تقرير بضغطة زر	2914
F-002264	- اتخاذ قرارات أسرع ومستنيرة	4.1 الوضع السهل: تقرير بضغطة زر	2915
F-002265	- استخلاص الرؤى من مجموعات البيانات الكبيرة	4.1 الوضع السهل: تقرير بضغطة زر	2916
F-002266	- استكشاف البيانات باستخدام لغة إنجليزية بسيطة	4.1 الوضع السهل: تقرير بضغطة زر	2917
F-002267	- اقتراح تغييرات في هيكل المستند لتحسين السرد	4.1 الوضع السهل: تقرير بضغطة زر	2918
F-002268	- اقتراح خطط مزايا للموظفين	4.1 الوضع السهل: تقرير بضغطة زر	2919
F-002269	- اقتراح عناصر العمل من الاجتماعات	4.1 الوضع السهل: تقرير بضغطة زر	2920
F-002270	- الإجابة على أسئلة معقدة حول محتوى المستند	4.1 الوضع السهل: تقرير بضغطة زر	2921
F-002271	- الإجابة على الأسئلة في الوقت الفعلي أثناء الاجتماعات	4.1 الوضع السهل: تقرير بضغطة زر	2922
F-002272	- التنبؤ بالاتجاهات المستقبلية بناءً على البيانات التاريخية	4.1 الوضع السهل: تقرير بضغطة زر	2923
F-002273	- التنبؤ بالاتجاهات وإيجاد الفرص الخفية	4.1 الوضع السهل: تقرير بضغطة زر	2924
F-002274	- الجمع بين خبرة الفرق البشرية وأحدث تطورات الذكاء الاصطناعي	4.1 الوضع السهل: تقرير بضغطة زر	2925
F-002275	- القدرة على تحرير المسودة التي تم إنشاؤها لتلبية الاحتياجات بشكل أفضل	4.1 الوضع السهل: تقرير بضغطة زر	2926
F-002276	- المساعدة في إنشاء نماذج بيانات محسّنة	4.1 الوضع السهل: تقرير بضغطة زر	2927
F-002277	- المساعدة في صياغة توقعات مالية وخطط استراتيجية	4.1 الوضع السهل: تقرير بضغطة زر	2928
F-002278	- الملء التلقائي للقوالب بمحتوى ذي صلة ومتوافق مع العلامة التجارية	4.1 الوضع السهل: تقرير بضغطة زر	2929
F-002279	- بناء سير عمل تقرير حقيقي مع قالب تقرير متسق	4.1 الوضع السهل: تقرير بضغطة زر	2930
F-002280	- بناء نماذج تعلم الآلة	4.1 الوضع السهل: تقرير بضغطة زر	2931
F-002281	- بناء نماذج تعلم الآلة الأولية مباشرة في المحادثة	4.1 الوضع السهل: تقرير بضغطة زر	2932
F-002282	- بناء نموذج مالي لشركة ناشئة	4.1 الوضع السهل: تقرير بضغطة زر	2933
F-002283	- تبسيط البيانات المعقدة في مرئيات واضحة ومؤثرة	4.1 الوضع السهل: تقرير بضغطة زر	2934
F-002284	- تتبع التفاصيل المحددة داخل المستند عبر طرح الأسئلة	4.1 الوضع السهل: تقرير بضغطة زر	2935
F-002285	- تتبع التقدم المحرز في تحقيق أهداف المبيعات	4.1 الوضع السهل: تقرير بضغطة زر	2936
F-002286	- تتبع رحلة الاستكشاف تلقائيًا (كل مخطط وسؤال ورؤية)	4.1 الوضع السهل: تقرير بضغطة زر	2937
F-002287	- تجميع التنبيهات المتشابهة معًا لتحديد المشكلات بشكل أسرع	4.1 الوضع السهل: تقرير بضغطة زر	2938
F-002288	- تحديث أشرطة التقدم تلقائيًا أثناء العمل	4.1 الوضع السهل: تقرير بضغطة زر	2939
F-002289	- تحديث الأبحاث تلقائيًا مع تغير السوق	4.1 الوضع السهل: تقرير بضغطة زر	2940
F-002290	- تحديث النص ديناميكيًا بناءً على معايير أو حسابات محددة	4.1 الوضع السهل: تقرير بضغطة زر	2941
F-002291	- تحديد المقاييس الرئيسية لتقييم أداء فريق	4.1 الوضع السهل: تقرير بضغطة زر	2942
F-002292	- تحديد مؤشرات الأداء الرئيسية (KPIs)	4.1 الوضع السهل: تقرير بضغطة زر	2943
F-002293	- إنشاء تقرير تنفيذي خلال 10 ثوانٍ	4.1 الوضع السهل: تقرير بضغطة زر	2944
F-002294	- إنشاء تقرير فروقات تلقائي بين مجموعات الملفات	4.1 الوضع السهل: تقرير بضغطة زر	2945
F-002295	- يعرض تقرير بالمشاكل المكتشفة	4.1 الوضع السهل: تقرير بضغطة زر	2946
F-002296	- إنشاء تقرير PDF رسمي	4.1 الوضع السهل: تقرير بضغطة زر	2947
F-002297	- إنشاء تقارير الامتثال (Compliance Reports)	4.1 الوضع السهل: تقرير بضغطة زر	2948
F-002298	- إنشاء تقارير الأداء والحالة (Performance and Status Reports)	4.1 الوضع السهل: تقرير بضغطة زر	2949
F-002299	- إنشاء تقارير التحقق (Validation Reports)	4.1 الوضع السهل: تقرير بضغطة زر	2950
F-002300	- إنشاء تقارير التدقيق والتتبع (Audit and Tracking Reports)	4.1 الوضع السهل: تقرير بضغطة زر	2951
F-002301	- إنشاء تقرير لكل موقع على حدة	4.1 الوضع السهل: تقرير بضغطة زر	2952
F-002302	- التقرير النهائي تجميعي فقط بعد اكتمال جميع الدفعات	4.1 الوضع السهل: تقرير بضغطة زر	2953
F-002303	- يُبنى التقرير تدريجيًا ويتم تحديثه مع كل دفعة	4.1 الوضع السهل: تقرير بضغطة زر	2954
F-002304	- بدء توليد التقرير قبل انتهاء المهمة بالكامل	4.1 الوضع السهل: تقرير بضغطة زر	2955
F-002305	- محرك تقارير ديناميكي (Dynamic Reporting Engine)	4.1 الوضع السهل: تقرير بضغطة زر	2956
F-002306	- تحديث التقارير بشكل حيوي ومباشر (real-time)	4.1 الوضع السهل: تقرير بضغطة زر	2957
F-002307	- التقارير تستهلك من الطبقة الدلالية فقط (Semantic Layer)	4.1 الوضع السهل: تقرير بضغطة زر	2958
F-002308	- تخزين تعريفات التقارير فقط وليس البيانات	4.1 الوضع السهل: تقرير بضغطة زر	2959
F-002309	- تقارير دورية	4.1 الوضع السهل: تقرير بضغطة زر	2960
F-002310	- اختيار الهيكل والأقسام والترتيب والخطوط والألوان	4.2 الوضع المتقدم	2966
F-002311	- أنماط: رسمي أو إداري أو تحليلي أو تنفيذي مختصر أو تفصيلي	4.2 الوضع المتقدم	2967
F-002312	- Scheduling للتقارير مع Digest	4.2 الوضع المتقدم	2968
F-002313	- إنشاء تقرير احترافي	4.2 الوضع المتقدم	2969
F-002314	- إدراج الجداول	4.2 الوضع المتقدم	2970
F-002315	- إدراج الرسوم	4.2 الوضع المتقدم	2971
F-002316	- تنسيق احترافي	4.2 الوضع المتقدم	2972
F-002317	- إضافة توصيات	4.2 الوضع المتقدم	2973
F-002318	- اختيار هيكل التقرير	4.2 الوضع المتقدم	2974
F-002319	- اختيار الأقسام	4.2 الوضع المتقدم	2975
F-002320	- اختيار ترتيب الصفحات	4.2 الوضع المتقدم	2976
F-002321	- تخصيص الجداول	4.2 الوضع المتقدم	2977
F-002322	- تخصيص طريقة عرض الرسوم	4.2 الوضع المتقدم	2978
F-002323	- تخصيص احترافي	4.2 الوضع المتقدم	2979
F-002324	- اختيار نمط رسمي	4.2 الوضع المتقدم	2980
F-002325	- نمط تنفيذي مختصر	4.2 الوضع المتقدم	2981
F-002326	- نمط تفصيلي موسع	4.2 الوضع المتقدم	2982
F-002327	- إعادة تنسيق التقرير بالكامل	4.2 الوضع المتقدم	2983
F-002328	- إعادة تنسيق احترافي	4.2 الوضع المتقدم	2984
F-002329	- تحسين توزيع النصوص	4.2 الوضع المتقدم	2985
F-002330	- إعادة تنسيق الجداول	4.2 الوضع المتقدم	2986
F-002331	- تحسين المسافات	4.2 الوضع المتقدم	2987
F-002332	- ضبط ألوان العناوين	4.2 الوضع المتقدم	2988
F-002333	- ترقيم الصفحات تلقائيا	4.2 الوضع المتقدم	2989
F-002334	- جدول محتويات تلقائي	4.2 الوضع المتقدم	2990
F-002335	- رؤوس وتذييلات قابلة للتخصيص	4.2 الوضع المتقدم	2991
F-002336	- إنشاء تقارير دورية تلقائية مجدولة	4.2 الوضع المتقدم	2992
F-002337	- التحكم في مستوى التفصيل في التقرير	4.2 الوضع المتقدم	2993
F-002338	- جدولة تقارير يومية وأسبوعية وشهرية مع إرسال تلقائي بالبريد	4.2 الوضع المتقدم	2994
F-002339	- جدولة التقارير وإرسالها تلقائيا	4.2 الوضع المتقدم	2995
F-002340	- تقارير مهيأة للطباعة الرسمية	4.2 الوضع المتقدم	2996
F-002341	- تحديث مجدول للشرائح قبل الاجتماع	4.2 الوضع المتقدم	2997
F-002342	- وضع تثبيت الاجتماع	4.2 الوضع المتقدم	2998
F-002343	- الوضع المتقدم لإنشاء التقارير	4.2 الوضع المتقدم	2999
F-002344	- مراقبة المقاييس حتى عندما تكون بعيدًا عن لوحات المعلومات الخاصة بك مع تنبيهات عبر البريد الإلكتروني أو الرسائل القصيرة	4.2 الوضع المتقدم	3000
F-002345	- الوضع المتقدم	4.2 الوضع المتقدم	3001
F-002346	- تحديد نبرة التقرير (غير رسمية، احترافية)	4.2 الوضع المتقدم	3002
F-002347	- تحديد نمط وتصميم التقرير (مباشر، هندسي، متطور)	4.2 الوضع المتقدم	3003
F-002348	- تحويل الأوامر النصية إلى تحليلات وتقارير	4.2 الوضع المتقدم	3004
F-002349	- تحويل الأوامر النصية البسيطة إلى تقارير مصممة بالكامل	4.2 الوضع المتقدم	3005
F-002350	- تحويل البيانات والمستندات إلى تحليلات ولوحات معلومات وتقارير	4.2 الوضع المتقدم	3006
F-002351	- تحويل التقارير بسهولة إلى شرائح PowerPoint	4.2 الوضع المتقدم	3007
F-002352	- تحويل المحادثات والاستكشافات إلى تقارير وشرائح منظمة	4.2 الوضع المتقدم	3008
F-002353	- تحويل الملفات أو الأفكار إلى تقارير واضحة وثاقبة على الفور	4.2 الوضع المتقدم	3009
F-002354	- تحويل تحديث حالة المشروع إلى عرض تقديمي أنيق واحترافي	4.2 الوضع المتقدم	3010
F-002355	- تحويل مؤشرات الأداء الرئيسية والاتجاهات والنتائج إلى عروض تقديمية مرئية واضحة	4.2 الوضع المتقدم	3011
F-002356	- تحويل مستند إلى عرض تقديمي في PowerPoint	4.2 الوضع المتقدم	3012
F-002357	- تحويل ملاحظات غير رسمية إلى تقرير رسمي	4.2 الوضع المتقدم	3013
F-002358	- تعديل نبرة التقرير	4.2 الوضع المتقدم	3014
F-002359	- جدولة التقارير	4.2 الوضع المتقدم	3015
F-002360	- اقتراح توصيات ذكية ودعم القرار	4.2 الوضع المتقدم	3016
F-002361	- توصيات مخصصة لكل مستخدم	4.2 الوضع المتقدم	3017
F-002362	- توصيات فورية أثناء العمل (ذكاء سياقي)	4.2 الوضع المتقدم	3018
F-002363	- توصيات بناءً على حدود الذاكرة (memory limits)	4.2 الوضع المتقدم	3019
F-002364	- تعديل أي فقرة أو جدول أو تنسيق أو ترتيب بعد الإنشاء	4.3 التحرير الكامل بعد الإنشاء	3025
F-002365	- إضافة أو حذف فصول وإدراج رسوم جديدة	4.3 التحرير الكامل بعد الإنشاء	3026
F-002366	- محرر تقارير مرئي بالسحب والإفلات	4.3 التحرير الكامل بعد الإنشاء	3027
F-002367	- التحرير الكامل للتقارير بعد الإنشاء	4.3 التحرير الكامل بعد الإنشاء	3028
F-002368	- الإنشاء التلقائي لا يلغي التحرير	4.3 التحرير الكامل بعد الإنشاء	3029
F-002369	- يمكن تعديل أي فقرة	4.3 التحرير الكامل بعد الإنشاء	3030
F-002370	- تعديل أي جدول	4.3 التحرير الكامل بعد الإنشاء	3031
F-002371	- تغيير تنسيق أي صفحة	4.3 التحرير الكامل بعد الإنشاء	3032
F-002372	- تغيير ترتيب الصفحات	4.3 التحرير الكامل بعد الإنشاء	3033
F-002373	- إضافة فصل جديد	4.3 التحرير الكامل بعد الإنشاء	3034
F-002374	- إدراج رسم جديد	4.3 التحرير الكامل بعد الإنشاء	3035
F-002375	- تعديل صياغة الملخص	4.3 التحرير الكامل بعد الإنشاء	3036
F-002376	- محرر تقارير مرئي	4.3 التحرير الكامل بعد الإنشاء	3037
F-002377	- سحب وإفلات أقسام	4.3 التحرير الكامل بعد الإنشاء	3038
F-002378	- تقسيم الصفحة	4.3 التحرير الكامل بعد الإنشاء	3039
F-002379	- إدراج أعمدة متعددة	4.3 التحرير الكامل بعد الإنشاء	3040
F-002380	- إدراج جداول تفاعلية	4.3 التحرير الكامل بعد الإنشاء	3041
F-002381	- تعديل تنسيق الجداول	4.3 التحرير الكامل بعد الإنشاء	3042
F-002382	- تعديل رؤوس الأقسام	4.3 التحرير الكامل بعد الإنشاء	3043
F-002383	- تغيير أنماط العناوين	4.3 التحرير الكامل بعد الإنشاء	3044
F-002384	- إنشاء نسخة جديدة من أي تقرير	4.3 التحرير الكامل بعد الإنشاء	3045
F-002385	- محرر تقارير كامل	4.3 التحرير الكامل بعد الإنشاء	3046
F-002386	- منشئ تقارير بواجهة بصرية لاختيار البيانات والأعمدة والفلاتر والتنسيق	4.3 التحرير الكامل بعد الإنشاء	3047
F-002387	- فلاتر ديناميكية بحيث أي حقل يصبح فلتر مع فلاتر محفوظة ومترابطة	4.3 التحرير الكامل بعد الإنشاء	3048
F-002388	- تقرير يرسل تلقائيا عند تحقق شرط معين مثل ارتفاع مؤشر أداء أو فشل مزامنة	4.3 التحرير الكامل بعد الإنشاء	3049
F-002389	- تلخيص التقارير أو الموضوعات.	4.3 التحرير الكامل بعد الإنشاء	3050
F-002390	- الإجابة على الأسئلة المتعلقة بالبيانات.	4.3 التحرير الكامل بعد الإنشاء	3051
F-002391	- إنشاء وتحرير التقارير.	4.3 التحرير الكامل بعد الإنشاء	3052
F-002392	- تلخيص النموذج الدلالي الأساسي.	4.3 التحرير الكامل بعد الإنشاء	3053
F-002393	- الحصول على ملخصات للتقارير بأكملها.	4.3 التحرير الكامل بعد الإنشاء	3054
F-002394	- التركيز على مواضيع محددة.	4.3 التحرير الكامل بعد الإنشاء	3055
F-002395	- تسليم تقارير مجمعة عالية التنسيق وجاهزة للتدقيق لآلاف المستلمين.	4.3 التحرير الكامل بعد الإنشاء	3056
F-002396	- التحرير الكامل بعد الإنشاء.	4.3 التحرير الكامل بعد الإنشاء	3057
F-002397	- التحرير الكامل بعد إنشاء التقارير	4.3 التحرير الكامل بعد الإنشاء	3058
F-002398	- التحرير الكامل بعد الإنشاء	4.3 التحرير الكامل بعد الإنشاء	3059
F-002399	- تحديث أشرطة التقدم تلقائيًا أثناء العمل	4.3 التحرير الكامل بعد الإنشاء	3060
F-002400	- تحديث الأبحاث تلقائيًا مع تغير السوق	4.3 التحرير الكامل بعد الإنشاء	3061
F-002401	- تحديث النص ديناميكيًا بناءً على معايير أو حسابات محددة	4.3 التحرير الكامل بعد الإنشاء	3062
F-002402	- صياغة التقارير والمذكرات والموجزات مع هيكل	4.3 التحرير الكامل بعد الإنشاء	3063
F-002403	- صياغة تقارير منظمة مع أدلة وملخصات وتوصيات بناءً على الهدف والسياق	4.3 التحرير الكامل بعد الإنشاء	3064
F-002404	- صياغة تقرير أداء ربع سنوي	4.3 التحرير الكامل بعد الإنشاء	3065
F-002405	- صياغة رسائل البريد الإلكتروني والمقترحات والتقارير	4.3 التحرير الكامل بعد الإنشاء	3066
F-002406	- صياغة محتوى مهم في ثوانٍ	4.3 التحرير الكامل بعد الإنشاء	3067
F-002407	- صياغة مقترح مشروع بناءً على ملاحظات الاجتماع	4.3 التحرير الكامل بعد الإنشاء	3068
F-002408	- كتابة تقارير أعمال من صفحة واحدة	4.3 التحرير الكامل بعد الإنشاء	3069
F-002409	- كتابة تقارير الأداء	4.3 التحرير الكامل بعد الإنشاء	3070
F-002410	- كتابة تقرير موجز للمستثمرين العالميين	4.3 التحرير الكامل بعد الإنشاء	3071
F-002411	- كتابة مسودة أولى لتقرير بحثي	4.3 التحرير الكامل بعد الإنشاء	3072
F-002412	- كتابة ملخص تنفيذي لتقرير بحثي	4.3 التحرير الكامل بعد الإنشاء	3073
F-002413	- كتابة ملخصات تنفيذية	4.3 التحرير الكامل بعد الإنشاء	3074
F-002414	- مراجعة اتفاقيات مستوى الخدمة (SLAs)	4.3 التحرير الكامل بعد الإنشاء	3075
F-002415	- مراجعة الأداء وتحليل النتائج ومشاركة الرؤى من العام الماضي	4.3 التحرير الكامل بعد الإنشاء	3076
F-002416	- مراجعة العقود القانونية وتلخيصها	4.3 التحرير الكامل بعد الإنشاء	3077
F-002417	- مسح المصادر ومقارنة المنافسين وتحويل البحث إلى موجزات واضحة	4.3 التحرير الكامل بعد الإنشاء	3078
F-002418	- هيكلة التقارير تلقائياً	4.3 التحرير الكامل بعد الإنشاء	3079
F-002419	- إنتاج تقارير مع المخططات والتصورات	4.3 التحرير الكامل بعد الإنشاء	3080
F-002420	- إنشاء تقارير منظمة	4.3 التحرير الكامل بعد الإنشاء	3081
F-002421	- إنشاء تقارير أداء الأعمال	4.3 التحرير الكامل بعد الإنشاء	3082
F-002422	- إنشاء تقارير أداء المبيعات السنوية	4.3 التحرير الكامل بعد الإنشاء	3083
F-002423	- إنشاء تقارير أداء المبيعات والملخصات المالية وتقارير التسويق	4.3 التحرير الكامل بعد الإنشاء	3084
F-002424	- إنشاء تقارير الأداء	4.3 التحرير الكامل بعد الإنشاء	3085
F-002425	- إنشاء تقارير السوق	4.3 التحرير الكامل بعد الإنشاء	3086
F-002426	- إنشاء تقارير تشغيلية	4.3 التحرير الكامل بعد الإنشاء	3087
F-002427	- إنشاء تقارير حالة المشروع	4.3 التحرير الكامل بعد الإنشاء	3088
F-002428	- إنشاء تقارير مالية	4.3 التحرير الكامل بعد الإنشاء	3089
F-002429	- إنشاء تقارير متعمقة عن اتجاهات السوق وسلوك المستهلك	4.3 التحرير الكامل بعد الإنشاء	3090
F-002430	- إنشاء تقارير مجلس الإدارة	4.3 التحرير الكامل بعد الإنشاء	3091
F-002431	- إنشاء تقارير مخصصة باستخدام أوامر نصية بسيطة	4.3 التحرير الكامل بعد الإنشاء	3092
F-002432	- إنشاء تقارير مدعومة بالذكاء الاصطناعي من Excel و CSV و PDF أو موضوع معين	4.3 التحرير الكامل بعد الإنشاء	3093
F-002433	- إنشاء تقارير معمقة حول اتجاهات السوق وسلوك المستهلك	4.3 التحرير الكامل بعد الإنشاء	3094
F-002434	- إنشاء تقارير منظمة مع الأدلة والملخصات والتوصيات	4.3 التحرير الكامل بعد الإنشاء	3095
F-002435	- إنشاء تقارير ومقترحات	4.3 التحرير الكامل بعد الإنشاء	3096
F-002436	- إنشاء تقرير أداء الحملات التسويقية	4.3 التحرير الكامل بعد الإنشاء	3097
F-002437	- إنشاء تقرير أداء ربع سنوي للإدارة	4.3 التحرير الكامل بعد الإنشاء	3098
F-002438	- إنشاء تقرير أسبوعي عن أداء المبيعات	4.3 التحرير الكامل بعد الإنشاء	3099
F-002439	- إنشاء تقرير بحثي مع تصورات بيانية للنتائج	4.3 التحرير الكامل بعد الإنشاء	3100
F-002440	- إنشاء تقرير بحثي مع تصورات للبيانات الإحصائية	4.3 التحرير الكامل بعد الإنشاء	3101
F-002441	- إنشاء تقرير تحليل SWOT لتقييم وضع الشركة	4.3 التحرير الكامل بعد الإنشاء	3102
F-002442	- إنشاء تقرير تحليل المنافسين	4.3 التحرير الكامل بعد الإنشاء	3103
F-002443	- إنشاء تقرير حالة لمشروع معين	4.3 التحرير الكامل بعد الإنشاء	3104
F-002444	- إنشاء تقرير ربع سنوي عن أداء التسويق	4.3 التحرير الكامل بعد الإنشاء	3105
F-002445	- إنشاء تقرير ربع سنوي يوضح أداء الفريق	4.3 التحرير الكامل بعد الإنشاء	3106
F-002446	- إنشاء تقرير سنوي للشركة	4.3 التحرير الكامل بعد الإنشاء	3107
F-002447	- إنشاء تقرير سنوي مالي للشركة	4.3 التحرير الكامل بعد الإنشاء	3108
F-002448	- إنشاء تقرير عمليات يومي لقسم الخدمات اللوجستية	4.3 التحرير الكامل بعد الإنشاء	3109
F-002449	- إنشاء تقرير مالي ربع سنوي مع تحليل مفصل	4.3 التحرير الكامل بعد الإنشاء	3110
F-002450	- إنشاء تقرير مالي سنوي	4.3 التحرير الكامل بعد الإنشاء	3111
F-002451	- إنشاء تقرير مالي مع الرسوم البيانية التفاعلية	4.3 التحرير الكامل بعد الإنشاء	3112
F-002452	- إنشاء تقرير مبيعات تفاعلي في Power BI	4.3 التحرير الكامل بعد الإنشاء	3113
F-002453	- إنشاء تقرير مبيعات من ملف Excel	4.3 التحرير الكامل بعد الإنشاء	3114
F-002454	- إنشاء تقرير مشروع للمدرسة أو الجامعة	4.3 التحرير الكامل بعد الإنشاء	3115
F-002455	- إنشاء توقعات للإيرادات	4.3 التحرير الكامل بعد الإنشاء	3116
F-002456	- إنشاء حملات تسويقية وطلبات تقديم العروض (RFPs)	4.3 التحرير الكامل بعد الإنشاء	3117
F-002457	- إنشاء خطة عمل لمشروع جديد	4.3 التحرير الكامل بعد الإنشاء	3118
F-002458	- إنشاء دليل تدريبي للموظفين الجدد	4.3 التحرير الكامل بعد الإنشاء	3119
F-002459	- إنشاء رؤى مكتوبة تلقائيًا من البيانات	4.3 التحرير الكامل بعد الإنشاء	3120
F-002460	- إنشاء صفحات تقرير كاملة باستخدام الأوامر النصية	4.3 التحرير الكامل بعد الإنشاء	3121
F-002461	- إنشاء استراتيجيات الذهاب إلى السوق	4.3 التحرير الكامل بعد الإنشاء	3122
F-002462	- إنشاء الرسوم البيانية ومشاركة الرؤى	4.3 التحرير الكامل بعد الإنشاء	3123
F-002463	- إنشاء قوائم تحقق لضمان دقة التقارير	4.3 التحرير الكامل بعد الإنشاء	3124
F-002464	- إنشاء كتيبات تدريبية وكتب إلكترونية	4.3 التحرير الكامل بعد الإنشاء	3125
F-002465	- حفظ النتائج مباشرة في لوحات المعلومات أو التقارير	4.3 التحرير الكامل بعد الإنشاء	3126
F-002466	- جدولة التقارير	4.3 التحرير الكامل بعد الإنشاء	3127
F-002467	- حل الحوادث بسرعة من خلال ملخصات المشكلات	4.3 التحرير الكامل بعد الإنشاء	3128
F-002468	- حل مشكلات العملاء بسرعة	4.3 التحرير الكامل بعد الإنشاء	3129
F-002469	- تقرير تدقيق هندسي مفصل	4.3 التحرير الكامل بعد الإنشاء	3130
F-002470	- تصدير تقرير تنفيذي بنقرة زر	4.3 التحرير الكامل بعد الإنشاء	3131
F-002471	- إضافة صفحة غلاف وفهرس للتقرير	4.3 التحرير الكامل بعد الإنشاء	3132
F-002472	- اختيار هيكل التقرير	4.3 التحرير الكامل بعد الإنشاء	3133
F-002473	- إعادة استخدام هيكل التقرير مع بيانات جديدة	4.3 التحرير الكامل بعد الإنشاء	3134
F-002474	- محرر تقارير مرئي متكامل	4.3 التحرير الكامل بعد الإنشاء	3135
F-002475	- إعادة تنسيق التقرير بالكامل	4.3 التحرير الكامل بعد الإنشاء	3136
F-002476	- تحويل التقرير إلى عرض تقديمي والعكس	4.3 التحرير الكامل بعد الإنشاء	3137
F-002477	- إرسال تقرير التنفيذ	4.3 التحرير الكامل بعد الإنشاء	3138
F-002478	- مراجعة التقرير	4.3 التحرير الكامل بعد الإنشاء	3139
F-002479	- سحب قسم من المكتبة إلى التقرير يرث التنسيق تلقائيًا	4.3 التحرير الكامل بعد الإنشاء	3140
F-002480	- تحويل مستند إلى تقرير رسمي منسق	4.3 التحرير الكامل بعد الإنشاء	3141
F-002481	- تسجيل تقرير مطابقة رقمي	4.3 التحرير الكامل بعد الإنشاء	3142
F-002482	- توليد تقارير متعددة الصيغ (PDF, PPTX, Word)	4.3 التحرير الكامل بعد الإنشاء	3143
F-002483	- تضمين مسار تدقيق كامل وأدلة في التقارير	4.3 التحرير الكامل بعد الإنشاء	3144
F-002484	- إصدار التقرير بتنسيق مخصص	4.3 التحرير الكامل بعد الإنشاء	3145
F-002485	- يحدث التقارير	4.3 التحرير الكامل بعد الإنشاء	3146
F-002486	- يراجع البيانات الجديدة	4.3 التحرير الكامل بعد الإنشاء	3147
F-002487	- يقترح تحسينات استراتيجية	4.3 التحرير الكامل بعد الإنشاء	3148
F-002488	- قوالب جاهزة: تنفيذي ومالي وتشغيلي	4.4 مكتبة التقارير والقوالب	3154
F-002489	- حفظ أي تقرير كنموذج وإعادة استخدامه	4.4 مكتبة التقارير والقوالب	3155
F-002490	- استيراد PDF أو Excel كنموذج لمحاكاته	4.4 مكتبة التقارير والقوالب	3156
F-002491	- Component Library موحّدة مع قوالب موسعة	4.4 مكتبة التقارير والقوالب	3157
F-002492	- تحويل تقرير إلى Dashboard	4.4 مكتبة التقارير والقوالب	3158
F-002493	- مكتبة التقارير	4.4 مكتبة التقارير والقوالب	3159
F-002494	- مكتبة تقارير	4.4 مكتبة التقارير والقوالب	3160
F-002495	- قوالب تقارير جاهزة قابلة للتخصيص	4.4 مكتبة التقارير والقوالب	3161
F-002496	- التقارير التفاعلية التي تسمح بالتصفية والتنقل	4.4 مكتبة التقارير والقوالب	3162
F-002497	- تقارير جاهزة لكل وحدة	4.4 مكتبة التقارير والقوالب	3163
F-002498	- قوالب تقارير تنفيذية وتفصيلية ومقارنة واتجاهات مع الهوية البصرية	4.4 مكتبة التقارير والقوالب	3164
F-002499	- حفظ التقرير كقالب لإعادة الاستخدام	4.4 مكتبة التقارير والقوالب	3165
F-002500	- تقارير امتثال تنظيمية جاهزة للتقديم	4.4 مكتبة التقارير والقوالب	3166
F-002501	- تحليل تفاعلي عبر المرشحات	4.4 مكتبة التقارير والقوالب	3167
F-002502	- تقارير المراسلات تشمل العدد ووقت الاستجابة وأداء الجهات	4.4 مكتبة التقارير والقوالب	3168
F-002503	- تقارير عن وقت كل مرحلة والاختناقات والأداء	4.4 مكتبة التقارير والقوالب	3169
F-002504	- تتبع وقت الاستجابة والإغلاق مع تنبيهات عند تجاوز المدة المحددة	4.4 مكتبة التقارير والقوالب	3170
F-002505	- تقارير أداء تشمل وقت الحل ومعدل التصعيد وأداء الفرق وأسباب التأخير	4.4 مكتبة التقارير والقوالب	3171
F-002506	- مكتبة التقارير والقوالب.	4.4 مكتبة التقارير والقوالب	3172
F-002507	- مكتبة التقارير والقوالب	4.4 مكتبة التقارير والقوالب	3173
F-002508	- لقطات وتقارير	4.4 مكتبة التقارير والقوالب	3174
F-002509	- إنشاء نظرات عامة مكتوبة على مقاييسك الرئيسية	4.4 مكتبة التقارير والقوالب	3175
F-002510	- الحصول على شرح موجز: ما هو مرتفع، وما هو منخفض، وما الذي يحتاج إلى اهتمام	4.4 مكتبة التقارير والقوالب	3176
F-002511	- تنزيل أو جدولة تقارير البريد الإلكتروني التلقائية لبياناتك بتنسيقات PNG و JPEG و PDF و CSV	4.4 مكتبة التقارير والقوالب	3177
F-002512	- بناء سير عمل تقرير حقيقي مع قالب تقرير متسق	4.4 مكتبة التقارير والقوالب	3178
F-002513	- قوالب مسبقة الصنع	4.4 مكتبة التقارير والقوالب	3179
F-002514	- قوالب عرض تقديمي جاهزة (تقرير مؤشرات الأداء الرئيسية للتسويق، تقرير التسويق ربع السنوي، إلخ)	4.4 مكتبة التقارير والقوالب	3180
F-002515	- دعم قوالب التقارير	4.4 مكتبة التقارير والقوالب	3181
F-002516	- وحدة إنشاء التقارير الدورية	4.4 مكتبة التقارير والقوالب	3182
F-002517	- تحليل التصميم واستخراج النمط والخطوط والألوان	4.5 محاكاة تقرير خارجي	3188
F-002518	- إعادة إنتاج التقرير بنفس الشكل واستبدال البيانات	4.5 محاكاة تقرير خارجي	3189
F-002519	- حفظ نموذج تقرير	4.5 محاكاة تقرير خارجي	3190
F-002520	- تحميل نموذج خارجي	4.5 محاكاة تقرير خارجي	3191
F-002521	- استيراد PDF كنموذج	4.5 محاكاة تقرير خارجي	3192
F-002522	- استيراد Excel كنموذج	4.5 محاكاة تقرير خارجي	3193
F-002523	- إعادة استخدام التقرير مع بيانات جديدة	4.5 محاكاة تقرير خارجي	3194
F-002524	- إصدار نسخ متعددة	4.5 محاكاة تقرير خارجي	3195
F-002525	- محاكاة تقرير خارجي	4.5 محاكاة تقرير خارجي	3196
F-002526	- استبدال البيانات بمحتواك	4.5 محاكاة تقرير خارجي	3197
F-002527	- تحويل التقارير بسهولة إلى شرائح PowerPoint	4.5 محاكاة تقرير خارجي	3198
F-002528	- تحويل مستند إلى عرض تقديمي في PowerPoint	4.5 محاكاة تقرير خارجي	3199
F-002529	- مقارنة نسختين من نفس التقرير وإبراز الفروقات	4.6 المقارنة والجدولة	3205
F-002530	- جدولة أسبوعية أو شهرية وإرسال تلقائي	4.6 المقارنة والجدولة	3206
F-002531	- تصدير PDF أو PowerPoint أو Excel	4.6 المقارنة والجدولة	3207
F-002532	- تحليل التصميم	4.6 المقارنة والجدولة	3208
F-002533	- استخراج النمط	4.6 المقارنة والجدولة	3209
F-002534	- استخراج تنسيق الجداول	4.6 المقارنة والجدولة	3210
F-002535	- إعادة إنتاجه بنفس الشكل	4.6 المقارنة والجدولة	3211
F-002536	- المقارنة بين التقارير	4.6 المقارنة والجدولة	3212
F-002537	- مقارنة نسختين	4.6 المقارنة والجدولة	3213
F-002538	- مقارنة فترتين	4.6 المقارنة والجدولة	3214
F-002539	- إظهار الفروقات	4.6 المقارنة والجدولة	3215
F-002540	- إبراز التغيرات	4.6 المقارنة والجدولة	3216
F-002541	- إصدار تقرير فروقات	4.6 المقارنة والجدولة	3217
F-002542	- مقارنة بين تقارير	4.6 المقارنة والجدولة	3218
F-002543	- مقارنة تقارير	4.6 المقارنة والجدولة	3219
F-002544	- مقارنة التقارير بين فترات مختلفة	4.6 المقارنة والجدولة	3220
F-002545	- تقارير مقارنة بين فترات متعددة	4.6 المقارنة والجدولة	3221
F-002546	- تقارير تجميعية حسب اليوم والأسبوع والشهر والربع	4.6 المقارنة والجدولة	3222
F-002547	- مقارنة أداء بين فترات زمنية	4.6 المقارنة والجدولة	3223
F-002548	- عرض بصري ديناميكي للبيانات	4.6 المقارنة والجدولة	3224
F-002549	- عند إنشاء لوحة مؤشرات يقترح تقرير وعرض مطابقين	4.6 المقارنة والجدولة	3225
F-002550	- عند قرب اجتماع أو نشر دوري يقترح تحديث النسخة الثابتة وتجهيز العرض	4.6 المقارنة والجدولة	3226
F-002551	- المقارنة والجدولة في التقارير	4.6 المقارنة والجدولة	3227
F-002552	- تحديد أهداف تستند إلى البيانات بدلاً من الشعور الغريزي	4.6 المقارنة والجدولة	3228
F-002553	- قياس المقاييس مقابل أهداف عملك للبقاء على المسار الصحيح وتحديد مجالات التحسين	4.6 المقارنة والجدولة	3229
F-002554	- المقارنة والجدولة	4.6 المقارنة والجدولة	3230
F-002555	- جدولة التقارير	4.6 المقارنة والجدولة	3231
F-002556	- مصمم تقارير	4.6 المقارنة والجدولة	3232
F-002557	هذا المحرك مصمم ليتجاوز مستوى Gamma وأدوات العروض المتقدمة الحديثة في جميع القدرات.	المحرك الخامس: محرك العروض التقديمية والإنفوجرافيك المتقدم	3238
F-002558	- إنشاء عرض من فكرة أو نص أو موجه نصي	5.1 مصادر إنشاء العرض المتعددة	3244
F-002559	- إنشاء عرض من ملف PDF أو Word أو TXT	5.1 مصادر إنشاء العرض المتعددة	3245
F-002560	- إنشاء عرض من رابط صفحة ويب	5.1 مصادر إنشاء العرض المتعددة	3246
F-002561	- إنشاء عرض من بريد إلكتروني	5.1 مصادر إنشاء العرض المتعددة	3247
F-002562	- إنشاء عرض من محادثات فريق العمل	5.1 مصادر إنشاء العرض المتعددة	3248
F-002563	- إنشاء عرض من مقاطع فيديو يوتيوب	5.1 مصادر إنشاء العرض المتعددة	3249
F-002564	- إنشاء عرض من صور	5.1 مصادر إنشاء العرض المتعددة	3250
F-002565	- تحويل ملفات JSON إلى عروض تقديمية	5.1 مصادر إنشاء العرض المتعددة	3251
F-002566	- بحث معمق تلقائي عبر مصادر متعددة لبناء المحتوى	5.1 مصادر إنشاء العرض المتعددة	3252
F-002567	- مصادر إنشاء العرض المتعددة مثل ملفات وتقارير ومراسلات	5.1 مصادر إنشاء العرض المتعددة	3253
F-002568	- تحويل عرض إلى تقرير	5.1 مصادر إنشاء العرض المتعددة	3254
F-002569	- توليد عروض تنفيذية تلقائياً من تقارير تشغيلية	5.1 مصادر إنشاء العرض المتعددة	3255
F-002570	- إنشاء عروض تقديمية ذكية.	5.1 مصادر إنشاء العرض المتعددة	3256
F-002571	- إنشاء عرض من فكرة أو نص أو مطالبة	5.1 مصادر إنشاء العرض المتعددة	3257
F-002572	- إنشاء عرض من ملف PDF	5.1 مصادر إنشاء العرض المتعددة	3258
F-002573	- إنشاء عرض من بريد إلكتروني عبر Mail Manus	5.1 مصادر إنشاء العرض المتعددة	3259
F-002574	- إنشاء عرض من محادثات Slack	5.1 مصادر إنشاء العرض المتعددة	3260
F-002575	- إنشاء عرض تقديمي من موجه نصي	5.1 مصادر إنشاء العرض المتعددة	3261
F-002576	- إنشاء عرض تقديمي من موضوع	5.1 مصادر إنشاء العرض المتعددة	3262
F-002577	- إنشاء عرض تقديمي من ملف (PDF, Word, TXT)	5.1 مصادر إنشاء العرض المتعددة	3263
F-002578	- إنشاء عرض تقديمي من رابط (URL)	5.1 مصادر إنشاء العرض المتعددة	3264
F-002579	- إنشاء عرض تقديمي من مقاطع فيديو يوتيوب	5.1 مصادر إنشاء العرض المتعددة	3265
F-002580	- إنشاء عرض تقديمي من صور	5.1 مصادر إنشاء العرض المتعددة	3266
F-002581	- تحويل عرض PDF إلى عرض شرائح قابل للتحرير	5.1 مصادر إنشاء العرض المتعددة	3267
F-002582	- تحويل موقع ويب إلى عرض تقديمي	5.1 مصادر إنشاء العرض المتعددة	3268
F-002583	- إنشاء فيديو من عرض شرائح	5.1 مصادر إنشاء العرض المتعددة	3269
F-002584	- تحويل Word إلى عرض تقديمي ملخص	5.1 مصادر إنشاء العرض المتعددة	3270
F-002585	- تحويل عرض شرائح إلى فيديو	5.1 مصادر إنشاء العرض المتعددة	3271
F-002586	- تحويل بيانات خام إلى عرض تنفيذي	5.1 مصادر إنشاء العرض المتعددة	3272
F-002587	- استخراج شرائح رئيسية من فيديو	5.1 مصادر إنشاء العرض المتعددة	3273
F-002588	- إنشاء سرد بصري متكامل	5.1 مصادر إنشاء العرض المتعددة	3274
F-002589	- تحويل بيانات تشغيلية إلى عرض تنفيذي جاهز	5.1 مصادر إنشاء العرض المتعددة	3275
F-002590	- توليد Storyline بصري	5.1 مصادر إنشاء العرض المتعددة	3276
F-002591	- تحويل عرض إلى محتوى تدريبي	5.1 مصادر إنشاء العرض المتعددة	3277
F-002592	- تحويل مستند إلى قالب قابل لإعادة الاستخدام	5.1 مصادر إنشاء العرض المتعددة	3278
F-002593	- إنشاء عروض تقديمية احترافية من البيانات	5.1 مصادر إنشاء العرض المتعددة	3279
F-002594	- تحويل البيانات إلى شرائح تلقائيا	5.1 مصادر إنشاء العرض المتعددة	3280
F-002595	- المنصة تقترح تلقائيا المصادر ومؤشرات الأداء والتخطيط وسير العمل	5.1 مصادر إنشاء العرض المتعددة	3281
F-002596	- إنشاء عروض تقديمية مع بحث مباشر واستشهادات وملاحظات المتحدث في دقائق.	5.1 مصادر إنشاء العرض المتعددة	3282
F-002597	- مصادر إنشاء العرض المتعددة	5.1 مصادر إنشاء العرض المتعددة	3283
F-002598	- بناء التحليلات من البداية إلى النهاية	5.1 مصادر إنشاء العرض المتعددة	3284
F-002599	- تحويل المهام المعقدة إلى محادثات بسيطة	5.1 مصادر إنشاء العرض المتعددة	3285
F-002600	- إنشاء تصورات	5.1 مصادر إنشاء العرض المتعددة	3286
F-002601	- طرح أسئلة خاصة بلوحة المعلومات	5.1 مصادر إنشاء العرض المتعددة	3287
F-002602	- الحصول على رؤى في الوقت الفعلي	5.1 مصادر إنشاء العرض المتعددة	3288
F-002603	- إنشاء تحليلات غنية وسياقية تبدو أصلية لتطبيقك	5.1 مصادر إنشاء العرض المتعددة	3289
F-002604	- إنشاء لوحة معلومات KPI ذات مظهر احترافي في دقائق	5.1 مصادر إنشاء العرض المتعددة	3290
F-002605	- إنشاء لوحات معلومات لتصور البيانات لإداراتك الفردية أو C-suite أو جميع عملائك	5.1 مصادر إنشاء العرض المتعددة	3291
F-002606	- إنشاء محتوى لوسائل التواصل الاجتماعي	5.1 مصادر إنشاء العرض المتعددة	3292
F-002607	- إنشاء عروض تقديمية	5.1 مصادر إنشاء العرض المتعددة	3293
F-002608	- إنشاء ملصقات	5.1 مصادر إنشاء العرض المتعددة	3294
F-002609	- إنشاء مقاطع فيديو	5.1 مصادر إنشاء العرض المتعددة	3295
F-002610	- إنشاء شعارات	5.1 مصادر إنشاء العرض المتعددة	3296
F-002611	- إنشاء مواقع الويب	5.1 مصادر إنشاء العرض المتعددة	3297
F-002612	- تصميم وطباعة المواد	5.1 مصادر إنشاء العرض المتعددة	3298
F-002613	- تصور البيانات	5.1 مصادر إنشاء العرض المتعددة	3299
F-002614	- إنشاء الإنفوجرافيك	5.1 مصادر إنشاء العرض المتعددة	3300
F-002615	- إنشاء التقارير	5.1 مصادر إنشاء العرض المتعددة	3301
F-002616	- إنشاء الكتيبات	5.1 مصادر إنشاء العرض المتعددة	3302
F-002617	- إنشاء المخططات الانسيابية	5.1 مصادر إنشاء العرض المتعددة	3303
F-002618	- إنشاء السير الذاتية	5.1 مصادر إنشاء العرض المتعددة	3304
F-002619	- إنشاء النشرات الإخبارية	5.1 مصادر إنشاء العرض المتعددة	3305
F-002620	- إنشاء اللافتات	5.1 مصادر إنشاء العرض المتعددة	3306
F-002621	- إنشاء أغلفة الكتب	5.1 مصادر إنشاء العرض المتعددة	3307
F-002622	- إنشاء النماذج والاستطلاعات	5.1 مصادر إنشاء العرض المتعددة	3308
F-002623	- إنشاء الإطارات السلكية والنماذج الأولية	5.1 مصادر إنشاء العرض المتعددة	3309
F-002624	- تحويل النص إلى مرئيات	5.1 مصادر إنشاء العرض المتعددة	3310
F-002625	- تصدير المرئيات بصيغ مختلفة	5.1 مصادر إنشاء العرض المتعددة	3311
F-002626	- إضافة نص إلى الصور	5.1 مصادر إنشاء العرض المتعددة	3312
F-002627	- تعتيم الصور	5.1 مصادر إنشاء العرض المتعددة	3313
F-002628	- قص الصور	5.1 مصادر إنشاء العرض المتعددة	3314
F-002629	- قلب الصور	5.1 مصادر إنشاء العرض المتعددة	3315
F-002630	- تدوير الصور	5.1 مصادر إنشاء العرض المتعددة	3316
F-002631	- إنشاء فقاعات كلام	5.1 مصادر إنشاء العرض المتعددة	3317
F-002632	- إنشاء عروض أسعار للصور	5.1 مصادر إنشاء العرض المتعددة	3318
F-002633	- إنشاء قصص انستغرام	5.1 مصادر إنشاء العرض المتعددة	3319
F-002634	- إنشاء صور الملف الشخصي	5.1 مصادر إنشاء العرض المتعددة	3320
F-002635	- إنشاء لافتات SoundCloud	5.1 مصادر إنشاء العرض المتعددة	3321
F-002636	- إنشاء لافتات Twitch	5.1 مصادر إنشاء العرض المتعددة	3322
F-002637	- إنشاء لوحات Twitch	5.1 مصادر إنشاء العرض المتعددة	3323
F-002638	- إنشاء رؤوس Twitter	5.1 مصادر إنشاء العرض المتعددة	3324
F-002639	- إنشاء أغلفة Wattpad	5.1 مصادر إنشاء العرض المتعددة	3325
F-002640	- إنشاء لافتات يوتيوب	5.1 مصادر إنشاء العرض المتعددة	3326
F-002641	- إنشاء خاتمة يوتيوب	5.1 مصادر إنشاء العرض المتعددة	3327
F-002642	- إنشاء صور مصغرة ليوتيوب	5.1 مصادر إنشاء العرض المتعددة	3328
F-002643	- إنشاء المخططات والرسوم البيانية	5.1 مصادر إنشاء العرض المتعددة	3329
F-002644	- إنشاء الخرائط	5.1 مصادر إنشاء العرض المتعددة	3330
F-002645	- تضمين المحتوى	5.1 مصادر إنشاء العرض المتعددة	3331
F-002646	- إنشاء المحتوى التفاعلي	5.1 مصادر إنشاء العرض المتعددة	3332
F-002647	- إنشاء القوائم	5.1 مصادر إنشاء العرض المتعددة	3333
F-002648	- إنشاء البطاقات	5.1 مصادر إنشاء العرض المتعددة	3334
F-002649	- إنشاء الدعوات	5.1 مصادر إنشاء العرض المتعددة	3335
F-002650	- إنشاء بطاقات أعياد الميلاد	5.1 مصادر إنشاء العرض المتعددة	3336
F-002651	- إنشاء دعوات الزفاف	5.1 مصادر إنشاء العرض المتعددة	3337
F-002652	- إنشاء أغلفة فيسبوك	5.1 مصادر إنشاء العرض المتعددة	3338
F-002653	- إنشاء منشورات انستغرام	5.1 مصادر إنشاء العرض المتعددة	3339
F-002654	- إنشاء الرسوم البيانية	5.1 مصادر إنشاء العرض المتعددة	3340
F-002655	- إنشاء العروض التقديمية	5.1 مصادر إنشاء العرض المتعددة	3341
F-002656	- إنشاء الملصقات	5.1 مصادر إنشاء العرض المتعددة	3342
F-002657	- إنشاء النشرات	5.1 مصادر إنشاء العرض المتعددة	3343
F-002658	- إنشاء رسومات الوسائط الاجتماعية	5.1 مصادر إنشاء العرض المتعددة	3344
F-002659	- تعديل الصور	5.1 مصادر إنشاء العرض المتعددة	3345
F-002660	- تكبير الصور	5.1 مصادر إنشاء العرض المتعددة	3346
F-002661	- إزالة خلفيات الصور	5.1 مصادر إنشاء العرض المتعددة	3347
F-002662	- استعادة الصور	5.1 مصادر إنشاء العرض المتعددة	3348
F-002663	- إزالة النص من الصور	5.1 مصادر إنشاء العرض المتعددة	3349
F-002664	- تحديد الصور	5.1 مصادر إنشاء العرض المتعددة	3350
F-002665	- إنشاء الرموز	5.1 مصادر إنشاء العرض المتعددة	3351
F-002666	- تصميم اللافتات	5.1 مصادر إنشاء العرض المتعددة	3352
F-002667	- تصميم أغلفة الكتب	5.1 مصادر إنشاء العرض المتعددة	3353
F-002668	- تصميم بطاقات العمل	5.1 مصادر إنشاء العرض المتعددة	3354
F-002669	- تصميم الشهادات	5.1 مصادر إنشاء العرض المتعددة	3355
F-002670	- تصميم أغلفة الأقراص المدمجة	5.1 مصادر إنشاء العرض المتعددة	3356
F-002671	- تصميم بطاقات الهدايا	5.1 مصادر إنشاء العرض المتعددة	3357
F-002672	- تصميم الملصقات	5.1 مصادر إنشاء العرض المتعددة	3358
F-002673	- تصميم بطاقات الأسعار	5.1 مصادر إنشاء العرض المتعددة	3359
F-002674	- تصميم الإعلانات	5.1 مصادر إنشاء العرض المتعددة	3360
F-002675	- تصميم الشعارات	5.1 مصادر إنشاء العرض المتعددة	3361
F-002676	- تصميم بطاقات الدعوة	5.1 مصادر إنشاء العرض المتعددة	3362
F-002677	- تصميم النشرات الإعلانية	5.1 مصادر إنشاء العرض المتعددة	3363
F-002678	- تصميم الرسوم البيانية	5.1 مصادر إنشاء العرض المتعددة	3364
F-002679	- تصميم العروض التقديمية	5.1 مصادر إنشاء العرض المتعددة	3365
F-002680	- تصميم التقارير	5.1 مصادر إنشاء العرض المتعددة	3366
F-002681	- تصميم السير الذاتية	5.1 مصادر إنشاء العرض المتعددة	3367
F-002682	- تصميم الجداول الزمنية	5.1 مصادر إنشاء العرض المتعددة	3368
F-002683	- تصميم المستندات	5.1 مصادر إنشاء العرض المتعددة	3369
F-002684	- تصميم بطاقات المعايدة	5.1 مصادر إنشاء العرض المتعددة	3370
F-002685	- تصميم بطاقات الشكر	5.1 مصادر إنشاء العرض المتعددة	3371
F-002686	- تصميم بطاقات عيد الميلاد	5.1 مصادر إنشاء العرض المتعددة	3372
F-002687	- تصميم بطاقات الزفاف	5.1 مصادر إنشاء العرض المتعددة	3373
F-002688	- تصميم بطاقات العطلات	5.1 مصادر إنشاء العرض المتعددة	3374
F-002689	- تصميم بطاقات الحفلات	5.1 مصادر إنشاء العرض المتعددة	3375
F-002690	- تصميم بطاقات التخرج	5.1 مصادر إنشاء العرض المتعددة	3376
F-002691	- تصميم بطاقات الذكرى السنوية	5.1 مصادر إنشاء العرض المتعددة	3377
F-002692	- تصميم بطاقات التعاطف	5.1 مصادر إنشاء العرض المتعددة	3378
F-002693	- تصميم بطاقات التهنئة	5.1 مصادر إنشاء العرض المتعددة	3379
F-002694	- تصميم بطاقات الحب	5.1 مصادر إنشاء العرض المتعددة	3380
F-002695	- تصميم بطاقات الصداقة	5.1 مصادر إنشاء العرض المتعددة	3381
F-002696	- تصميم بطاقات الاعتذار	5.1 مصادر إنشاء العرض المتعددة	3382
F-002697	- تصميم بطاقات الحظ السعيد	5.1 مصادر إنشاء العرض المتعددة	3383
F-002698	- تصميم بطاقات التفكير فيك	5.1 مصادر إنشاء العرض المتعددة	3384
F-002699	- تصميم بطاقات اشتقت لك	5.1 مصادر إنشاء العرض المتعددة	3385
F-002700	- تصميم بطاقات الشفاء العاجل	5.1 مصادر إنشاء العرض المتعددة	3386
F-002701	- إنشاء صور أصلية بأنماط مختلفة	5.1 مصادر إنشاء العرض المتعددة	3387
F-002702	- إنشاء صور توضيحية لتقرير تقني	5.1 مصادر إنشاء العرض المتعددة	3388
F-002703	- إنشاء صور فريدة بناءً على وصف نصي	5.1 مصادر إنشاء العرض المتعددة	3389
F-002704	- إنشاء صور مخصصة داخل المستندات	5.1 مصادر إنشاء العرض المتعددة	3390
F-002705	- إنشاء محتوى إبداعي من الصفر بناءً على أوامر بسيطة	5.1 مصادر إنشاء العرض المتعددة	3391
F-002706	- إنشاء محتوى إبداعي وملهم لتقارير الأعمال	5.1 مصادر إنشاء العرض المتعددة	3392
F-002707	- إنشاء محتوى إعلاني ومدونات ورسائل بريد إلكتروني	5.1 مصادر إنشاء العرض المتعددة	3393
F-002708	- إنشاء محتوى بناءً على ملفات أخرى في Google Drive	5.1 مصادر إنشاء العرض المتعددة	3394
F-002709	- إنشاء محتوى جديد (مقالات إرشادية، تقارير، خطط حملات) بسرعة	5.1 مصادر إنشاء العرض المتعددة	3395
F-002710	- إنشاء محتوى فوري	5.1 مصادر إنشاء العرض المتعددة	3396
F-002711	- إنشاء محتوى لوسائل التواصل الاجتماعي حول إطلاق منتج جديد	5.1 مصادر إنشاء العرض المتعددة	3397
F-002712	- إنشاء مساعدين رقميين لتمكين فرق المبيعات	5.1 مصادر إنشاء العرض المتعددة	3398
F-002713	- إنشاء نصوص إبداعية وجذابة لوسائل التواصل الاجتماعي	5.1 مصادر إنشاء العرض المتعددة	3399
F-002714	- استخدام أوامر مخصصة لتوجيه الذكاء الاصطناعي	5.1 مصادر إنشاء العرض المتعددة	3400
F-002715	- استخدام لغة ومصطلحات خاصة بالصناعة	5.1 مصادر إنشاء العرض المتعددة	3401
F-002716	- اقتراح أنواع الطلبات والحقول بناءً على السياق	5.1 مصادر إنشاء العرض المتعددة	3402
F-002717	- المساعدة في استخدام المصطلحات الخاصة بالصناعة بشكل صحيح	5.1 مصادر إنشاء العرض المتعددة	3403
F-002718	- تحويل أي عرض أو مستند لموقع والعكس	5.1 مصادر إنشاء العرض المتعددة	3404
F-002719	- إنشاء عرض تقديمي من فكرة أو نص أو مطالبة	5.1 مصادر إنشاء العرض المتعددة	3405
F-002720	- بناء عرض تقديمي احترافي وتلقائي بضغطة زر	5.1 مصادر إنشاء العرض المتعددة	3406
F-002721	- إدراج الرسوم في الشرائح	5.1 مصادر إنشاء العرض المتعددة	3407
F-002722	- إنشاء العروض التقديمية بسرعة فائقة (أقل من 8 ثوانٍ)	5.1 مصادر إنشاء العرض المتعددة	3408
F-002723	- محرك عرض تقديمي متقدم	5.1 مصادر إنشاء العرض المتعددة	3409
F-002724	- محرك تكوين الشرائح	5.1 مصادر إنشاء العرض المتعددة	3410
F-002725	- بناء العروض التقديمية دون اتصال بالإنترنت	5.1 مصادر إنشاء العرض المتعددة	3411
F-002726	- عرض تقديمي متكيف مع الجهاز	5.1 مصادر إنشاء العرض المتعددة	3412
F-002727	- وحدة إنشاء العروض التقديمية الذكية	5.1 مصادر إنشاء العرض المتعددة	3413
F-002728	- اختيار عدد الشرائح	5.1 مصادر إنشاء العرض المتعددة	3414
F-002729	- اختيار أسلوب العرض	5.1 مصادر إنشاء العرض المتعددة	3415
F-002730	- اختيار مستوى التفاصيل	5.1 مصادر إنشاء العرض المتعددة	3416
F-002731	- عروض تقديمية	5.1 مصادر إنشاء العرض المتعددة	3417
F-002732	- إنشاء عروض	5.1 مصادر إنشاء العرض المتعددة	3418
F-002733	- محرك العروض التقديمية	5.1 مصادر إنشاء العرض المتعددة	3419
F-002734	- كتابة محتوى الشرائح تلقائياً بالذكاء الاصطناعي	5.2 توليد المحتوى بالذكاء الاصطناعي	3425
F-002735	- توليد ملاحظات المتحدث لكل شريحة	5.2 توليد المحتوى بالذكاء الاصطناعي	3426
F-002736	- توليد مسودة أولية مع محتوى ومخطط تفصيلي	5.2 توليد المحتوى بالذكاء الاصطناعي	3427
F-002737	- إعادة صياغة النصوص وتحسينها	5.2 توليد المحتوى بالذكاء الاصطناعي	3428
F-002738	- تلخيص النصوص أو توسيعها	5.2 توليد المحتوى بالذكاء الاصطناعي	3429
F-002739	- تحديد وتعديل أسلوب ونبرة العرض	5.2 توليد المحتوى بالذكاء الاصطناعي	3430
F-002740	- اقتراحات ذكية للمواضيع والمحتوى	5.2 توليد المحتوى بالذكاء الاصطناعي	3431
F-002741	- أطر عمل العروض مع اقتراحات محتوى خطوة بخطوة	5.2 توليد المحتوى بالذكاء الاصطناعي	3432
F-002742	- ترجمة محتوى العرض إلى أكثر من مئة لغة	5.2 توليد المحتوى بالذكاء الاصطناعي	3433
F-002743	- AI summaries للتقارير واللوحات مع توصيات	5.2 توليد المحتوى بالذكاء الاصطناعي	3434
F-002744	- ذكاء اصطناعي يحول البيانات إلى عرض احترافي تلقائيًا.	5.2 توليد المحتوى بالذكاء الاصطناعي	3435
F-002745	- ذكاء عرض متقدم.	5.2 توليد المحتوى بالذكاء الاصطناعي	3436
F-002746	- كتابة محتوى الشرائح تلقائيًا بالذكاء الاصطناعي	5.2 توليد المحتوى بالذكاء الاصطناعي	3437
F-002747	- توليد صور مخصصة بالذكاء الاصطناعي للشرائح	5.2 توليد المحتوى بالذكاء الاصطناعي	3438
F-002748	- توليد محتوى تدريبي مخصص حسب مستوى الموظف	5.2 توليد المحتوى بالذكاء الاصطناعي	3439
F-002749	- إعادة صياغة المحتوى ليناسب جمهوراً مختلفاً	5.2 توليد المحتوى بالذكاء الاصطناعي	3440
F-002750	- توليد نصوص احترافية متعددة الأنماط	5.2 توليد المحتوى بالذكاء الاصطناعي	3441
F-002751	- إعادة صياغة المحتوى وفق مستوى رسمي أو إبداعي أو تنفيذي	5.2 توليد المحتوى بالذكاء الاصطناعي	3442
F-002752	- توليد صور ورسوم توضيحية	5.2 توليد المحتوى بالذكاء الاصطناعي	3443
F-002753	- توليد فيديوهات وعروض مرئية	5.2 توليد المحتوى بالذكاء الاصطناعي	3444
F-002754	- إنشاء تعليق صوتي احترافي	5.2 توليد المحتوى بالذكاء الاصطناعي	3445
F-002755	- تحويل الكلام إلى نص والعكس	5.2 توليد المحتوى بالذكاء الاصطناعي	3446
F-002756	- توليد محتوى تدريبي مخصص	5.2 توليد المحتوى بالذكاء الاصطناعي	3447
F-002757	- إعادة صياغة المحتوى وفق جمهور محدد	5.2 توليد المحتوى بالذكاء الاصطناعي	3448
F-002758	- إعادة صياغة المحتوى بمستويات رسمية مختلفة	5.2 توليد المحتوى بالذكاء الاصطناعي	3449
F-002759	- ضبط نبرة الخطاب	5.2 توليد المحتوى بالذكاء الاصطناعي	3450
F-002760	- إعادة صياغة احترافية	5.2 توليد المحتوى بالذكاء الاصطناعي	3451
F-002761	- ملخص تنفيذي يولده الذكاء الاصطناعي داخل اللوحة	5.2 توليد المحتوى بالذكاء الاصطناعي	3452
F-002762	- تقارير ذكية تولد ملخصا تنفيذيا وتوصيات بالذكاء الاصطناعي	5.2 توليد المحتوى بالذكاء الاصطناعي	3453
F-002763	- الذكاء الاصطناعي ينشئ عرضا كاملا من وصف الموضوع مع ملاحظات المقدم وأسئلة وأجوبة وملاحق	5.2 توليد المحتوى بالذكاء الاصطناعي	3454
F-002764	- ملخص تنفيذي تلقائي في الشريحة الأولى	5.2 توليد المحتوى بالذكاء الاصطناعي	3455
F-002765	- مساعد تقديم ذكي	5.2 توليد المحتوى بالذكاء الاصطناعي	3456
F-002766	- الذكاء الاصطناعي يولد صفحة كاملة من وصف نصي مع حقول وعناصر مرئية وربط بيانات وأذونات ونشر	5.2 توليد المحتوى بالذكاء الاصطناعي	3457
F-002767	- الذكاء الاصطناعي يكتشف إدخالات شاذة أو ناقصة ويقترح تصحيح	5.2 توليد المحتوى بالذكاء الاصطناعي	3458
F-002768	- الذكاء الاصطناعي ينشئ مسودة المراسلة وفق القالب ويملأ المتغيرات ويقترح مسار الموافقات	5.2 توليد المحتوى بالذكاء الاصطناعي	3459
F-002769	- تلخيص واردات الجهات واستخراج نقاط المتابعة وإنشاء مهام وتذكيرات تلقائية	5.2 توليد المحتوى بالذكاء الاصطناعي	3460
F-002770	- الذكاء الاصطناعي يقترح تصميم سير العمل من وصف نصي	5.2 توليد المحتوى بالذكاء الاصطناعي	3461
F-002771	- إجراءات مقترحة تلقائيا بحسب نوع المشكلة	5.2 توليد المحتوى بالذكاء الاصطناعي	3462
F-002772	- الذكاء الاصطناعي يصنف التصعيد ويقترح المالك والفريق المناسب	5.2 توليد المحتوى بالذكاء الاصطناعي	3463
F-002773	- الإثراء المدعوم بالذكاء الاصطناعي	5.2 توليد المحتوى بالذكاء الاصطناعي	3464
F-002774	- ميزات المساعد وإثراء الذكاء الاصطناعي	5.2 توليد المحتوى بالذكاء الاصطناعي	3465
F-002775	- أدوات الذكاء الاصطناعي	5.2 توليد المحتوى بالذكاء الاصطناعي	3466
F-002776	- PowerMetrics AI	5.2 توليد المحتوى بالذكاء الاصطناعي	3467
F-002777	- الذكاء الاصطناعي في كل مكان	5.2 توليد المحتوى بالذكاء الاصطناعي	3468
F-002778	- تحليلات agentic	5.2 توليد المحتوى بالذكاء الاصطناعي	3469
F-002779	- رؤى مدعومة بالذكاء الاصطناعي	5.2 توليد المحتوى بالذكاء الاصطناعي	3470
F-002780	- تكامل AI/ML	5.2 توليد المحتوى بالذكاء الاصطناعي	3471
F-002781	- معايرة Q&A	5.2 توليد المحتوى بالذكاء الاصطناعي	3472
F-002782	- روايات لوحة المعلومات	5.2 توليد المحتوى بالذكاء الاصطناعي	3473
F-002783	- Copilot في Microsoft Fabric	5.2 توليد المحتوى بالذكاء الاصطناعي	3474
F-002784	- تقارير تم إنشاؤها بواسطة الذكاء الاصطناعي	5.2 توليد المحتوى بالذكاء الاصطناعي	3475
F-002785	- إمكانات الذكاء الاصطناعي المتقدمة	5.2 توليد المحتوى بالذكاء الاصطناعي	3476
F-002786	- رؤى مدفوعة بالذكاء الاصطناعي	5.2 توليد المحتوى بالذكاء الاصطناعي	3477
F-002787	- إنشاء مرئيات	5.2 توليد المحتوى بالذكاء الاصطناعي	3478
F-002788	- اقتراح المخططات	5.2 توليد المحتوى بالذكاء الاصطناعي	3479
F-002789	- ضبط المحتوى	5.2 توليد المحتوى بالذكاء الاصطناعي	3480
F-002790	- بحث البيانات بالذكاء الاصطناعي	5.2 توليد المحتوى بالذكاء الاصطناعي	3481
F-002791	- محرك بيانات الذكاء الاصطناعي الذي يسلط الضوء على الرؤى	5.2 توليد المحتوى بالذكاء الاصطناعي	3482
F-002792	- الدردشة مع بياناتك	5.2 توليد المحتوى بالذكاء الاصطناعي	3483
F-002793	- يقوم الذكاء الاصطناعي بكل العمل الشاق	5.2 توليد المحتوى بالذكاء الاصطناعي	3484
F-002794	- مطالبة الذكاء الاصطناعي بتقديم رؤى وضبطها وإنشاء تصورات جميلة	5.2 توليد المحتوى بالذكاء الاصطناعي	3485
F-002795	- محرر صور مدعوم بالذكاء الاصطناعي	5.2 توليد المحتوى بالذكاء الاصطناعي	3486
F-002796	- Magic Edit (Pro)	5.2 توليد المحتوى بالذكاء الاصطناعي	3487
F-002797	- مغير الخلفية (Pro)	5.2 توليد المحتوى بالذكاء الاصطناعي	3488
F-002798	- Magic Eraser (Pro)	5.2 توليد المحتوى بالذكاء الاصطناعي	3489
F-002799	- مزيل الخلفية	5.2 توليد المحتوى بالذكاء الاصطناعي	3490
F-002800	- أداة تنعيم الوجه عبر الإنترنت	5.2 توليد المحتوى بالذكاء الاصطناعي	3491
F-002801	- Magic Grab	5.2 توليد المحتوى بالذكاء الاصطناعي	3492
F-002802	- Grab Text	5.2 توليد المحتوى بالذكاء الاصطناعي	3493
F-002803	- موسع الصور بالذكاء الاصطناعي	5.2 توليد المحتوى بالذكاء الاصطناعي	3494
F-002804	- الضبط التلقائي	5.2 توليد المحتوى بالذكاء الاصطناعي	3495
F-002805	- مجموعة واسعة من تصميمات المخططات	5.2 توليد المحتوى بالذكاء الاصطناعي	3496
F-002806	- مرئيات ديناميكية وعناصر تصميم ذكية	5.2 توليد المحتوى بالذكاء الاصطناعي	3497
F-002807	- أتمتة العلامة التجارية بالذكاء الاصطناعي	5.2 توليد المحتوى بالذكاء الاصطناعي	3498
F-002808	- منشئ DesignAI	5.2 توليد المحتوى بالذكاء الاصطناعي	3499
F-002809	- الملء التلقائي للمحتوى بالذكاء الاصطناعي	5.2 توليد المحتوى بالذكاء الاصطناعي	3500
F-002810	- أيقونات وصور مُنشأة بالذكاء الاصطناعي	5.2 توليد المحتوى بالذكاء الاصطناعي	3501
F-002811	- كاتب ومترجم بالذكاء الاصطناعي	5.2 توليد المحتوى بالذكاء الاصطناعي	3502
F-002812	- الذكاء الاصطناعي للوصول الذكي	5.2 توليد المحتوى بالذكاء الاصطناعي	3503
F-002813	- تحليل معالجة اللغة الطبيعية ورؤية الكمبيوتر	5.2 توليد المحتوى بالذكاء الاصطناعي	3504
F-002814	- مرشح الذكاء الاصطناعي	5.2 توليد المحتوى بالذكاء الاصطناعي	3505
F-002815	- محسن الصور	5.2 توليد المحتوى بالذكاء الاصطناعي	3506
F-002816	- محسن الصور بالذكاء الاصطناعي	5.2 توليد المحتوى بالذكاء الاصطناعي	3507
F-002817	- تغيير لون الصورة	5.2 توليد المحتوى بالذكاء الاصطناعي	3508
F-002818	- تأثيرات الصور	5.2 توليد المحتوى بالذكاء الاصطناعي	3509
F-002819	- مولد لقطات الرأس بالذكاء الاصطناعي	5.2 توليد المحتوى بالذكاء الاصطناعي	3510
F-002820	- اقتصاص الصورة	5.2 توليد المحتوى بالذكاء الاصطناعي	3511
F-002821	- التعبئة التوليدية بالذكاء الاصطناعي	5.2 توليد المحتوى بالذكاء الاصطناعي	3512
F-002822	- تغيير حجم الصورة	5.2 توليد المحتوى بالذكاء الاصطناعي	3513
F-002823	- إزالة بكسلة الصورة	5.2 توليد المحتوى بالذكاء الاصطناعي	3514
F-002824	- تحرير النص في الصورة	5.2 توليد المحتوى بالذكاء الاصطناعي	3515
F-002825	- مخططات مصممة بالذكاء الاصطناعي	5.2 توليد المحتوى بالذكاء الاصطناعي	3516
F-002826	- أدوات التصور الذكية	5.2 توليد المحتوى بالذكاء الاصطناعي	3517
F-002827	- منصة ذكاء اصطناعي توليدية شاملة للتحليل ولوحات المعلومات والتقارير.	5.2 توليد المحتوى بالذكاء الاصطناعي	3518
F-002828	- أتمتة عمليات تعلم الآلة.	5.2 توليد المحتوى بالذكاء الاصطناعي	3519
F-002829	- تحليلات متقدمة.	5.2 توليد المحتوى بالذكاء الاصطناعي	3520
F-002830	- الاستفادة من الذكاء الاصطناعي التوليدي لتبسيط تحليلات البيانات لجمهور الأعمال.	5.2 توليد المحتوى بالذكاء الاصطناعي	3521
F-002831	- ذكاء اصطناعي ذكي مدعوم بأحدث نماذج الذكاء الاصطناعي من Google.	5.2 توليد المحتوى بالذكاء الاصطناعي	3522
F-002832	- ذكاء اصطناعي قوي.	5.2 توليد المحتوى بالذكاء الاصطناعي	3523
F-002833	- ذكاء اصطناعي شفاف.	5.2 توليد المحتوى بالذكاء الاصطناعي	3524
F-002834	- ذكاء اصطناعي مؤسسي متكامل.	5.2 توليد المحتوى بالذكاء الاصطناعي	3525
F-002835	- منشئ الذكاء الاصطناعي.	5.2 توليد المحتوى بالذكاء الاصطناعي	3526
F-002836	- أتمتة الذكاء الاصطناعي.	5.2 توليد المحتوى بالذكاء الاصطناعي	3527
F-002837	- ذكاء مضمن.	5.2 توليد المحتوى بالذكاء الاصطناعي	3528
F-002838	- تحليلات نشطة.	5.2 توليد المحتوى بالذكاء الاصطناعي	3529
F-002839	- قدرات التحليلات المعززة.	5.2 توليد المحتوى بالذكاء الاصطناعي	3530
F-002840	- تحليلات مضمنة.	5.2 توليد المحتوى بالذكاء الاصطناعي	3531
F-002841	- تحليلات الحوارية في Looker.	5.2 توليد المحتوى بالذكاء الاصطناعي	3532
F-002842	- تجربة الذكاء الاصطناعي الوكيلية الجديدة.	5.2 توليد المحتوى بالذكاء الاصطناعي	3533
F-002843	- استخدام نماذج لغوية كبيرة (LLMs) من مجموعة غنية ومتنوعة من المصادر.	5.2 توليد المحتوى بالذكاء الاصطناعي	3534
F-002844	- تحليل تنبؤي.	5.2 توليد المحتوى بالذكاء الاصطناعي	3535
F-002845	- اكتشاف الشذوذ.	5.2 توليد المحتوى بالذكاء الاصطناعي	3536
F-002846	- رؤى آلية.	5.2 توليد المحتوى بالذكاء الاصطناعي	3537
F-002847	- سرد تلقائي للرؤى.	5.2 توليد المحتوى بالذكاء الاصطناعي	3538
F-002848	- إنشاء عروض تقديمية تلقائي.	5.2 توليد المحتوى بالذكاء الاصطناعي	3539
F-002849	- إنشاء الشرائح تلقائيًا.	5.2 توليد المحتوى بالذكاء الاصطناعي	3540
F-002850	- مساعد الصيغة.	5.2 توليد المحتوى بالذكاء الاصطناعي	3541
F-002851	- مساعد LookML.	5.2 توليد المحتوى بالذكاء الاصطناعي	3542
F-002852	- مساعد التصور المتقدم.	5.2 توليد المحتوى بالذكاء الاصطناعي	3543
F-002853	- Agentspace.	5.2 توليد المحتوى بالذكاء الاصطناعي	3544
F-002854	- وكلاء الذكاء الاصطناعي.	5.2 توليد المحتوى بالذكاء الاصطناعي	3545
F-002855	- Spotter 3.	5.2 توليد المحتوى بالذكاء الاصطناعي	3546
F-002856	- SpotterCode.	5.2 توليد المحتوى بالذكاء الاصطناعي	3547
F-002857	- سجل دردشة Spotter.	5.2 توليد المحتوى بالذكاء الاصطناعي	3548
F-002858	- ترجمة تلقائية للوحات المعلومات الحية والإجابات.	5.2 توليد المحتوى بالذكاء الاصطناعي	3549
F-002859	- نموذج دلالي.	5.2 توليد المحتوى بالذكاء الاصطناعي	3550
F-002860	- منصة تحليلات وكيلية.	5.2 توليد المحتوى بالذكاء الاصطناعي	3551
F-002861	- منصة تحليلات مدعومة بالذكاء الاصطناعي.	5.2 توليد المحتوى بالذكاء الاصطناعي	3552
F-002862	- معالجة اللغة الطبيعية (NLP).	5.2 توليد المحتوى بالذكاء الاصطناعي	3553
F-002863	- استعلام اللغة الطبيعية (NLQ).	5.2 توليد المحتوى بالذكاء الاصطناعي	3554
F-002864	- منصة تحليلات مدفوعة بالبحث والذكاء الاصطناعي للمؤسسات.	5.2 توليد المحتوى بالذكاء الاصطناعي	3555
F-002865	- واجهة برمجة تطبيقات التحليلات الحوارية.	5.2 توليد المحتوى بالذكاء الاصطناعي	3556
F-002866	- مترجم الكود للتحليلات الحوارية.	5.2 توليد المحتوى بالذكاء الاصطناعي	3557
F-002867	- منصة تطبيقات وتحليلات الذكاء الاصطناعي متصلة بمستودع البيانات السحابي.	5.2 توليد المحتوى بالذكاء الاصطناعي	3558
F-002868	- مجموعة أدوات الذكاء الاصطناعي.	5.2 توليد المحتوى بالذكاء الاصطناعي	3559
F-002869	- تجربة بيانات مُعاد تصورها للمستخدمين من رجال الأعمال.	5.2 توليد المحتوى بالذكاء الاصطناعي	3560
F-002870	- تمكين كل موظف برؤى ذكية وشخصية وسياقية.	5.2 توليد المحتوى بالذكاء الاصطناعي	3561
F-002871	- أداة مبتكرة وتفاعلية وديناميكية.	5.2 توليد المحتوى بالذكاء الاصطناعي	3562
F-002872	- إجابات تم التحقق منها من قبل مؤلفي التطبيق.	5.2 توليد المحتوى بالذكاء الاصطناعي	3563
F-002873	- تجربة محادثة قائمة على الدردشة.	5.2 توليد المحتوى بالذكاء الاصطناعي	3564
F-002874	- تجربة مستقلة بملء الشاشة.	5.2 توليد المحتوى بالذكاء الاصطناعي	3565
F-002875	- جزء Copilot للتقارير.	5.2 توليد المحتوى بالذكاء الاصطناعي	3566
F-002876	- Copilot في التطبيقات.	5.2 توليد المحتوى بالذكاء الاصطناعي	3567
F-002877	- إزالة محتويات المحادثة الحالية وأي سياق سابق تم تعيينه خلال المحادثة.	5.2 توليد المحتوى بالذكاء الاصطناعي	3568
F-002878	- الاستجابة من ذاكرة التخزين المؤقت للكفاءة.	5.2 توليد المحتوى بالذكاء الاصطناعي	3569
F-002879	- تمكين مستخدمي الأعمال من طرح أسئلة باللغة الطبيعية.	5.2 توليد المحتوى بالذكاء الاصطناعي	3570
F-002880	- اكتشاف الرؤى من التقارير عن طريق طرح أسئلة حول مرئيات التقرير وبياناتها الأساسية.	5.2 توليد المحتوى بالذكاء الاصطناعي	3571
F-002881	- رفع تجربة المستخدم الإجمالية بميزات مثل الرؤى التي يتم إنشاؤها تلقائيًا والتحليلات التنبؤية.	5.2 توليد المحتوى بالذكاء الاصطناعي	3572
F-002882	- التنقل في السياق المنسق للتطبيق.	5.2 توليد المحتوى بالذكاء الاصطناعي	3573
F-002883	- إرشادك إلى التقارير الصحيحة.	5.2 توليد المحتوى بالذكاء الاصطناعي	3574
F-002884	- تلخيص التقارير والعثور على العناصر والإجابة على أسئلة البيانات.	5.2 توليد المحتوى بالذكاء الاصطناعي	3575
F-002885	- إنشاء صفحات تقرير كاملة في ثوانٍ.	5.2 توليد المحتوى بالذكاء الاصطناعي	3576
F-002886	- التحكم والمرونة في إنشاء التقارير.	5.2 توليد المحتوى بالذكاء الاصطناعي	3577
F-002887	- اتخاذ قرارات أسرع.	5.2 توليد المحتوى بالذكاء الاصطناعي	3578
F-002888	- جعل ذكاء الأعمال أكثر ذكاءً باستخدام الذكاء الاصطناعي.	5.2 توليد المحتوى بالذكاء الاصطناعي	3579
F-002889	- استبدال لوحات المعلومات التقليدية.	5.2 توليد المحتوى بالذكاء الاصطناعي	3580
F-002890	- تحليل البيانات الاستباقي باستخدام الذكاء الاصطناعي.	5.2 توليد المحتوى بالذكاء الاصطناعي	3581
F-002891	- تبسيط تحليل البيانات.	5.2 توليد المحتوى بالذكاء الاصطناعي	3582
F-002892	- تمكين كل فرد في مؤسستك برؤى ذكية وشخصية وسياقية.	5.2 توليد المحتوى بالذكاء الاصطناعي	3583
F-002893	- إعادة تصور تجربة البيانات.	5.2 توليد المحتوى بالذكاء الاصطناعي	3584
F-002894	- توسيع نطاق الرؤى من خلال إنشاء أساس بيانات موثوق به.	5.2 توليد المحتوى بالذكاء الاصطناعي	3585
F-002895	- استكشاف المقاييس والكشف عن رؤى قابلة للتنفيذ بشكل أسرع.	5.2 توليد المحتوى بالذكاء الاصطناعي	3586
F-002896	- التصرف بناءً على البيانات في تدفق العمل.	5.2 توليد المحتوى بالذكاء الاصطناعي	3587
F-002897	- الحصول على رؤى أثناء التنقل.	5.2 توليد المحتوى بالذكاء الاصطناعي	3588
F-002898	- زيادة الإنتاجية باستخدام رؤى مدعومة بالذكاء الاصطناعي.	5.2 توليد المحتوى بالذكاء الاصطناعي	3589
F-002899	- مساعدة قادة التسويق.	5.2 توليد المحتوى بالذكاء الاصطناعي	3590
F-002900	- إضفاء الطابع الديمقراطي على رؤى البيانات عبر المؤسسات.	5.2 توليد المحتوى بالذكاء الاصطناعي	3591
F-002901	- جعل استكشاف البيانات أكثر سهولة وبديهية.	5.2 توليد المحتوى بالذكاء الاصطناعي	3592
F-002902	- خفض الحواجز التقنية للوصول إلى المعلومات.	5.2 توليد المحتوى بالذكاء الاصطناعي	3593
F-002903	- تعزيز التعاون.	5.2 توليد المحتوى بالذكاء الاصطناعي	3594
F-002904	- تسريع عملية تحويل البيانات الأولية إلى رؤى قابلة للتنفيذ.	5.2 توليد المحتوى بالذكاء الاصطناعي	3595
F-002905	- تحسين إنتاجية المحللين ومستخدمي الأعمال.	5.2 توليد المحتوى بالذكاء الاصطناعي	3596
F-002906	- تبسيط إعداد البيانات والنماذج الدلالية لذكاء الأعمال.	5.2 توليد المحتوى بالذكاء الاصطناعي	3597
F-002907	- تبسيط بناء تصورات وتقارير لوحة المعلومات.	5.2 توليد المحتوى بالذكاء الاصطناعي	3598
F-002908	- تحسين معرفة مستخدمي الأعمال بالبيانات وطلاقتهم.	5.2 توليد المحتوى بالذكاء الاصطناعي	3599
F-002909	- تمكين مستخدمي الأعمال من سرد قصص البيانات في عروضهم التقديمية.	5.2 توليد المحتوى بالذكاء الاصطناعي	3600
F-002910	- استخدام لغة طبيعية لتجاوز لوحة المعلومات للحصول على إجابات لأسئلتهم.	5.2 توليد المحتوى بالذكاء الاصطناعي	3601
F-002911	- جعل استكشاف البيانات بسيطًا مثل الدردشة مع خبير بيانات فريقك.	5.2 توليد المحتوى بالذكاء الاصطناعي	3602
F-002912	- أتمتة إنشاء العروض التقديمية.	5.2 توليد المحتوى بالذكاء الاصطناعي	3603
F-002913	- الحفاظ على حداثة العروض التقديمية وملاءمتها.	5.2 توليد المحتوى بالذكاء الاصطناعي	3604
F-002914	- توفير الوقت والجهد للمحللين ومنشئي التقارير.	5.2 توليد المحتوى بالذكاء الاصطناعي	3605
F-002915	- تبسيط عملية إنشاء البيانات الخاضعة للحوكمة وصيانتها.	5.2 توليد المحتوى بالذكاء الاصطناعي	3606
F-002916	- تمكين مستخدمي الأعمال من إجراء تحليلات متقدمة دون الحاجة إلى خبرة متعمقة في Python.	5.2 توليد المحتوى بالذكاء الاصطناعي	3607
F-002917	- دمج التحليلات الحوارية في تطبيقات العملاء وتطبيقات الدردشة و Agentspace و BigQuery.	5.2 توليد المحتوى بالذكاء الاصطناعي	3608
F-002918	- الوصول المركزي والنشر الأسرع والتعاون الجماعي المعزز والحوكمة الآمنة.	5.2 توليد المحتوى بالذكاء الاصطناعي	3609
F-002919	- إضفاء الطابع الديمقراطي على إنشاء LookML.	5.2 توليد المحتوى بالذكاء الاصطناعي	3610
F-002920	- تعزيز إنتاجية المطورين.	5.2 توليد المحتوى بالذكاء الاصطناعي	3611
F-002921	- إطلاق العنان لرؤى البيانات باستخدام مدخلات متعددة الوسائط.	5.2 توليد المحتوى بالذكاء الاصطناعي	3612
F-002922	- تحويل الرؤى إلى إجراءات.	5.2 توليد المحتوى بالذكاء الاصطناعي	3613
F-002923	- تمكين كل قرار.	5.2 توليد المحتوى بالذكاء الاصطناعي	3614
F-002924	- تسريع إعداد البيانات.	5.2 توليد المحتوى بالذكاء الاصطناعي	3615
F-002925	- التخلص من عنق الزجاجة في إعداد البيانات.	5.2 توليد المحتوى بالذكاء الاصطناعي	3616
F-002926	- استكشاف البيانات بشكل حدسي.	5.2 توليد المحتوى بالذكاء الاصطناعي	3617
F-002927	- الحصول على رؤى فورية.	5.2 توليد المحتوى بالذكاء الاصطناعي	3618
F-002928	- الحصول على إجابات دقيقة.	5.2 توليد المحتوى بالذكاء الاصطناعي	3619
F-002929	- الحصول على رؤى تنبؤية.	5.2 توليد المحتوى بالذكاء الاصطناعي	3620
F-002930	- تتبع مؤشرات الأداء الرئيسية.	5.2 توليد المحتوى بالذكاء الاصطناعي	3621
F-002931	- الحصول على تنبيهات في الوقت الفعلي.	5.2 توليد المحتوى بالذكاء الاصطناعي	3622
F-002932	- الحصول على تدفقات عمل موجهة.	5.2 توليد المحتوى بالذكاء الاصطناعي	3623
F-002933	- البقاء على اطلاع بما يحدث ولماذا.	5.2 توليد المحتوى بالذكاء الاصطناعي	3624
F-002934	- اتخاذ قرارات أذكى وأسرع.	5.2 توليد المحتوى بالذكاء الاصطناعي	3625
F-002935	- إثراء البيانات.	5.2 توليد المحتوى بالذكاء الاصطناعي	3626
F-002936	- تجميع تدفقات العمل بشكل أسرع.	5.2 توليد المحتوى بالذكاء الاصطناعي	3627
F-002937	- اتخاذ إجراءات مخصصة لاحتياجات فريقك دون كتابة أي رمز.	5.2 توليد المحتوى بالذكاء الاصطناعي	3628
F-002938	- تلخيص البيانات وتحليلها.	5.2 توليد المحتوى بالذكاء الاصطناعي	3629
F-002939	- تسريع رؤى البيانات الخاصة بك.	5.2 توليد المحتوى بالذكاء الاصطناعي	3630
F-002940	- تحليل مليارات السجلات.	5.2 توليد المحتوى بالذكاء الاصطناعي	3631
F-002941	- تسليم تقارير مجمعة.	5.2 توليد المحتوى بالذكاء الاصطناعي	3632
F-002942	- منح عملائك الرؤى التي يحتاجونها.	5.2 توليد المحتوى بالذكاء الاصطناعي	3633
F-002943	- دعم اتخاذ القرار.	5.2 توليد المحتوى بالذكاء الاصطناعي	3634
F-002944	- تقليل تكاليف الإنتاج.	5.2 توليد المحتوى بالذكاء الاصطناعي	3635
F-002945	- توسيع الوصول العالمي إلى الأدوية والرعاية الصحية.	5.2 توليد المحتوى بالذكاء الاصطناعي	3636
F-002946	- تصور البيانات واللوحات المعلوماتية.	5.2 توليد المحتوى بالذكاء الاصطناعي	3637
F-002947	- الكشف عن الرؤى الخفية.	5.2 توليد المحتوى بالذكاء الاصطناعي	3638
F-002948	- محاذاة المستخدمين مع عملية عمل أو سير عمل قياسي.	5.2 توليد المحتوى بالذكاء الاصطناعي	3639
F-002949	- تضمين التحليلات في التطبيقات والعمليات وسير العمل.	5.2 توليد المحتوى بالذكاء الاصطناعي	3640
F-002950	- تحليل مجموعات البيانات المعقدة وإنشاء تنبؤات.	5.2 توليد المحتوى بالذكاء الاصطناعي	3641
F-002951	- استكشاف سيناريوهات ماذا لو.	5.2 توليد المحتوى بالذكاء الاصطناعي	3642
F-002952	- تكامل تنبؤات التعلم الآلي في الوقت الفعلي.	5.2 توليد المحتوى بالذكاء الاصطناعي	3643
F-002953	- بناء نماذج التصنيف والانحدار والسلاسل الزمنية.	5.2 توليد المحتوى بالذكاء الاصطناعي	3644
F-002954	- استخدام الذكاء الاصطناعي التوليدي لإنشاء المحتوى	5.2 توليد المحتوى بالذكاء الاصطناعي	3645
F-002955	- إنشاء محتوى تفاعلي للمقالات والمدونات ورواية القصص	5.2 توليد المحتوى بالذكاء الاصطناعي	3646
F-002956	- كتابة مستندات سهلة القراءة	5.2 توليد المحتوى بالذكاء الاصطناعي	3647
F-002957	- الكتابة السحرية (Magic Write)	5.2 توليد المحتوى بالذكاء الاصطناعي	3648
F-002958	- الممحاة السحرية (Magic Eraser)	5.2 توليد المحتوى بالذكاء الاصطناعي	3649
F-002959	- الحجم السحري (Magic Resize)	5.2 توليد المحتوى بالذكاء الاصطناعي	3650
F-002960	- التصميم السحري (Magic Design)	5.2 توليد المحتوى بالذكاء الاصطناعي	3651
F-002961	- مولد الصور بالذكاء الاصطناعي (AI Image Generator)	5.2 توليد المحتوى بالذكاء الاصطناعي	3652
F-002962	- التسميات التوضيحية المدعومة بالذكاء الاصطناعي (AI-powered captions)	5.2 توليد المحتوى بالذكاء الاصطناعي	3653
F-002963	- مولد الشعار بالذكاء الاصطناعي (AI logo generator)	5.2 توليد المحتوى بالذكاء الاصطناعي	3654
F-002964	- مولد التصميم بالذكاء الاصطناعي (DesignAI Generator)	5.2 توليد المحتوى بالذكاء الاصطناعي	3655
F-002965	- التحرير المدعوم بالذكاء الاصطناعي (AI-Powered Editing)	5.2 توليد المحتوى بالذكاء الاصطناعي	3656
F-002966	- الرموز والصور التي تم إنشاؤها بواسطة الذكاء الاصطناعي (AI Generated Icons and Images)	5.2 توليد المحتوى بالذكاء الاصطناعي	3657
F-002967	- أدوات كتابة النصوص والترجمة بالذكاء الاصطناعي (AI Copywriting & Translation Tools)	5.2 توليد المحتوى بالذكاء الاصطناعي	3658
F-002968	- مدقق إمكانية الوصول بالذكاء الاصطناعي (AI Accessibility Checker)	5.2 توليد المحتوى بالذكاء الاصطناعي	3659
F-002969	- عمليات تدقيق إمكانية الوصول بالذكاء الاصطناعي (AI Accessibility Audits)	5.2 توليد المحتوى بالذكاء الاصطناعي	3660
F-002970	- المخططات والخرائط الذهنية الذكية (Smart Diagrams & Mind Maps)	5.2 توليد المحتوى بالذكاء الاصطناعي	3661
F-002971	- استوديو Piktochart AI	5.2 توليد المحتوى بالذكاء الاصطناعي	3662
F-002972	- معدل الصور بالذكاء الاصطناعي (AI Image Modifier)	5.2 توليد المحتوى بالذكاء الاصطناعي	3663
F-002973	- مكبر الصور بالذكاء الاصطناعي (AI Image Upscaler)	5.2 توليد المحتوى بالذكاء الاصطناعي	3664
F-002974	- مزيل خلفية الصور بالذكاء الاصطناعي (AI Background Remover)	5.2 توليد المحتوى بالذكاء الاصطناعي	3665
F-002975	- مرمم الصور بالذكاء الاصطناعي (AI Image Restorer)	5.2 توليد المحتوى بالذكاء الاصطناعي	3666
F-002976	- مزيل النص بالذكاء الاصطناعي (AI Text Remover)	5.2 توليد المحتوى بالذكاء الاصطناعي	3667
F-002977	- الحفاظ على المحتوى بالذكاء الاصطناعي (AI Preserve Content)	5.2 توليد المحتوى بالذكاء الاصطناعي	3668
F-002978	- المخطط التفصيلي بالذكاء الاصطناعي (AI Outline)	5.2 توليد المحتوى بالذكاء الاصطناعي	3669
F-002979	- مولد الأيقونات بالذكاء الاصطناعي (AI Icon Generator)	5.2 توليد المحتوى بالذكاء الاصطناعي	3670
F-002980	- مولد المستندات بالذكاء الاصطناعي (AI Document Generator)	5.2 توليد المحتوى بالذكاء الاصطناعي	3671
F-002981	- مولد الملخصات بالذكاء الاصطناعي (AI Summary Generator)	5.2 توليد المحتوى بالذكاء الاصطناعي	3672
F-002982	- مصمم Visme AI	5.2 توليد المحتوى بالذكاء الاصطناعي	3673
F-002983	- اقتراح المخططات بالذكاء الاصطناعي	5.2 توليد المحتوى بالذكاء الاصطناعي	3674
F-002984	- ضبط المحتوى بالذكاء الاصطناعي	5.2 توليد المحتوى بالذكاء الاصطناعي	3675
F-002985	- تحويل الصور إلى بيانات بالذكاء الاصطناعي	5.2 توليد المحتوى بالذكاء الاصطناعي	3676
F-002986	- الذكاء الاصطناعي التوليدي (Generative AI)	5.2 توليد المحتوى بالذكاء الاصطناعي	3677
F-002987	- إنشاء مرئي مدعوم بالذكاء الاصطناعي من النص	5.2 توليد المحتوى بالذكاء الاصطناعي	3678
F-002988	- مزيل الخلفية السحري	5.2 توليد المحتوى بالذكاء الاصطناعي	3679
F-002989	- ذكاء اصطناعي آمن تجاريًا	5.2 توليد المحتوى بالذكاء الاصطناعي	3680
F-002990	- توليد المحتوى بالذكاء الاصطناعي	5.2 توليد المحتوى بالذكاء الاصطناعي	3681
F-002991	- إنشاء نصوص إبداعية وجذابة لوسائل التواصل الاجتماعي	5.2 توليد المحتوى بالذكاء الاصطناعي	3682
F-002992	- إنشاء هيكل تلقائي للملخصات والتقارير	5.2 توليد المحتوى بالذكاء الاصطناعي	3683
F-002993	- اقتراحات ذكية للمحتوى	5.2 توليد المحتوى بالذكاء الاصطناعي	3684
F-002994	- المساعدة في صياغة توقعات مالية وخطط استراتيجية	5.2 توليد المحتوى بالذكاء الاصطناعي	3685
F-002995	- بناء نموذج مالي لشركة ناشئة	5.2 توليد المحتوى بالذكاء الاصطناعي	3686
F-002996	- تحسين المحتوى لمحركات البحث (SEO)	5.2 توليد المحتوى بالذكاء الاصطناعي	3687
F-002997	- تحسين المحتوى ليحتل مرتبة أعلى في نتائج البحث	5.2 توليد المحتوى بالذكاء الاصطناعي	3688
F-002998	- تحسين المحتوى وإضافة الوضوح والحفاظ على العلامة التجارية	5.2 توليد المحتوى بالذكاء الاصطناعي	3689
F-002999	- تحسين وتعديل نبرة الكتابة (رسمية، ودية)	5.2 توليد المحتوى بالذكاء الاصطناعي	3690
F-003000	- تحسين وضوح المحتوى وإعادة كتابته وترجمته	5.2 توليد المحتوى بالذكاء الاصطناعي	3691
F-003001	- تحويل الأفكار إلى مستندات مصممة بشكل احترافي تلقائيًا	5.2 توليد المحتوى بالذكاء الاصطناعي	3692
F-003002	- تصميم صفحات الهبوط ونسخ الويب	5.2 توليد المحتوى بالذكاء الاصطناعي	3693
F-003003	- تصميم صفحات الهبوط ونسخ الويب بكفاءة	5.2 توليد المحتوى بالذكاء الاصطناعي	3694
F-003004	- تصميم مقترح مشروع للعميل	5.2 توليد المحتوى بالذكاء الاصطناعي	3695
F-003005	- تقديم اقتراحات ذكية لتحسين وضوح الكتابة وتأثيرها	5.2 توليد المحتوى بالذكاء الاصطناعي	3696
F-003006	- تقديم اقتراحات لضمان وضوح الكتابة وخلوها من الأخطاء	5.2 توليد المحتوى بالذكاء الاصطناعي	3697
F-003007	- تقصير الفقرات الطويلة أو التوسع في الموضوعات المعقدة	5.2 توليد المحتوى بالذكاء الاصطناعي	3698
F-003008	- توقع الخطوة التالية واقتراح التخطيطات والتحسينات الذكية	5.2 توليد المحتوى بالذكاء الاصطناعي	3699
F-003009	- توليد أفكار جديدة للمحتوى	5.2 توليد المحتوى بالذكاء الاصطناعي	3700
F-003010	- توليد محتوى إبداعي (نصوص، صور) للتقارير	5.2 توليد المحتوى بالذكاء الاصطناعي	3701
F-003011	- ضبط نبرة الكتابة تلقائيًا لتناسب الجمهور المستهدف	5.2 توليد المحتوى بالذكاء الاصطناعي	3702
F-003012	- ضمان كتابة واضحة وخالية من الأخطاء	5.2 توليد المحتوى بالذكاء الاصطناعي	3703
F-003013	- إنشاء محتوى إبداعي من الصفر بناءً على أوامر بسيطة	5.2 توليد المحتوى بالذكاء الاصطناعي	3704
F-003014	- إنشاء محتوى إبداعي وملهم لتقارير الأعمال	5.2 توليد المحتوى بالذكاء الاصطناعي	3705
F-003015	- إنشاء محتوى إعلاني ومدونات ورسائل بريد إلكتروني	5.2 توليد المحتوى بالذكاء الاصطناعي	3706
F-003016	- إنشاء محتوى بناءً على ملفات أخرى في Google Drive	5.2 توليد المحتوى بالذكاء الاصطناعي	3707
F-003017	- إنشاء محتوى جديد (مقالات إرشادية، تقارير، خطط حملات) بسرعة	5.2 توليد المحتوى بالذكاء الاصطناعي	3708
F-003018	- إنشاء محتوى فوري	5.2 توليد المحتوى بالذكاء الاصطناعي	3709
F-003019	- إنشاء محتوى لوسائل التواصل الاجتماعي حول إطلاق منتج جديد	5.2 توليد المحتوى بالذكاء الاصطناعي	3710
F-003020	- إنشاء محتوى مباشرة داخل الأعمدة (AI Column)	5.2 توليد المحتوى بالذكاء الاصطناعي	3711
F-003021	- إنشاء مخططات من الجداول	5.2 توليد المحتوى بالذكاء الاصطناعي	3712
F-003022	- إنشاء مخططات ورسوم بيانية وجداول زمنية ورسوم بيانية	5.2 توليد المحتوى بالذكاء الاصطناعي	3713
F-003023	- إنشاء مرئيات دقيقة وذات صلة تلقائيًا	5.2 توليد المحتوى بالذكاء الاصطناعي	3714
F-003024	- إنشاء مساعدين رقميين لتمكين فرق المبيعات	5.2 توليد المحتوى بالذكاء الاصطناعي	3715
F-003025	- إنشاء مستندات Word وملفات PDF	5.2 توليد المحتوى بالذكاء الاصطناعي	3716
F-003026	- إنشاء مسودات أولى للمستندات	5.2 توليد المحتوى بالذكاء الاصطناعي	3717
F-003027	- إنشاء مسودات مخصصة للاحتياجات المحددة	5.2 توليد المحتوى بالذكاء الاصطناعي	3718
F-003028	- إنشاء مسودة تقرير كاملة من بضع جمل	5.2 توليد المحتوى بالذكاء الاصطناعي	3719
F-003029	- إنشاء مسودة كاملة بناءً على تفاصيل أساسية	5.2 توليد المحتوى بالذكاء الاصطناعي	3720
F-003030	- إنشاء مقترحات وعروض مبيعات وأوراق بيضاء	5.2 توليد المحتوى بالذكاء الاصطناعي	3721
F-003031	- إنشاء ملاحظات للمتحدث في العروض التقديمية	5.2 توليد المحتوى بالذكاء الاصطناعي	3722
F-003032	- إنشاء ملخص تنفيذي لتقرير أعمال مفصل	5.2 توليد المحتوى بالذكاء الاصطناعي	3723
F-003033	- إنشاء ملخص تنفيذي لتقرير طويل	5.2 توليد المحتوى بالذكاء الاصطناعي	3724
F-003034	- إنشاء ملخص سردي للتقرير أو لصفحات معينة	5.2 توليد المحتوى بالذكاء الاصطناعي	3725
F-003035	- إنشاء ملخصات تشرح النتائج	5.2 توليد المحتوى بالذكاء الاصطناعي	3726
F-003036	- إنشاء ملخصات تفسيرية للتحليلات والرسوم البيانية	5.2 توليد المحتوى بالذكاء الاصطناعي	3727
F-003037	- إنشاء ملخصات تلقائية للتقارير الطويلة	5.2 توليد المحتوى بالذكاء الاصطناعي	3728
F-003038	- إنشاء ملخصات تنفيذية	5.2 توليد المحتوى بالذكاء الاصطناعي	3729
F-003039	- إنشاء ملخصات تنفيذية وتقارير من صفحة واحدة	5.2 توليد المحتوى بالذكاء الاصطناعي	3730
F-003040	- إنشاء ملخصات سردية ذكية تتكيف مع محتوى التقرير	5.2 توليد المحتوى بالذكاء الاصطناعي	3731
F-003041	- إنشاء ملخصات وجداول باستخدام الذكاء الاصطناعي	5.2 توليد المحتوى بالذكاء الاصطناعي	3732
F-003042	- استخدام أوامر مخصصة لتوجيه الذكاء الاصطناعي	5.2 توليد المحتوى بالذكاء الاصطناعي	3733
F-003043	- استخدام لغة ومصطلحات خاصة بالصناعة	5.2 توليد المحتوى بالذكاء الاصطناعي	3734
F-003044	- التكيف مع أسلوب كتابة المستخدم واقتراح تحسينات متسقة	5.2 توليد المحتوى بالذكاء الاصطناعي	3735
F-003045	- الحصول على ملخص سريع لموضوع أو مشروع	5.2 توليد المحتوى بالذكاء الاصطناعي	3736
F-003046	- الحفاظ على طابع شخصي في التواصل مع العملاء على نطاق واسع	5.2 توليد المحتوى بالذكاء الاصطناعي	3737
F-003047	- المساعدة في استخدام المصطلحات الخاصة بالصناعة بشكل صحيح	5.2 توليد المحتوى بالذكاء الاصطناعي	3738
F-003048	- تحديد نبرة التقرير (غير رسمية، احترافية)	5.2 توليد المحتوى بالذكاء الاصطناعي	3739
F-003049	- تحديد نمط وتصميم التقرير (مباشر، هندسي، متطور)	5.2 توليد المحتوى بالذكاء الاصطناعي	3740
F-003050	- تحويل الأوامر النصية إلى تحليلات وتقارير	5.2 توليد المحتوى بالذكاء الاصطناعي	3741
F-003051	- تحويل الأوامر النصية البسيطة إلى تقارير مصممة بالكامل	5.2 توليد المحتوى بالذكاء الاصطناعي	3742
F-003052	- تحويل البيانات إلى مخططات شريطية ودائرية وخطية احترافية	5.2 توليد المحتوى بالذكاء الاصطناعي	3743
F-003053	- تحويل البيانات الأولية إلى قصص جاهزة للعرض تلقائيًا	5.2 توليد المحتوى بالذكاء الاصطناعي	3744
F-003054	- تحويل البيانات المملة إلى مرئيات جذابة تحكي قصة	5.2 توليد المحتوى بالذكاء الاصطناعي	3745
F-003055	- تحويل البيانات غير المنظمة إلى روايات منظمة ولوحة معلومات تفاعلية	5.2 توليد المحتوى بالذكاء الاصطناعي	3746
F-003056	- تحويل البيانات والمستندات إلى تحليلات ولوحات معلومات وتقارير	5.2 توليد المحتوى بالذكاء الاصطناعي	3747
F-003057	- تحويل المحادثات والاستكشافات إلى تقارير وشرائح منظمة	5.2 توليد المحتوى بالذكاء الاصطناعي	3748
F-003058	- تحويل الملفات أو الأفكار إلى تقارير واضحة وثاقبة على الفور	5.2 توليد المحتوى بالذكاء الاصطناعي	3749
F-003059	- تحويل تحديث حالة المشروع إلى عرض تقديمي أنيق واحترافي	5.2 توليد المحتوى بالذكاء الاصطناعي	3750
F-003060	- تحويل مؤشرات الأداء الرئيسية والاتجاهات والنتائج إلى عروض تقديمية مرئية واضحة	5.2 توليد المحتوى بالذكاء الاصطناعي	3751
F-003061	- تحويل ملاحظات غير رسمية إلى تقرير رسمي	5.2 توليد المحتوى بالذكاء الاصطناعي	3752
F-003062	- تسريع وقت وصول الحملات التسويقية إلى السوق	5.2 توليد المحتوى بالذكاء الاصطناعي	3753
F-003063	- إنشاء رؤى مكتوبة تلقائيًا من البيانات	5.2 توليد المحتوى بالذكاء الاصطناعي	3754
F-003064	- إنشاء صور أصلية بأنماط مختلفة	5.2 توليد المحتوى بالذكاء الاصطناعي	3755
F-003065	- إنشاء صور توضيحية لتقرير تقني	5.2 توليد المحتوى بالذكاء الاصطناعي	3756
F-003066	- إنشاء صور فريدة بناءً على وصف نصي	5.2 توليد المحتوى بالذكاء الاصطناعي	3757
F-003067	- إنشاء صور مخصصة داخل المستندات	5.2 توليد المحتوى بالذكاء الاصطناعي	3758
F-003068	- التوليد الكامل	5.2 توليد المحتوى بالذكاء الاصطناعي	3759
F-003069	- تطبيق تصميم متناسق على الشرائح	5.2 توليد المحتوى بالذكاء الاصطناعي	3760
F-003070	- ذكاء اصطناعي لتحسين العروض التقديمية	5.2 توليد المحتوى بالذكاء الاصطناعي	3761
F-003071	- توليد العروض التقديمية بالذكاء الاصطناعي	5.2 توليد المحتوى بالذكاء الاصطناعي	3762
F-003072	- توليد ملاحظات للمتحدث تلقائياً	5.2 توليد المحتوى بالذكاء الاصطناعي	3763
F-003073	- ذكاء لصناعة التقارير والعروض	5.2 توليد المحتوى بالذكاء الاصطناعي	3764
F-003074	- توليد عروض تقديمية تلقائياً من بيانات خارجية	5.2 توليد المحتوى بالذكاء الاصطناعي	3765
F-003075	- توليد عروض مخصصة لكل عميل من بيانات crm	5.2 توليد المحتوى بالذكاء الاصطناعي	3766
F-003076	- ملاحظات المتحدث	5.2 توليد المحتوى بالذكاء الاصطناعي	3767
F-003077	- توليد رسومات وأيقونات مرئية تتناسب مع السرد وهوية العلامة التجارية	5.2 توليد المحتوى بالذكاء الاصطناعي	3768
F-003078	- إدراج أيقونات ورسوم	5.2 توليد المحتوى بالذكاء الاصطناعي	3769
F-003079	- مولد محتوى بصري احترافي	5.2 توليد المحتوى بالذكاء الاصطناعي	3770
F-003080	- توليد بطاقات صور كاملة بجودة سينمائية	5.2 توليد المحتوى بالذكاء الاصطناعي	3771
F-003081	- يعمل بأحدث نماذج توليد الصور	5.2 توليد المحتوى بالذكاء الاصطناعي	3772
F-003082	- إعادة توليد الصورة بأسلوب مختلف	5.2 توليد المحتوى بالذكاء الاصطناعي	3773
F-003083	- توليد صور بأساليب فنية مختلفة	5.2 توليد المحتوى بالذكاء الاصطناعي	3774
F-003084	- توليد صور واقعية (فوتوغرافية)	5.2 توليد المحتوى بالذكاء الاصطناعي	3775
F-003085	- اختيار النموذج المفضل لكل صورة	5.2 توليد المحتوى بالذكاء الاصطناعي	3776
F-003086	- توليد رسوم توضيحية ورسوم كرتونية	5.2 توليد المحتوى بالذكاء الاصطناعي	3777
F-003087	- اختيار نوع الصور	5.2 توليد المحتوى بالذكاء الاصطناعي	3778
F-003088	- تحريك الصور (رسوم متحركة بسيطة)	5.2 توليد المحتوى بالذكاء الاصطناعي	3779
F-003089	- اختيار نوع المخرج	5.2 توليد المحتوى بالذكاء الاصطناعي	3780
F-003090	- رفع أو توليد صورة بالذكاء الاصطناعي أو من unsplash	5.2 توليد المحتوى بالذكاء الاصطناعي	3781
F-003091	- تعديل الصور الموجودة عبر الوصف النصي	5.2 توليد المحتوى بالذكاء الاصطناعي	3782
F-003092	- تصميم تخطيطات احترافية بتسلسل بصري واضح	5.3 التصميم والتخطيط الذكي	3788
F-003093	- شرائح ذكية تتكيف تلقائياً مع التخطيط والتباعد والخطوط والألوان	5.3 التصميم والتخطيط الذكي	3789
F-003094	- توليد صور مخصصة بالذكاء الاصطناعي متناسقة مع نظام ألوان القالب	5.3 التصميم والتخطيط الذكي	3790
F-003095	- توليد رسومات وأيقونات مرئية تتناسب مع السرد والهوية	5.3 التصميم والتخطيط الذكي	3791
F-003096	- توليد مقاطع فيديو بالذكاء الاصطناعي	5.3 التصميم والتخطيط الذكي	3792
F-003097	- توليد عناصر ثلاثية الأبعاد	5.3 التصميم والتخطيط الذكي	3793
F-003098	- إنشاء شخصيات رمزية ثلاثية الأبعاد متحركة ومخصصة	5.3 التصميم والتخطيط الذكي	3794
F-003099	- إنشاء صور شخصية احترافية بالذكاء الاصطناعي	5.3 التصميم والتخطيط الذكي	3795
F-003100	- اتساق فني عبر جميع الشرائح	5.3 التصميم والتخطيط الذكي	3796
F-003101	- تصور البيانات تلقائياً من ملفات CSV و Excel	5.3 التصميم والتخطيط الذكي	3797
F-003102	- تصور البيانات تلقائيًا من ملفات CSV وExcel	5.3 التصميم والتخطيط الذكي	3798
F-003103	- اقتراح Layout ذكي تلقائياً لإنشاء العروض	5.3 التصميم والتخطيط الذكي	3799
F-003104	- اقتراح Workflow تلقائياً لإنشاء سير العمل	5.3 التصميم والتخطيط الذكي	3800
F-003105	- اقتراح KPIs تلقائياً بناءً على مصادر البيانات	5.3 التصميم والتخطيط الذكي	3801
F-003106	- بناء عرض احترافي بضغطة زر.	5.3 التصميم والتخطيط الذكي	3802
F-003107	- ترتيب الشرائح منطقيًا.	5.3 التصميم والتخطيط الذكي	3803
F-003108	- تقسيم الشرائح منطقيًا.	5.3 التصميم والتخطيط الذكي	3804
F-003109	- كتابة العناوين والنقاط.	5.3 التصميم والتخطيط الذكي	3805
F-003110	- تطبيق تصميم متناسق.	5.3 التصميم والتخطيط الذكي	3806
F-003111	- إضافة انتقالات احترافية.	5.3 التصميم والتخطيط الذكي	3807
F-003112	- اختيار عدد الشرائح وأسلوب العرض.	5.3 التصميم والتخطيط الذكي	3808
F-003113	- التصميم والتخطيط الذكي	5.3 التصميم والتخطيط الذكي	3809
F-003114	- اقتراح أفضل Visualization	5.3 التصميم والتخطيط الذكي	3810
F-003115	- اقتراح إعادة توزيع العناصر	5.3 التصميم والتخطيط الذكي	3811
F-003116	- اقتراح تحسين قابلية القراءة	5.3 التصميم والتخطيط الذكي	3812
F-003117	- كشف ازدحام بصري	5.3 التصميم والتخطيط الذكي	3813
F-003118	- الحفاظ على الاستقرار البصري عند تحديث البيانات	5.3 التصميم والتخطيط الذكي	3814
F-003119	- منع تحرك العناصر المفاجئ	5.3 التصميم والتخطيط الذكي	3815
F-003120	- تثبيت مواقع الرسوم عند التحديث	5.3 التصميم والتخطيط الذكي	3816
F-003121	- الحفاظ على نسبة الكثافة	5.3 التصميم والتخطيط الذكي	3817
F-003122	- عكس المحاور دون تشويه التوزيع	5.3 التصميم والتخطيط الذكي	3818
F-003123	- إعادة حساب المسافات	5.3 التصميم والتخطيط الذكي	3819
F-003124	- الحفاظ على توازن العناوين	5.3 التصميم والتخطيط الذكي	3820
F-003125	- ضبط نسب العرض بعد التحويل	5.3 التصميم والتخطيط الذكي	3821
F-003126	- منع تشوه السطور	5.3 التصميم والتخطيط الذكي	3822
F-003127	- منع تداخل الحروف	5.3 التصميم والتخطيط الذكي	3823
F-003128	- ضبط baseline مزدوج	5.3 التصميم والتخطيط الذكي	3824
F-003129	- توزيع المعلومات عبر طبقات	5.3 التصميم والتخطيط الذكي	3825
F-003130	- تحديد عناصر التركيز	5.3 التصميم والتخطيط الذكي	3826
F-003131	- تصحيح عدم التماثل	5.3 التصميم والتخطيط الذكي	3827
F-003132	- ضبط كثافة العناصر	5.3 التصميم والتخطيط الذكي	3828
F-003133	- توزيع الفراغ	5.3 التصميم والتخطيط الذكي	3829
F-003134	- منع ازدحام زاوية واحدة	5.3 التصميم والتخطيط الذكي	3830
F-003135	- تحديد أهم عنصر بصري	5.3 التصميم والتخطيط الذكي	3831
F-003136	- ضبط وزن العناصر	5.3 التصميم والتخطيط الذكي	3832
F-003137	- تقليل التشتيت	5.3 التصميم والتخطيط الذكي	3833
F-003138	- تحسين تخطيط اللوحة تلقائيا بواسطة الذكاء الاصطناعي	5.3 التصميم والتخطيط الذكي	3834
F-003139	- توصيات قابلة للتحويل إلى إجراء أو تصعيد	5.3 التصميم والتخطيط الذكي	3835
F-003140	- دعم التخطيطات المتعددة للشرائح	5.3 التصميم والتخطيط الذكي	3836
F-003141	- تفسير الأفكار الخام إلى هيكل عرض منظم	5.3 التصميم والتخطيط الذكي	3837
F-003142	- بناء تسلسل هرمي للشرائح من عنوان إلى استنتاج إلى دليل إلى خاتمة	5.3 التصميم والتخطيط الذكي	3838
F-003143	- اكتشاف عدم اتساق التدفق السردي	5.3 التصميم والتخطيط الذكي	3839
F-003144	- توزيع كثافة الشرائح تلقائيا	5.3 التصميم والتخطيط الذكي	3840
F-003145	- التنبؤ بعدد الشرائح المطلوب حسب حجم المحتوى	5.3 التصميم والتخطيط الذكي	3841
F-003146	- توزيع المعلومات بتوازن عبر الشرائح	5.3 التصميم والتخطيط الذكي	3842
F-003147	- اكتشاف التكرار بين الشرائح	5.3 التصميم والتخطيط الذكي	3843
F-003148	- اقتراح إعادة ترتيب الشرائح	5.3 التصميم والتخطيط الذكي	3844
F-003149	- تحسين وضوح العرض للمستوى التنفيذي	5.3 التصميم والتخطيط الذكي	3845
F-003150	- فرض إيقاع بصري متسق	5.3 التصميم والتخطيط الذكي	3846
F-003151	- تحويل البيانات إلى قوس سردي	5.3 التصميم والتخطيط الذكي	3847
F-003152	- توليد سرد مشكلة وحل	5.3 التصميم والتخطيط الذكي	3848
F-003153	- بناء حجج منظمة	5.3 التصميم والتخطيط الذكي	3849
F-003154	- اكتشاف الفجوات المنطقية	5.3 التصميم والتخطيط الذكي	3850
F-003155	- توليد شريحة ملخص تنفيذي تلقائيا	5.3 التصميم والتخطيط الذكي	3851
F-003156	- توليد شريحة خاتمة ذات أثر استراتيجي	5.3 التصميم والتخطيط الذكي	3852
F-003157	- تحويل التحليل إلى قصة مقنعة	5.3 التصميم والتخطيط الذكي	3853
F-003158	- تحويل مخطط تفصيلي إلى شرائح منظمة بنقرة واحدة	5.3 التصميم والتخطيط الذكي	3854
F-003159	- تحويل بيانات إلى حزمة شرائح تنفيذية	5.3 التصميم والتخطيط الذكي	3855
F-003160	- تحويل تقرير إلى عرض تقديمي	5.3 التصميم والتخطيط الذكي	3856
F-003161	- تحويل جداول اكسل متعددة إلى مجموعة شرائح	5.3 التصميم والتخطيط الذكي	3857
F-003162	- تحويل لوحة مؤشرات إلى مرئيات جاهزة للعرض	5.3 التصميم والتخطيط الذكي	3858
F-003163	- توليد صيغة جاهزة لمجلس الإدارة	5.3 التصميم والتخطيط الذكي	3859
F-003164	- توليد صيغة جاهزة للمستثمرين	5.3 التصميم والتخطيط الذكي	3860
F-003165	- توليد صيغة إحاطة تقنية	5.3 التصميم والتخطيط الذكي	3861
F-003166	- الذكاء الاصطناعي التوليدي للتصميم والتخطيط والتنسيق	5.3 التصميم والتخطيط الذكي	3862
F-003167	- التصميم والتخطيط الذكي للعرض	5.3 التصميم والتخطيط الذكي	3863
F-003168	- تصور البيانات المعقدة للحصول على رؤى واضحة ومشاركة سهلة	5.3 التصميم والتخطيط الذكي	3864
F-003169	- تصميم محتوى تفاعلي يحمل علامة تجارية	5.3 التصميم والتخطيط الذكي	3865
F-003170	- صياغة مرئيات ديناميكية تزيد من المشاركة والوصول	5.3 التصميم والتخطيط الذكي	3866
F-003171	- تقديم رؤى الأعمال بوضوح وإقناع	5.3 التصميم والتخطيط الذكي	3867
F-003172	- إنشاء محتوى للعلامة التجارية للفرق والمؤسسات	5.3 التصميم والتخطيط الذكي	3868
F-003173	- إنشاء محتوى للفصول والنوادي والوظائف للطلاب	5.3 التصميم والتخطيط الذكي	3869
F-003174	- إنشاء محتوى الوسائط الاجتماعية	5.3 التصميم والتخطيط الذكي	3870
F-003175	- إنشاء شرائح مؤثرة للعروض التقديمية	5.3 التصميم والتخطيط الذكي	3871
F-003176	- إنشاء مرئيات لمنشورات المدونات	5.3 التصميم والتخطيط الذكي	3872
F-003177	- إشراك الجماهير على وسائل التواصل الاجتماعي	5.3 التصميم والتخطيط الذكي	3873
F-003178	- إنشاء رسومات لوسائل التواصل الاجتماعي	5.3 التصميم والتخطيط الذكي	3874
F-003179	- إنشاء رسومات للإعلانات	5.3 التصميم والتخطيط الذكي	3875
F-003180	- إنشاء رسومات للمدونات	5.3 التصميم والتخطيط الذكي	3876
F-003181	- إنشاء رسومات لرسائل البريد الإلكتروني	5.3 التصميم والتخطيط الذكي	3877
F-003182	- إنشاء رسوم بيانية	5.3 التصميم والتخطيط الذكي	3878
F-003183	- تصميم رسومات الأعمال	5.3 التصميم والتخطيط الذكي	3879
F-003184	- تصميم رسومات الأحداث	5.3 التصميم والتخطيط الذكي	3880
F-003185	- تصميم رسومات الوسائط الاجتماعية	5.3 التصميم والتخطيط الذكي	3881
F-003186	- اختيار أفضل تمثيل مرئي للبيانات تلقائيًا	5.3 التصميم والتخطيط الذكي	3882
F-003187	- استجابة تلقائية لشاشات الجوال	5.3 التصميم والتخطيط الذكي	3883
F-003188	- اقتراح أفضل الرسوم البيانية بناءً- على البيانات	5.3 التصميم والتخطيط الذكي	3884
F-003189	- اقتراح أنواع الطلبات والحقول بناءً على السياق	5.3 التصميم والتخطيط الذكي	3885
F-003190	- اقتراح أنواع الطلبات والحقول في Jira Service Management	5.3 التصميم والتخطيط الذكي	3886
F-003191	- اقتراح تخطيطات محسّنة لتحقيق أقصى تأثير مرئي	5.3 التصميم والتخطيط الذكي	3887
F-003192	- اقتراح تخطيطات وتصميمات بناءً على محتوى المستند	5.3 التصميم والتخطيط الذكي	3888
F-003193	- اقتراح تغييرات في هيكل المستند لتحسين السرد	5.3 التصميم والتخطيط الذكي	3889
F-003194	- تحديد نوع المخطط المثالي لمجموعة البيانات تلقائيًا	5.3 التصميم والتخطيط الذكي	3890
F-003195	- تحويل البيانات إلى مخططات شريطية ودائرية وخطية احترافية	5.3 التصميم والتخطيط الذكي	3891
F-003196	- تحويل البيانات الأولية إلى قصص جاهزة للعرض تلقائيًا	5.3 التصميم والتخطيط الذكي	3892
F-003197	- تحويل البيانات المملة إلى مرئيات جذابة تحكي قصة	5.3 التصميم والتخطيط الذكي	3893
F-003198	- تحويل البيانات غير المنظمة إلى روايات منظمة ولوحة معلومات تفاعلية	5.3 التصميم والتخطيط الذكي	3894
F-003199	- تطبيق مبادئ التصميم الجيد في الوقت الفعلي	5.3 التصميم والتخطيط الذكي	3895
F-003200	- تكييف التصميم ليتناسب مع أي جهاز عرض	5.3 التصميم والتخطيط الذكي	3896
F-003201	- دمج مجموعة أدوات العلامة التجارية (الألوان والخطوط والشعار) تلقائيًا	5.3 التصميم والتخطيط الذكي	3897
F-003202	- فرض هوية العلامة التجارية في التقارير والعروض	5.3 التصميم والتخطيط الذكي	3898
F-003203	- مخرجات متوافقة مع هوية العلامة التجارية	5.3 التصميم والتخطيط الذكي	3899
F-003204	- ذاكرة صوت العلامة التجارية	5.3 التصميم والتخطيط الذكي	3900
F-003205	- فهم المحتوى وإنشاء شرائح PowerPoint احترافية تلقائيًا	5.3 التصميم والتخطيط الذكي	3901
F-003206	- إنشاء أيقونات ورسوم توضيحية فريدة تتناسب مع المحتوى	5.3 التصميم والتخطيط الذكي	3902
F-003207	- إنشاء أيقونات وصور مخصصة	5.3 التصميم والتخطيط الذكي	3903
F-003208	- إنشاء صور أصلية بأنماط مختلفة	5.3 التصميم والتخطيط الذكي	3904
F-003209	- إنشاء صور توضيحية لتقرير تقني	5.3 التصميم والتخطيط الذكي	3905
F-003210	- إنشاء صور فريدة بناءً على وصف نصي	5.3 التصميم والتخطيط الذكي	3906
F-003211	- إنشاء صور مخصصة داخل المستندات	5.3 التصميم والتخطيط الذكي	3907
F-003212	- اقتراح خطط مزايا للموظفين	5.3 التصميم والتخطيط الذكي	3908
F-003213	- اقتراح عناصر العمل من الاجتماعات	5.3 التصميم والتخطيط الذكي	3909
F-003214	- تنسيق وتصميم ذكي للمستندات	5.3 التصميم والتخطيط الذكي	3910
F-003215	- توقع الخطوة التالية واقتراح التخطيطات والتحسينات الذكية	5.3 التصميم والتخطيط الذكي	3911
F-003216	- تبسيط البيانات المعقدة في مرئيات واضحة ومؤثرة	5.3 التصميم والتخطيط الذكي	3912
F-003217	- تخطيطات ذكية وموضوعات مخصصة	5.3 التصميم والتخطيط الذكي	3913
F-003218	- تخصيص العروض لجماهير مختلفة تلقائياً	5.3 التصميم والتخطيط الذكي	3914
F-003219	- تخطيط ذكي وتلقائي للشرائح	5.3 التصميم والتخطيط الذكي	3915
F-003220	- الاحتفاظ بنفس بنية الشرائح عند التحويل	5.3 التصميم والتخطيط الذكي	3916
F-003221	- استنساخ دقيق للشريحة الرئيسية (Master Slide) في PPTX	5.3 التصميم والتخطيط الذكي	3917
F-003222	- السحب من المكتبة إلى أي وحدة	5.3 التصميم والتخطيط الذكي	3918
F-003223	- تحويل البيانات إلى قصة	5.3 التصميم والتخطيط الذكي	3919
F-003224	- مستوى بسيط: شرح مبسط	5.3 التصميم والتخطيط الذكي	3920
F-003225	- مستوى تقني: تفاصيل كاملة	5.3 التصميم والتخطيط الذكي	3921
F-003226	- مجموعة واسعة من القوالب المصممة مسبقاً	5.4 القوالب والثيمات	3927
F-003227	- قوالب ذكية تتكيف تلقائياً مع المحتوى	5.4 القوالب والثيمات	3928
F-003228	- تخطيطات شرائح منسقة لكل حالة عمل	5.4 القوالب والثيمات	3929
F-003229	- رفع قالب PowerPoint مخصص بالعلامة التجارية	5.4 القوالب والثيمات	3930
F-003230	- استيراد قالب خارجي	5.4 القوالب والثيمات	3931
F-003231	- تطبيق مجموعة العلامة التجارية: ألوان وخطوط وشعارات	5.4 القوالب والثيمات	3932
F-003232	- مطابقة تصميم عرض مع تصميم آخر بنقرة واحدة	5.4 القوالب والثيمات	3933
F-003233	- تبديل أنظمة الألوان	5.4 القوالب والثيمات	3934
F-003234	- سمات وتصميمات محددة مسبقاً	5.4 القوالب والثيمات	3935
F-003235	- استيراد الصور والشعارات والرموز الخاصة بالعلامة التجارية	5.4 القوالب والثيمات	3936
F-003236	- إنشاء ثيم خاص وحفظ عدة هويات بصرية	5.4 القوالب والثيمات	3937
F-003237	- نمط رسمي أو عصري أو حكومي	5.4 القوالب والثيمات	3938
F-003238	- الثيمات والستايل الشخصي.	5.4 القوالب والثيمات	3939
F-003239	- مكتبة ثيمات جاهزة.	5.4 القوالب والثيمات	3940
F-003240	- إنشاء ثيم خاص وتحديد ألوان وخطوط وهوية بصرية.	5.4 القوالب والثيمات	3941
F-003241	- حفظ هوية لكل مستخدم وتطبيق الثيم بضغطة زر.	5.4 القوالب والثيمات	3942
F-003242	- مكتبة النماذج	5.4 القوالب والثيمات	3943
F-003243	- القوالب والثيمات	5.4 القوالب والثيمات	3944
F-003244	- استخدام قوالب مخصصة (POTX) عند الإنشاء	5.4 القوالب والثيمات	3945
F-003245	- قوالب عروض جاهزة قابلة للتخصيص	5.4 القوالب والثيمات	3946
F-003246	- قوالب عروض تنفيذية وتقنية وشهرية وربعية	5.4 القوالب والثيمات	3947
F-003247	- تطبيق هوية المنظمة على كل شريحة من شعار وألوان وخطوط	5.4 القوالب والثيمات	3948
F-003248	- قوالب جاهزة للرسوم المعلوماتية	5.4 القوالب والثيمات	3949
F-003249	- دعم الأحجام المتعددة للمنصات المختلفة	5.4 القوالب والثيمات	3950
F-003250	- تحديد هوية بصرية	5.4 القوالب والثيمات	3951
F-003251	- تطبيق الثيم بضغطة زر	5.4 القوالب والثيمات	3952
F-003252	- استخراج الهوية البصرية	5.4 القوالب والثيمات	3953
F-003253	- هوية بصرية لكل مستخدم	5.4 القوالب والثيمات	3954
F-003254	- موازنة الكثافة البصرية	5.4 القوالب والثيمات	3955
F-003255	- إعادة تنسيق مستند ليتوافق مع هوية بصرية جديدة	5.4 القوالب والثيمات	3956
F-003256	- ضبط الكثافة البصرية تلقائياً	5.4 القوالب والثيمات	3957
F-003257	- توحيد أنماط الخطوط	5.4 القوالب والثيمات	3958
F-003258	- اقتراح ألوان متناسقة	5.4 القوالب والثيمات	3959
F-003259	- تصحيح التباين لضمان الوضوح	5.4 القوالب والثيمات	3960
F-003260	- توليد تصاميم متعددة لنفس المحتوى	5.4 القوالب والثيمات	3961
F-003261	- الحفاظ على الهوية البصرية	5.4 القوالب والثيمات	3962
F-003262	- تصميم متجاوب لمختلف الشاشات	5.4 القوالب والثيمات	3963
F-003263	- توليد تصميم متوافق مع العلامة التجارية	5.4 القوالب والثيمات	3964
F-003264	- تنسيق التواريخ حسب الثقافة	5.4 القوالب والثيمات	3965
F-003265	- تنسيق العملات حسب الدولة	5.4 القوالب والثيمات	3966
F-003266	- الحفاظ على توازن الكثافة البصرية	5.4 القوالب والثيمات	3967
F-003267	- فرض تكافؤ الكثافة البصرية	5.4 القوالب والثيمات	3968
F-003268	- توحيد تنسيق التواريخ تلقائيا	5.4 القوالب والثيمات	3969
F-003269	- تنسيق التواريخ بصيغ متعددة	5.4 القوالب والثيمات	3970
F-003270	- بناء لوحات مؤشرات قابلة للتحرير من صور بدقة واحد لواحد	5.4 القوالب والثيمات	3971
F-003271	- فرض إيقاع بصري متسق	5.4 القوالب والثيمات	3972
F-003272	- إنشاء ثيمات غير محدودة مع تبديل فوري	5.4 القوالب والثيمات	3973
F-003273	- محرر ألوان متقدم للألوان الأساسية والثانوية والخلفيات والنصوص والحدود	5.4 القوالب والثيمات	3974
F-003274	- أنماط المكونات تشمل الأزرار والبطاقات والجداول والنماذج والقوائم	5.4 القوالب والثيمات	3975
F-003275	- وضع الألوان الفاتح والداكن والتلقائي مع وضع التباين العالي	5.4 القوالب والثيمات	3976
F-003276	- تصدير واستيراد الثيم ومشاركته بين منصات	5.4 القوالب والثيمات	3977
F-003277	- ثيم مخصص لكل مستخدم ولكل قسم أو وحدة	5.4 القوالب والثيمات	3978
F-003278	- تطبيق هوية المنظمة تلقائيا على كل شيء من شعار وألوان وخطوط	5.4 القوالب والثيمات	3979
F-003279	- مكتبة قوالب واسعة لجميع أنواع المخرجات	5.4 القوالب والثيمات	3980
F-003280	- تخصيص القوالب وحفظها كقوالب شخصية	5.4 القوالب والثيمات	3981
F-003281	- مشاركة القوالب بين المستخدمين	5.4 القوالب والثيمات	3982
F-003282	- استيراد أنماط التصميم من ملفات خارجية	5.4 القوالب والثيمات	3983
F-003283	- إدارة الألوان والخطوط المؤسسية	5.4 القوالب والثيمات	3984
F-003284	- حفظ أنماط التصميم المفضلة	5.4 القوالب والثيمات	3985
F-003285	- رموز مسافات موحدة عبر المنصة	5.4 القوالب والثيمات	3986
F-003286	- رموز ألوان موحدة	5.4 القوالب والثيمات	3987
F-003287	- انتشار رموز التصميم عبر لوحات المؤشرات والعروض والتقارير	5.4 القوالب والثيمات	3988
F-003288	- إيقاع بصري محكم	5.4 القوالب والثيمات	3989
F-003289	- تحليل التسلسل الهرمي البصري تلقائيا	5.4 القوالب والثيمات	3990
F-003290	- ضبط الكثافة البصرية تلقائيا	5.4 القوالب والثيمات	3991
F-003291	- الحفاظ على خط الأساس متسقا عبر النص المختلط	5.4 القوالب والثيمات	3992
F-003292	- خطوط إرشاد مغناطيسية للمحاذاة	5.4 القوالب والثيمات	3993
F-003293	- ضمان التطابق البصري بنسبة عالية جدا	5.4 القوالب والثيمات	3994
F-003294	- قوالب عرض تقديمي جاهزة (تقرير مؤشرات الأداء الرئيسية للتسويق، تقرير التسويق ربع السنوي، إلخ)	5.4 القوالب والثيمات	3995
F-003295	- تخطيطات ذكية وموضوعات مخصصة	5.4 القوالب والثيمات	3996
F-003296	- محرر شرائح احترافي	5.4 القوالب والثيمات	3997
F-003297	- مكتبة ثيمات جاهزة	5.4 القوالب والثيمات	3998
F-003298	- إنشاء ثيم خاص وهوية بصرية للمستخدم	5.4 القوالب والثيمات	3999
F-003299	- تطبيق الهوية بضغطة زر	5.4 القوالب والثيمات	4000
F-003300	- محرك الثيمات والقوالب	5.4 القوالب والثيمات	4001
F-003301	- إدارة الهوية البصرية للعلامة التجارية	5.4 القوالب والثيمات	4002
F-003302	- فرض حزمة العلامة التجارية	5.4 القوالب والثيمات	4003
F-003303	- يجب أن تدعم المكتبة الشعارات	5.4 القوالب والثيمات	4004
F-003304	- يجب أن تدعم المكتبة مجموعات العلامات التجارية للشركات	5.4 القوالب والثيمات	4005
F-003305	- ثيم لكل مستخدم يختاره بنفسه	5.4 القوالب والثيمات	4006
F-003306	- ثيم مخصص لكل قسم أو وحدة	5.4 القوالب والثيمات	4007
F-003307	- وظيفة لإنشاء الثيمات (createTheme)	5.4 القوالب والثيمات	4008
F-003308	- وظيفة لجلب ثيم (getTheme)	5.4 القوالب والثيمات	4009
F-003309	- وظيفة لجلب قائمة الثيمات (listThemes)	5.4 القوالب والثيمات	4010
F-003310	- وظيفة لتحديث ثيم (updateTheme)	5.4 القوالب والثيمات	4011
F-003311	- وظيفة لحذف ثيم (deleteTheme)	5.4 القوالب والثيمات	4012
F-003312	- نظام ومحرك إعداد الثيمات	5.4 القوالب والثيمات	4013
F-003313	- الهوية البصرية الشخصية	5.4 القوالب والثيمات	4014
F-003314	- User Personalization Engine	5.4 القوالب والثيمات	4015
F-003315	- White-label support	5.4 القوالب والثيمات	4016
F-003316	- اختيار القالب البصري	5.4 القوالب والثيمات	4017
F-003317	- تغيير القالب بالكامل	5.4 القوالب والثيمات	4018
F-003318	- أنماط بصرية متعددة	5.4 القوالب والثيمات	4019
F-003319	- ضمان تناسق الهوية البصرية عبر كل المحتوى	5.4 القوالب والثيمات	4020
F-003320	- قوالب مخصصة للعلامة التجارية	5.4 القوالب والثيمات	4021
F-003321	- قوالب موحدة للعلامة التجارية لكل أعضاء الفريق	5.4 القوالب والثيمات	4022
F-003322	- Layout Archetype Library	5.4 القوالب والثيمات	4023
F-003323	- Template inheritance	5.4 القوالب والثيمات	4024
F-003324	- قوالب جاهزة: Vinyl، Whiteboard، Grove، Fresco، Easel، Diorama، Chromatic	5.4 القوالب والثيمات	4025
F-003325	- قوالب تقارير جاهزة	5.4 القوالب والثيمات	4026
F-003326	- تحرير وتعديل النصوص والصور والرموز والرسوم البيانية	5.5 التحرير والتعديل المتقدم	4032
F-003327	- إضافة وتعديل الرسوم البيانية والمخططات	5.5 التحرير والتعديل المتقدم	4033
F-003328	- إنشاء تلقائي للمرئيات المعقدة من النصوص: مخططات زمنية ورسوم بيانية	5.5 التحرير والتعديل المتقدم	4034
F-003329	- شرائح ذكية للمحتوى الديناميكي	5.5 التحرير والتعديل المتقدم	4035
F-003330	- تعديل المخطط التفصيلي للعرض	5.5 التحرير والتعديل المتقدم	4036
F-003331	- التحكم في مستوى التفاصيل والجمهور المستهدف	5.5 التحرير والتعديل المتقدم	4037
F-003332	- تعديل أي شريحة بعد الإنشاء بالكامل	5.5 التحرير والتعديل المتقدم	4038
F-003333	- إضافة وحذف ودمج وتقسيم الشرائح	5.5 التحرير والتعديل المتقدم	4039
F-003334	- التحكم في الطبقات والمحاذاة والمسافات والشفافية	5.5 التحرير والتعديل المتقدم	4040
F-003335	- التحكم في الحركات الانتقالية	5.5 التحرير والتعديل المتقدم	4041
F-003336	- تخصيص النصوص والخطوط والألوان والأيقونات والخلفيات	5.5 التحرير والتعديل المتقدم	4042
F-003337	- شرائح مقفلة لحماية المعلومات الأساسية	5.5 التحرير والتعديل المتقدم	4043
F-003338	- تحويل عرض إلى صفحة ويب تفاعلية	5.5 التحرير والتعديل المتقدم	4044
F-003339	- تحويل البيانات بين صيغ مختلفة	5.5 التحرير والتعديل المتقدم	4045
F-003340	- تحويل جميع الصيغ إلى تمثيل موحد	5.5 التحرير والتعديل المتقدم	4046
F-003341	- التحرير والتعديل المتقدم للعناصر في العرض	5.5 التحرير والتعديل المتقدم	4047
F-003342	- تخصيص النصوص والتصميم.	5.5 التحرير والتعديل المتقدم	4048
F-003343	- تعديل كل عنصر يدويًا.	5.5 التحرير والتعديل المتقدم	4049
F-003344	- تحرير النصوص والعناوين والرسوم واستبدال البيانات وإعادة ترتيب الشرائح وإضافة شرائح جديدة.	5.5 التحرير والتعديل المتقدم	4050
F-003345	- التحكم بعدد الشرائح (8-12 افتراضيًا)	5.5 التحرير والتعديل المتقدم	4051
F-003346	- وضع HTML: شرائح قابلة للتعديل والتحرير	5.5 التحرير والتعديل المتقدم	4052
F-003347	- وضع Nano Banana Pro: شرائح صور بجودة استوديو	5.5 التحرير والتعديل المتقدم	4053
F-003348	- إعادة ترتيب الشرائح تلقائياً	5.5 التحرير والتعديل المتقدم	4054
F-003349	- التعديل الكامل بعد الإنشاء	5.5 التحرير والتعديل المتقدم	4055
F-003350	- التحرير والتعديل المتقدم	5.5 التحرير والتعديل المتقدم	4056
F-003351	- إدراج أيقونات ورسومات توضيحية	5.5 التحرير والتعديل المتقدم	4057
F-003352	- تخصيص كامل للألوان والتخطيط	5.5 التحرير والتعديل المتقدم	4058
F-003353	- إدراج إحصائيات ونسب مئوية بشكل بصري جذاب	5.5 التحرير والتعديل المتقدم	4059
F-003354	- إرفاق ملفات متعددة مع معاينة وتنزيل	5.5 التحرير والتعديل المتقدم	4060
F-003355	- التحرير والتعديل المتقدم للعروض	5.5 التحرير والتعديل المتقدم	4061
F-003356	- إنشاء وتحرير الملفات مباشرة في المحادثات	5.5 التحرير والتعديل المتقدم	4062
F-003357	- التراجع والإعادة عن الإجراءات الأخيرة	5.5 التحرير والتعديل المتقدم	4063
F-003358	- القدرة على تحرير المسودة التي تم إنشاؤها لتلبية الاحتياجات بشكل أفضل	5.5 التحرير والتعديل المتقدم	4064
F-003359	- الملء التلقائي للقوالب بمحتوى ذي صلة ومتوافق مع العلامة التجارية	5.5 التحرير والتعديل المتقدم	4065
F-003360	- تضمين المخططات والمرفقات والمصادر الحية	5.5 التحرير والتعديل المتقدم	4066
F-003361	- تضمين لوحات المعلومات في أي مكان	5.5 التحرير والتعديل المتقدم	4067
F-003362	- تعديل النص ببضع نقرات فقط	5.5 التحرير والتعديل المتقدم	4068
F-003363	- تعديل النص لتحقيق الرسمية والنبرة والطول المناسب	5.5 التحرير والتعديل المتقدم	4069
F-003364	- تعديل وتخصيص التخطيط والنص والعناصر المرئية	5.5 التحرير والتعديل المتقدم	4070
F-003365	- واجهة بدون كود وتصورات تفاعلية	5.5 التحرير والتعديل المتقدم	4071
F-003366	- إنشاء وتحويل المحتوى في Confluence و Jira و Jira Service Management	5.5 التحرير والتعديل المتقدم	4072
F-003367	- تحديث النص ديناميكيًا بناءً على معايير أو حسابات محددة	5.5 التحرير والتعديل المتقدم	4073
F-003368	- تخصيص المحتوى للحملات التسويقية	5.5 التحرير والتعديل المتقدم	4074
F-003369	- تخصيص المحتوى ليناسب شرائح مختلفة من الجمهور	5.5 التحرير والتعديل المتقدم	4075
F-003370	- تخصيص رسومات المخططات التفاعلية	5.5 التحرير والتعديل المتقدم	4076
F-003371	- تحسين المحتوى لمحركات البحث (SEO)	5.5 التحرير والتعديل المتقدم	4077
F-003372	- تحسين المحتوى ليحتل مرتبة أعلى في نتائج البحث	5.5 التحرير والتعديل المتقدم	4078
F-003373	- تحسين المحتوى وإضافة الوضوح والحفاظ على العلامة التجارية	5.5 التحرير والتعديل المتقدم	4079
F-003374	- تحسين وتعديل نبرة الكتابة (رسمية، ودية)	5.5 التحرير والتعديل المتقدم	4080
F-003375	- تحسين وضوح المحتوى وإعادة كتابته وترجمته	5.5 التحرير والتعديل المتقدم	4081
F-003376	- تعديل نبرة التقرير	5.5 التحرير والتعديل المتقدم	4082
F-003377	- تعريف المصطلحات في Confluence	5.5 التحرير والتعديل المتقدم	4083
F-003378	- شرائح ذكية (مخطط جانت، مقياس حرارة، رقم كبير، لوحة معلومات، إلخ)	5.5 التحرير والتعديل المتقدم	4084
F-003379	- ضبط نبرة الكتابة تلقائيًا لتناسب الجمهور المستهدف	5.5 التحرير والتعديل المتقدم	4085
F-003380	- فرض هوية العلامة التجارية في التقارير والعروض	5.5 التحرير والتعديل المتقدم	4086
F-003381	- مخرجات متوافقة مع هوية العلامة التجارية	5.5 التحرير والتعديل المتقدم	4087
F-003382	- واجهة محادثة مخصصة للمسوقين	5.5 التحرير والتعديل المتقدم	4088
F-003383	- إنشاء محتوى مباشرة داخل الأعمدة (AI Column)	5.5 التحرير والتعديل المتقدم	4089
F-003384	- تعديل أي شريحة	5.5 التحرير والتعديل المتقدم	4090
F-003385	- إضافة شريحة جديدة	5.5 التحرير والتعديل المتقدم	4091
F-003386	- حذف شريحة	5.5 التحرير والتعديل المتقدم	4092
F-003387	- إعادة ترتيب الشرائح	5.5 التحرير والتعديل المتقدم	4093
F-003388	- تحويل مستند ممسوح ضوئياً إلى نسخة نصية منظمة	5.5 التحرير والتعديل المتقدم	4094
F-003389	- تحويل مستند إلى قالب قابل لإعادة الاستخدام	5.5 التحرير والتعديل المتقدم	4095
F-003390	- اختيار أفضل نسخة	5.5 التحرير والتعديل المتقدم	4096
F-003391	- دعم Widgets قابلة لإعادة الاستخدام	5.5 التحرير والتعديل المتقدم	4097
F-003392	- دعم مجموعات الأيقونات	5.5 التحرير والتعديل المتقدم	4098
F-003393	- دعم أصول الصور	5.5 التحرير والتعديل المتقدم	4099
F-003394	- دعم مقتطفات المعادلات	5.5 التحرير والتعديل المتقدم	4100
F-003395	- دعم نماذج البيانات	5.5 التحرير والتعديل المتقدم	4101
F-003396	- دعم تعريفات المقاييس الدلالية	5.5 التحرير والتعديل المتقدم	4102
F-003397	- إعادة استخدام الأصول عبر الوحدات	5.5 التحرير والتعديل المتقدم	4103
F-003398	- السحب والإفلات التلقائي للصور في القوالب	5.5 التحرير والتعديل المتقدم	4104
F-003399	- صياغة نسخة حكومية رسمية من البرومت	5.5 التحرير والتعديل المتقدم	4105
F-003400	- صياغة نسخة موجهة لفريق هندسي داخلي	5.5 التحرير والتعديل المتقدم	4106
F-003401	- نسخة معمارية مغلقة	5.5 التحرير والتعديل المتقدم	4107
F-003402	- نسخة “Government Compliance Architecture Freeze”	5.5 التحرير والتعديل المتقدم	4108
F-003403	- نسخة “Investor Technical Due Diligence Mode”	5.5 التحرير والتعديل المتقدم	4109
F-003404	- نسخة “Lean Kernel v0.9”	5.5 التحرير والتعديل المتقدم	4110
F-003405	- Reusable notification templates with status workflow	5.5 التحرير والتعديل المتقدم	4111
F-003406	- حفظ النتائج على دفعات (Batching)	5.5 التحرير والتعديل المتقدم	4112
F-003407	- عناصر جاهزة قابلة للتخصيص	5.5 التحرير والتعديل المتقدم	4113
F-003408	- تسميته	5.5 التحرير والتعديل المتقدم	4114
F-003409	- استخدامه مع بيانات جديدة	5.5 التحرير والتعديل المتقدم	4115
F-003410	- كل شيء قابل لإعادة الاستخدام	5.5 التحرير والتعديل المتقدم	4116
F-003411	- التحرير والتعديل بعد الإنشاء	5.5 التحرير والتعديل المتقدم	4117
F-003412	- كل مخرجات قابلة للتحرير الكامل بعد الإنشاء	5.5 التحرير والتعديل المتقدم	4118
F-003413	- تغيير العناوين	5.5 التحرير والتعديل المتقدم	4119
F-003414	- التعديل بعد الإصدار (Post-Generation Editing Framework)	5.5 التحرير والتعديل المتقدم	4120
F-003415	- إعادة إنشاء قابلة للتحرير	5.5 التحرير والتعديل المتقدم	4121
F-003416	- قابلة لإعادة الفتح	5.5 التحرير والتعديل المتقدم	4122
F-003417	- توسيع النصوص	5.5 التحرير والتعديل المتقدم	4123
F-003418	- التحرير القائم على الويدجت	5.5 التحرير والتعديل المتقدم	4124
F-003419	- تعديل النتائج عند طلب المستخدم	5.5 التحرير والتعديل المتقدم	4125
F-003420	- تعديلها	5.5 التحرير والتعديل المتقدم	4126
F-003421	- تعديل البيانات قبل الإصدار	5.5 التحرير والتعديل المتقدم	4127
F-003422	- استبدال البيانات بمحتواك	5.5 التحرير والتعديل المتقدم	4128
F-003423	- تخصيص النصوص	5.5 التحرير والتعديل المتقدم	4129
F-003424	- تعديل كل عنصر يدويًا	5.5 التحرير والتعديل المتقدم	4130
F-003425	- التحكم الكامل بعد الإنشاء	5.5 التحرير والتعديل المتقدم	4131
F-003426	- الإنشاء التلقائي لا يلغي التحرير	5.5 التحرير والتعديل المتقدم	4132
F-003427	- تعديل صياغة الملخص	5.5 التحرير والتعديل المتقدم	4133
F-003428	- تعديل رؤوس الأقسام	5.5 التحرير والتعديل المتقدم	4134
F-003429	- حذف أي عنصر	5.5 التحرير والتعديل المتقدم	4135
F-003430	- تغيير حجم العنصر	5.5 التحرير والتعديل المتقدم	4136
F-003431	- تغيير موضعه	5.5 التحرير والتعديل المتقدم	4137
F-003432	- إعادة تحجيم مباشر	5.5 التحرير والتعديل المتقدم	4138
F-003433	- لا يوجد “إغلاق نهائي”	5.5 التحرير والتعديل المتقدم	4139
F-003434	- مع إمكانية تعديل كل تحويل يدويًا	5.5 التحرير والتعديل المتقدم	4140
F-003435	- لا إغلاق نهائي لأي مخرجات	5.5 التحرير والتعديل المتقدم	4141
F-003436	- التحسين والصقل	5.5 التحرير والتعديل المتقدم	4142
F-003437	- تحديث الموقع فورياً عند تعديل المحتوى	5.5 التحرير والتعديل المتقدم	4143
F-003438	- التعديل أثناء العرض	5.5 التحرير والتعديل المتقدم	4144
F-003439	- تعديل المخطط قبل التنفيذ	5.5 التحرير والتعديل المتقدم	4145
F-003440	- مكونات إضافية لمتصفح Chrome	5.5 التحرير والتعديل المتقدم	4146
F-003441	- إضافة صفحة ملخص	5.5 التحرير والتعديل المتقدم	4147
F-003442	- إضافة عنصر جديد	5.5 التحرير والتعديل المتقدم	4148
F-003443	- كتابة محتوى الشرائح تلقائيًا بالذكاء الاصطناعي	5.5 التحرير والتعديل المتقدم	4149
F-003444	- إنشاء عروض تقديمية ذكية	5.5 التحرير والتعديل المتقدم	4150
F-003445	- إضافة الحركة والرسوم المتحركة إلى الشرائح	5.6 الحركة والتفاعل	4156
F-003446	- انتقالات سينمائية تلقائية بين الشرائح	5.6 الحركة والتفاعل	4157
F-003447	- تصميم عناصر تفاعلية: قوائم قابلة للنقر وسيناريوهات متفرعة	5.6 الحركة والتفاعل	4158
F-003448	- إنشاء تجارب تفاعلية: ألعاب مصغرة وآلات حاسبة	5.6 الحركة والتفاعل	4159
F-003449	- عروض غير خطية قابلة للتقريب والتكبير	5.6 الحركة والتفاعل	4160
F-003450	- إضافة اختبارات واستطلاعات رأي تفاعلية	5.6 الحركة والتفاعل	4161
F-003451	- إنشاء أسئلة مفتوحة أو متعددة الخيارات	5.6 الحركة والتفاعل	4162
F-003452	- إظهار النتائج بشكل مباشر على شاشة العرض	5.6 الحركة والتفاعل	4163
F-003453	- تضمين التطبيقات وصفحات الويب داخل العروض	5.6 الحركة والتفاعل	4164
F-003454	- تضمين مقاطع الفيديو والصوت	5.6 الحركة والتفاعل	4165
F-003455	- التفاعل مع المحتوى المضمن أثناء العرض	5.6 الحركة والتفاعل	4166
F-003456	- التقاط صور كاملة للصفحات (Full-Page Screenshot) بشكل إلزامي لكل صفحة	5.6 الحركة والتفاعل	4167
F-003457	- تحكم كامل في الحركات الانتقالية ومستوى التفصيل لكل شريحة.	5.6 الحركة والتفاعل	4168
F-003458	- تحكم كامل بعد الإنشاء في العرض التقديمي.	5.6 الحركة والتفاعل	4169
F-003459	- شرائح ذكية للمحتوى الديناميكي (مخططات شريطية، مخططات فن، رسوم توضيحية)	5.6 الحركة والتفاعل	4170
F-003460	- عروض تقديمية غير خطية قابلة للتقريب والتكبير	5.6 الحركة والتفاعل	4171
F-003461	- اقتراح animation	5.6 الحركة والتفاعل	4172
F-003462	- الحركة والتفاعل	5.6 الحركة والتفاعل	4173
F-003463	- إدراج رسوم بيانية تفاعلية في الشرائح	5.6 الحركة والتفاعل	4174
F-003464	- تأثيرات انتقالية بين الشرائح	5.6 الحركة والتفاعل	4175
F-003465	- دعم الرسوم المتحركة على العناصر	5.6 الحركة والتفاعل	4176
F-003466	- الحصول على تدفقات عمل موجهة.	5.6 الحركة والتفاعل	4177
F-003467	- الحركة والتفاعل في العروض	5.6 الحركة والتفاعل	4178
F-003468	- إضفاء الحيوية على لوحات المعلومات الخاصة بك من خلال ملخصات ديناميكية باللغة العادية للمخططات والأدوات	5.6 الحركة والتفاعل	4179
F-003469	- إبراز النقاط الرئيسية تلقائيًا	5.6 الحركة والتفاعل	4180
F-003470	- تسريع عمليات البناء باستخدام محررات كود الذكاء الاصطناعي مثل Cursor	5.6 الحركة والتفاعل	4181
F-003471	- استخدام أي ذكاء اصطناعي متوافق مع MCP للاستعلام عن مقاييس عملك مباشرة	5.6 الحركة والتفاعل	4182
F-003472	- الحصول على إجابات دون مغادرة المنصة	5.6 الحركة والتفاعل	4183
F-003473	- الحصول على تحليلات محادثة تفهم سياق عملك بالفعل	5.6 الحركة والتفاعل	4184
F-003474	- الحصول على كلا من الراحة والمرونة	5.6 الحركة والتفاعل	4185
F-003475	- إزالة الاحتكاك بين امتلاك البيانات واتخاذ القرارات	5.6 الحركة والتفاعل	4186
F-003476	- مساعدة النظام بنشاط على تحسين الأداء وتتبعه	5.6 الحركة والتفاعل	4187
F-003477	- تبسيط سير العمل	5.6 الحركة والتفاعل	4188
F-003478	- استجابة تلقائية لشاشات الجوال	5.6 الحركة والتفاعل	4189
F-003479	- تحويل جداول البيانات إلى شرائح متحركة	5.6 الحركة والتفاعل	4190
F-003480	- مكتبة كاملة من شرائح البيانات	5.6 الحركة والتفاعل	4191
F-003481	- تصميم عناصر تفاعلية (قوائم قابلة للنقر، سيناريوهات متفرعة)	5.6 الحركة والتفاعل	4192
F-003482	- إضافة انتقالات سينمائية واحترافية بين الشرائح	5.6 الحركة والتفاعل	4193
F-003483	- التحكم في الحركات الانتقالية بين الشرائح	5.6 الحركة والتفاعل	4194
F-003484	- التحكم في مستوى التفصيل لكل شريحة	5.6 الحركة والتفاعل	4195
F-003485	- محرك إعادة بناء الهيكل البصري للمستندات	5.6 الحركة والتفاعل	4196
F-003486	- التحكم في مستوى تفاصيل العرض وجمهوره المستهدف	5.6 الحركة والتفاعل	4197
F-003487	- مكتبة على مستوى المستأجر (Tenant-scoped)	5.6 الحركة والتفاعل	4198
F-003488	- مكتبة عالمية مشتركة	5.6 الحركة والتفاعل	4199
F-003489	- Component Library موحّدة + templates موسعة	5.6 الحركة والتفاعل	4200
F-003490	- نسخة مخصصة لـ Multi-Tenant SaaS	5.6 الحركة والتفاعل	4201
F-003491	- نسخة تدعم Auto-Discovery	5.6 الحركة والتفاعل	4202
F-003492	- نسخة تدعم Agent Studio	5.6 الحركة والتفاعل	4203
F-003493	- Rasid Tool Kit = Core + Modules Library	5.6 الحركة والتفاعل	4204
F-003494	- مكتبة قوالب	5.6 الحركة والتفاعل	4205
F-003495	- إنشاء تجارب تفاعلية (ألعاب مصغرة، آلات حاسبة)	5.6 الحركة والتفاعل	4206
F-003496	- الذكاء الاصطناعي التفاعلي	5.6 الحركة والتفاعل	4207
F-003497	- إنشاء لوحات معلومات تفاعلية	5.6 الحركة والتفاعل	4208
F-003498	- تحويل عرض إلى صفحة ويب تفاعلية	5.6 الحركة والتفاعل	4209
F-003499	- توفير تقارير تفاعلية	5.6 الحركة والتفاعل	4210
F-003500	- إنشاء تفاعلات بين الرسوم	5.6 الحركة والتفاعل	4211
F-003501	- تفاعل مباشر	5.6 الحركة والتفاعل	4212
F-003502	- Real-time update capability	5.6 الحركة والتفاعل	4213
F-003503	- وضع العرض الكامل	5.6 الحركة والتفاعل	4214
F-003504	- عناصر قابلة للطي (toggles)	5.6 الحركة والتفاعل	4215
F-003505	- شريط التقدم	5.6 الحركة والتفاعل	4216
F-003506	- العرض في تبويب	5.6 الحركة والتفاعل	4217
F-003507	- وضع التسليط (spotlight)	5.6 الحركة والتفاعل	4218
F-003508	- تحديد النص أثناء العرض	5.6 الحركة والتفاعل	4219
F-003509	- التفاعل مع البطاقات المتداخلة	5.6 الحركة والتفاعل	4220
F-003510	- بطاقات متداخلة (بطاقة داخل بطاقة)	5.6 الحركة والتفاعل	4221
F-003511	- أزرار تفاعلية	5.6 الحركة والتفاعل	4222
F-003512	- التنقل بالأسهم	5.6 الحركة والتفاعل	4223
F-003513	- مكتبة ضخمة من الصور ومقاطع الفيديو والأيقونات والخطوط	5.7 مكتبة الوسائط	4229
F-003514	- استخدام صور حقيقية من مكتبات صور مجانية	5.7 مكتبة الوسائط	4230
F-003515	- اختيار الأنماط المرئية عند إنشاء الصور	5.7 مكتبة الوسائط	4231
F-003516	- إضافة مقاطع الفيديو والصوت إلى الشرائح	5.7 مكتبة الوسائط	4232
F-003517	- مكتبة العروض وحفظ العروض كنماذج وإنشاء نسخ متعددة.	5.7 مكتبة الوسائط	4233
F-003518	- محاكاة عرض خارجي.	5.7 مكتبة الوسائط	4234
F-003519	- مكتبة الوسائط	5.7 مكتبة الوسائط	4235
F-003520	- إدراج صور وشعارات	5.7 مكتبة الوسائط	4236
F-003521	- إدراج فيديو وصوت في الشرائح	5.7 مكتبة الوسائط	4237
F-003522	- صور متحركة gif (من giphy)	5.7 مكتبة الوسائط	4238
F-003523	- الاحتفاظ بسجل إصدارات مستقل لكل شريحة	5.7 مكتبة الوسائط	4239
F-003524	- إنشاء تلقائي للمرئيات المعقدة من النصوص (مخططات زمنية، رسوم بيانية)	5.7 مكتبة الوسائط	4240
F-003525	- شرائح ذكية للمحتوى الديناميكي (مخططات شريطية، مخططات فن، رسوم توضيحية)	5.7 مكتبة الوسائط	4241
F-003526	- تعديل المخطط التفصيلي للعرض التقديمي	5.7 مكتبة الوسائط	4242
F-003527	- عروض تقديمية غير خطية قابلة للتقريب والتكبير	5.7 مكتبة الوسائط	4243
F-003528	- مخطط استراتيجي	5.7 مكتبة الوسائط	4244
F-003529	- رسوم خطية	5.7 مكتبة الوسائط	4245
F-003530	- مخططات مقارنة	5.7 مكتبة الوسائط	4246
F-003531	- إنشاء تخطيط متوازن	5.7 مكتبة الوسائط	4247
F-003532	- System Architecture Diagram	5.7 مكتبة الوسائط	4248
F-003533	- Data Flow Diagram	5.7 مكتبة الوسائط	4249
F-003534	- إنشاء المخططات	5.7 مكتبة الوسائط	4250
F-003535	- استخراج تخطيط العناصر	5.7 مكتبة الوسائط	4251
F-003536	- High-Level Architecture Diagram	5.7 مكتبة الوسائط	4252
F-003537	- AI Model Architecture Diagram	5.7 مكتبة الوسائط	4253
F-003538	- Deployment Architecture Diagram	5.7 مكتبة الوسائط	4254
F-003539	- جميع المخططات التفصيلية	5.7 مكتبة الوسائط	4255
F-003540	- جميع مخططات التوسع	5.7 مكتبة الوسائط	4256
F-003541	- مخططات إثبات جديدة	5.7 مكتبة الوسائط	4257
F-003542	- إنشاء مخططات باستخدام Mermaid	5.7 مكتبة الوسائط	4258
F-003543	- قواعد منع التلوث عبر المراحل	5.7 مكتبة الوسائط	4259
F-003544	- تفكيك المراحل الفرعية	5.7 مكتبة الوسائط	4260
F-003545	- حساب بصمة تخطيط للمستند	5.7 مكتبة الوسائط	4261
F-003546	- إعادة إنتاج خطي مطابق	5.7 مكتبة الوسائط	4262
F-003547	- عكس التخطيط يمين-يسار تلقائياً	5.7 مكتبة الوسائط	4263
F-003548	- إعادة بناء المخططات البيانية	5.7 مكتبة الوسائط	4264
F-003549	- اقتراح تخطيطات بديلة	5.7 مكتبة الوسائط	4265
F-003550	- تطابق المخططات البيانية بكل محاورها وبياناتها وتسلسلها	5.7 مكتبة الوسائط	4266
F-003551	- الحفاظ الكامل على الروابط الداخلية والبنية الهيكلية	5.7 مكتبة الوسائط	4267
F-003552	- تطابق بصمة التخطيط الرقمية للمستند	5.7 مكتبة الوسائط	4268
F-003553	- الناتج يجب أن يكون مطابقاً هيكلياً وبصرياً ورياضياً	5.7 مكتبة الوسائط	4269
F-003554	- تطابق 100% في التخطيط	5.7 مكتبة الوسائط	4270
F-003555	- تطابق الهيكل الهرمي للعناوين	5.7 مكتبة الوسائط	4271
F-003556	- مقارنة بصمة التخطيط	5.7 مكتبة الوسائط	4272
F-003557	- مقارنة هيكلية للعناصر	5.7 مكتبة الوسائط	4273
F-003558	- رسم مخططات عبر GPU	5.7 مكتبة الوسائط	4274
F-003559	- الحفاظ على نسب كثافة المخطط	5.7 مكتبة الوسائط	4275
F-003560	- خريطة حرارة للهرمية	5.7 مكتبة الوسائط	4276
F-003561	- قفل قيود تخطيط	5.7 مكتبة الوسائط	4277
F-003562	- هيكل حوكمة هرمي واضح يمنع الفوضى	5.7 مكتبة الوسائط	4278
F-003563	- رسم مخطط الحوكمة التنفيذي الكامل	5.7 مكتبة الوسائط	4279
F-003564	- Bar width ratio	5.7 مكتبة الوسائط	4280
F-003565	- Pie slice angle	5.7 مكتبة الوسائط	4281
F-003566	- تصدير بصيغة PowerPoint قابل للتعديل	5.8 التصدير والمشاركة	4287
F-003567	- تصدير بصيغة PDF	5.8 التصدير والمشاركة	4288
F-003568	- تصدير بصيغة Google Slides	5.8 التصدير والمشاركة	4289
F-003569	- تصدير الشرائح كصور JPEG	5.8 التصدير والمشاركة	4290
F-003570	- تحويل العروض إلى فيديو مع تعليق صوتي	5.8 التصدير والمشاركة	4291
F-003571	- تضمين العروض في صفحات الويب والتطبيقات	5.8 التصدير والمشاركة	4292
F-003572	- تقديم كعرض ويب تفاعلي من المتصفح	5.8 التصدير والمشاركة	4293
F-003573	- حفظ على Google Drive أو OneDrive	5.8 التصدير والمشاركة	4294
F-003574	- مشاركة عبر رابط مباشر	5.8 التصدير والمشاركة	4295
F-003575	- استخدام قوالب مخصصة عند الإنشاء	5.8 التصدير والمشاركة	4296
F-003576	- تصدير التقارير بصيغ متعددة	5.8 التصدير والمشاركة	4297
F-003577	- تصدير عرض تقديمي كامل.	5.8 التصدير والمشاركة	4298
F-003578	- تصدير PowerPoint وعرض تفاعلي.	5.8 التصدير والمشاركة	4299
F-003579	- تصدير بصيغة PowerPoint (.pptx) قابل للتعديل	5.8 التصدير والمشاركة	4300
F-003580	- التوافق مع Google Slides	5.8 التصدير والمشاركة	4301
F-003581	- تصدير إلى صيغة PowerPoint (PPTX)	5.8 التصدير والمشاركة	4302
F-003582	- تصدير إلى صيغة Google Slides	5.8 التصدير والمشاركة	4303
F-003583	- تصدير الشرائح كصور بصيغة JPEG	5.8 التصدير والمشاركة	4304
F-003584	- تصدير PDF / PPTX احترافي	5.8 التصدير والمشاركة	4305
F-003585	- إنشاء تقرير PowerPoint	5.8 التصدير والمشاركة	4306
F-003586	- تصدير متعدد الصيغ (PDF، PPTX، Word)	5.8 التصدير والمشاركة	4307
F-003587	- التصدير والمشاركة	5.8 التصدير والمشاركة	4308
F-003588	- تصدير اللوحة كصورة أو مستند محمول	5.8 التصدير والمشاركة	4309
F-003589	- تصدير التقرير بعدة صيغ مثل المستند المحمول والوورد واكسل	5.8 التصدير والمشاركة	4310
F-003590	- إرسال ملخص قصير عبر رسالة نصية مع رابط التقرير	5.8 التصدير والمشاركة	4311
F-003591	- تصدير العرض بعدة صيغ	5.8 التصدير والمشاركة	4312
F-003592	- تصدير بجودة عالية للطباعة	5.8 التصدير والمشاركة	4313
F-003593	- تصدير المحادثة بصيغ مختلفة	5.8 التصدير والمشاركة	4314
F-003594	- تصدير تقارير Looker إلى Google Slides.	5.8 التصدير والمشاركة	4315
F-003595	- جدولة لقطات من لوحة المعلومات الخاصة بك تلقائيًا للبريد الإلكتروني و Microsoft Teams و Slack	5.8 التصدير والمشاركة	4316
F-003596	- تصدير التقارير كرسوم بيانية و PPT وصفحات Notion والمزيد	5.8 التصدير والمشاركة	4317
F-003597	- تصدير التقارير كملف PDF	5.8 التصدير والمشاركة	4318
F-003598	- تصدير المستندات كملف PDF	5.8 التصدير والمشاركة	4319
F-003599	- تصدير مرئيات وملفات PDF متوافقة مع معايير WCAG	5.8 التصدير والمشاركة	4320
F-003600	- تصدير ومشاركة التقارير بتنسيقات متعددة	5.8 التصدير والمشاركة	4321
F-003601	- تنزيل الملفات التي تم إنشاؤها أو حفظها مباشرة في Google Drive	5.8 التصدير والمشاركة	4322
F-003602	- نشر المستندات كموقع ويب	5.8 التصدير والمشاركة	4323
F-003603	- تخزين التقارير في مساحة عمل Notion أو حفظها كمستندات Google	5.8 التصدير والمشاركة	4324
F-003604	- نشر ورقة بيضاء حول اتجاهات الصناعة	5.8 التصدير والمشاركة	4325
F-003605	- مشاركة العروض عبر رابط مباشر	5.8 التصدير والمشاركة	4326
F-003606	- إشعارات بريد إلكتروني (قوالب HTML، توقيتات، سياسات إرسال)	5.8 التصدير والمشاركة	4327
F-003607	- تصدير المحادثة (PDF، Word، رابط)	5.8 التصدير والمشاركة	4328
F-003608	- نشر المخرجات (رابط لوحة، PDF، PPTX، نشر مجموعة بيانات لقاعدة البيانات)	5.8 التصدير والمشاركة	4329
F-003609	- التوافق مع Google Slides وتصدير إليها	5.8 التصدير والمشاركة	4330
F-003610	- تصدير عرض تقديمي كامل	5.8 التصدير والمشاركة	4331
F-003611	- تصدير عرض تفاعلي	5.8 التصدير والمشاركة	4332
F-003612	- تصدير متعدد الصيغ (PPTX, PDF, Google Slides, HTML, Word)	5.8 التصدير والمشاركة	4333
F-003613	- تحويل بين صيغ الملفات (PDF, PPTX, DOCX, فيديو)	5.8 التصدير والمشاركة	4334
F-003614	- تضمين مقاطع الفيديو أو مواقع الويب والتفاعل معها أثناء العرض	5.8 التصدير والمشاركة	4335
F-003615	- إرسال تلقائي عبر البريد	5.8 التصدير والمشاركة	4336
F-003616	- قدرات تصدير متقدمة	5.8 التصدير والمشاركة	4337
F-003617	- إنشاء تقارير جاهزة للتصدير	5.8 التصدير والمشاركة	4338
F-003618	- يمكن نشر أجزاء مستقلة	5.8 التصدير والمشاركة	4339
F-003619	- إعادة صياغتها كنص رسمي جاهز للإرسال إلى Cloud Provider	5.8 التصدير والمشاركة	4340
F-003620	- محرك للتجارب التفاعلية والمضمنة	5.8 التصدير والمشاركة	4341
F-003621	- تصدير إلى Canva	5.8 التصدير والمشاركة	4342
F-003622	- اختبار عزل الجهات تلقائياً عند كل نشر	5.8 التصدير والمشاركة	4343
F-003623	- نشر المنصة داخل بيئة محلية مغلقة	5.8 التصدير والمشاركة	4344
F-003624	- فرض تضمين الخطوط	5.8 التصدير والمشاركة	4345
F-003625	- محرك تحليلي مضمن (من فئة DuckDB)	5.8 التصدير والمشاركة	4346
F-003626	- إذا كان الخط الأصلي غير متوفر، يجب تضمينه، وإذا استحال التضمين، يجب تحويل الحروف إلى رسوم متجهة	5.8 التصدير والمشاركة	4347
F-003627	- تضمين متعدد الصيغ	5.8 التصدير والمشاركة	4348
F-003628	- مهمة نشر/تصدير	5.8 التصدير والمشاركة	4349
F-003629	- مصادقة ثنائية (2FA) عبر تطبيق، SMS، وبريد مع سياسات إلزامية حسب الدور	5.8 التصدير والمشاركة	4350
F-003630	- إعدادات البريد (SMTP، اختبار الإرسال، سجل الإرسال، قيود النطاق)	5.8 التصدير والمشاركة	4351
F-003631	- عند قرب اجتماع أو نشر دوري، يقترح تحديث Snapshot وتجهيز العرض	5.8 التصدير والمشاركة	4352
F-003632	- تصدير السجلات بصيغ (PDF/CSV/JSON)	5.8 التصدير والمشاركة	4353
F-003633	- التضمين في أنظمة أخرى	5.8 التصدير والمشاركة	4354
F-003634	- مركز النشر (Publish Hub)	5.8 التصدير والمشاركة	4355
F-003635	- محرك تصدير (Export Engine)	5.8 التصدير والمشاركة	4356
F-003636	- نظام نشر	5.8 التصدير والمشاركة	4357
F-003637	- نموذج النشر (مسودة ← منشور)	5.8 التصدير والمشاركة	4358
F-003638	- نشر وتحديث متزامن	5.8 التصدير والمشاركة	4359
F-003639	- تصدير مصفوفة الصلاحيات	5.8 التصدير والمشاركة	4360
F-003640	- إنشاء Embeddings لأي مجموعة بيانات مسجلة	5.8 التصدير والمشاركة	4361
F-003641	- تضمين الطابع الزمني	5.8 التصدير والمشاركة	4362
F-003642	- استخراج النص المضمن (إذا كان PDF نصيًا)	5.8 التصدير والمشاركة	4363
F-003643	- نشر السياسة	5.8 التصدير والمشاركة	4364
F-003644	- إصدار نسخ متعددة	5.8 التصدير والمشاركة	4365
F-003645	- إنشاء نسخ متعددة	5.8 التصدير والمشاركة	4366
F-003646	- ربط نطاق مخصص (yourbrand.com)	5.8 التصدير والمشاركة	4367
F-003647	- نشر فوري كموقع إلكتروني	5.8 التصدير والمشاركة	4368
F-003648	- نشر كموقع إلكتروني	5.8 التصدير والمشاركة	4369
F-003649	- نشر مباشر على لينكدإن	5.8 التصدير والمشاركة	4370
F-003650	- شراء نطاق جديد من داخل المنصة	5.8 التصدير والمشاركة	4371
F-003651	- شراء نطاق من داخل المنصة	5.8 التصدير والمشاركة	4372
F-003652	- نطاق فرعي مجاني (yourname.المنصة.site)	5.8 التصدير والمشاركة	4373
F-003653	- إنتاج منشورات اجتماعية كصور كاملة وليس شرائح	5.8 التصدير والمشاركة	4374
F-003654	- تصدير powerpoint (pptx)	5.8 التصدير والمشاركة	4375
F-003655	- نطاق مخصص	5.8 التصدير والمشاركة	4376
F-003656	- تصدير png	5.8 التصدير والمشاركة	4377
F-003657	- التعاون في الوقت الفعلي على العروض	5.9 التعاون والعرض	4383
F-003658	- إضافة تعليقات وملاحظات على الشرائح	5.9 التعاون والعرض	4384
F-003659	- تسجيل العروض مع السرد الصوتي	5.9 التعاون والعرض	4385
F-003660	- التعليق الصوتي المسجل بالذكاء الاصطناعي	5.9 التعاون والعرض	4386
F-003661	- التحكم في العرض عن بعد باستخدام الهاتف	5.9 التعاون والعرض	4387
F-003662	- وضع مقدم العرض	5.9 التعاون والعرض	4388
F-003663	- حماية العروض بكلمة مرور	5.9 التعاون والعرض	4389
F-003664	- تتبع تفاعل الجمهور مع العروض المشتركة	5.9 التعاون والعرض	4390
F-003665	- تحليلات لتتبع تفاعل المشاهدين	5.9 التعاون والعرض	4391
F-003666	- إشعارات حول تقدم العمل	5.9 التعاون والعرض	4392
F-003667	- نشر لوحة مع رابط + PDF + PPTX + نشر Dataset لقاعدة البيانات	5.9 التعاون والعرض	4393
F-003668	- التحقق من الصلاحيات عند النشر	5.9 التعاون والعرض	4394
F-003669	- التفاعل بدون ربط مباشر بين المكونات	5.9 التعاون والعرض	4395
F-003670	- التعاون والعرض المشترك بين المستخدمين	5.9 التعاون والعرض	4396
F-003671	- نشر وتصدير وجدولة ومشاركة المحتوى عبر Publish Hub	5.9 التعاون والعرض	4397
F-003672	- دعم التعاون والعرض من خلال Workspaces لمشاريع وفِرق ووحدات أعمال	5.9 التعاون والعرض	4398
F-003673	- توفير مركز تحكم شامل (Universal Command Bar) لإدارة العمليات المختلفة	5.9 التعاون والعرض	4399
F-003674	- دعم مراحل العمل Plan → Preview → Approval → Execution → Audit	5.9 التعاون والعرض	4400
F-003675	- دعم نشر المحتوى مع جدولة تلقائية وتقارير متقدمة	5.9 التعاون والعرض	4401
F-003676	- دعم أرشفة كاملة لكل صفحة حتى لو لم تتغير مع حفظ نسخة كاملة	5.9 التعاون والعرض	4402
F-003677	- مشاركة التعاون والعرض عبر روابط تفاعلية	5.9 التعاون والعرض	4403
F-003678	- تكامل مع تطبيقات البيانات (Google Analytics، ChartMogul) لعرض إحصائيات محدثة	5.9 التعاون والعرض	4404
F-003679	- كشف الشرائح المزدحمة	5.9 التعاون والعرض	4405
F-003680	- التعاون والعرض	5.9 التعاون والعرض	4406
F-003681	- مشاركة اللوحة مع الآخرين برابط	5.9 التعاون والعرض	4407
F-003682	- مشاركة التقارير برابط أو بريد أو طباعة	5.9 التعاون والعرض	4408
F-003683	- مشاركة العرض مباشرة مع الآخرين	5.9 التعاون والعرض	4409
F-003684	- وضع العرض المباشر على الشاشة	5.9 التعاون والعرض	4410
F-003685	- دعم ملاحظات المقدم	5.9 التعاون والعرض	4411
F-003686	- تعاون فوري بين المستخدمين	5.9 التعاون والعرض	4412
F-003687	- توصيات شخصية لكل مستخدم	5.9 التعاون والعرض	4413
F-003688	- مشاركة لوحات المعلومات الحية مع الفريق أو تضمينها في أي مكان.	5.9 التعاون والعرض	4414
F-003689	- تحويل الأوامر النصية إلى تحليل ومذكرات وتقارير وعروض تقديمية.	5.9 التعاون والعرض	4415
F-003690	- إرسال الرؤى مباشرة إلى المستخدمين في Slack والبريد الإلكتروني.	5.9 التعاون والعرض	4416
F-003691	- التعاون والعرض الجماعي	5.9 التعاون والعرض	4417
F-003692	- عرض لوحة المعلومات الخاصة بك على جهاز تلفزيون في مساحة العمل الخاصة بك	5.9 التعاون والعرض	4418
F-003693	- مشاركة مقاييسك على نطاق واسع	5.9 التعاون والعرض	4419
F-003694	- لوحات معلومات التلفزيون	5.9 التعاون والعرض	4420
F-003695	- مشاركة لوحة المعلومات الخاصة بك	5.9 التعاون والعرض	4421
F-003696	- مشاركة لوحات المعلومات الثابتة أو الروابط الحية لأصحاب المصلحة والعملاء لإبقاء الجميع على نفس الصفحة	5.9 التعاون والعرض	4422
F-003697	- الحفاظ على طابع شخصي في التواصل مع العملاء على نطاق واسع	5.9 التعاون والعرض	4423
F-003698	- واجهة محادثة مخصصة للمسوقين	5.9 التعاون والعرض	4424
F-003699	- عرض جميع المعلومات المهمة في مكان واحد	5.9 التعاون والعرض	4425
F-003700	- عرض مؤشرات الأداء الرئيسية في الوقت الفعلي	5.9 التعاون والعرض	4426
F-003701	- مشاركة المستندات عبر رابط مخصص	5.9 التعاون والعرض	4427
F-003702	- مشاركة لوحات المعلومات الحية مع الفريق	5.9 التعاون والعرض	4428
F-003703	- مشاركة لوحات المؤشرات (رابط، تضمين، وضع التلفزيون)	5.9 التعاون والعرض	4429
F-003704	- وكيل مقدم العروض (Presenter Agent) مع ملاحظات وجلسة أسئلة وأجوبة	5.9 التعاون والعرض	4430
F-003705	- خدمة العروض	5.9 التعاون والعرض	4431
F-003706	- إدارة الإشعارات والقوالب وقنوات الإرسال	5.9 التعاون والعرض	4432
F-003707	- مركز إشعارات للمستخدم	5.9 التعاون والعرض	4433
F-003708	- تخصيص واجهة تسجيل الدخول (شعار، خلفية، رسالة، لغات)	5.9 التعاون والعرض	4434
F-003709	- إشعارات فورية عبر WebSocket / SSE	5.9 التعاون والعرض	4435
F-003710	- ملخص يومي/أسبوعي للإشعارات (Digest)	5.9 التعاون والعرض	4436
F-003711	- قوالب إشعارات متعددة اللغات لكل نوع إشعار	5.9 التعاون والعرض	4437
F-003712	- إشعارات مخصصة للفرق والأقسام	5.9 التعاون والعرض	4438
F-003713	- إصدار إشعار يحدد موعد المراجعة	5.9 التعاون والعرض	4439
F-003714	- قياس أثر الإشعار	5.9 التعاون والعرض	4440
F-003715	- إشعار عند تسرب البيانات الشخصية	5.9 التعاون والعرض	4441
F-003716	الوضع السهل	5.10 الإنفوجرافيك الاحترافي	4447
F-003717	- زر واحد: تحويل البيانات إلى إنفوجرافيك	5.10 الإنفوجرافيك الاحترافي	4449
F-003718	- اختيار أفضل نمط بصري تلقائياً	5.10 الإنفوجرافيك الاحترافي	4450
F-003719	- تلخيص المعلومات بصرياً وإنشاء تخطيط متوازن	5.10 الإنفوجرافيك الاحترافي	4451
F-003720	الوضع المتقدم	5.10 الإنفوجرافيك الاحترافي	4453
F-003721	- إنفوجرافيك زمني ومقارنة وهيكلي ومراحل وإحصائي وجغرافي	5.10 الإنفوجرافيك الاحترافي	4455
F-003722	- لوحة ضبط وزن التسلسل الهرمي البصري	5.10 الإنفوجرافيك الاحترافي	4456
F-003723	- خريطة حرارية للكثافة	5.10 الإنفوجرافيك الاحترافي	4457
F-003724	- محلل المساحات البيضاء	5.10 الإنفوجرافيك الاحترافي	4458
F-003725	- أدوات تحكم في خريطة التأكيد	5.10 الإنفوجرافيك الاحترافي	4459
F-003726	- اقتراحات تناغم الألوان	5.10 الإنفوجرافيك الاحترافي	4460
F-003727	- رسم بياني لتدفق السرد	5.10 الإنفوجرافيك الاحترافي	4461
F-003728	- قفل أجزاء من الشبكة والتعديل الرياضي للمسافات	5.10 الإنفوجرافيك الاحترافي	4462
F-003729	- محاذاة بنسب تصميمية: النسبة الذهبية والشبكة المعيارية	5.10 الإنفوجرافيك الاحترافي	4463
F-003730	- تحسين صانع العروض وصانع لوحات المؤشرات لإنشاء انفوجرافيك احترافي	5.10 الإنفوجرافيك الاحترافي	4464
F-003731	- الإنفوجرافيك الاحترافي	5.10 الإنفوجرافيك الاحترافي	4465
F-003732	- إنشاء رسوم بيانية معلوماتية احترافية من البيانات	5.10 الإنفوجرافيك الاحترافي	4466
F-003733	- توليد إنفوجرافيك تلقائيا من البيانات	5.10 الإنفوجرافيك الاحترافي	4467
F-003734	- إنشاء إنفوجرافيك قائم على لوحة قصة	5.10 الإنفوجرافيك الاحترافي	4468
F-003735	- إنشاء تدفقات إنفوجرافيك متعددة الأقسام	5.10 الإنفوجرافيك الاحترافي	4469
F-003736	- محرك تصور المخططات الزمنية	5.10 الإنفوجرافيك الاحترافي	4470
F-003737	- بناء إنفوجرافيك مقارنات	5.10 الإنفوجرافيك الاحترافي	4471
F-003738	- توليد مخططات عمليات	5.10 الإنفوجرافيك الاحترافي	4472
F-003739	- عرض مؤشرات أداء بشكل شعاعي	5.10 الإنفوجرافيك الاحترافي	4473
F-003740	- بناء خرائط حرارية للبيانات	5.10 الإنفوجرافيك الاحترافي	4474
F-003741	- دعم إنفوجرافيك جغرافي	5.10 الإنفوجرافيك الاحترافي	4475
F-003742	- توليد صور ورسوم توضيحية	5.10 الإنفوجرافيك الاحترافي	4476
F-003743	- توليد فيديوهات وعروض مرئية	5.10 الإنفوجرافيك الاحترافي	4477
F-003744	- إنشاء تعليق صوتي احترافي	5.10 الإنفوجرافيك الاحترافي	4478
F-003745	- إنشاء إنفوجرافيك قائم على لوحة القصة	5.10 الإنفوجرافيك الاحترافي	4479
F-003746	- إنشاء تلقائي للإنفوجرافيك من البيانات	5.10 الإنفوجرافيك الاحترافي	4480
F-003747	- تحويل الرسم البياني إلى إنفوجرافيك	5.10 الإنفوجرافيك الاحترافي	4481
F-003748	- إنشاء عروض تقديمية متحركة للرسوم البيانية	5.10 الإنفوجرافيك الاحترافي	4482
F-003749	- دعم الإنفوجرافيك الجغرافي المكاني	5.10 الإنفوجرافيك الاحترافي	4483
F-003750	- تدفقات إنفوجرافيك متعددة الأقسام	5.10 الإنفوجرافيك الاحترافي	4484
F-003751	- باني إنفوجرافيك المقارنة	5.10 الإنفوجرافيك الاحترافي	4485
F-003752	- باني خريطة البيانات الحرارية	5.10 الإنفوجرافيك الاحترافي	4486
F-003753	- اقتراح منطق التنقل لأسفل (drill-down)	5.10 الإنفوجرافيك الاحترافي	4487
F-003754	- موازنة تلقائية لأرباع الداشبورد	5.10 الإنفوجرافيك الاحترافي	4488
F-003755	- انعكاس الإنفوجرافيك من اليمين إلى اليسار دون تشويه	5.10 الإنفوجرافيك الاحترافي	4489
F-003756	- إنشاء أنظمة إنفوجرافيك تنافس منصات التصميم العالمية	5.10 الإنفوجرافيك الاحترافي	4490
F-003757	- محرك تكوين الإنفوجرافيك (Infographic Composition Engine)	5.10 الإنفوجرافيك الاحترافي	4491
F-003758	- ذكاء الإنفوجرافيك (Infographic Intelligence)	5.10 الإنفوجرافيك الاحترافي	4492
F-003759	- ذكاء تكوين الإنفوجرافيك	5.10 الإنفوجرافيك الاحترافي	4493
F-003760	- محرك إتقان الإنفوجرافيك	5.10 الإنفوجرافيك الاحترافي	4494
F-003761	- محرك الإنفوجرافيك: محلل قيود + ذكاء اصطناعي لتقييم التصميم	5.10 الإنفوجرافيك الاحترافي	4495
F-003762	- اقتراح متغيرات للإنفوجرافيك	5.10 الإنفوجرافيك الاحترافي	4496
F-003763	- لوحات تدفق البيانات في الوقت الحقيقي	5.10 الإنفوجرافيك الاحترافي	4497
F-003764	- تمكين الإنفوجرافيك والعروض التقديمية بما يتجاوز المنصة	5.10 الإنفوجرافيك الاحترافي	4498
F-003765	- تمكين العروض التقديمية والإنفوجرافيك	5.10 الإنفوجرافيك الاحترافي	4499
F-003766	- مرونة محرر الإنفوجرافيك تتجاوز مستوى المنصة	5.10 الإنفوجرافيك الاحترافي	4500
F-003767	- إدراج أي قسم إنفوجرافيك في تقرير	5.10 الإنفوجرافيك الاحترافي	4501
F-003768	- سحب مجموعة بيانات إلى إنفوجرافيك للسرد التلقائي	5.10 الإنفوجرافيك الاحترافي	4502
F-003769	- سحب أي أداة داشبورد إلى عرض تقديمي	5.10 الإنفوجرافيك الاحترافي	4503
F-003770	- سحب رسم بياني إلى داشبورد مع الحفاظ على الهندسة	5.10 الإنفوجرافيك الاحترافي	4504
F-003771	- تحويل اللوحات إلى شرائح بسلاسة	5.10 الإنفوجرافيك الاحترافي	4505
F-003772	- لوحات المؤشرات المعاد بناؤها من الصور يجب أن تكتشف أنواع الرسوم البيانية، عناصر التحكم في الفلترة، علاقات وسيلة الإيضاح، التسلسل الهرمي لتجميع البيانات، تحافظ على الهندسة بدقة، تعيد ربط البيانات الحقيقية، وتحافظ على استقرار الكثافة	5.10 الإنفوجرافيك الاحترافي	4506
F-003773	- سجل إصدارات مستقل لكل إنفوجرافيك	5.10 الإنفوجرافيك الاحترافي	4507
F-003774	- استنساخ مستقل لأقسام الإنفوجرافيك	5.10 الإنفوجرافيك الاحترافي	4508
F-003775	- النماذج الأولية للإنفوجرافيك	5.10 الإنفوجرافيك الاحترافي	4509
F-003776	- اقتراح تحسين وضوح الرسم البياني	5.10 الإنفوجرافيك الاحترافي	4510
F-003777	- فرض تناغم أسلوب الطباعة	5.10 الإنفوجرافيك الاحترافي	4511
F-003778	- محرك مقارنة أسلوب الطباعة (Typography diff engine)	5.10 الإنفوجرافيك الاحترافي	4512
F-003779	- محرك تكييف أسلوب الطباعة (Typography Adaptation Engine)	5.10 الإنفوجرافيك الاحترافي	4513
F-003780	- محرك أسلوب الطباعة (Typography Engine)	5.10 الإنفوجرافيك الاحترافي	4514
F-003781	- قياس تناغم أسلوب الطباعة	5.10 الإنفوجرافيك الاحترافي	4515
F-003782	- إعادة توازن أسلوب الطباعة	5.10 الإنفوجرافيك الاحترافي	4516
F-003783	- إعادة تدفق أسلوب الطباعة (كشيدة + خط أساسي)	5.10 الإنفوجرافيك الاحترافي	4517
F-003784	- تحديد أسلوب الطباعة الأساسي (baseline typography)	5.10 الإنفوجرافيك الاحترافي	4518
F-003785	- استنتاج خط الأساس للطباعة	5.10 الإنفوجرافيك الاحترافي	4519
F-003786	- ترميز علاقات خط الأساس للطباعة	5.10 الإنفوجرافيك الاحترافي	4520
F-003787	- ترميز تعيينات تناسب الرسوم البيانية	5.10 الإنفوجرافيك الاحترافي	4521
F-003788	- محرك رياضيات لعكس المحاور في الرسوم البيانية من اليمين لليسار	5.10 الإنفوجرافيك الاحترافي	4522
F-003789	- عكس محور الرسم البياني	5.10 الإنفوجرافيك الاحترافي	4523
F-003790	- الحفاظ على التسلسل الهرمي للطباعة	5.10 الإنفوجرافيك الاحترافي	4524
F-003791	- الحفاظ على كثافة الرسوم البيانية	5.10 الإنفوجرافيك الاحترافي	4525
F-003792	- الحفاظ على نسبة كثافة الرسوم البيانية	5.10 الإنفوجرافيك الاحترافي	4526
F-003793	- الحفاظ على سلامة محاور اللوحة	5.10 الإنفوجرافيك الاحترافي	4527
F-003794	- الحفاظ على إحداثيات مرساة الرسم البياني	5.10 الإنفوجرافيك الاحترافي	4528
F-003795	- قفل مرساة الرسم البياني	5.10 الإنفوجرافيك الاحترافي	4529
F-003796	- يجب أن يسمح تجريد القوالب على مستوى الشريحة والإنفوجرافيك بعزل المكونات، استنساخ الأقسام، وراثة القيود، المزامنة عبر المستندات	5.10 الإنفوجرافيك الاحترافي	4530
F-003797	- يجب أن يوفر النظام لوحة ضبط بصري للتسلسل الهرمي، تراكب خريطة حرارية للكثافة، محلل للمساحات البيضاء، ضوابط لتعيين التركيز، اقتراحات لتناغم الألوان، رسم بياني لتدفق السرد	5.10 الإنفوجرافيك الاحترافي	4531
F-003798	- يجب أن يوفر النظام خريطة حرارية للتسلسل الهرمي، محلل للكثافة، متخيل للمساحات البيضاء، ضوابط للتركيز، محرر للرسم البياني السردي، قفل للقيود، نظام شبكي معياري	5.10 الإنفوجرافيك الاحترافي	4532
F-003799	- محرك الرسم البياني للتخطيط (Layout Graph Engine)	5.10 الإنفوجرافيك الاحترافي	4533
F-003800	- باني الرسم البياني للتخطيط (Layout Graph Builder)	5.10 الإنفوجرافيك الاحترافي	4534
F-003801	- الرسم البياني الهرمي للمكونات	5.10 الإنفوجرافيك الاحترافي	4535
F-003802	- الرسم البياني للمحتوى الدلالي (Semantic Content Graph)	5.10 الإنفوجرافيك الاحترافي	4536
F-003803	- الرسم البياني للقيود البصرية (Visual Constraint Graph)	5.10 الإنفوجرافيك الاحترافي	4537
F-003804	- الرسم البياني للقيود الرياضية	5.10 الإنفوجرافيك الاحترافي	4538
F-003805	- محرك الرسم البياني للقيود الرياضية (MCGE)	5.10 الإنفوجرافيك الاحترافي	4539
F-003806	- تمثيل كل قطعة أثرية بصرية كرسم بياني للتبعيات والقيود	5.10 الإنفوجرافيك الاحترافي	4540
F-003807	- إعادة بناء رياضية 1:1 للوحات المؤشرات وملفات Excel والعروض التقديمية وملفات PDF والصور	5.10 الإنفوجرافيك الاحترافي	4541
F-003808	- إعادة بناء مطلقة 1:1 من الصور وملفات PDF والعروض التقديمية واللوحات و Excel	5.10 الإنفوجرافيك الاحترافي	4542
F-003809	- إعادة بناء داشبورد 1:1 من Excel	5.10 الإنفوجرافيك الاحترافي	4543
F-003810	- إعادة بناء هندسية مطلقة من أي مدخل (صورة / PDF / عرض / لوحة / Excel)	5.10 الإنفوجرافيك الاحترافي	4544
F-003811	- إعادة بناء استنتاجية للداشبورد	5.10 الإنفوجرافيك الاحترافي	4545
F-003812	- محرك داشبورد من فئة ذكاء الأعمال (BI-grade)	5.10 الإنفوجرافيك الاحترافي	4546
F-003813	- إنشاء داشبورد (تنفيذي + تشغيلي)	5.10 الإنفوجرافيك الاحترافي	4547
F-003814	- لوحات في الوقت الحقيقي + تنبيهات	5.10 الإنفوجرافيك الاحترافي	4548
F-003815	- تحديث تلقائي للداشبورد في الوقت الحقيقي	5.10 الإنفوجرافيك الاحترافي	4549
F-003816	- تحويل مجموعة البيانات إلى داشبورد (اقتراح مرئيات + تخطيط)	5.10 الإنفوجرافيك الاحترافي	4550
F-003817	- تحويل الداشبورد إلى تقرير (دقة بكسل مثالية + سرد تنفيذي)	5.10 الإنفوجرافيك الاحترافي	4551
F-003818	- سحب حقل بيانات إلى رسم بياني للتعيين التلقائي	5.10 الإنفوجرافيك الاحترافي	4552
F-003819	- اكتشاف نوع الرسم البياني الأمثل	5.10 الإنفوجرافيك الاحترافي	4553
F-003820	- اكتشاف أنواع الرسوم البيانية (أعمدة، خطي، دائري)	5.10 الإنفوجرافيك الاحترافي	4554
F-003821	- تحديد إصدارات مستقل لكل داشبورد	5.10 الإنفوجرافيك الاحترافي	4555
F-003822	- اقتراح لوحات وسير عمل وتقارير وتخطيطات بصرية جديدة	5.10 الإنفوجرافيك الاحترافي	4556
F-003823	- بناة اللوحات والتقارير والعروض (الربط المباشر أساسي)	5.10 الإنفوجرافيك الاحترافي	4557
F-003824	- سحب قالب وإفلاته لإنشاء تقرير/مراسلة/لوحة جديدة	5.10 الإنفوجرافيك الاحترافي	4558
F-003825	- سحب حقل إلى فلتر أو محور تجميع داخل تقرير/لوحة	5.10 الإنفوجرافيك الاحترافي	4559
F-003826	- لوحة تشغيل يومية	5.10 الإنفوجرافيك الاحترافي	4560
F-003827	- الاستعلام باللغة الطبيعية للبيانات (اسأل التقرير/اللوحة)	5.10 الإنفوجرافيك الاحترافي	4561
F-003828	- مركز الإشعارات: قائمة + فلترة (مقروء/غير مقروء/نوع/تاريخ)	5.10 الإنفوجرافيك الاحترافي	4562
F-003829	- إمكانية الوصول: اختصارات لوحة مفاتيح + تباين ألوان + نص بديل	5.10 الإنفوجرافيك الاحترافي	4563
F-003830	- تصنيف: مكون (رسم بياني / بطاقة)، قطعة أثرية (داشبورد / تقرير / عرض)	5.10 الإنفوجرافيك الاحترافي	4564
F-003831	- عند إنشاء لوحة، يقترح تقرير وعرض مطابقين	5.10 الإنفوجرافيك الاحترافي	4565
F-003832	- الداشبورد يجب أن يكون للقراءة فقط	5.10 الإنفوجرافيك الاحترافي	4566
F-003833	- الداشبورد يستهلك البيانات عبر الطبقة الدلالية فقط	5.10 الإنفوجرافيك الاحترافي	4567
F-003834	- يمكن للداشبورد استهلاك التقارير	5.10 الإنفوجرافيك الاحترافي	4568
F-003835	- الصفحات تشير إلى اللوحات	5.10 الإنفوجرافيك الاحترافي	4569
F-003836	- الإشارة إلى اللوحات أو التقارير بالمعرف فقط	5.10 الإنفوجرافيك الاحترافي	4570
F-003837	- تدقيق الرسم البياني للتبعيات	5.10 الإنفوجرافيك الاحترافي	4571
F-003838	- استخراج الرسم البياني الكامل للتبعيات	5.10 الإنفوجرافيك الاحترافي	4572
F-003839	- محرك مقارنة بنية الرسوم البيانية (Chart structure diff)	5.10 الإنفوجرافيك الاحترافي	4573
F-003840	- التحقق من سلامة الإنفوجرافيك	5.10 الإنفوجرافيك الاحترافي	4574
F-003841	- التقاط صورة للداشبورد	5.10 الإنفوجرافيك الاحترافي	4575
F-003842	- عرض تفاعلي للداشبورد	5.10 الإنفوجرافيك الاحترافي	4576
F-003843	- محرك تصميم يجب أن يحسب تناغم أسلوب الطباعة	5.10 الإنفوجرافيك الاحترافي	4577
F-003844	- محرك الرسم البياني للتبعيات الموجهة	5.10 الإنفوجرافيك الاحترافي	4578
F-003845	- محرك الرسم البياني للتنفيذ المرتب (Ordered Execution Graph)	5.10 الإنفوجرافيك الاحترافي	4579
F-003846	- تحويل إنفوجرافيك إلى شريحة عرض	5.10 الإنفوجرافيك الاحترافي	4580
F-003847	- إنشاء الإنفوجرافيك الاحترافي	5.10 الإنفوجرافيك الاحترافي	4581
F-003848	- دعم إنشاء إنفوجرافيك احترافي	5.10 الإنفوجرافيك الاحترافي	4582
F-003849	- تحويل البيانات إلى إنفوجرافيك	5.10 الإنفوجرافيك الاحترافي	4583
F-003850	- اختيار نوع الإنفوجرافيك: زمني, مقارنة, هيكلي, مراحل عملية, إحصائي, جغرافي	5.10 الإنفوجرافيك الاحترافي	4584
F-003851	- حوّل هذا إلى إنفوجرافيك	5.10 الإنفوجرافيك الاحترافي	4585
F-003852	- إنشاء إنفوجرافيك	5.10 الإنفوجرافيك الاحترافي	4586
F-003853	- مكتبة إنفوجرافيك	5.10 الإنفوجرافيك الاحترافي	4587
F-003854	- إنشاء عروض تقديمية وإنفوجرافيك	5.10 الإنفوجرافيك الاحترافي	4588
F-003855	- مطابقة حرفية + تكيف ذكي + احترافية إنفوجرافيك	5.10 الإنفوجرافيك الاحترافي	4589
F-003856	- إنفوجرافيك عالمي المستوى	5.10 الإنفوجرافيك الاحترافي	4590
F-003857	- ذكاء إنفوجرافيك	5.10 الإنفوجرافيك الاحترافي	4591
F-003858	- بيانات JSON ↔ إنفوجرافيك	5.10 الإنفوجرافيك الاحترافي	4592
F-003859	- إنشاء إنفوجرافيك من بيانات	5.10 الإنفوجرافيك الاحترافي	4593
F-003860	- تحويل بيانات JSON إلى إنفوجرافيك	5.10 الإنفوجرافيك الاحترافي	4594
F-003861	- إنشاء إنفوجرافيك احترافي تلقائياً	5.10 الإنفوجرافيك الاحترافي	4595
F-003862	- تمكين العروض والإنفوجرافيك بمستوى احترافي	5.10 الإنفوجرافيك الاحترافي	4596
F-003863	- محرر الإنفوجرافيك يتجاوز مرونة المنصة	5.10 الإنفوجرافيك الاحترافي	4597
F-003864	- تمكين صانع العروض والإنفوجرافيك	5.10 الإنفوجرافيك الاحترافي	4598
F-003865	- تحويل استنتاجات البيانات إلى إنفوجرافيك	5.10 الإنفوجرافيك الاحترافي	4599
F-003866	- توليد إنفوجرافيك مصور	5.10 الإنفوجرافيك الاحترافي	4600
F-003867	- إنفوجرافيك تعليمي	5.10 الإنفوجرافيك الاحترافي	4601
F-003868	- نشرات إخبارية بصرية	5.10 الإنفوجرافيك الاحترافي	4602
F-003869	- التكامل المباشر مع Google Slides و PowerPoint كإضافة	5.11 التكامل والأتمتة	4608
F-003870	- استيراد العروض من PowerPoint و Google Slides و Canva	5.11 التكامل والأتمتة	4609
F-003871	- واجهة برمجية لإنشاء وتعديل العروض برمجياً	5.11 التكامل والأتمتة	4610
F-003872	- تكامل مع أدوات الأتمتة	5.11 التكامل والأتمتة	4611
F-003873	- تكامل مع تطبيقات البيانات لعرض إحصائيات محدثة	5.11 التكامل والأتمتة	4612
F-003874	- حفظ سير العمل كمهارة قابلة لإعادة الاستخدام	5.11 التكامل والأتمتة	4613
F-003875	- إنشاء صفحات هبوط ومستندات من العروض	5.11 التكامل والأتمتة	4614
F-003876	- نصائح تصميم عبر الدردشة مع الذكاء الاصطناعي	5.11 التكامل والأتمتة	4615
F-003877	- التكامل المباشر مع Google Slides وPowerPoint كإضافة	5.11 التكامل والأتمتة	4616
F-003878	- التكامل والأتمتة	5.11 التكامل والأتمتة	4617
F-003879	- أتمتة المهام.	5.11 التكامل والأتمتة	4618
F-003880	- تجميع تدفقات العمل بشكل أسرع.	5.11 التكامل والأتمتة	4619
F-003881	- اتخاذ إجراءات مخصصة لاحتياجات فريقك دون كتابة أي رمز.	5.11 التكامل والأتمتة	4620
F-003882	- أتمتة تدفقات العمل.	5.11 التكامل والأتمتة	4621
F-003883	- أتمتة تدفقات العمل بمنطق مدعوم بالذكاء الاصطناعي.	5.11 التكامل والأتمتة	4622
F-003884	- تضمين التحليلات في أي تطبيق أو عملية أو سير عمل.	5.11 التكامل والأتمتة	4623
F-003885	- تنبيهات ذكية.	5.11 التكامل والأتمتة	4624
F-003886	- بدء الإجراءات تلقائيًا.	5.11 التكامل والأتمتة	4625
F-003887	- تنبيه المستخدمين إلى التغييرات المهمة في البيانات.	5.11 التكامل والأتمتة	4626
F-003888	هذا المحرك يضمن إعادة بناء أي تصميم من صورة أو ملف بدقة رياضية كاملة واحد لواحد. لا يوجد تقريب ولا تحسين ولا تفسير. إما تطابق رياضي كامل أو رفض التنفيذ.	المحرك السادس: محرك المطابقة الحرفية الهندسية الدقيقة	4632
F-003889	عند تفعيل وضع المطابقة الحرفية:	6.1 المبدأ الأساسي	4638
F-003890	- جميع محركات التحسين التلقائي تُعطل	6.1 المبدأ الأساسي	4640
F-003891	- لا يُسمح بأي تحسين أو تجميل أو إعادة توزيع أو تقريب	6.1 المبدأ الأساسي	4641
F-003892	- يتم إعادة بناء العلاقات الرياضية الأصلية بدقة هندسية	6.1 المبدأ الأساسي	4642
F-003893	- المخرجات تُقبل فقط إذا بلغت درجة الدقة تسع وتسعين فاصلة تسعة من مئة	6.1 المبدأ الأساسي	4643
F-003894	- إذا كانت الدقة أقل يُرفض التنفيذ ولا يوجد قبول جزئي	6.1 المبدأ الأساسي	4644
F-003895	- مبدأ منع دمج مراحل بدون موافقة	6.1 المبدأ الأساسي	4645
F-003896	- عدم السماح بدمج مراحل بدون PASS	6.1 المبدأ الأساسي	4646
F-003897	- منع دمج كل شيء دفعة واحدة	6.1 المبدأ الأساسي	4647
F-003898	- عدم السماح بدمج مسبق بدون ضبط قواعد	6.1 المبدأ الأساسي	4648
F-003899	- منع تدهور الأداء وعدم كسر الحتمية وعدم خرق العزل	6.1 المبدأ الأساسي	4649
F-003900	- تحكم دقيق تشغيلي لمنع تجاوز الموارد	6.1 المبدأ الأساسي	4650
F-003901	- هيكل حوكمة هرمي واضح يمنع الفوضى	6.1 المبدأ الأساسي	4651
F-003902	- نموذج دستوري للتحكم في التنفيذ	6.1 المبدأ الأساسي	4652
F-003903	- تحديد سقف أعلى للموارد لكل Tenant	6.1 المبدأ الأساسي	4653
F-003904	- دعم وضع HYBRID وOFF وPROFESSIONAL للتحكم في الموارد	6.1 المبدأ الأساسي	4654
F-003905	- إدارة الصلاحيات عبر السحب والإفلات لمنح الأدوار	6.1 المبدأ الأساسي	4655
F-003906	- تفعيل سياسات رؤية بيانات الأقسام عبر السحب والإفلات	6.1 المبدأ الأساسي	4656
F-003907	- نظام كشف الانحرافات المعمارية تلقائياً	6.1 المبدأ الأساسي	4657
F-003908	- كشف الانحرافات البصرية تلقائياً	6.1 المبدأ الأساسي	4658
F-003909	- قفل الطباعة	6.1 المبدأ الأساسي	4659
F-003910	- المبدأ الأساسي	6.1 المبدأ الأساسي	4660
F-003911	- المبدأ الأساسي لقفل الطباعة	6.1 المبدأ الأساسي	4661
F-003912	- منافس لـ PowerPoint	6.1 المبدأ الأساسي	4662
F-003913	المطابقة الحرفية تشمل جميع أنواع المخرجات:	6.2 نطاق المطابقة	4668
F-003914	- لوحات المؤشرات: إعادة بناء لوحة مطابقة من صورة	6.2 نطاق المطابقة	4670
F-003915	- ملفات Excel: إعادة إنتاج بدقة البكسل	6.2 نطاق المطابقة	4671
F-003916	- العروض التقديمية: نسخ هندسي لكل شريحة	6.2 نطاق المطابقة	4672
F-003917	- التقارير PDF: إعادة إنتاج بنفس التخطيط والألوان	6.2 نطاق المطابقة	4673
F-003918	- الإنفوجرافيك: مطابقة كاملة للتوزيع والألوان	6.2 نطاق المطابقة	4674
F-003919	- نطاق المطابقة	6.2 نطاق المطابقة	4675
F-003920	المرحلة الأولى: الالتقاط البصري	6.3 مراحل المطابقة	4681
F-003921	- استخراج خريطة البكسل الكاملة بدقة بكسل واحد	6.3 مراحل المطابقة	4683
F-003922	- إنشاء بصمة بكسل	6.3 مراحل المطابقة	4684
F-003923	- كشف الحدود والمناطق وخطوط الشبكة	6.3 مراحل المطابقة	4685
F-003924	- فصل العناصر: نص وصورة وأيقونة وجدول ورسم بياني وشكل	6.3 مراحل المطابقة	4686
F-003925	- تحديد الحدود فقط دون تفسير	6.3 مراحل المطابقة	4687
F-003926	المرحلة الثانية: إعادة البناء الهيكلي	6.3 مراحل المطابقة	4689
F-003927	لكل عنصر يتم تسجيل:	6.3 مراحل المطابقة	4692
F-003928	- الإحداثيات المطلقة والأبعاد والطبقة والدوران والشفافية	6.3 مراحل المطابقة	4694
F-003929	- سمك الحدود ونصف قطر الزوايا وظل العنصر	6.3 مراحل المطابقة	4695
F-003930	- الحشو والهامش وارتفاع السطر وتباعد الأحرف	6.3 مراحل المطابقة	4696
F-003931	- وزن الخط ونسبة حجم الخط إلى الحاوية	6.3 مراحل المطابقة	4697
F-003932	ثم يتم إنشاء مصفوفة قيود مكانية تمثل العلاقات الرياضية بين جميع العناصر. أي فرق لاحق يعني فشل المطابقة.	6.3 مراحل المطابقة	4699
F-003933	المرحلة الثالثة: البصمة التخطيطية الرياضية	6.3 مراحل المطابقة	4702
F-003934	- حساب نسب الأعمدة والمسافات النسبية	6.3 مراحل المطابقة	4704
F-003935	- حساب نسبة المساحات البيضاء وتوزيع التباين	6.3 مراحل المطابقة	4705
F-003936	- حساب وزن الخطوط ومحاذاة كل عنصر بالنسبة للصفحة	6.3 مراحل المطابقة	4706
F-003937	- تخزين البصمة كمعادلات رياضية تُستخدم لضمان المطابقة	6.3 مراحل المطابقة	4707
F-003938	- وضع نسخ صارم مطابق رياضياً	6.3 مراحل المطابقة	4708
F-003939	- دعم وضع نسخ صارم مطابق رياضياً	6.3 مراحل المطابقة	4709
F-003940	- دعم وضع نسخ احترافي محسّن	6.3 مراحل المطابقة	4710
F-003941	- الوضع الصارم اختياري ويخضع لسياسة الجهة	6.3 مراحل المطابقة	4711
F-003942	- تشغيل وضع STRICT أو PROFESSIONAL	6.3 مراحل المطابقة	4712
F-003943	- اختيار STRICT أو PROFESSIONAL أو HYBRID	6.3 مراحل المطابقة	4713
F-003944	- تنفيذ STRICT أو PROFESSIONAL بذكاء	6.3 مراحل المطابقة	4714
F-003945	- مساعد وربط MCP	6.3 مراحل المطابقة	4715
F-003946	- مراحل المطابقة	6.3 مراحل المطابقة	4716
F-003947	- اكتشاف نوع كل عنصر: بطاقة مؤشر أو رسم أعمدة أو جدول أو فلتر	6.4 مطابقة لوحات المؤشرات من صورة	4722
F-003948	- استخراج محاور الرسوم ونقاط البيانات وخطوط الشبكة	6.4 مطابقة لوحات المؤشرات من صورة	4723
F-003949	- الحفاظ على أبعاد حاويات العناصر ونفس الحشو	6.4 مطابقة لوحات المؤشرات من صورة	4724
F-003950	- الحفاظ على نسب عرض الأعمدة وزاوية بداية المخطط الدائري	6.4 مطابقة لوحات المؤشرات من صورة	4725
F-003951	- إعادة ربط البيانات الحقيقية بالهيكل المستخرج	6.4 مطابقة لوحات المؤشرات من صورة	4726
F-003952	- تعطيل أي تجميل تلقائي للرسوم	6.4 مطابقة لوحات المؤشرات من صورة	4727
F-003953	- مطابقة لوحات المؤشرات من صورة	6.4 مطابقة لوحات المؤشرات من صورة	4728
F-003954	- استبدال الخط ممنوع في وضع المطابقة	6.5 قفل الطباعة	4734
F-003955	- إذا لم يتوفر الخط الأصلي يُضمن أو تُحول الحروف إلى مسارات متجهة	6.5 قفل الطباعة	4735
F-003956	- الحفاظ على جداول المسافات بين الحروف وخط الأساس وارتفاع السطر	6.5 قفل الطباعة	4736
F-003957	- قفل الشرائح لحماية المحتوى من التعديل	6.5 قفل الطباعة	4737
F-003958	- شرائح مقفلة لحماية المعلومات الأساسية وتحديثها مركزياً	6.5 قفل الطباعة	4738
F-003959	- قفل الإحداثيات المطلقة للعناصر	6.5 قفل الطباعة	4739
F-003960	- قفل مصفوفة القيود الهيكلية	6.5 قفل الطباعة	4740
F-003961	- قفل هندسة الجداول المحورية	6.5 قفل الطباعة	4741
F-003962	- قفل المعمارية والتكنولوجيا لضمان عدم الانحراف	6.5 قفل الطباعة	4742
F-003963	- بوابة التحقق المزدوج	6.5 قفل الطباعة	4743
F-003964	- قفل الطباعة	6.5 قفل الطباعة	4744
F-003965	كل مخرج يمر بفحصين إلزاميين:	6.6 بوابة التحقق المزدوج	4750
F-003966	- فحص فرق البكسل: الانحراف المسموح أقل من واحد على عشرة بالمئة	6.6 بوابة التحقق المزدوج	4752
F-003967	- فحص البصمة الهيكلية: التشابه يجب أن يبلغ تسع وتسعين فاصلة تسعة من ألف	6.6 بوابة التحقق المزدوج	4753
F-003968	- الفحصان إلزاميان معاً: نجاح أحدهما فقط غير كافٍ	6.6 بوابة التحقق المزدوج	4754
F-003969	- رفض تلقائي لأي إخراج أقل من ‎0.999‎ في المطابقة	6.6 بوابة التحقق المزدوج	4755
F-003970	- تحقق مزدوج: بكسل + بصمة هيكلية ≥ ‎0.999‎	6.6 بوابة التحقق المزدوج	4756
F-003971	- حساب بصمة تخطيط لكل مستند	6.6 بوابة التحقق المزدوج	4757
F-003972	- مقارنة بكسل-بكسل	6.6 بوابة التحقق المزدوج	4758
F-003973	- كشف أي اختلاف غير مقصود	6.6 بوابة التحقق المزدوج	4759
F-003974	- تحليل أسباب الانحراف عن الخطة	6.6 بوابة التحقق المزدوج	4760
F-003975	- حساب بصمة تخطيط للمستند	6.6 بوابة التحقق المزدوج	4761
F-003976	- مقارنة بصرية بكسل-بكسل	6.6 بوابة التحقق المزدوج	4762
F-003977	- إعادة إنتاج بصري مطابق بنسبة شبه كاملة	6.6 بوابة التحقق المزدوج	4763
F-003978	- مطابقة دقيقة لمواضع العناصر	6.6 بوابة التحقق المزدوج	4764
F-003979	- الحفاظ على الهوامش والمسافات	6.6 بوابة التحقق المزدوج	4765
F-003980	- مطابقة الجداول المعقدة	6.6 بوابة التحقق المزدوج	4766
F-003981	- إعادة بناء المخططات البيانية	6.6 بوابة التحقق المزدوج	4767
F-003982	- الحفاظ على طبقات العناصر	6.6 بوابة التحقق المزدوج	4768
F-003983	- التحقق من عدم وجود فقد بيانات	6.6 بوابة التحقق المزدوج	4769
F-003984	- الحفاظ على الروابط الداخلية	6.6 بوابة التحقق المزدوج	4770
F-003985	- الحفاظ على بنية العناوين	6.6 بوابة التحقق المزدوج	4771
F-003986	- الحفاظ على نسب العرض والارتفاع	6.6 بوابة التحقق المزدوج	4772
F-003987	- إعادة إنتاج بصري مطابق بنسبة عالية	6.6 بوابة التحقق المزدوج	4773
F-003988	- مطابقة حرفية 1:1 بالكامل	6.6 بوابة التحقق المزدوج	4774
F-003989	- إعادة إنتاج مطابق حرفياً 1:1 دون أي اختلاف بصري	6.6 بوابة التحقق المزدوج	4775
F-003990	- المطابقة الحرفية 1:1	6.6 بوابة التحقق المزدوج	4776
F-003991	- تحويلات مطابقة حرفياً 1:1	6.6 بوابة التحقق المزدوج	4777
F-003992	- مطابقة حرفية كاملة إلزامية	6.6 بوابة التحقق المزدوج	4778
F-003993	- تحديد مستوى النسخ المطابق لكل طلب	6.6 بوابة التحقق المزدوج	4779
F-003994	- إعادة بناء رياضي للبنية الهيكلية للمستند	6.6 بوابة التحقق المزدوج	4780
F-003995	- انحراف بكسل لا يتجاوز ‎0.1%‎	6.6 بوابة التحقق المزدوج	4781
F-003996	- تطابق بصمة هيكلية ≥ ‎0.999‎	6.6 بوابة التحقق المزدوج	4782
F-003997	- تعطيل أي تحسينات تلقائية في الوضع الصارم	6.6 بوابة التحقق المزدوج	4783
F-003998	- تضمين إلزامي للخطوط الأصلية	6.6 بوابة التحقق المزدوج	4784
F-003999	- الحفاظ على هندسة أوراق Excel	6.6 بوابة التحقق المزدوج	4785
F-004000	- الحفاظ على محاور لوحات المعلومات	6.6 بوابة التحقق المزدوج	4786
F-004001	- الحفاظ على كثافة المخططات	6.6 بوابة التحقق المزدوج	4787
F-004002	- استنساخ القوالب الرئيسية للعروض التقديمية	6.6 بوابة التحقق المزدوج	4788
F-004003	- الحفاظ على هندسة SmartArt	6.6 بوابة التحقق المزدوج	4789
F-004004	- عدم تعديل البنية الأساسية في أي وضع	6.6 بوابة التحقق المزدوج	4790
F-004005	- انحراف عددي لا يتجاوز ‎0.000001‎	6.6 بوابة التحقق المزدوج	4791
F-004006	- حفظ إحداثيات X/Y بشكل مطلق	6.6 بوابة التحقق المزدوج	4792
F-004007	- قفل مصفوفة القيود الهيكلية	6.6 بوابة التحقق المزدوج	4793
F-004008	- تضمين إلزامي للخطوط	6.6 بوابة التحقق المزدوج	4794
F-004009	- تعطيل أي إعادة توزيع أو تحسين	6.6 بوابة التحقق المزدوج	4795
F-004010	- تعطيل أي تحسين جمالي مدعوم بالذكاء الاصطناعي	6.6 بوابة التحقق المزدوج	4796
F-004011	- انحراف عددي > ‎0.000001‎ مرفوض	6.6 بوابة التحقق المزدوج	4797
F-004012	- النسخ الصارم ينتج مطابقة 1:1	6.6 بوابة التحقق المزدوج	4798
F-004013	- مطابقة تصميم من صورة	6.6 بوابة التحقق المزدوج	4799
F-004014	- مع تكييف ذكي دون كسر المطابقة	6.6 بوابة التحقق المزدوج	4800
F-004015	- البنية المطلوبة لتحقيق مطابقة 1:1	6.6 بوابة التحقق المزدوج	4801
F-004016	- مطابقة من صورة مباشرة (Image → Editable System)	6.6 بوابة التحقق المزدوج	4802
F-004017	- إعادة بناء هندسية رياضية كاملة من أي مصدر مع قدرة تعديل البيانات واللغة دون كسر المطابقة	6.6 بوابة التحقق المزدوج	4803
F-004018	- مطابقة 1:1 رياضية	6.6 بوابة التحقق المزدوج	4804
F-004019	- أي إعادة بناء يجب أن تطابق fingerprint ≥ 0.999	6.6 بوابة التحقق المزدوج	4805
F-004020	- يحافظ على نفس geometry	6.6 بوابة التحقق المزدوج	4806
F-004021	- الحفاظ على مطابقة هندسية مطلقة	6.6 بوابة التحقق المزدوج	4807
F-004022	- بوابة التحقق المزدوج	6.6 بوابة التحقق المزدوج	4808
F-004023	- مقارنة نسخة قديمة وجديدة	6.6 بوابة التحقق المزدوج	4809
F-004024	هذا المحرك يتجاوز مجرد عكس الاتجاه إلى تعريب احترافي لغوي وطباعي وبصري متكامل.	المحرك السابع: محرك التعريب الاحترافي المتقدم	4815
F-004025	- الترجمة ليست حرفية بل تطبق خرائط دلالية متخصصة بالمجال	7.1 الذكاء اللغوي	4821
F-004026	- المصطلحات التجارية تتبع قواعد العربية الفصحى المهنية الحديثة	7.1 الذكاء اللغوي	4822
F-004027	- المصطلحات التقنية تحافظ على المصطلح الدولي المعترف به عند الملاءمة الثقافية	7.1 الذكاء اللغوي	4823
F-004028	- تكييف النبرة حسب المعايير المهنية: رسمي أو تنفيذي أو حكومي أو تقني	7.1 الذكاء اللغوي	4824
F-004029	- تحسين جودة الترجمة السياقية	7.1 الذكاء اللغوي	4825
F-004030	- سجل مصطلحات أعمال	7.1 الذكاء اللغوي	4826
F-004031	- شريط أوامر عام يقبل الأوامر باللغة الطبيعية	7.1 الذكاء اللغوي	4827
F-004032	- الذكاء اللغوي	7.1 الذكاء اللغوي	4828
F-004033	- تفسير أسئلة المستخدمين بلغة طبيعية	7.1 الذكاء اللغوي	4829
F-004034	- تنبيهات آلية	7.1 الذكاء اللغوي	4830
F-004035	- تحليل تنبؤي	7.1 الذكاء اللغوي	4831
F-004036	- توقع المبيعات	7.1 الذكاء اللغوي	4832
F-004037	- تحليل الاتجاهات	7.1 الذكاء اللغوي	4833
F-004038	- تنبيه في حال تجاوز حد معين	7.1 الذكاء اللغوي	4834
F-004039	- توقع نتائج مستقبلية	7.1 الذكاء اللغوي	4835
F-004040	- بناء نظام تنبؤ شهري تلقائي	7.1 الذكاء اللغوي	4836
F-004041	- ذكاء استباقي (Proactive AI)	7.1 الذكاء اللغوي	4837
F-004042	- ذكاء تنبؤي متقدم	7.1 الذكاء اللغوي	4838
F-004043	- توقع أداء مستقبلي	7.1 الذكاء اللغوي	4839
F-004044	- محاكاة سيناريوهات	7.1 الذكاء اللغوي	4840
F-004045	- تصور مستقبلي متقدم جدًا	7.1 الذكاء اللغوي	4841
F-004046	- إرسال تنبيه عند تغير كبير	7.1 الذكاء اللغوي	4842
F-004047	- تفسير الاتجاهات	7.1 الذكاء اللغوي	4843
F-004048	- عرض تنبؤي	7.1 الذكاء اللغوي	4844
F-004049	- تحليل استراتيجي: استنتاجات + توصيات + تنبؤ	7.1 الذكاء اللغوي	4845
F-004050	- توقع بالاختناقات	7.1 الذكاء اللغوي	4846
F-004051	- مراقبة الأداء والتنبيهات الصحية	7.1 الذكاء اللغوي	4847
F-004052	- التنبؤ المالي وتوقع الطلب	7.1 الذكاء اللغوي	4848
F-004053	- توقع التدفقات النقدية	7.1 الذكاء اللغوي	4849
F-004054	- التنبؤ بالمخاطر التشغيلية قبل وقوعها	7.1 الذكاء اللغوي	4850
F-004055	- بناء نماذج توقع للطلب والمبيعات	7.1 الذكاء اللغوي	4851
F-004056	- نمذجة تنبؤية زمنية	7.1 الذكاء اللغوي	4852
F-004057	- تحليلات تنبؤية مستقبلية	7.1 الذكاء اللغوي	4853
F-004058	- تحليل الاتجاهات طويلة المدى	7.1 الذكاء اللغوي	4854
F-004059	- اختبار دقة الاتجاه تلقائياً	7.1 الذكاء اللغوي	4855
F-004060	- بناء نماذج توقع للاحتياجات التشغيلية	7.1 الذكاء اللغوي	4856
F-004061	- يدعم اتجاه المخططات	7.1 الذكاء اللغوي	4857
F-004062	- يدعم اتجاه وسيلة الإيضاح (legend)	7.1 الذكاء اللغوي	4858
F-004063	- توليد تنبيه فوري	7.1 الذكاء اللغوي	4859
F-004064	- تنبيه عند انحراف شديد	7.1 الذكاء اللغوي	4860
F-004065	- توقع الحمل القادم	7.1 الذكاء اللغوي	4861
F-004066	- تفعيل التخزين المؤقت الاستباقي (proactive caching)	7.1 الذكاء اللغوي	4862
F-004067	- توزيع أحمال استباقي	7.1 الذكاء اللغوي	4863
F-004068	- التنبؤ بذاكرة وقت التشغيل (Runtime memory forecasting)	7.1 الذكاء اللغوي	4864
F-004069	- تخصيص الذاكرة التنبؤي (Predictive memory allocation)	7.1 الذكاء اللغوي	4865
F-004070	- التنبؤ بالسلوك طويل المدى (Forecast long-term behavior)	7.1 الذكاء اللغوي	4866
F-004071	- التنبؤ المدرك للقيود (Constraint-aware forecasting)	7.1 الذكاء اللغوي	4867
F-004072	- التنبؤ بالأخطاء المنطقية المحتملة (Predict potential logic errors)	7.1 الذكاء اللغوي	4868
F-004073	- التنبؤ بارتفاع عبء العمل (Predict workload spikes)	7.1 الذكاء اللغوي	4869
F-004074	- التنبؤ بنتائج الصيغ (Predict formula outcomes)	7.1 الذكاء اللغوي	4870
F-004075	- التنبؤ بالإيرادات (Revenue forecasting)	7.1 الذكاء اللغوي	4871
F-004076	- حواجز الحماية الأخلاقية للمرئيات (Ethical Visualization Guardrails) لمنع المرئيات المضللة وتنبيهات تلقائية	7.1 الذكاء اللغوي	4872
F-004077	- محرك استباقي (Proactive Engine) قائم على الاقتراحات فقط	7.1 الذكاء اللغوي	4873
F-004078	- تحديد قواعد المحرك الاستباقي (Proactive Engine Rules)	7.1 الذكاء اللغوي	4874
F-004079	- جدولة استباقية (Proactive Scheduler)	7.1 الذكاء اللغوي	4875
F-004080	- ملفات تعريف استباقية (Proactive Profiles)	7.1 الذكاء اللغوي	4876
F-004081	- الانحراف التنبؤي (Predictive drift)	7.1 الذكاء اللغوي	4877
F-004082	- مخاطر الامتثال التنبؤية (Predictive compliance risk)	7.1 الذكاء اللغوي	4878
F-004083	- مخططات تنبؤية (Predictive charts)	7.1 الذكاء اللغوي	4879
F-004084	- حوكمة تنبؤية (Predictive Governance)	7.1 الذكاء اللغوي	4880
F-004085	- تفعيل تنبيه مبكر عند اكتشاف مخالفة خطيرة	7.1 الذكاء اللغوي	4881
F-004086	- يقترح مؤشرات أداء مناسبة	7.1 الذكاء اللغوي	4882
F-004087	- اكتشاف الانخفاض المفاجئ	7.1 الذكاء اللغوي	4883
F-004088	- أفكار توسعية متقدمة جدًا	7.1 الذكاء اللغوي	4884
F-004089	- ذكاء استراتيجي متقدم جدًا	7.1 الذكاء اللغوي	4885
F-004090	- وضع المحلل الآلي	7.1 الذكاء اللغوي	4886
F-004091	- وكيل ذكاء اصطناعي يعمل تلقائيًا كل شهر	7.1 الذكاء اللغوي	4887
F-004092	- تحويل القدرات إلى خارطة تطور ذكاء اصطناعي	7.1 الذكاء اللغوي	4888
F-004093	- اكتشاف المشاكل قبل المستخدم	7.1 الذكاء اللغوي	4889
F-004094	- قرارات تلقائية	7.1 الذكاء اللغوي	4890
F-004095	- اقتراحات جاهزة	7.1 الذكاء اللغوي	4891
F-004096	- معالجة المشاكل تلقائيًا	7.1 الذكاء اللغوي	4892
F-004097	- يقترح الحل	7.1 الذكاء اللغوي	4893
F-004098	- بعد الاقتراح التلقائي	7.1 الذكاء اللغوي	4894
F-004099	- خطة توسع مستقبلية للذكاء الاصطناعي	7.1 الذكاء اللغوي	4895
F-004100	- خارطة تطور الذكاء الاصطناعي	7.1 الذكاء اللغوي	4896
F-004101	- عكس التخطيط يحافظ على نسب المسافات	7.2 التخطيط الاحترافي من اليمين لليسار	4902
F-004102	- عكس المحاور يحافظ على توازن التوتر البصري	7.2 التخطيط الاحترافي من اليمين لليسار	4903
F-004103	- التسلسل الهرمي للتأكيد يبقى معادلاً بصرياً بعد التحويل	7.2 التخطيط الاحترافي من اليمين لليسار	4904
F-004104	- عكس الشبكة يعيد حساب القيود النسبية ولا يقرب	7.2 التخطيط الاحترافي من اليمين لليسار	4905
F-004105	- عكس الأيقونات يتبع سجل قواعد الاتجاه: لا عكس عشوائي	7.2 التخطيط الاحترافي من اليمين لليسار	4906
F-004106	- تحويل المصطلحات حسب القطاع	7.2 التخطيط الاحترافي من اليمين لليسار	4907
F-004107	- اختيار مستوى اللغة (تنفيذي، رسمي، تقني)	7.2 التخطيط الاحترافي من اليمين لليسار	4908
F-004108	- دعم RTL احترافي	7.2 التخطيط الاحترافي من اليمين لليسار	4909
F-004109	- عكس التخطيط يمين-يسار تلقائياً	7.2 التخطيط الاحترافي من اليمين لليسار	4910
F-004110	- إعادة إنتاج اتجاه النص RTL/LTR بدقة	7.2 التخطيط الاحترافي من اليمين لليسار	4911
F-004111	- عكس التخطيط بالكامل يمين-يسار	7.2 التخطيط الاحترافي من اليمين لليسار	4912
F-004112	- إعادة ترتيب الجداول تلقائياً	7.2 التخطيط الاحترافي من اليمين لليسار	4913
F-004113	- عكس المخططات البيانية	7.2 التخطيط الاحترافي من اليمين لليسار	4914
F-004114	- دعم النص المختلط عربي/إنجليزي	7.2 التخطيط الاحترافي من اليمين لليسار	4915
F-004115	- أرقام عربية شرقية أو غربية حسب الإعداد	7.2 التخطيط الاحترافي من اليمين لليسار	4916
F-004116	- تنسيق التواريخ حسب الثقافة	7.2 التخطيط الاحترافي من اليمين لليسار	4917
F-004117	- تنسيق العملات حسب الدولة	7.2 التخطيط الاحترافي من اليمين لليسار	4918
F-004118	- وضع عربي أساسي	7.2 التخطيط الاحترافي من اليمين لليسار	4919
F-004119	- وضع عربي احترافي	7.2 التخطيط الاحترافي من اليمين لليسار	4920
F-004120	- وضع عربي نخبوي للنشر	7.2 التخطيط الاحترافي من اليمين لليسار	4921
F-004121	- تحويل عروض إنجليزية إلى عربية مع الحفاظ على التصميم	7.2 التخطيط الاحترافي من اليمين لليسار	4922
F-004122	- اختبار دقة الاتجاه تلقائياً	7.2 التخطيط الاحترافي من اليمين لليسار	4923
F-004123	- كشف أخطاء الاتجاه المختلط	7.2 التخطيط الاحترافي من اليمين لليسار	4924
F-004124	- تحديد مستوى التعريب لكل طلب	7.2 التخطيط الاحترافي من اليمين لليسار	4925
F-004125	- التزام كامل بخوارزمية ثنائية الاتجاه	7.2 التخطيط الاحترافي من اليمين لليسار	4926
F-004126	- تطبيق عكس محاور رياضي	7.2 التخطيط الاحترافي من اليمين لليسار	4927
F-004127	- دعم أرقام شرقية وغربية	7.2 التخطيط الاحترافي من اليمين لليسار	4928
F-004128	- محرك عكس محاور رياضي لدعم RTL	7.2 التخطيط الاحترافي من اليمين لليسار	4929
F-004129	- إعادة حساب خط الأساس	7.2 التخطيط الاحترافي من اليمين لليسار	4930
F-004130	- التزام كامل بثنائية الاتجاه	7.2 التخطيط الاحترافي من اليمين لليسار	4931
F-004131	- محرك تنسيق ثقافي	7.2 التخطيط الاحترافي من اليمين لليسار	4932
F-004132	- عكس محاور رياضي	7.2 التخطيط الاحترافي من اليمين لليسار	4933
F-004133	- إعادة تموضع وسوم الإيضاح	7.2 التخطيط الاحترافي من اليمين لليسار	4934
F-004134	- دعم RTL تلقائي عند التحويل للعربية	7.2 التخطيط الاحترافي من اليمين لليسار	4935
F-004135	- تحويل LTR → RTL دون كسر المطابقة	7.2 التخطيط الاحترافي من اليمين لليسار	4936
F-004136	- تحويل لغة مع RTL	7.2 التخطيط الاحترافي من اليمين لليسار	4937
F-004137	- تحويله للعربية مع الحفاظ على التوازن البصري	7.2 التخطيط الاحترافي من اليمين لليسار	4938
F-004138	- دعم عربي + إنجليزي في نفس اللوحة	7.2 التخطيط الاحترافي من اليمين لليسار	4939
F-004139	- عرض الجداول من اليمين لليسار	7.2 التخطيط الاحترافي من اليمين لليسار	4940
F-004140	- التفاف النص مع مراعاة الكشيدة	7.2 التخطيط الاحترافي من اليمين لليسار	4941
F-004141	- دعم الاتجاه من اليمين لليسار بالكامل	7.2 التخطيط الاحترافي من اليمين لليسار	4942
F-004142	- دعم اللغة العربية في جميع عناصر التقرير	7.2 التخطيط الاحترافي من اليمين لليسار	4943
F-004143	- دعم التصميم من اليمين لليسار	7.2 التخطيط الاحترافي من اليمين لليسار	4944
F-004144	- دعم الخطوط العربية الاحترافية	7.2 التخطيط الاحترافي من اليمين لليسار	4945
F-004145	- دعم المصطلحات القطاعية العربية	7.2 التخطيط الاحترافي من اليمين لليسار	4946
F-004146	- حقن معجم متخصص حسب المجال	7.2 التخطيط الاحترافي من اليمين لليسار	4947
F-004147	- تحسين جودة الترجمة السياقية	7.2 التخطيط الاحترافي من اليمين لليسار	4948
F-004148	- ضمان تكافؤ بصري بين النسخة العربية والإنجليزية	7.2 التخطيط الاحترافي من اليمين لليسار	4949
F-004149	- تطابق اتجاه النص RTL/LTR دون أي انحراف	7.2 التخطيط الاحترافي من اليمين لليسار	4950
F-004150	- تبرير نصوص بالكشيدة بشكل ذكي	7.2 التخطيط الاحترافي من اليمين لليسار	4951
F-004151	- نضج التعريب النخبوي	7.2 التخطيط الاحترافي من اليمين لليسار	4952
F-004152	- دعم RTL/LTR flag	7.2 التخطيط الاحترافي من اليمين لليسار	4953
F-004153	- عرض النص العربي مع استقرار خط الأساس	7.2 التخطيط الاحترافي من اليمين لليسار	4954
F-004154	- محادثة ذكية تدعم العربية ومتعدد اللغات مع ذاكرة طويلة المدى	7.2 التخطيط الاحترافي من اليمين لليسار	4955
F-004155	- محرر الخطوط مع دعم رفع خطوط عربية ولاتينية	7.2 التخطيط الاحترافي من اليمين لليسار	4956
F-004156	- مكتبة مكونات موحدة تدعم الكتابة من اليمين واليسار واستجابة الجوال	7.2 التخطيط الاحترافي من اليمين لليسار	4957
F-004157	- دعم تبديل اتجاه الكتابة تلقائيا حسب اللغة	7.2 التخطيط الاحترافي من اليمين لليسار	4958
F-004158	- ملفات ترجمة منظمة لكل لغة	7.2 التخطيط الاحترافي من اليمين لليسار	4959
F-004159	- تعديل الترجمات من لوحة التحكم بدون كود	7.2 التخطيط الاحترافي من اليمين لليسار	4960
F-004160	- دعم التواريخ الهجرية والميلادية	7.2 التخطيط الاحترافي من اليمين لليسار	4961
F-004161	- دعم الأرقام العربية والهندية حسب الإعداد	7.2 التخطيط الاحترافي من اليمين لليسار	4962
F-004162	- دعم كامل للكتابة من اليمين لليسار	7.2 التخطيط الاحترافي من اليمين لليسار	4963
F-004163	- عكس التخطيطات تلقائيا مع الحفاظ على المعنى البصري	7.2 التخطيط الاحترافي من اليمين لليسار	4964
F-004164	- دعم الخطوط العربية المتعددة	7.2 التخطيط الاحترافي من اليمين لليسار	4965
F-004165	- دعم التشكيل العربي	7.2 التخطيط الاحترافي من اليمين لليسار	4966
F-004166	- دعم المحتوى المختلط عربي وإنجليزي في نفس الصفحة	7.2 التخطيط الاحترافي من اليمين لليسار	4967
F-004167	- التنسيق التلقائي للتاريخ الهجري والميلادي	7.2 التخطيط الاحترافي من اليمين لليسار	4968
F-004168	- دعم العملات العربية	7.2 التخطيط الاحترافي من اليمين لليسار	4969
F-004169	- ضمان التطابق البصري بين اتجاه اليمين واليسار واتجاه اليسار واليمين	7.2 التخطيط الاحترافي من اليمين لليسار	4970
F-004170	- عكس التخطيط بالكامل من اليمين لليسار	7.2 التخطيط الاحترافي من اليمين لليسار	4971
F-004171	- دعم الكشيدة لتبرير النص بشكل ذكي	7.2 التخطيط الاحترافي من اليمين لليسار	4972
F-004172	- الترجمة تكون مدركة للسياق وليست حرفية	7.2 التخطيط الاحترافي من اليمين لليسار	4973
F-004173	- المصطلحات تتبع معايير العربية الفصحى المهنية	7.2 التخطيط الاحترافي من اليمين لليسار	4974
F-004174	- تكييف نبرة الخطاب حسب المستوى رسمي أو تنفيذي أو حكومي أو تقني	7.2 التخطيط الاحترافي من اليمين لليسار	4975
F-004175	- عكس التخطيط مع الحفاظ على نسب المسافات	7.2 التخطيط الاحترافي من اليمين لليسار	4976
F-004176	- عكس المحاور مع الحفاظ على التوازن البصري	7.2 التخطيط الاحترافي من اليمين لليسار	4977
F-004177	- إعادة حساب عكس الشبكة رياضيا وليس تقريبيا	7.2 التخطيط الاحترافي من اليمين لليسار	4978
F-004178	- بوابة جودة عربية تشمل دقة لغوية وسلامة خطوط وتسلسل هرمي بصري وتنسيق ثقافي صحيح	7.2 التخطيط الاحترافي من اليمين لليسار	4979
F-004179	- تعويض عرض النص العربي الأطول تلقائيا	7.2 التخطيط الاحترافي من اليمين لليسار	4980
F-004180	- إعادة كتابة سرد الشرائح بالعربية بمستوى تنفيذي	7.2 التخطيط الاحترافي من اليمين لليسار	4981
F-004181	- عكس الإنفوجرافيك من اليمين لليسار دون تشويه	7.2 التخطيط الاحترافي من اليمين لليسار	4982
F-004182	- دعم عربي وإنجليزي في نفس اللوحة	7.2 التخطيط الاحترافي من اليمين لليسار	4983
F-004183	- عكس السحب لاتجاه النص من اليمين لليسار	7.2 التخطيط الاحترافي من اليمين لليسار	4984
F-004184	- تحديث في مكان واحد ينعكس في كل مكان	7.2 التخطيط الاحترافي من اليمين لليسار	4985
F-004185	- ترجمة تلقائية للوحات المعلومات الحية والإجابات.	7.2 التخطيط الاحترافي من اليمين لليسار	4986
F-004186	- التخطيط الاحترافي من اليمين لليسار	7.2 التخطيط الاحترافي من اليمين لليسار	4987
F-004187	- دعم اتجاه النص من اليمين لليسار (RTL)	7.2 التخطيط الاحترافي من اليمين لليسار	4988
F-004188	- دعم اللغة العربية بالكامل	7.2 التخطيط الاحترافي من اليمين لليسار	4989
F-004189	- دعم الاتجاه من اليمين لليسار (RTL)	7.2 التخطيط الاحترافي من اليمين لليسار	4990
F-004190	- ضمان التكافؤ البصري عند التحويل بين LTR و RTL	7.2 التخطيط الاحترافي من اليمين لليسار	4991
F-004191	- محرك تحويل RTL/LTR	7.2 التخطيط الاحترافي من اليمين لليسار	4992
F-004192	- دعم الأرقام العربية الشرقية والغربية	7.2 التخطيط الاحترافي من اليمين لليسار	4993
F-004193	- إنشاء نسخة عربية مطابقة للمستند الإنجليزي	7.2 التخطيط الاحترافي من اليمين لليسار	4994
F-004194	- تشكيل الحروف العربية بدقة	7.2 التخطيط الاحترافي من اليمين لليسار	4995
F-004195	- دعم النص المختلط (عربي/إنجليزي)	7.2 التخطيط الاحترافي من اليمين لليسار	4996
F-004196	- مطابقة الهوية البصرية العربية	7.2 التخطيط الاحترافي من اليمين لليسار	4997
F-004197	- تحسين التباعد بين الحروف العربية	7.2 التخطيط الاحترافي من اليمين لليسار	4998
F-004198	- دعم التقارير الرسمية العربية	7.2 التخطيط الاحترافي من اليمين لليسار	4999
F-004199	- يظل خط الأساس ثابتًا عبر النص المختلط LTR/RTL	7.2 التخطيط الاحترافي من اليمين لليسار	5000
F-004200	- فيزياء سحب متوافقة مع RTL	7.2 التخطيط الاحترافي من اليمين لليسار	5001
F-004201	- تبديل معاينة RTL	7.2 التخطيط الاحترافي من اليمين لليسار	5002
F-004202	- مكتبة مكونات موحدة تدعم RTL/LTR والاستجابة للجوال	7.2 التخطيط الاحترافي من اليمين لليسار	5003
F-004203	- محرك امتثال دلالي عربي	7.2 التخطيط الاحترافي من اليمين لليسار	5004
F-004204	- محرك بند عربي حتمي	7.2 التخطيط الاحترافي من اليمين لليسار	5005
F-004205	- ترجمة محتوى العرض إلى أكثر من 100 لغة	7.2 التخطيط الاحترافي من اليمين لليسار	5006
F-004206	- ترجمة المحتوى تلقائياً عبر واجهة البرمجة	7.2 التخطيط الاحترافي من اليمين لليسار	5007
F-004207	- واجهة المنصة متاحة بـ 12 لغة (عربي، إنجليزي، فرنسي، ألماني، إسباني، ياباني، كوري، روسي، صيني مبسط، صيني تقليدي، تايلندي، تركي، إندونيسي)	7.2 التخطيط الاحترافي من اليمين لليسار	5008
F-004208	- ترجمة المحتوى لأكثر من 60 لغة تلقائياً	7.2 التخطيط الاحترافي من اليمين لليسار	5009
F-004209	- دعم أكثر من 60 لغة في التوليد	7.2 التخطيط الاحترافي من اليمين لليسار	5010
F-004210	- ترجمة السياسة إلى معايير قياس	7.2 التخطيط الاحترافي من اليمين لليسار	5011
F-004211	- Translate formulas between languages	7.2 التخطيط الاحترافي من اليمين لليسار	5012
F-004212	- Translate formulas to readable explanation	7.2 التخطيط الاحترافي من اليمين لليسار	5013
F-004213	- Translate analytics to decisions	7.2 التخطيط الاحترافي من اليمين لليسار	5014
F-004214	- استخدام تطويل الكشيدة عند الملاءمة الطباعية	7.3 الطباعة العربية المتقدمة	5020
F-004215	- شبكة خط الأساس تبقى متسقة عبر النصوص المختلطة	7.3 الطباعة العربية المتقدمة	5021
F-004216	- نظام الأرقام يتبع ملف تعريف اللغة: شرقية أو غربية	7.3 الطباعة العربية المتقدمة	5022
F-004217	- ارتفاع السطر يُعاد حسابه حسب كثافة الخط وليس بالوراثة	7.3 الطباعة العربية المتقدمة	5023
F-004218	- الحفاظ الإلزامي على الحروف المتصلة	7.3 الطباعة العربية المتقدمة	5024
F-004219	- تشكيل الحروف العربية بدقة	7.3 الطباعة العربية المتقدمة	5025
F-004220	- دعم الكشيدة لتبرير النص	7.3 الطباعة العربية المتقدمة	5026
F-004221	- الحفاظ على جمالية النص في الطباعة	7.3 الطباعة العربية المتقدمة	5027
F-004222	- ضمان جودة مخرجات النشر باللغة العربية	7.3 الطباعة العربية المتقدمة	5028
F-004223	- تبرير نصوص بالكشيدة بشكل ذكي	7.3 الطباعة العربية المتقدمة	5029
F-004224	- تشكيل حروف دقيق	7.3 الطباعة العربية المتقدمة	5030
F-004225	- تبرير نص بالكشيدة	7.3 الطباعة العربية المتقدمة	5031
F-004226	- ترجمة شرح المعادلات للعربية	7.3 الطباعة العربية المتقدمة	5032
F-004227	- شرح الدوال بالعربية	7.3 الطباعة العربية المتقدمة	5033
F-004228	- تنسيق عناوين الجداول المحورية بالعربية	7.3 الطباعة العربية المتقدمة	5034
F-004229	- تنسيق الأرقام بالعربية	7.3 الطباعة العربية المتقدمة	5035
F-004230	- عرض النص العربي مع استقرار خط الأساس	7.3 الطباعة العربية المتقدمة	5036
F-004231	- الطباعة العربية المتقدمة	7.3 الطباعة العربية المتقدمة	5037
F-004232	- الحفاظ على تشكيل الحروف العربية (Kashida-aware shaping)	7.3 الطباعة العربية المتقدمة	5038
F-004233	- الحفاظ على تشكيل الحروف الرسومية (glyph shaping)	7.3 الطباعة العربية المتقدمة	5039
F-004234	- إعادة كتابة المحتوى العربي للشرائح	7.3 الطباعة العربية المتقدمة	5040
F-004235	- محرك تنسيق بيانات ثقافي يدعم العملة والفواصل العشرية	7.4 تعريب البيانات والرسوم البيانية	5046
F-004236	- عكس محاور الرسوم البيانية رياضياً	7.4 تعريب البيانات والرسوم البيانية	5047
F-004237	- الحفاظ على توزيع علامات التدريج وتماثل تباعد التسميات	7.4 تعريب البيانات والرسوم البيانية	5048
F-004238	- عكس اتجاه وسائل الإيضاح	7.4 تعريب البيانات والرسوم البيانية	5049
F-004239	- قاموس مصطلحات تحليل الأعمال العربي الموحد	7.4 تعريب البيانات والرسوم البيانية	5050
F-004240	- التعريب الاحترافي يشمل البيانات والرسوم	7.4 تعريب البيانات والرسوم البيانية	5051
F-004241	- مطابقة الهوية البصرية العربية	7.4 تعريب البيانات والرسوم البيانية	5052
F-004242	- تحسين التباعد بين الحروف العربية	7.4 تعريب البيانات والرسوم البيانية	5053
F-004243	- دعم المصطلحات القطاعية العربية	7.4 تعريب البيانات والرسوم البيانية	5054
F-004244	- حقن معجم متخصص حسب المجال	7.4 تعريب البيانات والرسوم البيانية	5055
F-004245	- ضمان تكافؤ بصري بين النسخة العربية والإنجليزية	7.4 تعريب البيانات والرسوم البيانية	5056
F-004246	- دعم التقارير الرسمية العربية	7.4 تعريب البيانات والرسوم البيانية	5057
F-004247	- حقن معجم تخصصي حسب المجال	7.4 تعريب البيانات والرسوم البيانية	5058
F-004248	- الحفاظ على توازن الكثافة البصرية	7.4 تعريب البيانات والرسوم البيانية	5059
F-004249	- الحفاظ على درجات الهرمية	7.4 تعريب البيانات والرسوم البيانية	5060
F-004250	- تكافؤ اتجاهي حتمي بين اللغتين	7.4 تعريب البيانات والرسوم البيانية	5061
F-004251	- فرض تكافؤ الكثافة البصرية	7.4 تعريب البيانات والرسوم البيانية	5062
F-004252	- تقييم تكافؤ الهرمية	7.4 تعريب البيانات والرسوم البيانية	5063
F-004253	- الحفاظ على توازن بنيوي ≥ ‎0.95‎	7.4 تعريب البيانات والرسوم البيانية	5064
F-004254	- تعريب البيانات والرسوم البيانية	7.4 تعريب البيانات والرسوم البيانية	5065
F-004255	- دقة لغوية لا تقل عن ثمانية وتسعين بالمئة	7.5 بوابة جودة التعريب	5071
F-004256	- سلامة طباعية لا تقل عن خمسة وتسعين بالمئة	7.5 بوابة جودة التعريب	5072
F-004257	- الحفاظ على التسلسل الهرمي البصري لا يقل عن خمسة وتسعين بالمئة	7.5 بوابة جودة التعريب	5073
F-004258	- صحة التنسيق الثقافي مئة بالمئة	7.5 بوابة جودة التعريب	5074
F-004259	- الفشل يؤدي إلى إعادة التوليد	7.5 بوابة جودة التعريب	5075
F-004260	- بوابة جودة التعريب	7.5 بوابة جودة التعريب	5076
F-004261	المنصة قادرة على تحويل أي صيغة إلى أي صيغة أخرى بدقة عالية:	المحرك الثامن: محرك التحويل الشامل بين الصيغ	5082
F-004262	- تحليل صور ومستندات ممسوحة	8.1 مصفوفة التحويل	5088
F-004263	- تحويل الكلام إلى نص والعكس	8.1 مصفوفة التحويل	5089
F-004264	- فهم المستندات والصور والجداول الممسوحة ضوئيا	8.1 مصفوفة التحويل	5090
F-004265	- تجميد التمثيل الداخلي بعد اكتماله ومنع تعديله	8.1 مصفوفة التحويل	5091
F-004266	- تحويل الصور إلى بيانات	8.1 مصفوفة التحويل	5092
F-004267	- صورة إلى نص	8.1 مصفوفة التحويل	5093
F-004268	- نص إلى صورة	8.1 مصفوفة التحويل	5094
F-004269	- مصفوفة التحويل	8.1 مصفوفة التحويل	5095
F-004270	- مساعد حواري احترافي (Conversational AI)	8.1 مصفوفة التحويل	5096
F-004271	- فهم الأسئلة المعقدة	8.1 مصفوفة التحويل	5097
F-004272	- اقتراح أسئلة متابعة	8.1 مصفوفة التحويل	5098
F-004273	- تحويل الأسئلة إلى معرفة قابلة للاستجواب	8.1 مصفوفة التحويل	5099
F-004274	- طلب مقارنة	8.1 مصفوفة التحويل	5100
F-004275	- طلب تحليل	8.1 مصفوفة التحويل	5101
F-004276	- طلب استنتاج	8.1 مصفوفة التحويل	5102
F-004277	- طلب استخراج بيانات محددة	8.1 مصفوفة التحويل	5103
F-004278	- تنفيذ أوامر تحليلية بدون أوامر برمجية	8.1 مصفوفة التحويل	5104
F-004279	- نظام استجواب ذكي	8.1 مصفوفة التحويل	5105
F-004280	- واجهة استجواب نصية	8.1 مصفوفة التحويل	5106
F-004281	- دعم أسئلة متعددة الملفات	8.1 مصفوفة التحويل	5107
F-004282	- إنشاء أسئلة وأجوبة تلقائية من أي مستند	8.1 مصفوفة التحويل	5108
F-004283	- كتابة ملخص تنفيذي تلقائي	8.1 مصفوفة التحويل	5109
F-004284	- القدرة على سؤال الذكاء الاصطناعي عن أي شيء يتعلق بالملفات	8.1 مصفوفة التحويل	5110
F-004285	- مساعد ذكاء اصطناعي	8.1 مصفوفة التحويل	5111
F-004286	- واجهة دردشة كاملة لإدارة البيانات	8.1 مصفوفة التحويل	5112
F-004287	- الإجابة عن أسئلة علاقات بين الملفات	8.1 مصفوفة التحويل	5113
F-004288	- استخرج جميع الحالات التي ظهرت في PDF ولم تظهر في Excel	8.1 مصفوفة التحويل	5114
F-004289	جميع المدخلات تتحول أولاً إلى تمثيل داخلي موحد يتضمن:	8.2 تمثيل المستند الأساسي الموحد	5120
F-004290	- شجرة تخطيط هيكلية	8.2 تمثيل المستند الأساسي الموحد	5122
F-004291	- رسم بياني للمحتوى الدلالي	8.2 تمثيل المستند الأساسي الموحد	5123
F-004292	- رسم بياني للقيود البصرية	8.2 تمثيل المستند الأساسي الموحد	5124
F-004293	- خريطة ربط البيانات	8.2 تمثيل المستند الأساسي الموحد	5125
F-004294	- خريطة التفاعل	8.2 تمثيل المستند الأساسي الموحد	5126
F-004295	- بيانات وصفية للعلامة التجارية واللغة	8.2 تمثيل المستند الأساسي الموحد	5127
F-004296	- تمثيل حالة المنصة بالكامل كرسم بياني معرفي	8.2 تمثيل المستند الأساسي الموحد	5128
F-004297	- تمثيل موحد داخلي لجميع أنواع المستندات بسبع طبقات	8.2 تمثيل المستند الأساسي الموحد	5129
F-004298	- تمثيل المستند الأساسي الموحد	8.2 تمثيل المستند الأساسي الموحد	5130
F-004299	- السماح بالاستجواب الحر للبيانات	8.2 تمثيل المستند الأساسي الموحد	5131
F-004300	- تمثيل مستندي أساسي وموحد (Canonical Document Representation)	8.2 تمثيل المستند الأساسي الموحد	5132
F-004301	لا يتم أي تحويل قبل إنشاء هذا التمثيل الموحد وهو محايد الصيغة وحتمي النتائج.	8.2 تمثيل المستند الأساسي الموحد	5134
F-004302	- تصنيف نوع كل ملف ومحتواه	9.1 الفهم الذكي للملفات	5143
F-004303	- بناء خريطة معرفة تربط الملفات والأعمدة والمفاهيم والعلاقات	9.1 الفهم الذكي للملفات	5144
F-004304	- اكتشاف العلاقات بين الأعمدة عبر ملفات مختلفة	9.1 الفهم الذكي للملفات	5145
F-004305	- اكتشاف البيانات والصفحات تلقائياً باستخدام الذكاء الاصطناعي	9.1 الفهم الذكي للملفات	5146
F-004306	- NLQ للبيانات (اسأل التقرير أو اللوحة) بالذكاء الاصطناعي	9.1 الفهم الذكي للملفات	5147
F-004307	- تحليل وبناء خريطة معرفة ذكية للبيانات	9.1 الفهم الذكي للملفات	5148
F-004308	- فهم شامل تلقائي للملفات باستخدام الذكاء الاصطناعي	9.1 الفهم الذكي للملفات	5149
F-004309	- اقتراح أفضل طريقة تقسيم بناءً على توزيع البيانات	9.1 الفهم الذكي للملفات	5150
F-004310	- اقتراح حذف أو أرشفة البيانات	9.1 الفهم الذكي للملفات	5151
F-004311	- اقتراح أفضل عملية تلقائية عبر الذكاء الاصطناعي	9.1 الفهم الذكي للملفات	5152
F-004312	- فهم شامل لسياق النظام بالكامل	9.1 الفهم الذكي للملفات	5153
F-004313	- استنتاج النموذج البعدي تلقائياً	9.1 الفهم الذكي للملفات	5154
F-004314	- فهم الصورة كاملة	9.1 الفهم الذكي للملفات	5155
F-004315	- استنتاج البيانات	9.1 الفهم الذكي للملفات	5156
F-004316	- اكتشاف أنماط مالية وإحصائية في البيانات	9.1 الفهم الذكي للملفات	5157
F-004317	- اكتشاف التدرجات الزمنية	9.1 الفهم الذكي للملفات	5158
F-004318	- اكتشاف أنماط مشتركة عبر مؤشرات متعددة	9.1 الفهم الذكي للملفات	5159
F-004319	- اكتشاف تضارب في القياسات بين لوحات	9.1 الفهم الذكي للملفات	5160
F-004320	- تحليل ترابط مؤشرات متعددة	9.1 الفهم الذكي للملفات	5161
F-004321	- إبراز الشذوذ والاتجاهات في التقارير	9.1 الفهم الذكي للملفات	5162
F-004322	- فهم البيانات تلقائيا وتقديم ملخص عنها	9.1 الفهم الذكي للملفات	5163
F-004323	- تحليل البيانات وكشف الأنماط والعلاقات الخفية	9.1 الفهم الذكي للملفات	5164
F-004324	- التنبؤ بالقيم المستقبلية بناء على البيانات التاريخية	9.1 الفهم الذكي للملفات	5165
F-004325	- تقديم توصيات ذكية بناء على تحليل البيانات	9.1 الفهم الذكي للملفات	5166
F-004326	- كشف الحالات الشاذة والتنبيه عنها	9.1 الفهم الذكي للملفات	5167
F-004327	- التحدث مع البيانات بالعربية والإنجليزية	9.1 الفهم الذكي للملفات	5168
F-004328	- محادثة ذكية تدعم العربية ومتعدد اللغات مع ذاكرة طويلة المدى	9.1 الفهم الذكي للملفات	5169
F-004329	- نظام وكلاء ديناميكي يمكن إضافة وكلاء بدون كود من لوحة التحكم	9.1 الفهم الذكي للملفات	5170
F-004330	- كل وحدة تسجل أدواتها تلقائيا والذكاء الاصطناعي يستخدمها	9.1 الفهم الذكي للملفات	5171
F-004331	- أوامر سريعة مخصصة من لوحة التحكم	9.1 الفهم الذكي للملفات	5172
F-004332	- يقرأ السياق ويستنتج الهدف والنمط والاحتياج الناقص	9.1 الفهم الذكي للملفات	5173
F-004333	- ذاكرة داخل المحادثة الواحدة	9.1 الفهم الذكي للملفات	5174
F-004334	- ذاكرة طويلة المدى تشمل تفضيلات المستخدم وسياق المشروع وحقائق مثبتة	9.1 الفهم الذكي للملفات	5175
F-004335	- إنشاء واقتراح مجموعة بيانات تلقائيا عند اكتشاف بيانات جديدة	9.1 الفهم الذكي للملفات	5176
F-004336	- اقتراح مقاييس وأبعاد تلقائيا	9.1 الفهم الذكي للملفات	5177
F-004337	- اقتراح قواعد جودة البيانات تلقائيا	9.1 الفهم الذكي للملفات	5178
F-004338	- اقتراح صفحات حلول جاهزة	9.1 الفهم الذكي للملفات	5179
F-004339	- فهم شامل لسياق النظام بالكامل وتحليل الطلب عبر جميع الوحدات	9.1 الفهم الذكي للملفات	5180
F-004340	- فهم أهداف المستخدم المتعددة الخطوات وليس الأوامر المفردة فقط	9.1 الفهم الذكي للملفات	5181
F-004341	- ذاكرة سياق عبر الجلسات	9.1 الفهم الذكي للملفات	5182
F-004342	- أوامر صوتية مع صلاحيات	9.1 الفهم الذكي للملفات	5183
F-004343	- تلخيص الملفات واستخراج الحقول ومقارنة نسختين	9.1 الفهم الذكي للملفات	5184
F-004344	- الذكاء الاصطناعي يجيب من قاعدة المعرفة الداخلية	9.1 الفهم الذكي للملفات	5185
F-004345	- اقتراح مقالات مساعدة حسب الصفحة الحالية	9.1 الفهم الذكي للملفات	5186
F-004346	- العثور على المحتوى وتحليله.	9.1 الفهم الذكي للملفات	5187
F-004347	- البحث عن المصنوعات.	9.1 الفهم الذكي للملفات	5188
F-004348	- الفهم الذكي للملفات	9.1 الفهم الذكي للملفات	5189
F-004349	- إرجاع رؤى منظمة مثل المخططات ولوحات المعلومات والسرد	9.1 الفهم الذكي للملفات	5190
F-004350	- استخدام أوامر مخصصة لتوجيه الذكاء الاصطناعي	9.1 الفهم الذكي للملفات	5191
F-004351	- استخراج البيانات الرئيسية من تقرير مالي	9.1 الفهم الذكي للملفات	5192
F-004352	- استخلاص الرؤى من مجموعات البيانات الكبيرة	9.1 الفهم الذكي للملفات	5193
F-004353	- التعرف على الأنماط والشذوذ في البيانات	9.1 الفهم الذكي للملفات	5194
F-004354	- الحصول على ملخص سريع لموضوع أو مشروع	9.1 الفهم الذكي للملفات	5195
F-004355	- تحليل SWOT الاستراتيجي	9.1 الفهم الذكي للملفات	5196
F-004356	- تحليل البيانات والكشف عن الرؤى وتصور النتائج	9.1 الفهم الذكي للملفات	5197
F-004357	- تحليل البيانات وتصورها تلقائيًا بطرق جذابة	9.1 الفهم الذكي للملفات	5198
F-004358	- تحليل المشاعر في ملاحظات العملاء	9.1 الفهم الذكي للملفات	5199
F-004359	- تحليل بيانات أداء المنتج	9.1 الفهم الذكي للملفات	5200
F-004360	- تحليل بيانات استطلاع الرأي لإنشاء تقرير عن رضا العملاء	9.1 الفهم الذكي للملفات	5201
F-004361	- تحليل بيانات الإنتاج لتحديد أوجه القصور	9.1 الفهم الذكي للملفات	5202
F-004362	- تحليل بيانات العملاء لإنشاء تقرير عن الاتجاهات	9.1 الفهم الذكي للملفات	5203
F-004363	- تحليل بيانات العملاء لاستخلاص الرؤى الرئيسية	9.1 الفهم الذكي للملفات	5204
F-004364	- تحليل بيانات العملاء من ملف CSV لإنشاء تقرير عن سلوك المستهلك	9.1 الفهم الذكي للملفات	5205
F-004365	- تحليل بيانات المبيعات لإنشاء تقرير ربع سنوي	9.1 الفهم الذكي للملفات	5206
F-004366	- تحليل بيانات المشروع لتحديد الاتجاهات الرئيسية	9.1 الفهم الذكي للملفات	5207
F-004367	- تحليل نقاط القوة والضعف والفرص والتهديدات	9.1 الفهم الذكي للملفات	5208
F-004368	- تصور بيانات استطلاع العملاء لفهم الاتجاهات	9.1 الفهم الذكي للملفات	5209
F-004369	- تصور مقاييس الأعمال المعقدة	9.1 الفهم الذكي للملفات	5210
F-004370	- تلخيص اتفاقية قانونية طويلة لتحديد النقاط الرئيسية	9.1 الفهم الذكي للملفات	5211
F-004371	- تلخيص اجتماع فريق أسبوعي تلقائيًا	9.1 الفهم الذكي للملفات	5212
F-004372	- تلخيص الأبحاث العلمية	9.1 الفهم الذكي للملفات	5213
F-004373	- تلخيص الاجتماعات والمستندات	9.1 الفهم الذكي للملفات	5214
F-004374	- تلخيص العقود وتسليط الضوء على المخاطر	9.1 الفهم الذكي للملفات	5215
F-004375	- تلخيص المحتوى الطويل (صفحات، تعليقات) للحصول على النقاط الرئيسية	9.1 الفهم الذكي للملفات	5216
F-004376	- تلخيص المستندات الطويلة والنقاط الرئيسية	9.1 الفهم الذكي للملفات	5217
F-004377	- تلخيص بيانات المخططات في Atlassian Analytics	9.1 الفهم الذكي للملفات	5218
F-004378	- تلخيص عناصر عمل Jira Service Management وصفحات Confluence والتعليقات والمدونات	9.1 الفهم الذكي للملفات	5219
F-004379	- تلخيص فوري للنقاط الرئيسية أو إنشاء ملخصات تنفيذية	9.1 الفهم الذكي للملفات	5220
F-004380	- تلخيص محضر اجتماع طويل	9.1 الفهم الذكي للملفات	5221
F-004381	- تلخيص نقاط النقاش الرئيسية في الاجتماعات	9.1 الفهم الذكي للملفات	5222
F-004382	- تلخيص ومعاينة الروابط الذكية من Confluence و Jira و Google docs	9.1 الفهم الذكي للملفات	5223
F-004383	- تلخيصات مع استشهادات مدمجة	9.1 الفهم الذكي للملفات	5224
F-004384	- فهم أهداف التقرير وتقديم معلومات دقيقة وذات صلة	9.1 الفهم الذكي للملفات	5225
F-004385	- فهم السياق عبر تطبيقات متعددة (Word, Excel, Teams)	9.1 الفهم الذكي للملفات	5226
F-004386	- فهم السياق من المستندات والملفات الأخرى لإنشاء محتوى جديد	9.1 الفهم الذكي للملفات	5227
F-004387	- تحليل البيانات من ملفات Excel و CSV و PDF و JSON	9.1 الفهم الذكي للملفات	5228
F-004388	- فهم الأسئلة باللغة الطبيعية وتحويلها إلى تحليل بيانات معقد	9.1 الفهم الذكي للملفات	5229
F-004389	- رسم بياني للمعرفة (Knowledge Graph) يطلق قيمة حقيقية من البيانات	9.1 الفهم الذكي للملفات	5230
F-004390	- فهم المحتوى وإنشاء شرائح PowerPoint احترافية تلقائيًا	9.1 الفهم الذكي للملفات	5231
F-004391	- مسح المصادر ومقارنة المنافسين وتحويل البحث إلى موجزات واضحة	9.1 الفهم الذكي للملفات	5232
F-004392	- فهم المستندات (PDF، صور تقارير، جداول ممسوحة ضوئياً)	9.1 الفهم الذكي للملفات	5233
F-004393	- تنبؤ بالـ URL باستخدام تعلم الآلة	9.1 الفهم الذكي للملفات	5234
F-004394	- الفهم الشامل التلقائي للملفات (AI Data Intelligence)	9.1 الفهم الذكي للملفات	5235
F-004395	- محرك الفهم الذكي للملفات (AI Data Comprehension Engine)	9.1 الفهم الذكي للملفات	5236
F-004396	- ذكاء يفهم البيانات تلقائيًا (AI Understanding Layer)	9.1 الفهم الذكي للملفات	5237
F-004397	- إنشاء “بروفايل ذكي” لكل ملف	9.1 الفهم الذكي للملفات	5238
F-004398	- فهم نوع المحتوى	9.1 الفهم الذكي للملفات	5239
F-004399	- ميزة “فهم المطلوب قبل التحليل”	9.1 الفهم الذكي للملفات	5240
F-004400	- اكتشاف العلاقات المحتملة	9.1 الفهم الذكي للملفات	5241
F-004401	- إنشاء “خريطة معرفة” (Knowledge Graph)	9.1 الفهم الذكي للملفات	5242
F-004402	- تمثيل حالة المنصة كاملة كخريطة معرفة	9.1 الفهم الذكي للملفات	5243
F-004403	- تحديد نوع الملف (مالي، موارد بشرية، مبيعات…)	9.1 الفهم الذكي للملفات	5244
F-004404	- فهم أن “Revenue” و“إيراد” و“المبيعات الإجمالية” تعني نفس الشيء	9.1 الفهم الذكي للملفات	5245
F-004405	- اكتشاف بيانات غير منطقية	9.1 الفهم الذكي للملفات	5246
F-004406	- الذكاء الاصطناعي في التعامل مع Excel	9.1 الفهم الذكي للملفات	5247
F-004407	- تفسير النتائج بلغة مبسطة	9.1 الفهم الذكي للملفات	5248
F-004408	- ذكاء يتعلم من المستخدم	9.1 الفهم الذكي للملفات	5249
F-004409	- التعرف على نوع كل ملف (مبيعات، موارد بشرية، مشاريع، مالية…)	9.1 الفهم الذكي للملفات	5250
F-004410	- فهم سياق البيانات وليس فقط الأرقام	9.1 الفهم الذكي للملفات	5251
F-004411	- فهم الفواتير	9.1 الفهم الذكي للملفات	5252
F-004412	- الذكاء الاصطناعي متعدد الأدوار	9.1 الفهم الذكي للملفات	5253
F-004413	- مستشار إداري	9.1 الفهم الذكي للملفات	5254
F-004414	- تفعيل الذكاء الاصطناعي في كل وظيفة	9.1 الفهم الذكي للملفات	5255
F-004415	- تفعيل الذكاء الاصطناعي تلقائيًا عبر AI	9.1 الفهم الذكي للملفات	5256
F-004416	- الفهم الأولي التلقائي	9.1 الفهم الذكي للملفات	5257
F-004417	- تحديد المواضيع العامة	9.1 الفهم الذكي للملفات	5258
F-004418	- تعتمد كليًا على الذكاء الاصطناعي والسحب والإفلات	9.1 الفهم الذكي للملفات	5259
F-004419	- ذكاء اصطناعي مساعد وليس متحكم	9.1 الفهم الذكي للملفات	5260
F-004420	- محرك الذكاء الاصطناعي	9.1 الفهم الذكي للملفات	5261
F-004421	- تصنيف البيانات	9.1 الفهم الذكي للملفات	5262
F-004422	- قابل لتحديث النماذج	9.1 الفهم الذكي للملفات	5263
F-004423	- دعم تعدد النماذج	9.1 الفهم الذكي للملفات	5264
F-004424	- دعم عدة نماذج	9.1 الفهم الذكي للملفات	5265
F-004425	- دعم Prompt Orchestration Layer	9.1 الفهم الذكي للملفات	5266
F-004426	- دعم Visual Semantics Layer	9.1 الفهم الذكي للملفات	5267
F-004427	- تحليل تخطيط PDF وImage layout extraction	9.1 الفهم الذكي للملفات	5268
F-004428	- تنفيذ تحليل مدعوم بالذكاء الاصطناعي عبر جميع المصادر	9.1 الفهم الذكي للملفات	5269
F-004429	- دعم الاستدلال عبر المستندات	9.1 الفهم الذكي للملفات	5270
F-004430	- تحويل محاضر اجتماعات zoom لملخصات بصرية	9.1 الفهم الذكي للملفات	5271
F-004431	- لصق نص أو ملاحظات وتحويلها لعرض كامل	9.1 الفهم الذكي للملفات	5272
F-004432	بعد تحليل الملفات يمكن للمستخدم طرح أي سؤال نصي:	9.2 الاستجواب الحر	5278
F-004433	- ما العلاقة بين ملف المبيعات وملف التكاليف؟	9.2 الاستجواب الحر	5280
F-004434	- ما أعلى عشرة عناصر عبر جميع الملفات؟	9.2 الاستجواب الحر	5281
F-004435	- قارن نتائج العامين عبر كل المصادر	9.2 الاستجواب الحر	5282
F-004436	- أنشئ جدول مقارنة بين الفروع	9.2 الاستجواب الحر	5283
F-004437	- أعطني ملخص من صفحة واحدة أو تحليل تفصيلي	9.2 الاستجواب الحر	5284
F-004438	- استخرج فقط المشاكل	9.2 الاستجواب الحر	5285
F-004439	- النتائج تأتي كنص أو جدول أو رسم بياني أو ملف قابل للتصدير	9.2 الاستجواب الحر	5286
F-004440	- تلخيص المحتوى	9.2 الاستجواب الحر	5287
F-004441	- استخراج الكيانات والمعلومات من النص	9.2 الاستجواب الحر	5288
F-004442	- استخراج الكيانات مثل أسماء وتواريخ ومبالغ وبنود	9.2 الاستجواب الحر	5289
F-004443	- تلخيص متعدد المستويات (مختصر، متوسط، تفصيلي)	9.2 الاستجواب الحر	5290
F-004444	- تلخيص اجتماعات مع استخراج نقاط العمل	9.2 الاستجواب الحر	5291
F-004445	- توليد ملخصات تنفيذية عالية المستوى	9.2 الاستجواب الحر	5292
F-004446	- استخراج الكيانات مثل أسماء وتواريخ وبنود ومبالغ	9.2 الاستجواب الحر	5293
F-004447	- تلخيص متعدد المستويات	9.2 الاستجواب الحر	5294
F-004448	- الاستجابة لأسئلة المستخدم باللغة الطبيعية عن البيانات	9.2 الاستجواب الحر	5295
F-004449	- تحويل الأسئلة النصية إلى استعلامات على البيانات تلقائيا	9.2 الاستجواب الحر	5296
F-004450	- طرح أسئلة متابعة والحصول على مقارنات فورية.	9.2 الاستجواب الحر	5297
F-004451	- طرح أسئلة متابعة واستكشاف البيانات وتحويل الإجابات إلى تقارير أو شرائح.	9.2 الاستجواب الحر	5298
F-004452	- الإجابة على الأسئلة باستخدام وكيل بيانات Fabric.	9.2 الاستجواب الحر	5299
F-004453	- معايرة الأسئلة والأجوبة.	9.2 الاستجواب الحر	5300
F-004454	- تحديثات محسنة للأسئلة والأجوبة.	9.2 الاستجواب الحر	5301
F-004455	- طرح أسئلة حول بياناتك بلغة طبيعية.	9.2 الاستجواب الحر	5302
F-004456	- الحصول على إجابات فورية ومرئية للغاية مدعومة بالذكاء الاصطناعي.	9.2 الاستجواب الحر	5303
F-004457	- إجراء مهام معقدة مثل التنبؤ واكتشاف الحالات الشاذة باستخدام لغة طبيعية.	9.2 الاستجواب الحر	5304
F-004458	- دمج التحليلات الحوارية عبر تجارب متعددة.	9.2 الاستجواب الحر	5305
F-004459	- طرح أسئلة لا حصر لها.	9.2 الاستجواب الحر	5306
F-004460	- طرح أسئلة على بياناتك.	9.2 الاستجواب الحر	5307
F-004461	- استخدام البحث لتحليل بيانات الشركة في ثوانٍ.	9.2 الاستجواب الحر	5308
F-004462	- طرح أنواع مختلفة من الأسئلة.	9.2 الاستجواب الحر	5309
F-004463	- استعلام مباشر.	9.2 الاستجواب الحر	5310
F-004464	- اتباع حدسك للكشف عن الاتصالات والرؤى غير المتوقعة.	9.2 الاستجواب الحر	5311
F-004465	- طرح أسئلة والحصول على إجابات من خلال البحث والتفاعل باللغة الطبيعية.	9.2 الاستجواب الحر	5312
F-004466	- تفاعل بالبحث واللغة الطبيعية.	9.2 الاستجواب الحر	5313
F-004467	- الاستجواب الحر	9.2 الاستجواب الحر	5314
F-004468	- الاستعلام عن طبقتك الدلالية	9.2 الاستجواب الحر	5315
F-004469	- الاستعلام عن مقاييس عملك مباشرة	9.2 الاستجواب الحر	5316
F-004470	- استكشاف البيانات باستخدام لغة إنجليزية بسيطة	9.2 الاستجواب الحر	5317
F-004471	- الإجابة على أسئلة معقدة حول محتوى المستند	9.2 الاستجواب الحر	5318
F-004472	- الإجابة على الأسئلة في الوقت الفعلي أثناء الاجتماعات	9.2 الاستجواب الحر	5319
F-004473	- البحث باللغة الطبيعية للحصول على رؤى قابلة للتنفيذ	9.2 الاستجواب الحر	5320
F-004474	- البحث عن إجابات في Confluence	9.2 الاستجواب الحر	5321
F-004475	- البحث عن عناصر العمل في Jira	9.2 الاستجواب الحر	5322
F-004476	- تتبع التفاصيل المحددة داخل المستند عبر طرح الأسئلة	9.2 الاستجواب الحر	5323
F-004477	- تحويل الأسئلة باللغة الطبيعية إلى استعلامات بيانات معقدة	9.2 الاستجواب الحر	5324
F-004478	- تحويل الاستعلامات باللغة العادية إلى استعلامات SQL	9.2 الاستجواب الحر	5325
F-004479	- تحويل البحث من مصادر متعددة إلى موجزات واضحة وقابلة للتنفيذ	9.2 الاستجواب الحر	5326
F-004480	- تحويل البيانات إلى رؤى أو مهام شاقة إلى مهام بسيطة	9.2 الاستجواب الحر	5327
F-004481	- تحويل جداول البيانات إلى رؤى قابلة للتنفيذ تلقائيًا	9.2 الاستجواب الحر	5328
F-004482	- طرح أسئلة على المستند للحصول على تفاصيل محددة	9.2 الاستجواب الحر	5329
F-004483	- طرح أسئلة متابعة واستكشاف البيانات وتحويل الإجابات إلى تقارير أو شرائح	9.2 الاستجواب الحر	5330
F-004484	- طرح الأسئلة والحصول على مقارنات فورية	9.2 الاستجواب الحر	5331
F-004485	- فهم الأسئلة باللغة الطبيعية وتحويلها إلى تحليل بيانات معقد	9.2 الاستجواب الحر	5332
F-004486	- تتبع رحلة الاستكشاف تلقائيًا (كل مخطط وسؤال ورؤية)	9.2 الاستجواب الحر	5333
F-004487	- تجميع التنبيهات المتشابهة معًا لتحديد المشكلات بشكل أسرع	9.2 الاستجواب الحر	5334
F-004488	- تجميع التنبيهات في Jira Service Management	9.2 الاستجواب الحر	5335
F-004489	- تحليل سريع: ملخص ومؤشرات رئيسية	9.3 مستويات التحليل	5341
F-004490	- تحليل متقدم: مقارنات وعلاقات وتفسيرات	9.3 مستويات التحليل	5342
F-004491	- تحليل استراتيجي: استنتاجات وتوصيات وتنبؤ وسيناريوهات	9.3 مستويات التحليل	5343
F-004492	- مستويات تحليل متعددة تشمل تحليل سريع، متقدم، واستراتيجي مع استنتاجات وتوصيات وتنبؤ	9.3 مستويات التحليل	5344
F-004493	- تحليلات تنبؤية مستقبلية	9.3 مستويات التحليل	5345
F-004494	- تحليل الاتجاهات طويلة المدى	9.3 مستويات التحليل	5346
F-004495	- تحليل أسباب الانحراف عن الخطة	9.3 مستويات التحليل	5347
F-004496	- تحليلات فورية أثناء الاجتماعات	9.3 مستويات التحليل	5348
F-004497	- تحليل تأثير القرارات السابقة	9.3 مستويات التحليل	5349
F-004498	- تحليل أثر تغيير مؤشر أداء على الشرائح	9.3 مستويات التحليل	5350
F-004499	- اقتراح أفضل أنواع الرسوم البيانية للبيانات المحددة	9.3 مستويات التحليل	5351
F-004500	- التحليل العميق متعدد المستويات للبيانات	9.3 مستويات التحليل	5352
F-004501	- التحليل التنبؤي باستخدام نماذج تعلم الآلة	9.3 مستويات التحليل	5353
F-004502	- التحليل الوصفي الشامل للبيانات	9.3 مستويات التحليل	5354
F-004503	- مستويات التحليل	9.3 مستويات التحليل	5355
F-004504	- تحليل البيانات وتحديد الأنماط وشرح ما يحدث بلغة واضحة	9.3 مستويات التحليل	5356
F-004505	- استخلاص الرؤى من مجموعات البيانات الكبيرة	9.3 مستويات التحليل	5357
F-004506	- التعرف على الأنماط والشذوذ في البيانات	9.3 مستويات التحليل	5358
F-004507	- محلل بيانات: تركيز على الأرقام	9.4 الأدوار المتعددة للذكاء الاصطناعي	5364
F-004508	- مدقق جودة: تركيز على الأخطاء	9.4 الأدوار المتعددة للذكاء الاصطناعي	5365
F-004509	- مستشار إداري: تركيز على التوصيات	9.4 الأدوار المتعددة للذكاء الاصطناعي	5366
F-004510	- مخطط استراتيجي: تركيز على التنبؤ	9.4 الأدوار المتعددة للذكاء الاصطناعي	5367
F-004511	- مصمم تقارير: تركيز على العرض البصري	9.4 الأدوار المتعددة للذكاء الاصطناعي	5368
F-004512	- الذكاء الاصطناعي يقترح وينفذ والإنسان يعتمد	9.4 الأدوار المتعددة للذكاء الاصطناعي	5369
F-004513	- تشغيل ذكاء اصطناعي محلي بالكامل	9.4 الأدوار المتعددة للذكاء الاصطناعي	5370
F-004514	- استبدال محرك ذكاء اصطناعي خلال ساعات	9.4 الأدوار المتعددة للذكاء الاصطناعي	5371
F-004515	- تلخيص اجتماعات مع استخراج القرارات ونقاط العمل	9.4 الأدوار المتعددة للذكاء الاصطناعي	5372
F-004516	- دعم نماذج ذكاء اصطناعي محلية	9.4 الأدوار المتعددة للذكاء الاصطناعي	5373
F-004517	- تحليل جودة البيانات	9.4 الأدوار المتعددة للذكاء الاصطناعي	5374
F-004518	- تصنيف البيانات النصية تلقائيا	9.4 الأدوار المتعددة للذكاء الاصطناعي	5375
F-004519	- استخلاص الكيانات المهمة من النصوص مثل الأسماء والتواريخ والمبالغ	9.4 الأدوار المتعددة للذكاء الاصطناعي	5376
F-004520	- توليد تقارير تلقائية بناء على البيانات	9.4 الأدوار المتعددة للذكاء الاصطناعي	5377
F-004521	- تلخيص مجموعات البيانات الكبيرة	9.4 الأدوار المتعددة للذكاء الاصطناعي	5378
F-004522	- الذكاء الاصطناعي الاستباقي الذي يقترح إجراءات قبل طلبها	9.4 الأدوار المتعددة للذكاء الاصطناعي	5379
F-004523	- الذكاء الاصطناعي المتعلم الذي يتحسن مع الاستخدام	9.4 الأدوار المتعددة للذكاء الاصطناعي	5380
F-004524	- الذكاء الاصطناعي للبيانات الضخمة القادر على معالجة ملايين السجلات	9.4 الأدوار المتعددة للذكاء الاصطناعي	5381
F-004525	- الذكاء الاصطناعي لجودة البيانات الذي يكشف مشاكل الجودة تلقائيا	9.4 الأدوار المتعددة للذكاء الاصطناعي	5382
F-004526	- الذكاء الاصطناعي الاستراتيجي الذي يربط البيانات بالأهداف	9.4 الأدوار المتعددة للذكاء الاصطناعي	5383
F-004527	- مساعد استباقي يتعلم من السلوك ويقترح	9.4 الأدوار المتعددة للذكاء الاصطناعي	5384
F-004528	- مساعد ذكي مصغر من أي صفحة مع سياق الصفحة الحالية	9.4 الأدوار المتعددة للذكاء الاصطناعي	5385
F-004529	- شخصيات مختلفة مثل محلل ومستشار ومساعد تقني	9.4 الأدوار المتعددة للذكاء الاصطناعي	5386
F-004530	- تصنيف وبحث متقدم بوسوم ومجلدات ومفضلة وبحث نصي ودلالي	9.4 الأدوار المتعددة للذكاء الاصطناعي	5387
F-004531	- حزم سياق جاهزة من سياسات وتقارير وبيانات ترفق للمحادثة بنقرة	9.4 الأدوار المتعددة للذكاء الاصطناعي	5388
F-004532	- يختار الوكيل والأداة والنموذج الأنسب حسب نية المستخدم	9.4 الأدوار المتعددة للذكاء الاصطناعي	5389
F-004533	- يجزئ المهمة لخطوات وينفذها ويعالج الفشل بإعادة المحاولة أو البديل	9.4 الأدوار المتعددة للذكاء الاصطناعي	5390
F-004534	- قوالب وكلاء لتحليل البيانات والتدقيق وكتابة التقارير وتشغيل الإجراءات	9.4 الأدوار المتعددة للذكاء الاصطناعي	5391
F-004535	- إضافة وتعديل الوكلاء بدون كود مع تحديد الأدوات المسموحة ونطاق الاسترجاع والقواعد	9.4 الأدوار المتعددة للذكاء الاصطناعي	5392
F-004536	- إصدارات للوكيل مع بيئة اختبار قبل النشر	9.4 الأدوار المتعددة للذكاء الاصطناعي	5393
F-004537	- اختبارات للوكيل مع قياس الجودة	9.4 الأدوار المتعددة للذكاء الاصطناعي	5394
F-004538	- وكيل مسؤول البيانات يوحد الأعمدة والأنواع ويضبط مؤشرات الأداء والسياسات	9.4 الأدوار المتعددة للذكاء الاصطناعي	5395
F-004539	- وكيل المحلل يكشف الفجوات والشذوذ والأسباب الجذرية ويقدم توصيات	9.4 الأدوار المتعددة للذكاء الاصطناعي	5396
F-004540	- وكيل المصمم يحسن التخطيط ودعم الكتابة من اليمين والتباين والتبسيط	9.4 الأدوار المتعددة للذكاء الاصطناعي	5397
F-004541	- وكيل كاتب التقارير يولد سردا رسميا وملخصات بلغة تنفيذية	9.4 الأدوار المتعددة للذكاء الاصطناعي	5398
F-004542	- وكيل العروض ينشئ العرض مع ملاحظات المقدم وأسئلة وأجوبة وملاحق	9.4 الأدوار المتعددة للذكاء الاصطناعي	5399
F-004543	- وكيل المراقبة يراقب تغير البيانات ويقترح تحديث المخرجات	9.4 الأدوار المتعددة للذكاء الاصطناعي	5400
F-004544	- عند انحراف مؤشر أداء يقترح تحقيق أو تصعيد	9.4 الأدوار المتعددة للذكاء الاصطناعي	5401
F-004545	- ضوابط الاستشراف بمستويات مختلفة مع إمكانية التعطيل الكامل والتفسير وعدم تجاوز الصلاحيات	9.4 الأدوار المتعددة للذكاء الاصطناعي	5402
F-004546	- وضع صارم للامتثال مع سرد محافظ بدون افتراضات غير مسندة	9.4 الأدوار المتعددة للذكاء الاصطناعي	5403
F-004547	- وضع متوازن تنفيذي مع توصيات وافتراضات واضحة	9.4 الأدوار المتعددة للذكاء الاصطناعي	5404
F-004548	- وضع إبداعي للتصميم والقصة مع بدائل تصميم وسرد أكثر ثراء ضمن ضوابط الهوية	9.4 الأدوار المتعددة للذكاء الاصطناعي	5405
F-004549	- تبديل النماذج دون تعطيل الخدمات	9.4 الأدوار المتعددة للذكاء الاصطناعي	5406
F-004550	- تطبيق مستويات ذكاء مختلفة حسب الاشتراك	9.4 الأدوار المتعددة للذكاء الاصطناعي	5407
F-004551	- عزل الذكاء الاصطناعي عن منطق الأعمال	9.4 الأدوار المتعددة للذكاء الاصطناعي	5408
F-004552	- توليد نصوص احترافية متعددة الأنماط	9.4 الأدوار المتعددة للذكاء الاصطناعي	5409
F-004553	- إعادة صياغة المحتوى بمستويات رسمية مختلفة	9.4 الأدوار المتعددة للذكاء الاصطناعي	5410
F-004554	- تلخيص متعدد المستويات مختصر ومتوسط وتفصيلي	9.4 الأدوار المتعددة للذكاء الاصطناعي	5411
F-004555	- إنشاء أسئلة وأجوبة تلقائية من أي مستند	9.4 الأدوار المتعددة للذكاء الاصطناعي	5412
F-004556	- دعم القرار القائم على القواعد والبيانات	9.4 الأدوار المتعددة للذكاء الاصطناعي	5413
F-004557	- إنشاء توصيات قابلة للتنفيذ	9.4 الأدوار المتعددة للذكاء الاصطناعي	5414
F-004558	- نمذجة تنبؤية زمنية	9.4 الأدوار المتعددة للذكاء الاصطناعي	5415
F-004559	- تحليل المخاطر	9.4 الأدوار المتعددة للذكاء الاصطناعي	5416
F-004560	- اقتراح بدائل استراتيجية	9.4 الأدوار المتعددة للذكاء الاصطناعي	5417
F-004561	- مساعد إداري ذكي لإعداد المراسلات والقرارات الرسمية	9.4 الأدوار المتعددة للذكاء الاصطناعي	5418
F-004562	- توليد عروض تنفيذية تلقائيا من تقارير تشغيلية	9.4 الأدوار المتعددة للذكاء الاصطناعي	5419
F-004563	- تلخيص اجتماعات مع استخراج نقاط العمل	9.4 الأدوار المتعددة للذكاء الاصطناعي	5420
F-004564	- التنبؤ بالمخاطر التشغيلية قبل وقوعها	9.4 الأدوار المتعددة للذكاء الاصطناعي	5421
F-004565	- تحليل الامتثال التنظيمي تلقائيا	9.4 الأدوار المتعددة للذكاء الاصطناعي	5422
F-004566	- مساعد قرار إداري مبني على البيانات	9.4 الأدوار المتعددة للذكاء الاصطناعي	5423
F-004567	- بناء نماذج توقع للاحتياجات التشغيلية	9.4 الأدوار المتعددة للذكاء الاصطناعي	5424
F-004568	- توليد خطط مشاريع مبدئية من وصف نصي	9.4 الأدوار المتعددة للذكاء الاصطناعي	5425
F-004569	- اقتراح تحسينات تشغيلية اعتمادا على تحليل الأداء	9.4 الأدوار المتعددة للذكاء الاصطناعي	5426
F-004570	- تحليل تفاعل المستخدمين مع العروض	9.4 الأدوار المتعددة للذكاء الاصطناعي	5427
F-004571	- توليد محتوى تدريبي مخصص	9.4 الأدوار المتعددة للذكاء الاصطناعي	5428
F-004572	- إعادة صياغة المحتوى وفق جمهور محدد	9.4 الأدوار المتعددة للذكاء الاصطناعي	5429
F-004573	- توليد ملخصات تنفيذية عالية المستوى	9.4 الأدوار المتعددة للذكاء الاصطناعي	5430
F-004574	- اختيار أفضل مسار تنفيذ تلقائيا	9.4 الأدوار المتعددة للذكاء الاصطناعي	5431
F-004575	- توزيع المهام على محركات متخصصة	9.4 الأدوار المتعددة للذكاء الاصطناعي	5432
F-004576	- التحقق من جودة التنفيذ قبل الإخراج	9.4 الأدوار المتعددة للذكاء الاصطناعي	5433
F-004577	- إعادة المحاولة الذكية في حال انخفاض الجودة	9.4 الأدوار المتعددة للذكاء الاصطناعي	5434
F-004578	- تفكيك الأهداف المعقدة إلى خطط تنفيذ	9.4 الأدوار المتعددة للذكاء الاصطناعي	5435
F-004579	- اكتشاف الغموض والتوضيح التلقائي	9.4 الأدوار المتعددة للذكاء الاصطناعي	5436
F-004580	- محاكاة السيناريو قبل التنفيذ	9.4 الأدوار المتعددة للذكاء الاصطناعي	5437
F-004581	- اكتشاف التأثير المتسلسل للإجراءات	9.4 الأدوار المتعددة للذكاء الاصطناعي	5438
F-004582	- تحسين متعدد التمريرات	9.4 الأدوار المتعددة للذكاء الاصطناعي	5439
F-004583	- اكتشاف اتجاهات مخفية	9.4 الأدوار المتعددة للذكاء الاصطناعي	5440
F-004584	- اكتشاف ارتباطات غير معروفة	9.4 الأدوار المتعددة للذكاء الاصطناعي	5441
F-004585	- توليد ملخصات تنفيذية	9.4 الأدوار المتعددة للذكاء الاصطناعي	5442
F-004586	- تفسير مسارات الأسباب	9.4 الأدوار المتعددة للذكاء الاصطناعي	5443
F-004587	- اقتراح استراتيجيات للتخفيف	9.4 الأدوار المتعددة للذكاء الاصطناعي	5444
F-004588	- نمذجة سيناريوهات ماذا لو	9.4 الأدوار المتعددة للذكاء الاصطناعي	5445
F-004589	- محاكاة تأثير متعدد المتغيرات	9.4 الأدوار المتعددة للذكاء الاصطناعي	5446
F-004590	- نمذجة المخاطر	9.4 الأدوار المتعددة للذكاء الاصطناعي	5447
F-004591	- توقع الموارد	9.4 الأدوار المتعددة للذكاء الاصطناعي	5448
F-004592	- تحليل تدفق البيانات الحي	9.4 الأدوار المتعددة للذكاء الاصطناعي	5449
F-004593	- توليد تنبيهات فورية عند اكتشاف تغيرات فجائية	9.4 الأدوار المتعددة للذكاء الاصطناعي	5450
F-004594	- تفسير تلقائي للتغيرات	9.4 الأدوار المتعددة للذكاء الاصطناعي	5451
F-004595	- ربط التغير بسبب محتمل	9.4 الأدوار المتعددة للذكاء الاصطناعي	5452
F-004596	- إنشاء تحليلات مخصصة.	9.4 الأدوار المتعددة للذكاء الاصطناعي	5453
F-004597	- تلخيص البيانات وتحليلها.	9.4 الأدوار المتعددة للذكاء الاصطناعي	5454
F-004598	- نمذجة السيناريوهات.	9.4 الأدوار المتعددة للذكاء الاصطناعي	5455
F-004599	- تنبؤ بالرفع.	9.4 الأدوار المتعددة للذكاء الاصطناعي	5456
F-004600	- بناء توقعات نفقات ديناميكية من المحركات التشغيلية.	9.4 الأدوار المتعددة للذكاء الاصطناعي	5457
F-004601	- نمذجة تأثيرات التكلفة في الوقت الفعلي.	9.4 الأدوار المتعددة للذكاء الاصطناعي	5458
F-004602	- تتبع عمليات تسليم المعدات عالية القيمة ونمذجة تأثير التدفق النقدي باستخدام بيانات المستودع الحية.	9.4 الأدوار المتعددة للذكاء الاصطناعي	5459
F-004603	- تخطيط وتنبؤ بعدد الموظفين والتعويضات باستخدام البيانات الحية.	9.4 الأدوار المتعددة للذكاء الاصطناعي	5460
F-004604	- تخطيط أداء الشؤون المالية والإبلاغ عنه وتحليله باستخدام بيانات المستودع الحية.	9.4 الأدوار المتعددة للذكاء الاصطناعي	5461
F-004605	- تنبؤ بالإيرادات باستخدام بيانات خطوط الأنابيب الحية.	9.4 الأدوار المتعددة للذكاء الاصطناعي	5462
F-004606	- تحديث الصفقات.	9.4 الأدوار المتعددة للذكاء الاصطناعي	5463
F-004607	- مراجعة توقعات الممثلين.	9.4 الأدوار المتعددة للذكاء الاصطناعي	5464
F-004608	- عرض توقعات الممثلين.	9.4 الأدوار المتعددة للذكاء الاصطناعي	5465
F-004609	- التحقيق في التناقضات باستخدام النشاط الأخير.	9.4 الأدوار المتعددة للذكاء الاصطناعي	5466
F-004610	- تحليل الميزانية مقابل الأرقام الفعلية باستخدام البيانات الحية.	9.4 الأدوار المتعددة للذكاء الاصطناعي	5467
F-004611	- تتبع الفروق.	9.4 الأدوار المتعددة للذكاء الاصطناعي	5468
F-004612	- تحديث التوقعات.	9.4 الأدوار المتعددة للذكاء الاصطناعي	5469
F-004613	- تخطيط وتنبؤ بالطلب باستخدام البيانات الحية.	9.4 الأدوار المتعددة للذكاء الاصطناعي	5470
F-004614	- إدارة السيناريوهات.	9.4 الأدوار المتعددة للذكاء الاصطناعي	5471
F-004615	- تعلم آلي تلقائي وتحليلات تنبؤية.	9.4 الأدوار المتعددة للذكاء الاصطناعي	5472
F-004616	- الأدوار المتعددة للذكاء الاصطناعي	9.4 الأدوار المتعددة للذكاء الاصطناعي	5473
F-004617	- الجمع بين خبرة الفرق البشرية وأحدث تطورات الذكاء الاصطناعي	9.4 الأدوار المتعددة للذكاء الاصطناعي	5474
F-004618	- فريق من وكلاء البيانات بالذكاء الاصطناعي يقدمون تحليلات دقيقة ورؤى أوسع	9.4 الأدوار المتعددة للذكاء الاصطناعي	5475
F-004619	- وكلاء ذكاء اصطناعي يعملون مع الفريق ولأجله	9.4 الأدوار المتعددة للذكاء الاصطناعي	5476
F-004620	- إشراف ذكي على الذكاء الاصطناعي مصمم لتوسيع نطاق المؤسسة	9.4 الأدوار المتعددة للذكاء الاصطناعي	5477
F-004621	- اتخاذ قرارات أسرع ومستنيرة	9.4 الأدوار المتعددة للذكاء الاصطناعي	5478
F-004622	- بناء نماذج تعلم الآلة	9.4 الأدوار المتعددة للذكاء الاصطناعي	5479
F-004623	- بناء نماذج تعلم الآلة الأولية مباشرة في المحادثة	9.4 الأدوار المتعددة للذكاء الاصطناعي	5480
F-004624	- بناء نموذج مالي لشركة ناشئة	9.4 الأدوار المتعددة للذكاء الاصطناعي	5481
F-004625	- تفسير قانوني	9.4 الأدوار المتعددة للذكاء الاصطناعي	5482
F-004626	- طبقة الذكاء الاصطناعي التفسيري	9.4 الأدوار المتعددة للذكاء الاصطناعي	5483
F-004627	- تفسير القصد التجاري من الشيت	9.4 الأدوار المتعددة للذكاء الاصطناعي	5484
F-004628	- دعم Fine-tuning	9.4 الأدوار المتعددة للذكاء الاصطناعي	5485
F-004629	- دعم AI Agents	9.4 الأدوار المتعددة للذكاء الاصطناعي	5486
F-004630	- واجهة استعلام مدعومة بالذكاء الاصطناعي تسمح بالاستعلام باللغة الطبيعية	9.4 الأدوار المتعددة للذكاء الاصطناعي	5487
F-004631	- معالجة الاستعلامات عبر محرك استعلام ذكي	9.4 الأدوار المتعددة للذكاء الاصطناعي	5488
F-004632	- محادثة مستمرة مع الذكاء الاصطناعي	9.4 الأدوار المتعددة للذكاء الاصطناعي	5489
F-004633	- اقتراح مؤشرات مناسبة لنوع البيانات تلقائياً	9.5 مؤشرات الأداء المتقدمة	5495
F-004634	- حساب نمو تلقائي ومقارنة فترة بفترة	9.5 مؤشرات الأداء المتقدمة	5496
F-004635	- تحليل الاتجاهات واكتشاف الانخفاض المفاجئ	9.5 مؤشرات الأداء المتقدمة	5497
F-004636	- تنبيه تلقائي عند تجاوز حد معين	9.5 مؤشرات الأداء المتقدمة	5498
F-004637	- تحليل البيانات بالذكاء الاصطناعي للكشف عن الأنماط والاتجاهات	9.5 مؤشرات الأداء المتقدمة	5499
F-004638	- التوصيات الذكية ودعم القرار	9.5 مؤشرات الأداء المتقدمة	5500
F-004639	- كشف الشذوذ والاحتيال	9.5 مؤشرات الأداء المتقدمة	5501
F-004640	- تحليل المشاعر	9.5 مؤشرات الأداء المتقدمة	5502
F-004641	- تحليل العقود مع إبراز المخاطر والثغرات	9.5 مؤشرات الأداء المتقدمة	5503
F-004642	- التنبؤ بالمخاطر التشغيلية قبل وقوعها	9.5 مؤشرات الأداء المتقدمة	5504
F-004643	- اقتراح إعادة هيكلة تنظيمية بناءً على بيانات الموارد	9.5 مؤشرات الأداء المتقدمة	5505
F-004644	- تحليل الامتثال التنظيمي تلقائياً	9.5 مؤشرات الأداء المتقدمة	5506
F-004645	- مساعد قرار استثماري مدعوم بالبيانات	9.5 مؤشرات الأداء المتقدمة	5507
F-004646	- بناء نماذج توقع للطلب والمبيعات	9.5 مؤشرات الأداء المتقدمة	5508
F-004647	- اقتراح تحسينات تشغيلية بناءً على تحليل الأداء التاريخي	9.5 مؤشرات الأداء المتقدمة	5509
F-004648	- تحليل المشاعر والانطباعات	9.5 مؤشرات الأداء المتقدمة	5510
F-004649	- دعم القرار القائم على القواعد والبيانات	9.5 مؤشرات الأداء المتقدمة	5511
F-004650	- كشف الشذوذ في البيانات	9.5 مؤشرات الأداء المتقدمة	5512
F-004651	- نمذجة تنبؤية زمنية	9.5 مؤشرات الأداء المتقدمة	5513
F-004652	- تحليل المخاطر	9.5 مؤشرات الأداء المتقدمة	5514
F-004653	- اقتراح بدائل استراتيجية	9.5 مؤشرات الأداء المتقدمة	5515
F-004654	- تحليل العقود واكتشاف المخاطر والثغرات	9.5 مؤشرات الأداء المتقدمة	5516
F-004655	- بناء نماذج توقع للاحتياجات التشغيلية	9.5 مؤشرات الأداء المتقدمة	5517
F-004656	- اقتراح تحسينات تشغيلية اعتماداً على تحليل الأداء	9.5 مؤشرات الأداء المتقدمة	5518
F-004657	- إنشاء توصيات قابلة للتنفيذ	9.5 مؤشرات الأداء المتقدمة	5519
F-004658	- تحليل الطلب عبر جميع الوحدات	9.5 مؤشرات الأداء المتقدمة	5520
F-004659	- توليد خطة تنفيذ متعددة المراحل	9.5 مؤشرات الأداء المتقدمة	5521
F-004660	- اكتشاف Anomaly Patterns	9.5 مؤشرات الأداء المتقدمة	5522
F-004661	- تنبؤ اتجاهات	9.5 مؤشرات الأداء المتقدمة	5523
F-004662	- محاكاة سيناريوهات	9.5 مؤشرات الأداء المتقدمة	5524
F-004663	- Stress testing للبيانات	9.5 مؤشرات الأداء المتقدمة	5525
F-004664	- كشف تعارضات دائرية	9.5 مؤشرات الأداء المتقدمة	5526
F-004665	- اكتشاف أنماط مالية	9.5 مؤشرات الأداء المتقدمة	5527
F-004666	- اكتشاف أنماط مخزون	9.5 مؤشرات الأداء المتقدمة	5528
F-004667	- اكتشاف أنماط إنتاج	9.5 مؤشرات الأداء المتقدمة	5529
F-004668	- اكتشاف أنماط إحصائية	9.5 مؤشرات الأداء المتقدمة	5530
F-004669	- كشف التدرجات الزمنية	9.5 مؤشرات الأداء المتقدمة	5531
F-004670	- كشف فقدان الدقة	9.5 مؤشرات الأداء المتقدمة	5532
F-004671	- اكتشاف تغيرات فجائية	9.5 مؤشرات الأداء المتقدمة	5533
F-004672	- تفسير تلقائي للتغيرات	9.5 مؤشرات الأداء المتقدمة	5534
F-004673	- ربط التغير بسبب محتمل	9.5 مؤشرات الأداء المتقدمة	5535
F-004674	- اكتشاف تضارب في القياسات	9.5 مؤشرات الأداء المتقدمة	5536
F-004675	- تحليل سياق الأعمال	9.5 مؤشرات الأداء المتقدمة	5537
F-004676	- كشف تغيرات غير طبيعية	9.5 مؤشرات الأداء المتقدمة	5538
F-004677	- توقع الحمل القادم	9.5 مؤشرات الأداء المتقدمة	5539
F-004678	- تحليلات استخدام الذكاء الاصطناعي تشمل أكثر الأسئلة والرضا والأداء	9.5 مؤشرات الأداء المتقدمة	5540
F-004679	- توليد محتوى يشمل تقارير وملخصات وعروض ومراسلات	9.5 مؤشرات الأداء المتقدمة	5541
F-004680	- قياس رضا المستخدم ونسبة إعادة السؤال وزمن الحل	9.5 مؤشرات الأداء المتقدمة	5542
F-004681	- قياس التكلفة لكل محادثة ومستخدم ووحدة	9.5 مؤشرات الأداء المتقدمة	5543
F-004682	- سيناريوهات معيارية لقياس الجودة	9.5 مؤشرات الأداء المتقدمة	5544
F-004683	- مراجعة عينات تلقائية مع تقارير جودة أسبوعية	9.5 مؤشرات الأداء المتقدمة	5545
F-004684	- تتبع سبب الخطأ سواء استرجاع ضعيف أو سياق ناقص أو فشل أداة	9.5 مؤشرات الأداء المتقدمة	5546
F-004685	- تحليل ما يبحث عنه المستخدمون وما التقارير المتكررة	9.5 مؤشرات الأداء المتقدمة	5547
F-004686	- مراقبة جودة النماذج تلقائيا	9.5 مؤشرات الأداء المتقدمة	5548
F-004687	- تقديم رؤى شخصية واستكشاف موجه مباشرة في سير عملك.	9.5 مؤشرات الأداء المتقدمة	5549
F-004688	"- فهم ""ماذا"" و ""لماذا"" وراء بياناتك."	9.5 مؤشرات الأداء المتقدمة	5550
F-004689	- تلقي رؤى بيانات مخصصة حول المقاييس التي تتابعها.	9.5 مؤشرات الأداء المتقدمة	5551
F-004690	- تتبع المقاييس المعمول بها التي يرغب المستخدمون في تتبعها على مدار مجموعة متنوعة من الفترات الزمنية.	9.5 مؤشرات الأداء المتقدمة	5552
F-004691	- تحسين تحليل البيانات من خلال توفير تنبؤات أفضل.	9.5 مؤشرات الأداء المتقدمة	5553
F-004692	- توسيع نطاق القرارات المستندة إلى البيانات باستخدام رؤى مدعومة بالذكاء الاصطناعي.	9.5 مؤشرات الأداء المتقدمة	5554
F-004693	- البقاء على اطلاع دائم بمؤشرات الأداء الرئيسية الخاصة بك من خلال المقاييس المخصصة والرؤى التنبؤية.	9.5 مؤشرات الأداء المتقدمة	5555
F-004694	- اكتشاف المحركات والاتجاهات والمساهمين والقيم المتطرفة للمقاييس.	9.5 مؤشرات الأداء المتقدمة	5556
F-004695	- الإبلاغ عن الرؤى المهمة ووصفها بشكل استباقي.	9.5 مؤشرات الأداء المتقدمة	5557
F-004696	- تحويل الرؤى إلى إجراءات.	9.5 مؤشرات الأداء المتقدمة	5558
F-004697	- تمكين كل قرار برؤى ذكاء اصطناعي حية وقابلة للتفسير.	9.5 مؤشرات الأداء المتقدمة	5559
F-004698	- الحصول على رؤى فورية.	9.5 مؤشرات الأداء المتقدمة	5560
F-004699	- الحصول على إجابات دقيقة.	9.5 مؤشرات الأداء المتقدمة	5561
F-004700	- الحصول على رؤى تنبؤية.	9.5 مؤشرات الأداء المتقدمة	5562
F-004701	- الحصول على رؤى آلية.	9.5 مؤشرات الأداء المتقدمة	5563
F-004702	- الحصول على ذكاء مضمن.	9.5 مؤشرات الأداء المتقدمة	5564
F-004703	- تتبع مؤشرات الأداء الرئيسية.	9.5 مؤشرات الأداء المتقدمة	5565
F-004704	- الحصول على تنبيهات في الوقت الفعلي.	9.5 مؤشرات الأداء المتقدمة	5566
F-004705	- البقاء على اطلاع بما يحدث ولماذا.	9.5 مؤشرات الأداء المتقدمة	5567
F-004706	- تسريع رؤى البيانات الخاصة بك.	9.5 مؤشرات الأداء المتقدمة	5568
F-004707	- تحسين الأسعار والعروض الترويجية باستخدام بيانات المستودع الحية.	9.5 مؤشرات الأداء المتقدمة	5569
F-004708	- تمكين الأشخاص على جميع مستويات المهارة من خلال الرؤى والتنبؤات المدعومة بالذكاء الاصطناعي.	9.5 مؤشرات الأداء المتقدمة	5570
F-004709	- إبلاغ الإجراءات الذكية عندما يكون الأمر أكثر أهمية.	9.5 مؤشرات الأداء المتقدمة	5571
F-004710	- الحصول على رؤى فورية وتلقائية.	9.5 مؤشرات الأداء المتقدمة	5572
F-004711	- تسريع وقت الوصول إلى الرؤى.	9.5 مؤشرات الأداء المتقدمة	5573
F-004712	- توليد رؤى تلقائيًا.	9.5 مؤشرات الأداء المتقدمة	5574
F-004713	- الحصول على اقتراحات رؤى تم إنشاؤها بواسطة الذكاء الاصطناعي تلقائيًا.	9.5 مؤشرات الأداء المتقدمة	5575
F-004714	- مؤشرات الأداء المتقدمة	9.5 مؤشرات الأداء المتقدمة	5576
F-004715	- التنبؤ بالاتجاهات المتوقعة بناءً على الأنماط التاريخية	9.5 مؤشرات الأداء المتقدمة	5577
F-004716	- اتخاذ قرارات أسرع ومستنيرة	9.5 مؤشرات الأداء المتقدمة	5578
F-004717	- التنبؤ بالاتجاهات المستقبلية بناءً على البيانات التاريخية	9.5 مؤشرات الأداء المتقدمة	5579
F-004718	- التنبؤ بالاتجاهات وإيجاد الفرص الخفية	9.5 مؤشرات الأداء المتقدمة	5580
F-004719	- تبسيط البيانات المعقدة في مرئيات واضحة ومؤثرة	9.5 مؤشرات الأداء المتقدمة	5581
F-004720	- تتبع التقدم المحرز في تحقيق أهداف المبيعات	9.5 مؤشرات الأداء المتقدمة	5582
F-004721	- تتبع رحلة الاستكشاف تلقائيًا (كل مخطط وسؤال ورؤية)	9.5 مؤشرات الأداء المتقدمة	5583
F-004722	- تحديد المقاييس الرئيسية لتقييم أداء فريق	9.5 مؤشرات الأداء المتقدمة	5584
F-004723	- تحديد مؤشرات الأداء الرئيسية (KPIs)	9.5 مؤشرات الأداء المتقدمة	5585
F-004724	- تمثيل مرئي لحالة الإنجاز أو مقاييس الأداء	9.5 مؤشرات الأداء المتقدمة	5586
F-004725	- تمكين فرق المبيعات بمعلومات في الوقت الفعلي	9.5 مؤشرات الأداء المتقدمة	5587
F-004726	- توصيل أداء الحملة والإبلاغ عن مؤشرات الأداء الرئيسية ومواءمة الفرق	9.5 مؤشرات الأداء المتقدمة	5588
F-004727	- تحليل SWOT الاستراتيجي	9.5 مؤشرات الأداء المتقدمة	5589
F-004728	- تحليل نقاط القوة والضعف والفرص والتهديدات	9.5 مؤشرات الأداء المتقدمة	5590
F-004729	- تحليل ترابط مؤشرات متعددة	9.5 مؤشرات الأداء المتقدمة	5591
F-004730	- نمذجة سياق المؤسسة	9.5 مؤشرات الأداء المتقدمة	5592
F-004731	- تلخيص النصوص والبيانات والاجتماعات متعدد المستويات مع استخراج القرارات ونقاط العمل	9.5 مؤشرات الأداء المتقدمة	5593
F-004732	- تحليل تفاعل الجمهور مع العروض التقديمية وتتبع تفاعلهم	9.5 مؤشرات الأداء المتقدمة	5594
F-004733	- حساب وتتبع نسب ومؤشرات النمو تلقائياً	9.5 مؤشرات الأداء المتقدمة	5595
F-004734	- تحليل وصفي تلقائي للبيانات	9.5 مؤشرات الأداء المتقدمة	5596
F-004735	- اكتشاف الأنماط الواضحة وغير المرئية والشاذة والنصية والقطاعية	9.5 مؤشرات الأداء المتقدمة	5597
F-004736	- توليد رؤى آلية من البيانات	9.5 مؤشرات الأداء المتقدمة	5598
F-004737	- استخراج أهم مؤشرات الأداء الرئيسية (KPIs)	9.5 مؤشرات الأداء المتقدمة	5599
F-004738	- اقتراح مؤشرات أداء رئيسية مناسبة لنوع البيانات عبر الذكاء الاصطناعي	9.5 مؤشرات الأداء المتقدمة	5600
F-004739	- تحليل المشاعر والانطباعات من بيانات نصية وشكاوى العملاء	9.5 مؤشرات الأداء المتقدمة	5601
F-004740	- إنشاء بطاقات مؤشرات أداء رئيسية يمكن سحبها لأي تقرير	9.5 مؤشرات الأداء المتقدمة	5602
F-004741	- تحليل متقدم للبيانات الضخمة وسنوات طويلة بسرعة	9.5 مؤشرات الأداء المتقدمة	5603
F-004742	- تحليل السبب الجذري (Root Cause Analysis)	9.5 مؤشرات الأداء المتقدمة	5604
F-004743	- مساعد قرار إداري واستثماري مبني على البيانات	9.5 مؤشرات الأداء المتقدمة	5605
F-004744	- إنشاء لوحات مؤشرات ذكية تلقائياً دون تصميم يدوي	9.5 مؤشرات الأداء المتقدمة	5606
F-004745	- كتابة تحليل نصي احترافي وملخص تنفيذي	9.5 مؤشرات الأداء المتقدمة	5607
F-004746	- التحليل السريع والمتقدم مع مقارنات وعلاقات وتفسير	9.5 مؤشرات الأداء المتقدمة	5608
F-004747	- تحويل أي ملف إلى بيانات منظمة قابلة للتحليل عبر محرك ذكاء شامل	9.5 مؤشرات الأداء المتقدمة	5609
F-004748	- عرض وتحليل خريطة العلاقات بين البيانات والملفات والمفاهيم	9.5 مؤشرات الأداء المتقدمة	5610
F-004749	- إجابة نصية تحليلية للأسئلة المعقدة	9.5 مؤشرات الأداء المتقدمة	5611
F-004750	- إضافة النتائج إلى لوحة المؤشرات وحفظها كنموذج	9.5 مؤشرات الأداء المتقدمة	5612
F-004751	- تصدير النتائج كتقارير أو عروض تقديمية أو لوحات مؤشرات	9.5 مؤشرات الأداء المتقدمة	5613
F-004752	- خدمة لوحات المؤشرات (Dashboard Service)	9.5 مؤشرات الأداء المتقدمة	5614
F-004753	- تحليل توزيع العناصر بصرياً وتخصيصه	9.5 مؤشرات الأداء المتقدمة	5615
F-004754	- اختيار مستوى ونمط التحليل (بسيط، عميق، استراتيجي، رسمي، إداري)	9.5 مؤشرات الأداء المتقدمة	5616
F-004755	- تحليل مقارن بين المؤشرات	9.5 مؤشرات الأداء المتقدمة	5617
F-004756	- تحليل سياقي وهيكلي ومنطقي للبيانات	9.5 مؤشرات الأداء المتقدمة	5618
F-004757	- تحليل PDF أو صورة لوحة مؤشرات وتحويلها للوحة مؤشرات قابلة للتحرير	9.5 مؤشرات الأداء المتقدمة	5619
F-004758	- إعادة توزيع العناصر بشكل ذكي إذا تغيرت البيانات	9.5 مؤشرات الأداء المتقدمة	5620
F-004759	- تحليل متوازي للبيانات	9.5 مؤشرات الأداء المتقدمة	5621
F-004760	- التحكم المركزي في أنماط التشغيل والحوكمة	9.5 مؤشرات الأداء المتقدمة	5622
F-004761	- تحليل الصور واستخراج النصوص منها	9.5 مؤشرات الأداء المتقدمة	5623
F-004762	- تحليل البيانات التاريخية	9.5 مؤشرات الأداء المتقدمة	5624
F-004763	- تحليل الهرمية البصرية وتدفق المبيعات	9.5 مؤشرات الأداء المتقدمة	5625
F-004764	- تحليل العقود القانونية مع إبراز المخاطر والثغرات	9.5 مؤشرات الأداء المتقدمة	5626
F-004765	- تحليل سلوك العملاء واقتراح حملات مخصصة	9.5 مؤشرات الأداء المتقدمة	5627
F-004766	- تقييم أداء الفرق بناءً على مؤشرات متعددة	9.5 مؤشرات الأداء المتقدمة	5628
F-004767	- اكتشاف الاحتيال المالي عبر تحليل الأنماط	9.5 مؤشرات الأداء المتقدمة	5629
F-004768	- توليد نصوص احترافية متعددة الأنماط	9.5 مؤشرات الأداء المتقدمة	5630
F-004769	- تحليل المخاطر وأسباب الانحراف عن الخطة	9.5 مؤشرات الأداء المتقدمة	5631
F-004770	- سرد تحليلي مرفق بالتقرير	9.5 مؤشرات الأداء المتقدمة	5632
F-004771	- تحليل تفاعلي عبر الفلاتر	9.5 مؤشرات الأداء المتقدمة	5633
F-004772	- تحليلات فورية أثناء الاجتماعات	9.5 مؤشرات الأداء المتقدمة	5634
F-004773	- تحليل دقة البيانات وجودتها	9.5 مؤشرات الأداء المتقدمة	5635
F-004774	- تحليل تأثير القرارات السابقة	9.5 مؤشرات الأداء المتقدمة	5636
F-004775	- إعادة إنتاج بصري مطابق بنسبة عالية للتصاميم	9.5 مؤشرات الأداء المتقدمة	5637
F-004776	- الحفاظ على أنماط الفقرات والقوائم وتوزيع الشبكة والعلاقات بين العناصر	9.5 مؤشرات الأداء المتقدمة	5638
F-004777	- سجل مركزي للمؤشرات (KPI Registry) لتوحيد التعاريف والمقاييس	9.5 مؤشرات الأداء المتقدمة	5639
F-004778	- لوحات مؤشرات احترافية تتعامل مع كميات ضخمة من البيانات	9.5 مؤشرات الأداء المتقدمة	5640
F-004779	- حوكمة مؤشرات الأداء (KPI governance)	9.5 مؤشرات الأداء المتقدمة	5641
F-004780	- الحفاظ على الأبعاد والمحاذاة والمسافات والزوايا والألوان في لوحات المؤشرات المعاد إنشاؤها	9.5 مؤشرات الأداء المتقدمة	5642
F-004781	- تحليل الرسم البياني الموجه (DAG) وتدفق البيانات	9.5 مؤشرات الأداء المتقدمة	5643
F-004782	- تحسين ترتيب مؤشرات الأداء حسب الأهمية	9.5 مؤشرات الأداء المتقدمة	5644
F-004783	- عكس المحاور دون تشويه التوزيع	9.5 مؤشرات الأداء المتقدمة	5645
F-004784	- نمذجة مؤشرات الأداء الخاصة بالصناعة (Industry-specific KPI modeling)	9.5 مؤشرات الأداء المتقدمة	5646
F-004785	- إنشاء متتبع مؤشرات الأداء تلقائياً	9.5 مؤشرات الأداء المتقدمة	5647
F-004786	- اكتشاف مؤشرات الأداء غير المتسقة	9.5 مؤشرات الأداء المتقدمة	5648
F-004787	- محرك عرض شعاعي لمؤشرات الأداء (KPI radial display engine)	9.5 مؤشرات الأداء المتقدمة	5649
F-004788	- حقن مصطلحات مؤشرات الأداء العربية (Arabic KPI terminology injection)	9.5 مؤشرات الأداء المتقدمة	5650
F-004789	- معاينة تأثير تحديثات مؤشرات الأداء أو المخططات قبل تطبيقها	9.5 مؤشرات الأداء المتقدمة	5651
F-004790	- التحكم في أنماط الحركة (animations) للرسوم البيانية	9.5 مؤشرات الأداء المتقدمة	5652
F-004791	- تحليل ملفات CSV/Excel تلقائياً مع إنشاء رسوم بيانية	9.5 مؤشرات الأداء المتقدمة	5653
F-004792	- اقتراح رسوم بيانية مناسبة مع تلخيص الرؤى (Auto Charts)	9.5 مؤشرات الأداء المتقدمة	5654
F-004793	- إجراءات على الملفات مثل التلخيص، استخراج الحقول، مقارنة نسختين	9.5 مؤشرات الأداء المتقدمة	5655
F-004794	- لوحة تحليلات لأنماط النشاط وأوقات الذروة والشذوذ	9.5 مؤشرات الأداء المتقدمة	5656
F-004795	- إنشاء وإدارة إصدارات مؤشرات الأداء (إنشاء، تحديث، موافقة، إهمال)	9.5 مؤشرات الأداء المتقدمة	5657
F-004796	- محرك رؤى (Insight Engine) مستقل وقابل للتخصيص	9.5 مؤشرات الأداء المتقدمة	5658
F-004797	- التحليل الكمي (Metrics)	9.5 مؤشرات الأداء المتقدمة	5659
F-004798	- توليد مؤشرات عبر سجل مجموعات البيانات (Dataset Registry)	9.5 مؤشرات الأداء المتقدمة	5660
F-004799	- إجابات سريعة لمؤشرات الأداء (KPI quick answers)	9.5 مؤشرات الأداء المتقدمة	5661
F-004800	- مؤشر تقدم حي للعمليات	9.5 مؤشرات الأداء المتقدمة	5662
F-004801	- عرض النتائج بنسبة مئوية	9.5 مؤشرات الأداء المتقدمة	5663
F-004802	- نمذجة وتحليل تأثير مؤشرات الأداء (KPI impact modeling/graph)	9.5 مؤشرات الأداء المتقدمة	5664
F-004803	- تحليل شامل يتضمن الزحف، التحليل، التقارير، الذكاء، التحقق، التصدير، المراقبة، المقارنات، الخرائط، البث المباشر	9.5 مؤشرات الأداء المتقدمة	5665
F-004804	- إنتاج مؤشرات امتثال وطنية	9.5 مؤشرات الأداء المتقدمة	5666
F-004805	- تحليل تغير سلوك الامتثال عبر الزمن	9.5 مؤشرات الأداء المتقدمة	5667
F-004806	- استشراف مخاطر النظام الوطني	9.5 مؤشرات الأداء المتقدمة	5668
F-004807	- تحليل دقيق لبنود المواد النظامية	9.5 مؤشرات الأداء المتقدمة	5669
F-004808	- احتساب وتخفيف وتحديث درجة المخاطر تدريجياً	9.5 مؤشرات الأداء المتقدمة	5670
F-004809	- تحليل انحراف البيانات (Data Drift)	9.5 مؤشرات الأداء المتقدمة	5671
F-004810	- تحليل أثر النص النظامي وتغييراته على الامتثال (Policy Impact Analytics)	9.5 مؤشرات الأداء المتقدمة	5672
F-004811	- نظام يحول السياسة إلى نموذج قياس وينتج مؤشرات وطنية	9.5 مؤشرات الأداء المتقدمة	5673
F-004812	- نموذج موحد لتصنيف البيانات الشخصية	9.5 مؤشرات الأداء المتقدمة	5674
F-004813	- نموذج دلالي محكوم (Controlled Semantic Model)	9.5 مؤشرات الأداء المتقدمة	5675
F-004814	- تحسين أدوات التحليل البيانية	9.5 مؤشرات الأداء المتقدمة	5676
F-004815	- نظام تشغيل ذكي يدير الامتثال والتحليل والتقارير	9.5 مؤشرات الأداء المتقدمة	5677
F-004816	- التحليل التزايدي (Incremental Analysis)	9.5 مؤشرات الأداء المتقدمة	5678
F-004817	- إجراء تحليل كامل لبيان الاعتمادية (dependency graph)	9.5 مؤشرات الأداء المتقدمة	5679
F-004818	- العمل على نسخة خفيفة للتحليل السريع	9.5 مؤشرات الأداء المتقدمة	5680
F-004819	- تحليل النصوص داخل Excel (تعليقات، ملاحظات)	9.5 مؤشرات الأداء المتقدمة	5681
F-004820	- تحليل عوامل التأثير	9.5 مؤشرات الأداء المتقدمة	5682
F-004821	- توضيح مستوى الثقة في التحليل	9.5 مؤشرات الأداء المتقدمة	5683
F-004822	- حساب أثر القرار على مؤشرات أخرى	9.5 مؤشرات الأداء المتقدمة	5684
F-004823	- تحليل أداء إدارة كاملة	9.5 مؤشرات الأداء المتقدمة	5685
F-004824	- عرض أعلى 10، أقل 10، متوسطات، توزيع جغرافي وزمني، أفضل وأضعف أداء	9.5 مؤشرات الأداء المتقدمة	5686
F-004825	- تحديد فرص التحسين والمخاطر المحتملة	9.5 مؤشرات الأداء المتقدمة	5687
F-004826	- اختيار مستوى الذكاء للتحليل (بسيط، عميق، استراتيجي)	9.5 مؤشرات الأداء المتقدمة	5688
F-004827	- إبراز أهم النتائج وتصنيفها وإنشاء ملخصات فورية	9.5 مؤشرات الأداء المتقدمة	5689
F-004828	- حساب عدد القيم الفريدة وتحديد التجميع	9.5 مؤشرات الأداء المتقدمة	5690
F-004829	- استنتاجات وتحليل متقدم مع عرض ملخصات أولاً	9.5 مؤشرات الأداء المتقدمة	5691
F-004830	- تحليل مع زمن استجابة منخفض للاستعلامات المعقدة	9.5 مؤشرات الأداء المتقدمة	5692
F-004831	- كشف الترتيب (Ranking detection)	9.5 مؤشرات الأداء المتقدمة	5693
F-004832	- تحليل عدد الشرائح التي شاهدها كل زائر والوقت النسبي المقضي في كل شريحة ونسبة المشاهدات لكل شريحة	9.5 مؤشرات الأداء المتقدمة	5694
F-004833	- تحديد الزوار بالاسم لمستخدمي المنصة أو كزائر مجهول	9.5 مؤشرات الأداء المتقدمة	5695
F-004834	- أوامر مثل: اجعل التصميم أبسط أو خفف الألوان أو اختصر النص	9.6 الذكاء الاصطناعي أثناء التعديل	5701
F-004835	- التنفيذ فوري مع إمكانية التراجع	9.6 الذكاء الاصطناعي أثناء التعديل	5702
F-004836	- درجات ثقة الاقتراحات مرئية للمستخدم	9.6 الذكاء الاصطناعي أثناء التعديل	5703
F-004837	- الذكاء يساعد ولا يطبق بدون موافقة	9.6 الذكاء الاصطناعي أثناء التعديل	5704
F-004838	- اقتراح narrative وتحسينات ذكية مع موافقة المستخدم	9.6 الذكاء الاصطناعي أثناء التعديل	5705
F-004839	- الذكاء الاصطناعي يدعم التعديل أثناء العمل	9.6 الذكاء الاصطناعي أثناء التعديل	5706
F-004840	- مقارنة نسختين من مستند واستخراج الفروقات الجوهرية	9.6 الذكاء الاصطناعي أثناء التعديل	5707
F-004841	- مراقبة جودة النماذج تلقائياً	9.6 الذكاء الاصطناعي أثناء التعديل	5708
F-004842	- تبديل النماذج دون تعطيل الخدمات	9.6 الذكاء الاصطناعي أثناء التعديل	5709
F-004843	- تطبيق مستويات ذكاء مختلفة حسب الاشتراك	9.6 الذكاء الاصطناعي أثناء التعديل	5710
F-004844	- عزل الذكاء الاصطناعي عن منطق الأعمال	9.6 الذكاء الاصطناعي أثناء التعديل	5711
F-004845	- إظهار ملخص عمليات الذكاء الاصطناعي المنفذة مع رابط للتدقيق	9.6 الذكاء الاصطناعي أثناء التعديل	5712
F-004846	- الذكاء الاصطناعي أثناء التعديل	9.6 الذكاء الاصطناعي أثناء التعديل	5713
F-004847	- التكيف مع أسلوب كتابة المستخدم واقتراح تحسينات متسقة	9.6 الذكاء الاصطناعي أثناء التعديل	5714
F-004848	- يقترح تحسينات لرفع دقة النتائج	9.6 الذكاء الاصطناعي أثناء التعديل	5715
F-004849	- الذكاء الاصطناعي المساعد أثناء التعديل	9.6 الذكاء الاصطناعي أثناء التعديل	5716
F-004850	- صلاحيات متعددة المستويات حسب الدور	10.1 الصلاحيات والأمان	5725
F-004851	- سجل نشاط كامل لجميع المستخدمين	10.1 الصلاحيات والأمان	5726
F-004852	- أرشفة الإصدارات والرجوع لنسخة سابقة	10.1 الصلاحيات والأمان	5727
F-004853	- اعتماد التقارير قبل النشر	10.1 الصلاحيات والأمان	5728
F-004854	- تصنيف البيانات: سري أو داخلي أو عام	10.1 الصلاحيات والأمان	5729
F-004855	- حماية العروض والتقارير بكلمة مرور	10.1 الصلاحيات والأمان	5730
F-004856	- صلاحيات متعددة المستويات وصلاحيات حسب الدور	10.1 الصلاحيات والأمان	5731
F-004857	- إدارة الصلاحيات والأدوار والسياسات	10.1 الصلاحيات والأمان	5732
F-004858	- التحكم في صلاحيات الوصول على مستوى Dataset/Field/Row	10.1 الصلاحيات والأمان	5733
F-004859	- نظام يمنع أي شخص من رؤية بيانات غيره	10.1 الصلاحيات والأمان	5734
F-004860	- منصة تسجيل دخول وصلاحيات	10.1 الصلاحيات والأمان	5735
F-004861	- نظام أدوار وصلاحيات يعمل	10.1 الصلاحيات والأمان	5736
F-004862	- التحقق من الصلاحيات قبل النشر	10.1 الصلاحيات والأمان	5737
F-004863	- عمليات حساسة تتطلب موافقة ثنائية أو سير موافقات	10.1 الصلاحيات والأمان	5738
F-004864	- التحكم الدقيق في أذونات القراءة والكتابة لكل مكون فرعي	10.1 الصلاحيات والأمان	5739
F-004865	- فصل أذونات القراءة والكتابة لكل مكون فرعي لضبط مستوى الصلاحيات	10.1 الصلاحيات والأمان	5740
F-004866	- عدم وجود استدعاءات مباشرة أو coupling داخلي قبل تجميد النواة (Freeze)	10.1 الصلاحيات والأمان	5741
F-004867	- التحقق من الحذف المتتالي (cascading deletes) عند حذف dataset	10.1 الصلاحيات والأمان	5742
F-004868	- حماية عمليات الحذف والتعديل عبر أذونات صارمة وعدم السماح بالتحديث أو الحذف بدون صلاحيات	10.1 الصلاحيات والأمان	5743
F-004869	- قوة حوكمة التشغيل	10.1 الصلاحيات والأمان	5744
F-004870	- انخفاض مخاطر الانحراف المعماري	10.1 الصلاحيات والأمان	5745
F-004871	- الحفاظ الكامل على الحتمية	10.1 الصلاحيات والأمان	5746
F-004872	- الحفاظ الكامل على عزل الوحدات	10.1 الصلاحيات والأمان	5747
F-004873	- عدم المساس بالقيود الصارمة	10.1 الصلاحيات والأمان	5748
F-004874	- الحتمية الكاملة	10.1 الصلاحيات والأمان	5749
F-004875	- العزل الكامل	10.1 الصلاحيات والأمان	5750
F-004876	- عدم تعديل النواة	10.1 الصلاحيات والأمان	5751
F-004877	- عدم كسر أي قيود صارمة	10.1 الصلاحيات والأمان	5752
F-004878	- عدم إدخال ترابط عرضي	10.1 الصلاحيات والأمان	5753
F-004879	- إيقاف كامل للذكاء الاصطناعي عند الحاجة	10.1 الصلاحيات والأمان	5754
F-004880	- كل وكيل يعمل ضمن حدود العزل المعماري	10.1 الصلاحيات والأمان	5755
F-004881	- تعريف آلية منع الانحراف	10.1 الصلاحيات والأمان	5756
F-004882	- قواعد منع الانحراف	10.1 الصلاحيات والأمان	5757
F-004883	- منع الانحراف نحو مشروع واحد	10.1 الصلاحيات والأمان	5758
F-004884	- منع الانحراف	10.1 الصلاحيات والأمان	5759
F-004885	- يمنع انحراف Manus	10.1 الصلاحيات والأمان	5760
F-004886	- قفل التنفيذ مفعّل والبرنامج مختوم وجاهز لـ Manus	10.1 الصلاحيات والأمان	5761
F-004887	- كلها مغلقة باختبارات Block-level	10.1 الصلاحيات والأمان	5762
F-004888	- أي مخالفة → Build BLOCKED	10.1 الصلاحيات والأمان	5763
F-004889	- auto-blocking يبدأ عند الانحرافات المعمارية	10.1 الصلاحيات والأمان	5764
F-004890	- يبدأ blocking behavior خارج K4	10.1 الصلاحيات والأمان	5765
F-004891	- توفير نموذج أمان Zero Trust	10.1 الصلاحيات والأمان	5766
F-004892	- تشفير كامل للاتصالات	10.1 الصلاحيات والأمان	5767
F-004893	- سجل تدقيق غير قابل للتعديل	10.1 الصلاحيات والأمان	5768
F-004894	- تسجيل وتتبع جميع العمليات بسجل تدقيق كامل	10.1 الصلاحيات والأمان	5769
F-004895	- مفتاح إيقاف شامل للذكاء الاصطناعي	10.1 الصلاحيات والأمان	5770
F-004896	- سقف ميزانية وتحكم تلقائي في التكلفة	10.1 الصلاحيات والأمان	5771
F-004897	- عزل موارد معالجة المستندات	10.1 الصلاحيات والأمان	5772
F-004898	- عزل مشكلة في وحدة دون توقف النظام كاملاً	10.1 الصلاحيات والأمان	5773
F-004899	- طبقة تحكم تنفيذ مركزي تمر عبرها جميع الطلبات	10.1 الصلاحيات والأمان	5774
F-004900	- منع تجاوز طبقة الحوكمة التنفيذية	10.1 الصلاحيات والأمان	5775
F-004901	- عزل سياسات كل جهة عن الأخرى	10.1 الصلاحيات والأمان	5776
F-004902	- التحكم في الموارد حسب نمط التشغيل	10.1 الصلاحيات والأمان	5777
F-004903	- توجيه الطلبات حسب الملف التشغيلي للجهة	10.1 الصلاحيات والأمان	5778
F-004904	- عزل موارد التسريع عن قواعد البيانات التشغيلية	10.1 الصلاحيات والأمان	5779
F-004905	- توافق مع مفتاح إيقاف الذكاء الاصطناعي	10.1 الصلاحيات والأمان	5780
F-004906	- توافق كامل مع سياسات الميزانية	10.1 الصلاحيات والأمان	5781
F-004907	- حياد كامل عن مزود البنية التحتية	10.1 الصلاحيات والأمان	5782
F-004908	- قابلية استبدال أي مزود تقني دون تأثير	10.1 الصلاحيات والأمان	5783
F-004909	- فرض حوكمة على مستوى الجهة	10.1 الصلاحيات والأمان	5784
F-004910	- التحكم في الموارد حسب الوضع المختار	10.1 الصلاحيات والأمان	5785
F-004911	- تفعيل طبقة التحكم التنفيذي (ECL) كمسار إلزامي لجميع الطلبات	10.1 الصلاحيات والأمان	5786
F-004912	- عزل كامل بين DPC و OLTP	10.1 الصلاحيات والأمان	5787
F-004913	- الحفاظ على العزل دون خرق أي مبدأ أو قيد أو عزل أو حتمية تشغيلية	10.1 الصلاحيات والأمان	5788
F-004914	- أقصى تحكم سيادي دون تعقيد تشغيلي أو تعارض مع قابلية التوسع SaaS	10.1 الصلاحيات والأمان	5789
F-004915	- حماية SaaS من استنزاف الموارد	10.1 الصلاحيات والأمان	5790
F-004916	- حوكمة متعددة الأوضاع عبر ECL	10.1 الصلاحيات والأمان	5791
F-004917	- تكامل AI: Admin Copilot يقترح صلاحيات بناءً على نمط العمل ويطبقها ضمن صلاحياته ومع موافقة	10.1 الصلاحيات والأمان	5792
F-004918	- إدارة الصلاحيات: اقتراح صلاحيات وتطبيقها بموافقة	10.1 الصلاحيات والأمان	5793
F-004919	- يطلب موافقة إن لزم وينفّذ وفق Action Engine + Policy Engine ثم يطلب الموافقة	10.1 الصلاحيات والأمان	5794
F-004920	- تعريف Policy constraints	10.1 الصلاحيات والأمان	5795
F-004921	- وضع قواعد Module Isolation	10.1 الصلاحيات والأمان	5796
F-004922	- Policy Engine مع Tenant Enforcement وTenant isolation مضبوط	10.1 الصلاحيات والأمان	5797
F-004923	- موافقة قبل الانتقال بين المراحل	10.1 الصلاحيات والأمان	5798
F-004924	- قواعد الحوكمة وقواعد الموافقة للحفاظ على Phase Isolation	10.1 الصلاحيات والأمان	5799
F-004925	- عزل كامل بين العملاء واحترام العزل بين Kernel و Modules	10.1 الصلاحيات والأمان	5800
F-004926	- tenant_id يأتي من JWT فقط ويُستخدم في التحقق من السياسات	10.1 الصلاحيات والأمان	5801
F-004927	- إنشاء Object في Tenant A ومحاولة قراءته من Tenant B يتم رفضها مع تسجيل Audit منفصل وإعادة 403	10.1 الصلاحيات والأمان	5802
F-004928	- منع استخدام أي موارد خارجية وموارد Manus	10.1 الصلاحيات والأمان	5803
F-004929	- Canary isolation test جاهزة لبوابة الموافقة AG-1	10.1 الصلاحيات والأمان	5804
F-004930	- سجل فشل policy في معاملة منفصلة	10.1 الصلاحيات والأمان	5805
F-004931	- نواة SaaS متعددة الجهات مع عناقيد مؤسسات مخصصة ووحدات GPU مخصصة	10.1 الصلاحيات والأمان	5806
F-004932	- تشغيل متعدد الجهات سحابياً وتشغيل مخصص بمجموعات موارد مستقلة ونشر سيادي داخل بيئات مغلقة	10.1 الصلاحيات والأمان	5807
F-004933	- توسيع أفقي كامل في جميع أوضاع النشر	10.1 الصلاحيات والأمان	5808
F-004934	- عزل المستأجر (Tenant Isolation) لجميع العمليات.	10.1 الصلاحيات والأمان	5809
F-004935	- تفعيل RBAC متماسك عبر كل الطبقات.	10.1 الصلاحيات والأمان	5810
F-004936	- عدم تعديل أو إنشاء نظام موازي للسياسات (Policy).	10.1 الصلاحيات والأمان	5811
F-004937	- عدم وجود runtime theme injection.	10.1 الصلاحيات والأمان	5812
F-004938	- تسجيل جميع الإجراءات (actions) عبر K3.	10.1 الصلاحيات والأمان	5813
F-004939	- تسجيل جميع السياسات عبر K4.	10.1 الصلاحيات والأمان	5814
F-004940	- تفعيل المصادقة عبر authMiddleware و tenantMiddleware باستخدام JWT مع عزل المستأجر.	10.1 الصلاحيات والأمان	5815
F-004941	- عدم وجود انزلاق تشغيلي (Operational drift).	10.1 الصلاحيات والأمان	5816
F-004942	- عدم وجود تغيير في Policy core.	10.1 الصلاحيات والأمان	5817
F-004943	- عدم وجود أخطاء runtime.	10.1 الصلاحيات والأمان	5818
F-004944	- تفعيل indexing isolation.	10.1 الصلاحيات والأمان	5819
F-004945	- وجود tenant_id في النظام لضمان العزل.	10.1 الصلاحيات والأمان	5820
F-004946	- عدم السماح بمرور طبقة ذكاء بدون حوكمة حقيقية.	10.1 الصلاحيات والأمان	5821
F-004947	- تفعيل fireAlert عبر K3 فقط.	10.1 الصلاحيات والأمان	5822
F-004948	- تفعيل المصادقة لجميع المسارات (routes) عبر authMiddleware و tenantMiddleware.	10.1 الصلاحيات والأمان	5823
F-004949	- تشفير على مستوى الخلية	10.1 الصلاحيات والأمان	5824
F-004950	- صلاحيات تحرير حسب الدور	10.1 الصلاحيات والأمان	5825
F-004951	- حماية المعادلات	10.1 الصلاحيات والأمان	5826
F-004952	- سجل تدقيق لكل خلية	10.1 الصلاحيات والأمان	5827
F-004953	- عزل جداول كل جهة عن الأخرى	10.1 الصلاحيات والأمان	5828
F-004954	- إمكانية التراجع الحتمي	10.1 الصلاحيات والأمان	5829
F-004955	- التحكم في صلاحيات الوصول لكل لوحة	10.1 الصلاحيات والأمان	5830
F-004956	- توزيع التقارير حسب الجهة أو الدور مع التحكم في البيانات التي يراها كل مستخدم حسب صلاحياته	10.1 الصلاحيات والأمان	5831
F-004957	- قفل النسخة المعتمدة من التقرير	10.1 الصلاحيات والأمان	5832
F-004958	- تثبيت نسخة ثابتة من التقرير	10.1 الصلاحيات والأمان	5833
F-004959	- صلاحيات على مستوى مجموعة البيانات والمقياس والحقل	10.1 الصلاحيات والأمان	5834
F-004960	- صلاحيات على مستوى مجموعة البيانات والحقل والصف	10.1 الصلاحيات والأمان	5835
F-004961	- النتائج تحترم صلاحيات المستخدم دائما	10.1 الصلاحيات والأمان	5836
F-004962	- صلاحيات على مستوى الصف والحقل عند الحاجة	10.1 الصلاحيات والأمان	5837
F-004963	- التحكم في البيانات التي يراها كل مستخدم حسب صلاحياته على مستوى الصف	10.1 الصلاحيات والأمان	5838
F-004964	- أذونات تحكم بمن يرى ويعدل وينشر مع مشاركة داخلية وخارجية	10.1 الصلاحيات والأمان	5839
F-004965	- سياسات حفظ وتشفير وصلاحيات للتوقيعات والمرفقات	10.1 الصلاحيات والأمان	5840
F-004966	- قواعد تمنع إجراءات حسب الدور والبيانات والوقت والمخاطر	10.1 الصلاحيات والأمان	5841
F-004967	- سياسات للذاكرة تشمل مدة الاحتفاظ وإمكانية الإيقاف والتشغيل ومنع حفظ محتوى محدد	10.1 الصلاحيات والأمان	5842
F-004968	- تنقيح تلقائي للبيانات الشخصية الحساسة قبل التخزين	10.1 الصلاحيات والأمان	5843
F-004969	- مخزن حقائق مثبتة مع تتبع مصدر كل حقيقة	10.1 الصلاحيات والأمان	5844
F-004970	- تعريف كل أداة مع مدخلاتها ومخرجاتها وأذوناتها وحدود الاستخدام	10.1 الصلاحيات والأمان	5845
F-004971	- اكتشاف تلقائي حيث كل وحدة تسجل أدواتها	10.1 الصلاحيات والأمان	5846
F-004972	- صلاحيات على مستوى المنظمة والدور والوكيل والمحادثة	10.1 الصلاحيات والأمان	5847
F-004973	- مراقبة زمن التنفيذ والأخطاء والتكلفة والأثر على الرضا	10.1 الصلاحيات والأمان	5848
F-004974	- حماية من محاولات التلاعب بالأوامر	10.1 الصلاحيات والأمان	5849
F-004975	- موافقة قبل تنفيذ الأدوات الحساسة مع سجل الأسباب	10.1 الصلاحيات والأمان	5850
F-004976	- فلاتر محتوى مؤسسية قابلة للتخصيص	10.1 الصلاحيات والأمان	5851
F-004977	- تدقيق لكل قرار يوضح أي وكيل وأي أدوات وأي مصادر ولماذا	10.1 الصلاحيات والأمان	5852
F-004978	- منع اختلاق الأرقام حيث كل رقم مربوط بمصدره	10.1 الصلاحيات والأمان	5853
F-004979	- تصنيف حساسية الأوامر	10.1 الصلاحيات والأمان	5854
F-004980	- طلب تأكيد أو مصادقة ثنائية حسب السياسة	10.1 الصلاحيات والأمان	5855
F-004981	- حدود تنفيذ مع منع حلقات تنفيذ غير منتهية	10.1 الصلاحيات والأمان	5856
F-004982	- سجل أدوات شامل لكل وحدات المنصة	10.1 الصلاحيات والأمان	5857
F-004983	- لا ينفذ إلا ضمن صلاحيات المستخدم وسياسات المؤسسة	10.1 الصلاحيات والأمان	5858
F-004984	- يعرض ما سيغيره قبل وبعد ثم يطلب الموافقة	10.1 الصلاحيات والأمان	5859
F-004985	- يسجل ما فعله تلقائيا في سجل النشاطات والتدقيق	10.1 الصلاحيات والأمان	5860
F-004986	- مراقبة الموصلات والملفات والجداول المخصصة لاكتشاف بيانات جديدة	10.1 الصلاحيات والأمان	5861
F-004987	- إيقاف كامل للذكاء الاصطناعي عند الحاجة بمفتاح إيقاف شامل	10.1 الصلاحيات والأمان	5862
F-004988	- سجل تدقيق كامل لكل استخدام ذكاء اصطناعي	10.1 الصلاحيات والأمان	5863
F-004989	- إدارة التكاليف والميزانيات الخاصة بالذكاء الاصطناعي	10.1 الصلاحيات والأمان	5864
F-004990	- تتبع التكلفة والاستهلاك حسب الجهة	10.1 الصلاحيات والأمان	5865
F-004991	- تتبع مصدر كل رقم عبر سلسلة التحولات من المصدر حتى التقرير	10.1 الصلاحيات والأمان	5866
F-004992	- سجل إرسال يشمل النجاح والفشل والسبب مع إعادة محاولة وحدود إرسال	10.1 الصلاحيات والأمان	5867
F-004993	- مشاركة الملفات برابط مع أذونات قراءة أو تعديل	10.1 الصلاحيات والأمان	5868
F-004994	- فحص أمان للملفات المرفوعة	10.1 الصلاحيات والأمان	5869
F-004995	- سياسات مشاركة مؤسسية	10.1 الصلاحيات والأمان	5870
F-004996	- التحكم في صلاحيات الوصول	10.1 الصلاحيات والأمان	5871
F-004997	- إنشاء تذاكر دعم من داخل المنصة	10.1 الصلاحيات والأمان	5872
F-004998	- سجل زمني لكل الأحداث	10.1 الصلاحيات والأمان	5873
F-004999	- فلاتر حسب الوحدة والمستخدم والنوع	10.1 الصلاحيات والأمان	5874
F-005000	- تنبيه عند أحداث مهمة	10.1 الصلاحيات والأمان	5875
F-005001	- كل حدث مرتبط بالكيان الأصلي مع إمكانية الضغط للتفاصيل	10.1 الصلاحيات والأمان	5876
F-005002	- متابعة تقرير أو مراسلة أو صفحة لتظهر أحداثها في السجل	10.1 الصلاحيات والأمان	5877
F-005003	- تسجيل من قام بكل عملية ومتى	10.1 الصلاحيات والأمان	5878
F-005004	- سحب اسم مستخدم إلى دور أو فريق لمنحه صلاحيات	10.1 الصلاحيات والأمان	5879
F-005005	- نظام تفعيل وتعطيل الوحدات بحيث كل مشروع يختار الخدمات التي يحتاجها	10.1 الصلاحيات والأمان	5880
F-005006	- تشغيل وإيقاف ميزات تدريجيا مع استهداف أدوار أو مستخدمين	10.1 الصلاحيات والأمان	5881
F-005007	- تخصيص البوابات حسب كل جهة	10.1 الصلاحيات والأمان	5882
F-005008	- وضع الصيانة برسالة مخصصة مع السماح للإداريين فقط	10.1 الصلاحيات والأمان	5883
F-005009	- الصلاحيات والأمان	10.1 الصلاحيات والأمان	5884
F-005010	- التحكم في من يمكنه الوصول إلى لوحات المعلومات الخاصة بك	10.1 الصلاحيات والأمان	5885
F-005011	- عرض البيانات بشكل آمن من قواعد بيانات شركتك أو مقدمي خدمات آخرين باستخدام عناصر واجهة مستخدم مخصصة أو Push API الخاص بنا	10.1 الصلاحيات والأمان	5886
F-005012	- تأمين البيانات من خلال التشفير والضوابط الصارمة	10.1 الصلاحيات والأمان	5887
F-005013	- تحكم في العلامة التجارية وسير عمل آمن	10.1 الصلاحيات والأمان	5888
F-005014	- حوكمة وإشراف دائم على نطاق المؤسسة	10.1 الصلاحيات والأمان	5889
F-005015	- ميزات أمان أصلية للتخفيف من المخاطر	10.1 الصلاحيات والأمان	5890
F-005016	- تشفير الحمض النووي للشركة داخل المنصة (Playbooks, Knowledge, Personality)	10.1 الصلاحيات والأمان	5891
F-005017	- أمان واجهات برمجة التطبيقات (API Security)	10.1 الصلاحيات والأمان	5892
F-005018	- تسجيل دخول متعدد الطرق (اسم مستخدم/كلمة مرور، بريد إلكتروني، SSO)	10.1 الصلاحيات والأمان	5893
F-005019	- إدارة المستخدمين (إنشاء/تعديل/تعطيل/حذف، استيراد دفعي، مزامنة SSO)	10.1 الصلاحيات والأمان	5894
F-005020	- إعدادات API (مفاتيح، حدود المعدل، قائمة IP المسموح بها، تدوير المفاتيح)	10.1 الصلاحيات والأمان	5895
F-005021	- استيعاب آمن للملفات (Secure file ingestion)	10.1 الصلاحيات والأمان	5896
F-005022	- عقد API آمن بين محرك الزحف ونواة رصد	10.1 الصلاحيات والأمان	5897
F-005023	- تسجيل المنتج (قاعدة بيانات + واجهة برمجة تطبيقات إدارية)	10.1 الصلاحيات والأمان	5898
F-005024	- الزحف على مستوى المؤسسة وتجاوز جدار حماية تطبيقات الويب (WAF Bypass)	10.1 الصلاحيات والأمان	5899
F-005025	- مكافحة البوتات عبر بصمات الأصابع (Anti-bot fingerprinting)	10.1 الصلاحيات والأمان	5900
F-005026	- تدوير ذكي لبصمات الأصابع	10.1 الصلاحيات والأمان	5901
F-005027	- نسخة مؤسسية: صلاحيات متقدمة، تكامل API، ربط بقواعد بيانات، SSO، استضافة داخلية	10.1 الصلاحيات والأمان	5902
F-005028	- صلاحيات دقيقة على مستوى مجموعة البيانات، الحقل، والصف (Row-Level Security)	10.1 الصلاحيات والأمان	5903
F-005029	- تطبيق سياسات أمان على مستوى الصفوف لجميع الجداول	10.1 الصلاحيات والأمان	5904
F-005030	- نظام قابل للتدقيق (Auditable system)	10.1 الصلاحيات والأمان	5905
F-005031	- ربط المستخدمين بالأقسام وتطبيق سياسات الوصول	10.1 الصلاحيات والأمان	5906
F-005032	- إنشاء مجموعات مرنة عابرة للأقسام	10.1 الصلاحيات والأمان	5907
F-005033	- شرائح مقفلة لحماية المعلومات الأساسية وتحديثها مركزياً	10.1 الصلاحيات والأمان	5908
F-005034	- تصنيف البيانات (سري – داخلي – عام)	10.1 الصلاحيات والأمان	5909
F-005035	- دعم تسجيل الدخول الموحد (SSO)	10.1 الصلاحيات والأمان	5910
F-005036	- سجلات تدقيق (Audit logs)	10.1 الصلاحيات والأمان	5911
F-005037	- حوكمة صارمة للأحداث	10.1 الصلاحيات والأمان	5912
F-005038	- حوكمة وضع الدُفعات	10.1 الصلاحيات والأمان	5913
F-005039	- حوكمة توزيع وتحديث النماذج	10.1 الصلاحيات والأمان	5914
F-005040	- حوكمة تكلفة الذكاء الاصطناعي (تسلسل الميزانية، التقييد، مفتاح الإيقاف)	10.1 الصلاحيات والأمان	5915
F-005041	- تدقيق المستأجر محلياً	10.1 الصلاحيات والأمان	5916
F-005042	- حوكمة قوائم الانتظار المتزامنة	10.1 الصلاحيات والأمان	5917
F-005043	- نظام حوكمة	10.1 الصلاحيات والأمان	5918
F-005044	- نظام أمان	10.1 الصلاحيات والأمان	5919
F-005045	- نظام RBAC كامل مع أدوار وصلاحيات ومجموعات صلاحيات جاهزة	10.1 الصلاحيات والأمان	5920
F-005046	- صلاحيات ديناميكية مع شروط إضافية (ABAC/Policy Rules)	10.1 الصلاحيات والأمان	5921
F-005047	- إعدادات الأمان مثل سياسات كلمة المرور، 2FA إلزامي، مدة الجلسة، قائمة السماح IP	10.1 الصلاحيات والأمان	5922
F-005048	- التحقق من الصلاحيات وحساسية البيانات	10.1 الصلاحيات والأمان	5923
F-005049	- تتبع سجلات التدقيق	10.1 الصلاحيات والأمان	5924
F-005050	- حوكمة مركزية للصلاحيات والأدوار والسياسات	10.1 الصلاحيات والأمان	5925
F-005051	- تشفير البيانات أثناء التخزين والنقل	10.1 الصلاحيات والأمان	5926
F-005052	- خدمة المصادقة والتفويض	10.1 الصلاحيات والأمان	5927
F-005053	- تحديد معدل الطلبات (Rate limiting)	10.1 الصلاحيات والأمان	5928
F-005054	- خطة استعادة الكوارث	10.1 الصلاحيات والأمان	5929
F-005055	- استراتيجية النسخ الاحتياطي	10.1 الصلاحيات والأمان	5930
F-005056	- التحكم في الوصول بناءً على الأدوار	10.1 الصلاحيات والأمان	5931
F-005057	- دعم بنية متعددة المستأجرين	10.1 الصلاحيات والأمان	5932
F-005058	- إدارة الأسرار السرية	10.1 الصلاحيات والأمان	5933
F-005059	- سياسة منع الدين التقني	10.1 الصلاحيات والأمان	5934
F-005060	- سياسة التوسعة الأفقية فقط بدون قفل عمودي	10.1 الصلاحيات والأمان	5935
F-005061	- إدارة صلاحيات الوصول (عرض فقط، تعديل كامل)	10.1 الصلاحيات والأمان	5936
F-005062	- مشاركة أي مخرج مع فريق	10.2 العمل الجماعي	5942
F-005063	- التعليق على عنصر محدد	10.2 العمل الجماعي	5943
F-005064	- طلب مراجعة واعتماد رسمي	10.2 العمل الجماعي	5944
F-005065	- التعاون في الوقت الفعلي على أي مخرج	10.2 العمل الجماعي	5945
F-005066	- مشاركة الجداول مع الفريق والعمل الجماعي	10.2 العمل الجماعي	5946
F-005067	- إضافة مستخدمين إلى فرق ومشاريع عبر السحب والإفلات	10.2 العمل الجماعي	5947
F-005068	- تفويض سريع بين المستخدمين عبر السحب والإفلات	10.2 العمل الجماعي	5948
F-005069	- سحب مهمة إلى يوم في التقويم لتحديد موعد	10.2 العمل الجماعي	5949
F-005070	- سحب مستخدم على مهمة لتعيينه	10.2 العمل الجماعي	5950
F-005071	- سحب حدث على مهمة لإنشاء مهمة متابعة	10.2 العمل الجماعي	5951
F-005072	- تعاون في التعديل المشترك مع تعليقات على الشرائح	10.2 العمل الجماعي	5952
F-005073	- تقييم المحادثة بالنجوم والملاحظات النصية وتصنيف أسباب عدم الرضا	10.2 العمل الجماعي	5953
F-005074	- حفظ وتصنيف المحادثات مع بحث ومفضلة	10.2 العمل الجماعي	5954
F-005075	- محادثات ضمن مساحات عمل ومشاريع مع مشاركة داخلية	10.2 العمل الجماعي	5955
F-005076	- دعم أكثر من خمسين ألف مستخدم متزامن	10.2 العمل الجماعي	5956
F-005077	- استمرارية العمل عند تعطل جزء من النظام	10.2 العمل الجماعي	5957
F-005078	- التعاون.	10.2 العمل الجماعي	5958
F-005079	- تتبع الموافقات.	10.2 العمل الجماعي	5959
F-005080	- العمل الجماعي	10.2 العمل الجماعي	5960
F-005081	- تعاون جماعي	10.2 العمل الجماعي	5961
F-005082	- الاستفادة من الرسم البياني للعمل الجماعي (Teamwork graph) الخاص بالفرق	10.2 العمل الجماعي	5962
F-005083	- تنسيق العمل عبر الفرق والأنظمة	10.2 العمل الجماعي	5963
F-005084	- رفع مستوى ثقة الموظفين وتمكينهم	10.2 العمل الجماعي	5964
F-005085	- مشاركة المستندات عبر رابط مخصص	10.2 العمل الجماعي	5965
F-005086	- مشاركة لوحات المعلومات الحية مع الفريق	10.2 العمل الجماعي	5966
F-005087	- إنشاء وتحرير الملفات مباشرة في المحادثات	10.2 العمل الجماعي	5967
F-005088	- بناء تصور لوكيل ذكاء اصطناعي مستقل داخل المنصة يعمل كموظف رقمي دائم	10.2 العمل الجماعي	5968
F-005089	- معالجة البيانات بصريًا عبر السحب والإفلات	10.2 العمل الجماعي	5969
F-005090	- سحب وإفلات الرسوم البيانية	10.2 العمل الجماعي	5970
F-005091	- واجهة مركزية للسحب والإفلات	10.2 العمل الجماعي	5971
F-005092	- إمكانية السحب لإنشاء علاقة	10.2 العمل الجماعي	5972
F-005093	- سحب ملفات	10.2 العمل الجماعي	5973
F-005094	- سحب وإفلات كامل	10.2 العمل الجماعي	5974
F-005095	- سحب وإفلات أقسام	10.2 العمل الجماعي	5975
F-005096	- تفعيل شامل للسحب والإفلات عبر المنصة	10.2 العمل الجماعي	5976
F-005097	- واجهة سحب وإفلات عالمية	10.2 العمل الجماعي	5977
F-005098	- سحب عبر المستندات	10.2 العمل الجماعي	5978
F-005099	- تحرير هيكلي بالسحب والإفلات عبر جميع الوحدات	10.2 العمل الجماعي	5979
F-005100	- سحب متعدد العناصر دفعة واحدة	10.2 العمل الجماعي	5980
F-005101	- أي بيانات تتحول مباشرة إلى لوحة أو تقرير أو عرض أو إنفوجرافيك	10.3 التكامل الشامل بين المحركات	5986
F-005102	- تحويل بين جميع الخدمات في أي اتجاه	10.3 التكامل الشامل بين المحركات	5987
F-005103	- كل تحويل قابل للتعديل اليدوي	10.3 التكامل الشامل بين المحركات	5988
F-005104	- مصادر مستقلة لكل خدمة أو مشتركة	10.3 التكامل الشامل بين المحركات	5989
F-005105	- إمكانية دمج النظام مع أي منصة خارجية	10.3 التكامل الشامل بين المحركات	5990
F-005106	- تسجيل كل إجراء مع تفاصيل من ومتى وماذا وقبل وبعد ومن أين	10.3 التكامل الشامل بين المحركات	5991
F-005107	- تحليل الأثر قبل أي تغيير في البيانات أو التعريفات	10.3 التكامل الشامل بين المحركات	5992
F-005108	- توافق سيادي وسحابي متكامل	10.3 التكامل الشامل بين المحركات	5993
F-005109	- توزيع المهام على محركات متخصصة	10.3 التكامل الشامل بين المحركات	5994
F-005110	- توزيع المهام حسب الحمل	10.3 التكامل الشامل بين المحركات	5995
F-005111	- إعادة جدولة العمليات	10.3 التكامل الشامل بين المحركات	5996
F-005112	- منع ازدحام النظام	10.3 التكامل الشامل بين المحركات	5997
F-005113	- إشعار فوري عند وصول استجابة	10.3 التكامل الشامل بين المحركات	5998
F-005114	- العمل على السحابة والجهاز المكتبي معا	10.3 التكامل الشامل بين المحركات	5999
F-005115	- تطبيق سطح مكتب لنظام ويندوز بنفس واجهة السحابة	10.3 التكامل الشامل بين المحركات	6000
F-005116	- العمل بدون إنترنت بشكل كامل على الجهاز المحلي	10.3 التكامل الشامل بين المحركات	6001
F-005117	- مزامنة البيانات تلقائيا عند عودة الاتصال بالإنترنت	10.3 التكامل الشامل بين المحركات	6002
F-005118	- تشغيل نماذج الذكاء الاصطناعي محليا على الجهاز بدون إنترنت	10.3 التكامل الشامل بين المحركات	6003
F-005119	- الحفاظ على نفس الواجهة والتجربة في كلا الوضعين	10.3 التكامل الشامل بين المحركات	6004
F-005120	- تقسيم المهام الكبيرة وتوزيعها على عدة خوادم للمعالجة المتوازية	10.3 التكامل الشامل بين المحركات	6005
F-005121	- ضمان عدم تأثر أداء النظام العادي أثناء المعالجة الثقيلة	10.3 التكامل الشامل بين المحركات	6006
F-005122	- الاستعادة التلقائية عند حدوث أعطال	10.3 التكامل الشامل بين المحركات	6007
F-005123	- تصميم معياري مستقل بالكامل	10.3 التكامل الشامل بين المحركات	6008
F-005124	- عزل كامل لبيانات كل وحدة	10.3 التكامل الشامل بين المحركات	6009
F-005125	- قابلية استبدال أي مكون دون تأثير على البقية	10.3 التكامل الشامل بين المحركات	6010
F-005126	- توسع أفقي كامل	10.3 التكامل الشامل بين المحركات	6011
F-005127	- دمج CRM وأي نوع من البيانات في وظيفتك.	10.3 التكامل الشامل بين المحركات	6012
F-005128	- مركزي ومشاركة وكلاء Looker الخاصين بك.	10.3 التكامل الشامل بين المحركات	6013
F-005129	- دمج تحليلات العلامة البيضاء بسلاسة في منتجك.	10.3 التكامل الشامل بين المحركات	6014
F-005130	- التكامل الشامل بين المحركات	10.3 التكامل الشامل بين المحركات	6015
F-005131	- جلب القوة الكاملة لـ Sisense Intelligence مباشرة إلى منتجاتك باستخدام React أو Angular أو Vue	10.3 التكامل الشامل بين المحركات	6016
F-005132	- إنشاء وتحويل المحتوى في Confluence و Jira و Jira Service Management	10.3 التكامل الشامل بين المحركات	6017
F-005133	- استخدام لغة ومصطلحات خاصة بالصناعة	10.3 التكامل الشامل بين المحركات	6018
F-005134	- التكامل مع تطبيقات Microsoft 365	10.3 التكامل الشامل بين المحركات	6019
F-005135	- التكامل مع تطبيقات مثل Jira و Jira Service Management و Confluence و Bitbucket	10.3 التكامل الشامل بين المحركات	6020
F-005136	- المساعدة في استخدام المصطلحات الخاصة بالصناعة بشكل صحيح	10.3 التكامل الشامل بين المحركات	6021
F-005137	- تعريف المصطلحات في Confluence	10.3 التكامل الشامل بين المحركات	6022
F-005138	- تكامل قوي مع الأنظمة الحالية	10.3 التكامل الشامل بين المحركات	6023
F-005139	- منصة قابلة للتشغيل المتبادل	10.3 التكامل الشامل بين المحركات	6024
F-005140	- إنشاء اتصالات مخصصة	10.3 التكامل الشامل بين المحركات	6025
F-005141	- إنشاء قواعد التشغيل الآلي في Confluence و Jira و Jira Service Management	10.3 التكامل الشامل بين المحركات	6026
F-005142	- ترابط كامل بين الخدمات	10.3 التكامل الشامل بين المحركات	6027
F-005143	- تصميم API-First وكل عملية داخل النظام لها API	10.3 التكامل الشامل بين المحركات	6028
F-005144	- واجهات برمجة تطبيقات عامة وخاصة (Public & Private APIs)	10.3 التكامل الشامل بين المحركات	6029
F-005145	- جاهزية للتكامل المؤسسي (Enterprise Integration)	10.3 التكامل الشامل بين المحركات	6030
F-005146	- واجهات برمجة تطبيقات بإصدارات (Versioned APIs)	10.3 التكامل الشامل بين المحركات	6031
F-005147	- إمكانية تطوير تطبيقات موبايل أو سطح مكتب بنفس واجهات برمجة التطبيقات	10.3 التكامل الشامل بين المحركات	6032
F-005148	- توثيق كامل لواجهات برمجة التطبيقات (API Documentation)	10.3 التكامل الشامل بين المحركات	6033
F-005149	- طبقة إضافة للتحكم في المستندات عبر API	10.3 التكامل الشامل بين المحركات	6034
F-005150	- منصة مؤسسية متكاملة (SaaS/Enterprise) للانتقال من مصادر البيانات إلى مخرجات احترافية	10.3 التكامل الشامل بين المحركات	6035
F-005151	- طبقة الأوامر القياسية (Action API + Tool Registry)	10.3 التكامل الشامل بين المحركات	6036
F-005152	- توفير بيئة خارجية (Cloud) لإنشاء كلستر حقيقي (EKS/GKE/AKS)	10.3 التكامل الشامل بين المحركات	6037
F-005153	- نظام تشغيل مستندات مؤسسي سيادي حتمي	10.3 التكامل الشامل بين المحركات	6038
F-005154	- دورة حياة API	10.3 التكامل الشامل بين المحركات	6039
F-005155	- إعادة ربط البيانات عبر API	10.3 التكامل الشامل بين المحركات	6040
F-005156	- مجموعات مخصصة للمؤسسات (Dedicated enterprise clusters)	10.3 التكامل الشامل بين المحركات	6041
F-005157	- بحيرة بيانات منفصلة لكل مؤسسة (Separate Lakehouse per enterprise)	10.3 التكامل الشامل بين المحركات	6042
F-005158	- دمج مع Scheduled Tasks لإنشاء تقارير دورية	10.3 التكامل الشامل بين المحركات	6043
F-005159	- دمج مع Gmail وNotion وGoogle Drive عبر الموصلات	10.3 التكامل الشامل بين المحركات	6044
F-005160	- منصة شاملة لإدارة البيانات والتقارير بالسحب والإفلات مع ذكاء اصطناعي مدمج	10.3 التكامل الشامل بين المحركات	6045
F-005161	- ربط لوحات متعددة	10.3 التكامل الشامل بين المحركات	6046
F-005162	- تخصيص كل خدمة بشكل منفصل	10.3 التكامل الشامل بين المحركات	6047
F-005163	- الربط الذكي بين الخدمات	10.3 التكامل الشامل بين المحركات	6048
F-005164	- فصل طبقة الذكاء عن طبقة العرض	10.3 التكامل الشامل بين المحركات	6049
F-005165	- فصل طبقة المعرفة عن طبقة التخزين	10.3 التكامل الشامل بين المحركات	6050
F-005166	- فصل طبقة الذكاء الاصطناعي عن التطبيق	10.3 التكامل الشامل بين المحركات	6051
F-005167	- فصل الهيكل عن المظهر والبيانات	10.3 التكامل الشامل بين المحركات	6052
F-005168	- تحسين أداء الربط (Joins)	10.3 التكامل الشامل بين المحركات	6053
F-005169	- ربط مزود رسائل SMS وإنشاء قوالب وتتبع التسليم	10.3 التكامل الشامل بين المحركات	6054
F-005170	- فصل المنطق عن المشروع	10.3 التكامل الشامل بين المحركات	6055
F-005171	- تنفيذ عمليات ربط (joins) معقدة عبر schemas مختلفة	10.3 التكامل الشامل بين المحركات	6056
F-005172	- ربط الإشعارات (notifications)	10.3 التكامل الشامل بين المحركات	6057
F-005173	- ربط النتائج مباشرةً بنظام تقارير Rasid والتقارير الأخرى	10.3 التكامل الشامل بين المحركات	6058
F-005174	- ربط مباشر بنظام التصعيد والرسائل التلقائية	10.3 التكامل الشامل بين المحركات	6059
F-005175	- محرك تحليلي يدمج البيانات ويقدم تقريرًا تفصيليًا	10.3 التكامل الشامل بين المحركات	6060
F-005176	- رسائل ومحادثات وتنبيهات	10.3 التكامل الشامل بين المحركات	6061
F-005177	- تُستخدم للأتمتة والتحديث الحي والإشعارات والتذكيرات والذكاء الاستباقي	10.3 التكامل الشامل بين المحركات	6062
F-005178	- تكامل مع Make.com لأتمتة سير العمل	10.3 التكامل الشامل بين المحركات	6063
F-005179	- الإطار التكاملـي العام (Unified Intelligence Layer)	10.3 التكامل الشامل بين المحركات	6064
F-005180	- منصة متكاملة	10.3 التكامل الشامل بين المحركات	6065
F-005181	- التكامل الشامل بضغطة زر	10.3 التكامل الشامل بين المحركات	6066
F-005182	- تحويل التواريخ والعملات بضغطة زر	10.3 التكامل الشامل بين المحركات	6067
F-005183	- وضع سهل (Smart Mode)	10.3 التكامل الشامل بين المحركات	6068
F-005184	- رفع ملفات ثم تنظيف وتوحيد وتحليل	10.4 التشغيل الموحد بضغطة زر	6074
F-005185	- إنشاء لوحة مؤشرات وتقرير وعرض وإنفوجرافيك	10.4 التشغيل الموحد بضغطة زر	6075
F-005186	- كل ذلك بضغطة واحدة أو بالتدخل في أي مرحلة	10.4 التشغيل الموحد بضغطة زر	6076
F-005187	- تجميد النواة (Kernel Freeze) الرسمي للمنصة	10.4 التشغيل الموحد بضغطة زر	6077
F-005188	- تشغيل موحد بضغطة زر مع تكامل شامل ووضعين تشغيل (سهل/متقدم)	10.4 التشغيل الموحد بضغطة زر	6078
F-005189	- جاهزية تسريع البيانات	10.4 التشغيل الموحد بضغطة زر	6079
F-005190	- زر واحد للتنفيذ	10.4 التشغيل الموحد بضغطة زر	6080
F-005191	- ربط النموذج بسير عمل يبدأ تلقائيا عند التعبئة	10.4 التشغيل الموحد بضغطة زر	6081
F-005192	- سير عمل المراسلة من مسودة إلى مراجعة إلى اعتماد إلى إرسال إلى متابعة	10.4 التشغيل الموحد بضغطة زر	6082
F-005193	- سلسلة موافقات قبل الإرسال	10.4 التشغيل الموحد بضغطة زر	6083
F-005194	- تذكير تلقائي إذا لم يرد خلال مدة محددة	10.4 التشغيل الموحد بضغطة زر	6084
F-005195	- سلسلة موافقات متتابعة أو متوازية	10.4 التشغيل الموحد بضغطة زر	6085
F-005196	- ربط سير العمل بأي وحدة	10.4 التشغيل الموحد بضغطة زر	6086
F-005197	- بدء سير العمل تلقائيا عند وصول بيانات أو تحديث مؤشر أداء أو استلام مراسلة	10.4 التشغيل الموحد بضغطة زر	6087
F-005198	- إشعارات عند التصعيد بالبريد والداخلي والرسائل النصية	10.4 التشغيل الموحد بضغطة زر	6088
F-005199	- تعيين المسؤول التالي تلقائيا	10.4 التشغيل الموحد بضغطة زر	6089
F-005200	- كل تغيير يولد أحداثا تستخدم للأتمتة والتحديث الحي والإشعارات والتذكيرات	10.4 التشغيل الموحد بضغطة زر	6090
F-005201	- بناء وتشغيل حتمي بحيث نفس المدخلات تعطي نفس النتائج دائما	10.4 التشغيل الموحد بضغطة زر	6091
F-005202	- التشغيل الموحد بضغطة زر	10.4 التشغيل الموحد بضغطة زر	6092
F-005203	- اتخاذ قرارات أسرع ومستنيرة	10.4 التشغيل الموحد بضغطة زر	6093
F-005204	- تسجيل كل خطوة وإمكانية إعادة تشغيلها	10.5 سجل العمليات وإعادة التنفيذ	6099
F-005205	- تطبيق العمليات على ملفات جديدة	10.5 سجل العمليات وإعادة التنفيذ	6100
F-005206	- حفظ سير العمل كنموذج قابل لإعادة الاستخدام	10.5 سجل العمليات وإعادة التنفيذ	6101
F-005207	- سجل العمليات (Data Lineage) وأرشفة الإصدارات	10.5 سجل العمليات وإعادة التنفيذ	6102
F-005208	- سجل العمليات (Query audit) لكل العمليات مسجلة	10.5 سجل العمليات وإعادة التنفيذ	6103
F-005209	- كل طلب HTTP داخل معاملة قاعدة بيانات	10.5 سجل العمليات وإعادة التنفيذ	6104
F-005210	- دعم Undo/Redo على مستوى المنصة لجميع الإجراءات	10.5 سجل العمليات وإعادة التنفيذ	6105
F-005211	- عرض Diff بين أي نسختين من البيانات أو التعريفات	10.5 سجل العمليات وإعادة التنفيذ	6106
F-005212	- سجل العمليات وإعادة التنفيذ مع تنفيذ جميع عمليات الكتابة عبر actionRegistry.executeAction()	10.5 سجل العمليات وإعادة التنفيذ	6107
F-005213	- تقييم نهائي قبل تجميد النواة لضمان جودة واستقرار المنصة	10.5 سجل العمليات وإعادة التنفيذ	6108
F-005214	- تسجيل ومراجعة جميع عمليات الكتابة (POST, PUT, PATCH, DELETE) لضمان التنفيذ الصحيح	10.5 سجل العمليات وإعادة التنفيذ	6109
F-005215	- سجل العمليات مع إمكانية إعادة التنفيذ وحفظها كنموذج وإنشاء سير عمل قابل لإعادة الاستخدام	10.5 سجل العمليات وإعادة التنفيذ	6110
F-005216	- قوة النسخ الصارم المتقدم	10.5 سجل العمليات وإعادة التنفيذ	6111
F-005217	- سجل كامل لكل استخدام ذكاء اصطناعي	10.5 سجل العمليات وإعادة التنفيذ	6112
F-005218	- سجل تدقيق كامل لكل استخدام ذكاء اصطناعي	10.5 سجل العمليات وإعادة التنفيذ	6113
F-005219	- التحقق من جودة التنفيذ قبل الإخراج	10.5 سجل العمليات وإعادة التنفيذ	6114
F-005220	- إعادة المحاولة الذكية في حال انخفاض الجودة	10.5 سجل العمليات وإعادة التنفيذ	6115
F-005221	- تحليل تكلفة التنفيذ	10.5 سجل العمليات وإعادة التنفيذ	6116
F-005222	- إعادة ترتيب العمليات	10.5 سجل العمليات وإعادة التنفيذ	6117
F-005223	- اختيار أفضل خطة تنفيذ	10.5 سجل العمليات وإعادة التنفيذ	6118
F-005224	- ضمان الجودة قبل التسليم	10.5 سجل العمليات وإعادة التنفيذ	6119
F-005225	- إعادة المحاولة حتى الوصول لمستوى الجودة المطلوب	10.5 سجل العمليات وإعادة التنفيذ	6120
F-005226	- الحفاظ على الحتمية الكاملة	10.5 سجل العمليات وإعادة التنفيذ	6121
F-005227	- ملخصات فورية	10.5 سجل العمليات وإعادة التنفيذ	6122
F-005228	- سجل العمليات وإعادة التنفيذ	10.5 سجل العمليات وإعادة التنفيذ	6123
F-005229	- قياس زمن executeAction.	10.5 سجل العمليات وإعادة التنفيذ	6124
F-005230	- قياس زمن semantic queries.	10.5 سجل العمليات وإعادة التنفيذ	6125
F-005231	- قياس زمن search.	10.5 سجل العمليات وإعادة التنفيذ	6126
F-005232	- قياس زمن RAG.	10.5 سجل العمليات وإعادة التنفيذ	6127
F-005233	- اختبار 1k concurrent requests.	10.5 سجل العمليات وإعادة التنفيذ	6128
F-005234	- اختبار tenant isolation تحت load.	10.5 سجل العمليات وإعادة التنفيذ	6129
F-005235	- تحليل عنق الزجاجة (Connection Pool, Sequential Scans).	10.5 سجل العمليات وإعادة التنفيذ	6130
F-005236	- تتبع حالة المراسلة من مرسلة ومستلمة وقيد المراجعة وتم الرد ومغلقة	10.5 سجل العمليات وإعادة التنفيذ	6131
F-005237	- ردود ومتابعات مرتبطة بالمراسلة الأصلية	10.5 سجل العمليات وإعادة التنفيذ	6132
F-005238	- سجل كامل لكل حركة على المراسلة من الإنشاء إلى الإرسال	10.5 سجل العمليات وإعادة التنفيذ	6133
F-005239	- سجل كامل لمسار كل تصعيد	10.5 سجل العمليات وإعادة التنفيذ	6134
F-005240	- حفظ تاريخ جميع العمليات التي تمت على البيانات	10.5 سجل العمليات وإعادة التنفيذ	6135
F-005241	- إمكانية إعادة تطبيق سلسلة عمليات سابقة على بيانات جديدة	10.5 سجل العمليات وإعادة التنفيذ	6136
F-005242	- تسجيل كل عملية سحب وإفلات وتنفيذات الذكاء الاصطناعي	10.5 سجل العمليات وإعادة التنفيذ	6137
F-005243	- سجل التغييرات يوضح من غير أي إعداد ومتى مع قبل وبعد والموافقات	10.5 سجل العمليات وإعادة التنفيذ	6138
F-005244	- التراجع والإعادة عن الإجراءات الأخيرة	10.5 سجل العمليات وإعادة التنفيذ	6139
F-005245	- تدقيق على عمليات الاستيراد بين الوحدات (Cross-module import audit)	10.5 سجل العمليات وإعادة التنفيذ	6140
F-005246	- تسجيل سجل تحليلات مفصل لكل عملية بحث	10.5 سجل العمليات وإعادة التنفيذ	6141
F-005247	- سجل غير قابل للتغيير لكل عملية تقييم لضمان الشفافية الكاملة	10.5 سجل العمليات وإعادة التنفيذ	6142
F-005248	- تسجيل عمليات السحب والإفلات وتنفيذات الذكاء الاصطناعي	10.5 سجل العمليات وإعادة التنفيذ	6143
F-005249	- مقارنة بين لوحات مؤشرات مختلفة	10.6 المقارنة المتقدمة	6149
F-005250	- مقارنة بين تقارير مختلفة	10.6 المقارنة المتقدمة	6150
F-005251	- مقارنة بين عروض تقديمية مختلفة	10.6 المقارنة المتقدمة	6151
F-005252	- مقارنة بين ملفات بيانات مختلفة	10.6 المقارنة المتقدمة	6152
F-005253	- مقارنة Floating-point drift	10.6 المقارنة المتقدمة	6153
F-005254	- إعادة حساب باستخدام دقة موسعة عند الحاجة	10.6 المقارنة المتقدمة	6154
F-005255	- كشف تناقض النتائج بين محركات مختلفة	10.6 المقارنة المتقدمة	6155
F-005256	- مقارنة تاريخية للقيم	10.6 المقارنة المتقدمة	6156
F-005257	- مقارنة أداء بين لوحات مختلفة	10.6 المقارنة المتقدمة	6157
F-005258	- مقارنة النسخ المختلفة من البيانات	10.6 المقارنة المتقدمة	6158
F-005259	- نظام كشف الانحرافات المعمارية تلقائيا	10.6 المقارنة المتقدمة	6159
F-005260	- المقارنة المتقدمة	10.6 المقارنة المتقدمة	6160
F-005261	- تحديد أهداف مستوى الخدمة (SLOs) لزمن تحميل اللوحة، وتوليد التقرير، وتحديث الشريحة	10.6 المقارنة المتقدمة	6161
F-005262	- طبقة المؤسسة (المراقبة، النسخ الاحتياطي، البوابة، الفوترة، الترجمة، بوابة المطورين)	10.6 المقارنة المتقدمة	6162
F-005263	- منع الترابط الخفي بين الوحدات	10.6 المقارنة المتقدمة	6163
F-005264	- ترقية قاعدة بيانات وحدة واحدة دون تأثير على البقية	10.6 المقارنة المتقدمة	6164
F-005265	- إنشاء داشبورد احترافية	10.6 المقارنة المتقدمة	6165
F-005266	- وحدة إنشاء الداشبورد (Dashboard Builder)	10.6 المقارنة المتقدمة	6166
F-005267	- دعم أنواع الرسوم البيانية: خطية، أعمدة، دائرية، حرارية	10.6 المقارنة المتقدمة	6167
F-005268	- فلاتر عامة للوحة بالكامل	10.6 المقارنة المتقدمة	6168
F-005269	- دعم خاصية Drill Down في لوحات المؤشرات	10.6 المقارنة المتقدمة	6169
F-005270	- تحويل أي داشبورد إلى تقرير	10.6 المقارنة المتقدمة	6170
F-005271	- لوحة إدارة البيانات (Data Governance)	10.6 المقارنة المتقدمة	6171
F-005272	- لوحة مراقبة مباشرة يتم تحديثها تلقائياً	10.6 المقارنة المتقدمة	6172
F-005273	- ترتيب منطقي للوحة المؤشرات	10.6 المقارنة المتقدمة	6173
F-005274	- نظام إنشاء الداشبورد والعروض الذكية	10.6 المقارنة المتقدمة	6174
F-005275	- سحب وإفلات العناصر في اللوحة	10.6 المقارنة المتقدمة	6175
F-005276	- وضع سهل لإنشاء اللوحات (Auto Dashboard)	10.6 المقارنة المتقدمة	6176
F-005277	- مقارنة بين لوحات المؤشرات	10.6 المقارنة المتقدمة	6177
F-005278	- إنشاء إنفوجرافيك احترافي (Infographic Engine)	10.6 المقارنة المتقدمة	6178
F-005279	- عناصر قابلة للسحب مثل نص، رسم بياني، صورة، أيقونة، شكل هندسي، بطاقة رقمية	10.6 المقارنة المتقدمة	6179
F-005280	- خدمة الداشبورد مع تحكم يدوي كامل (Full Manual Override Dashboard)	10.6 المقارنة المتقدمة	6180
F-005281	- محرر داشبورد كامل	10.6 المقارنة المتقدمة	6181
F-005282	- شبكة تصميم مرنة لإنشاء اللوحات	10.6 المقارنة المتقدمة	6182
F-005283	- إنشاء لوحة من الصفر	10.6 المقارنة المتقدمة	6183
F-005284	- إنشاء نسخة جديدة من أي تقرير، عرض، أو لوحة	10.6 المقارنة المتقدمة	6184
F-005285	- تحويل تقرير إلى داشبورد	10.6 المقارنة المتقدمة	6185
F-005286	- دعم REST / GraphQL	10.6 المقارنة المتقدمة	6186
F-005287	- محرك الداشبورد (Dashboard Engine)	10.6 المقارنة المتقدمة	6187
F-005288	- محرك العروض التقديمية والإنفوجرافيك (Presentation & Infographic Engine)	10.6 المقارنة المتقدمة	6188
F-005289	- مكتبة لوحات المؤشرات	10.6 المقارنة المتقدمة	6189
F-005290	- مقارنة بين ملفات، تقارير، لوحات مؤشرات، عروض	10.6 المقارنة المتقدمة	6190
F-005291	- دعم المحاكاة الكاملة لنماذج خارجية (تقارير، عروض، داشبورد)	10.6 المقارنة المتقدمة	6191
F-005292	- محرك مقارنة الاختلافات للوحات المؤشرات (Diff engine for dashboards)	10.6 المقارنة المتقدمة	6192
F-005293	- تفعيل التحليلات والداشبورد والتقارير والعروض والإنفوجرافيك المدعومة بالذكاء الاصطناعي	10.6 المقارنة المتقدمة	6193
F-005294	- لوحات مؤشرات المراقبة (Observability dashboards)	10.6 المقارنة المتقدمة	6194
F-005295	- تحميل اللوحة في أقل من ثانيتين	10.6 المقارنة المتقدمة	6195
F-005296	- اكتشاف أسلوب الطباعة (Typography detection)	10.6 المقارنة المتقدمة	6196
F-005297	- إنشاء إنفوجرافيك احترافي	10.6 المقارنة المتقدمة	6197
F-005298	- محاكاة القوالب التصميمية الخارجية (PDF, Dashboard, Presentation)	10.6 المقارنة المتقدمة	6198
F-005299	- محركات عرض (Dashboard, Report, Presentation, Infographic, Template Replication)	10.6 المقارنة المتقدمة	6199
F-005300	- محاكاة 50 ألف مستخدم متزامن للداشبورد	10.6 المقارنة المتقدمة	6200
F-005301	- توسيع نطاق WebSocket للداشبورد مع التخزين المؤقت الاحتياطي	10.6 المقارنة المتقدمة	6201
F-005302	- استخراج التسلسل الهرمي للطباعة (Typography hierarchy extraction)	10.6 المقارنة المتقدمة	6202
F-005303	- مقارنة ملفين لاكتشاف الفروقات	10.6 المقارنة المتقدمة	6203
F-005304	- مقارنة أداء الفروع والمناطق بملايين السجلات	10.6 المقارنة المتقدمة	6204
F-005305	- المقارنة المتقدمة بين جميع الخدمات	10.6 المقارنة المتقدمة	6205
F-005306	- إظهار الفروقات بلون واضح	10.6 المقارنة المتقدمة	6206
F-005307	- مقارنة فترة بفترة	10.6 المقارنة المتقدمة	6207
F-005308	- مقارنة بين مجموعات ملفات	10.6 المقارنة المتقدمة	6208
F-005309	- سحب وإفلات لإنشاء مقارنة	10.6 المقارنة المتقدمة	6209
F-005310	- المقارنة بين التقارير	10.6 المقارنة المتقدمة	6210
F-005311	- مقارنة نسختين من مستند واستخراج الفروقات الجوهرية	10.6 المقارنة المتقدمة	6211
F-005312	- مقارنة محتوى	10.6 المقارنة المتقدمة	6212
F-005313	- مقارنة نتائج	10.6 المقارنة المتقدمة	6213
F-005314	- مقارنة بين عروض	10.6 المقارنة المتقدمة	6214
F-005315	- مقارنة أداء	10.6 المقارنة المتقدمة	6215
F-005316	- مقارنة بيانات	10.6 المقارنة المتقدمة	6216
F-005317	- وحدة إدارة الإصدارات والمقارنة	10.6 المقارنة المتقدمة	6217
F-005318	- خدمة إدارة الإصدارات والمقارنة	10.6 المقارنة المتقدمة	6218
F-005319	- محرك المقارنة	10.6 المقارنة المتقدمة	6219
F-005320	- محرك إدارة الإصدارات والمقارنة	10.6 المقارنة المتقدمة	6220
F-005321	- التحقق من الفروقات في لقطات الشاشة	10.6 المقارنة المتقدمة	6221
F-005322	- تحديد عتبة التفاوت (نسبة الاختلاف)	10.6 المقارنة المتقدمة	6222
F-005323	- محرك مقارنة التخطيط	10.6 المقارنة المتقدمة	6223
F-005324	- خوارزمية مقارنة البكسل	10.6 المقارنة المتقدمة	6224
F-005325	- خوارزمية مقارنة الفروقات للعرض	10.6 المقارنة المتقدمة	6225
F-005326	- عتبات التفاوت في مقارنة البكسل	10.6 المقارنة المتقدمة	6226
F-005327	- مقارنة بصرية بكسل-بكسل	10.6 المقارنة المتقدمة	6227
F-005328	- مقارنة أداء بين جهات متعددة	10.6 المقارنة المتقدمة	6228
F-005329	- عدم السماح بأي فرق يتجاوز نسبة محددة	10.6 المقارنة المتقدمة	6229
F-005330	- إلزامية اجتياز اختبار مقارنة البكسل واختبار تشابه التجزئة الهيكلية	10.6 المقارنة المتقدمة	6230
F-005331	- التحقق من صحة مقارنة البكسل (Pixel-diff validation)	10.6 المقارنة المتقدمة	6231
F-005332	- مقارنة خطوات الحساب الوسيطة	10.6 المقارنة المتقدمة	6232
F-005333	- قياس الفرق في بروز العناوين قبل وبعد التعريب	10.6 المقارنة المتقدمة	6233
F-005334	- توضيح الفرق بين الأوضاع المختلفة (مثل Strict و Professional)	10.6 المقارنة المتقدمة	6234
F-005335	- بوابة فرق البكسل (Pixel Difference Gate) بنسبة محددة	10.6 المقارنة المتقدمة	6235
F-005336	- مقارنة ترتيب تقييم الصيغ (formula evaluation)	10.6 المقارنة المتقدمة	6236
F-005337	- مقارنة الانحراف في حسابات الفاصلة العائمة (Floating-point drift)	10.6 المقارنة المتقدمة	6237
F-005338	- كشف الانحراف البصري الطفيف غير المرئي لمقارنة البكسل	10.6 المقارنة المتقدمة	6238
F-005339	- مقارنة بين أي نسختين	10.6 المقارنة المتقدمة	6239
F-005340	- كل عقدة قابلة لتحديد الإصدار والمقارنة	10.6 المقارنة المتقدمة	6240
F-005341	- مقارنة متعددة مجموعات البيانات	10.6 المقارنة المتقدمة	6241
F-005342	- مقارنة متعددة الجلسات	10.6 المقارنة المتقدمة	6242
F-005343	- مقارنة دلالية للمستندات	10.6 المقارنة المتقدمة	6243
F-005344	- محرك كشف الفروقات والانحراف (Diff & Drift Engine)	10.6 المقارنة المتقدمة	6244
F-005345	- مقارنة على مستوى الأقسام	10.6 المقارنة المتقدمة	6245
F-005346	- مقارنة هيكلية	10.6 المقارنة المتقدمة	6246
F-005347	- إنشاء تراكب للفروقات البصرية	10.6 المقارنة المتقدمة	6247
F-005348	- مقارنة فحصين لنفس الجهة	10.6 المقارنة المتقدمة	6248
F-005349	- مقارنة سجلات لعدة سنوات	10.6 المقارنة المتقدمة	6249
F-005350	- مقارنة قبل وبعد التغيير	10.6 المقارنة المتقدمة	6250
F-005351	- مقارنة الامتثال عبر فترات زمنية مختلفة	10.6 المقارنة المتقدمة	6251
F-005352	- عرض المقارنات والاتجاهات على مستوى القطاع	10.6 المقارنة المتقدمة	6252
F-005353	- مقارنة بأهداف محددة	10.6 المقارنة المتقدمة	6253
F-005354	- إظهار التشابهات	10.6 المقارنة المتقدمة	6254
F-005355	- إبراز التغيرات	10.6 المقارنة المتقدمة	6255
F-005356	- كشف التشابه	10.6 المقارنة المتقدمة	6256
F-005357	- Pixel Parity Verification	10.6 المقارنة المتقدمة	6257
F-005358	- Visual regression engine	10.6 المقارنة المتقدمة	6258
F-005359	- دعم Pixel-level parity	10.6 المقارنة المتقدمة	6259
F-005360	- Visual regression detection	10.6 المقارنة المتقدمة	6260
F-005361	- إنشاء نسخة من أي مخرج ومقارنة النسخ واسترجاع السابق	10.7 النسخ والإصدارات	6266
F-005362	- لا إغلاق نهائي: كل شيء قابل لإعادة الفتح والتعديل	10.7 النسخ والإصدارات	6267
F-005363	- كل عقدة قابلة للإصدار والمقارنة	10.7 النسخ والإصدارات	6268
F-005364	- تحسين الأداء حسب نمط التشغيل	10.7 النسخ والإصدارات	6269
F-005365	- تقدير الموارد	10.7 النسخ والإصدارات	6270
F-005366	- تفعيل GPU إذا لزم	10.7 النسخ والإصدارات	6271
F-005367	- إعادة توزيع المعالجة ديناميكياً	10.7 النسخ والإصدارات	6272
F-005368	- تجهيز الموارد مسبقاً	10.7 النسخ والإصدارات	6273
F-005369	- تفعيل caching استباقي	10.7 النسخ والإصدارات	6274
F-005370	- توزيع أحمال استباقي	10.7 النسخ والإصدارات	6275
F-005371	- تحسين الأداء	10.7 النسخ والإصدارات	6276
F-005372	- قرارات تلقائية	10.7 النسخ والإصدارات	6277
F-005373	- اقتراحات جاهزة	10.7 النسخ والإصدارات	6278
F-005374	- أقل تدخل من المستخدم	10.7 النسخ والإصدارات	6279
F-005375	- نظام الإصدارات الكامل	10.7 النسخ والإصدارات	6280
F-005376	- مسار اعتماد رسمي من مسودة إلى مراجعة إلى معتمد إلى منشور	10.7 النسخ والإصدارات	6281
F-005377	- إصدارات متعددة للعرض	10.7 النسخ والإصدارات	6282
F-005378	- وضع تثبيت الأرقام مع نسخة ثابتة محفوظة للاجتماع	10.7 النسخ والإصدارات	6283
F-005379	- سجل تغييرات للبيانات الحساسة مع إصدارات	10.7 النسخ والإصدارات	6284
F-005380	- تاريخ نسخ الصفحة	10.7 النسخ والإصدارات	6285
F-005381	- أرشفة تلقائية مع بحث في الأرشيف	10.7 النسخ والإصدارات	6286
F-005382	- استعادة أي حالة سابقة للبيانات	10.7 النسخ والإصدارات	6287
F-005383	- النسخ والإصدارات	10.7 النسخ والإصدارات	6288
F-005384	يرفع اثني عشر ملفاً شهرياً ويضغط زراً واحداً. يحصل على لوحة مؤشرات وتقرير PDF وعرض PowerPoint وملخص تنفيذي دون كتابة معادلة.	المدير التنفيذي	6300
F-005385	يرفع ملفات متعددة وينشئ سير عمل مرئي ويحفظه ويعيد تشغيله شهرياً بضغطة زر.	محلل البيانات	6306
F-005386	ترفع خمسمئة ملف من إدارات مختلفة. ينتج النظام لوحة مؤشرات وطنية وتقرير رسمي.	الجهة الحكومية	6312
F-005387	يعطي المستخدم صورة لوحة مؤشرات بالإنجليزية. النظام يعيد بناءها مطابقة حرفياً واحد لواحد بالعربية من اليمين لليسار مع بيانات المستخدم.	المطابقة الحرفية	6318
F-005388	يرفع تقرير PDF رسمي ويطلب تحويله إلى عرض تقديمي مع الحفاظ على نفس التصميم والألوان والخطوط.	التحويل الشامل	6324
F-005389	يختار بيانات ويطلب إنفوجرافيك زمني بهوية بصرية مخصصة. يعدل التوزيع والألوان والتأكيد يدوياً عبر المحرر المتقدم.	الإنفوجرافيك الاحترافي	6330
F-005390	يرفع مئتي Excel ومئة PDF وخمسين صورة. يضغط تحليل ذكي ويحصل على تنظيف ودمج وملخص ومؤشرات ولوحة وعرض وتقرير.	الملفات المختلطة	6336
F-005391	النسخة الأساسية	مستويات المنتج	6345
F-005392	- رفع ملفات وعمليات دمج وتحليل ولوحة بسيطة	مستويات المنتج	6347
F-005393	النسخة الاحترافية	مستويات المنتج	6349
F-005394	- ذكاء اصطناعي كامل وتقارير وعروض وإنفوجرافيك ومطابقة ومحاكاة وسير عمل	مستويات المنتج	6351
F-005395	النسخة المؤسسية	مستويات المنتج	6353
F-005396	- صلاحيات متقدمة وواجهات برمجية وربط قواعد بيانات وتسجيل دخول موحد واستضافة داخلية	مستويات المنتج	6355
F-005397	- سوق قوالب للثيمات والتقارير والعروض واللوحات	التوسعات المستقبلية	6361
F-005398	- مكتبة مؤشرات جاهزة لكل قطاع	التوسعات المستقبلية	6362
F-005399	- ذكاء اصطناعي يقترح مؤشرات أداء	التوسعات المستقبلية	6363
F-005400	- تحليل مشاعر من بيانات نصية	التوسعات المستقبلية	6364
F-005401	- ربط مباشر مع أنظمة تخطيط الموارد	التوسعات المستقبلية	6365
F-005402	- واجهة محادثة كاملة لإدارة البيانات	التوسعات المستقبلية	6366
F-005403	- تحويل Excel إلى نظام متابعة دائم	التوسعات المستقبلية	6367
F-005404	- لوحة مراقبة مباشرة تُحدث تلقائياً	التوسعات المستقبلية	6368
F-005405	- تحليل نصوص داخل Excel	التوسعات المستقبلية	6369
F-005406	- بنية وحدوية: كل محرك مستقل ويُطور دون التأثير على البقية	متطلبات القابلية للتوسع	6375
F-005407	- واجهات برمجية لكل عملية	متطلبات القابلية للتوسع	6376
F-005408	- قابلية إضافة وحدات واستبدال مكونات دون إعادة بناء	متطلبات القابلية للتوسع	6377
F-005409	- قابلية توسع تلقائي حسب الحمل	متطلبات القابلية للتوسع	6378
F-005410	- قابلية تطوير تطبيقات جوال أو سطح مكتب بنفس الواجهات	متطلبات القابلية للتوسع	6379
F-005411	نهاية الوثيقة	متطلبات القابلية للتوسع	6381
F-005412	]	متطلبات القابلية للتوسع	6382
