FEATURE_ID	FEATURE_TEXT	FEATURE_HASH	ENGINE	SOURCE_SECTION	SOURCE_LINE
F-000001	**Unified Intelligent Document & Data Platform**	31ff77824839328ab8d77dabdbcac7fea6f5020aaa40339aed8aacc4063188be	Governance Engine	منصة تحليل البيانات والمستندات الذكية	480
F-000002	هيكلة حسب المحركات والخدمات — شاملة لجميع المميزات والوظائف وحالات الاستخدام	f64c1a59d076e97b5910bd36ca4ca681289a13ad2f2c73c9776c05e1e7b68d8f	Governance Engine	منصة تحليل البيانات والمستندات الذكية	484
F-000003	الإصدار: 2.0 | التصنيف: سري | الهيكلة: حسب المحركات	a51dee7155496fb2b4212b75268c435d48006924dc541eaf7cf4c3a80277e554	Governance Engine	منصة تحليل البيانات والمستندات الذكية	486
F-000004	منصة ويب موحدة وشاملة تمثل نظام تشغيل ذكي للمستندات والبيانات. تعتمد بالكامل على الذكاء الاصطناعي وتوفر وضعين دائمين: الوضع السهل بضغطة زر والوضع المتقدم للتحكم الكامل. تقوم على فلسفة السحب والإفلات الشامل في جميع العمليات بلا استثناء.	33b305229a36369e81dd976e8bfc454a94e31d0a55b88194e52e9313033b2431	Governance Engine	الرؤية الاستراتيجية العامة للمنصة	494
F-000005	المنصة ليست مجرد نظام بيانات ولوحات مؤشرات وتقارير، بل هي نظام تشغيل ذكي شامل للمستندات يتضمن:	2c2ddac2211fc5b30f6f0896cb920ce653c6424f7d358ded90becc95d8c63836	Governance Engine	نطاق المنصة الموسع	500
F-000006	- محرك بيانات وملفات شامل يقرأ جميع الأنواع بلا حدود	a5c42cb95bae97d840f81d8b04bb607ffc2df16cf40bb43bfda333836e048a8c	Governance Engine	نطاق المنصة الموسع	502
F-000007	- محرك Excel احترافي بقدرات معالجة فائقة	ed6446532baacd912fc100a56fc05b25974e0983b95545c7e1321d558a73b25a	Governance Engine	نطاق المنصة الموسع	503
F-000008	- محرك لوحات مؤشرات تفاعلية بمستوى احترافي	f86fc333b42d49eb87e03779d46ac9fce97f3966f50f7217f779c2850636d8da	Governance Engine	نطاق المنصة الموسع	504
F-000009	- محرك تقارير احترافية دورية	75881e609496009138ab74ee688f93ffda075e676ae0440473f8465109e81689	Governance Engine	نطاق المنصة الموسع	505
F-000010	- محرك عروض تقديمية وإنفوجرافيك يتجاوز مستوى Gamma	ef5d052da1b53c82ccea6c347840f9bb8a0e1443ecc23b4d88484a02868342d2	Governance Engine	نطاق المنصة الموسع	506
F-000011	- محرك مطابقة حرفية هندسية دقيقة واحد لواحد	43b7e5c79c6e26c4dbace19db4f061c5acde6123d608a678e3c2a50775e3c525	Governance Engine	نطاق المنصة الموسع	507
F-000012	- محرك تعريب احترافي متقدم يتجاوز مجرد عكس الاتجاه	67f86d27650f95213f48116efcc74aa9fb80983d63e9c7fa99394adc74e222fe	Governance Engine	نطاق المنصة الموسع	508
F-000013	- محرك تحويل شامل بين جميع الصيغ	952ef4892718abd3c4d34f0096567a86fc7a945d73a0ee15909814746cca93ec	Governance Engine	نطاق المنصة الموسع	509
F-000014	- محرك ذكاء اصطناعي واستجواب حر	e296daa7bef8051188804973e8c1f02e2150082cca794256c86e97384b23e98d	Governance Engine	نطاق المنصة الموسع	510
F-000015	- نظام حوكمة وصلاحيات وعمل جماعي	977c95d2cd45622866bc87553ac8af378a966a2c477c51f1973809e6c04697ff	Governance Engine	نطاق المنصة الموسع	511
F-000016	- وضعان دائمان في كل ميزة: سهل بضغطة زر ومتقدم للتحكم الكامل	62377a74e2dc8592c5063e2527793e7be4aa7f62e9a41011539c7e88baa7945f	Governance Engine	المبادئ الثابتة في جميع المحركات	517
F-000017	- سحب وإفلات شامل في كل عملية	1d5ce64e36124ea2d324a5b2952baf51996125e233825b65eaeec42a001e38a3	Governance Engine	المبادئ الثابتة في جميع المحركات	518
F-000018	- ذكاء اصطناعي مفعل في كل مكان يساعد ولا يتحكم	a85f4ad6130703eee7861d13d163129465f57fba33306913b244ada6c3ace733	Governance Engine	المبادئ الثابتة في جميع المحركات	519
F-000019	- لا إغلاق نهائي لأي مخرجات: كل شيء قابل للتعديل دائماً	d827686f4ce4f14046fc3a46658839dfd4fe6d263dfb19fb8aa715ed4001d5ab	Governance Engine	المبادئ الثابتة في جميع المحركات	520
F-000020	- لا حدود لحجم البيانات أو عدد الملفات أو الصفوف	32debbf52fbcf73c66141fef4763510f84a709e669187d4bf9c9d31e84e9ff5e	Governance Engine	المبادئ الثابتة في جميع المحركات	521
F-000021	- تكامل كامل بين جميع المحركات	a62ad00af219200458d2af783284c28e9ea1f0e0954fe56e2ea65001851c5dd8	Governance Engine	المبادئ الثابتة في جميع المحركات	522
F-000022	- واجهة رسومية فاخرة وعصرية	32f261cfe42712fcf94140c065a535c573d27e794e590d278beb53da3122fe8b	Governance Engine	المبادئ الثابتة في جميع المحركات	523
F-000023	- قابلية توسع غير محدودة وبنية وحدوية	9fdc662329cf3cda5e06b61b8fa727b861080d02294b84033fbd79eeb06303c2	Governance Engine	المبادئ الثابتة في جميع المحركات	524
F-000024	- مدراء الإدارات والمدراء التنفيذيون	9b5890d279e33b847a75516f8842841c96ad56baea2dd96ce99b79e94097f967	Governance Engine	المستخدمون المستهدفون	530
F-000025	- محللو البيانات والمتخصصون	2303d4b27d1a7cc9ad30f21025ccacfb4cdd559b2cc3f286d3854687d74965c1	Governance Engine	المستخدمون المستهدفون	531
F-000026	- الجهات الحكومية والرسمية	1ed0dbd60bfda60f88a4a548304cd950a33270604c51fed7d020a3100b77fe7d	Governance Engine	المستخدمون المستهدفون	532
F-000027	- الشركات المتوسطة والكبيرة	d3b8b2d0f1f27f400dadecc9a96e2afc6ed77253deea09bf2d40e8c21c087b4d	Governance Engine	المستخدمون المستهدفون	533
F-000028	- فرق التقارير التشغيلية والمالية	76ad8bdab3dfa4938f927026ab3fad7839e2b259a080eee3251042f89cc0ff7d	Governance Engine	المستخدمون المستهدفون	534
F-000029	- أي مستخدم يتعامل مع بيانات دون خبرة تقنية	301a5e26c41f3ee9dfe34e1973673db012f5dfba950d55b92090715f684fd0b1	Governance Engine	المستخدمون المستهدفون	535
F-000030	ملفات البيانات	eba23e577c146685851b4a94f0c4c2cca8104c0ff3528d459ad2b5c32f181d09	Data Engine	1.1 المصادر المدعومة	544
F-000031	- ملفات Excel بجميع الإصدارات والأحجام بلا حد أقصى	d53a7e04cf47f1edee790680cb99fc209beb921f777f26919ffe61b8b9c9705b	Data Engine	1.1 المصادر المدعومة	546
F-000032	- ملفات CSV بجميع الترميزات	4e2f94ae4161d2310b0bc8d6b530fc9399ded627716728e55a110c91947dae6a	Data Engine	1.1 المصادر المدعومة	547
F-000033	- ملفات TXT النصية	b4d13ddaa9b530db45a53c0043d8d2da7e8c98f1587e477ac81cacf442d4f007	Data Engine	1.1 المصادر المدعومة	548
F-000034	- ملفات JSON	c32b8cfe167e559900b826b0cb45de663f7eed02601c929b025e2c8ad44c5bc0	Data Engine	1.1 المصادر المدعومة	549
F-000035	- Google Sheets عبر الربط المباشر	0a8fda9ad054ccf2a5b0e49b663131fc91c7ddf034f234e9430756cd6d4bdab1	Data Engine	1.1 المصادر المدعومة	550
F-000036	- قواعد بيانات مباشرة	266cbfd4a2b7cf74909709d4370bf2d12572ab34330c34d9f33ac4f895c81d48	Data Engine	1.1 المصادر المدعومة	551
F-000037	- ملفات مضغوطة تحتوي على ملفات متعددة	e4de960777f55cf3af0632556ef44f4fc03ef7d45ca822f5f6962b668c9e3d3d	Data Engine	1.1 المصادر المدعومة	552
F-000038	- مجلدات كاملة يتم رفعها دفعة واحدة	58233abd859238b74ac16f74b512077a1edf54b45ca7f37db4b25e26f4ca53cf	Data Engine	1.1 المصادر المدعومة	553
F-000039	ملفات المستندات	c75938ca5318c94c0f9feb3649e11543068ba0338bb904d6939812a19c5d061c	Data Engine	1.1 المصادر المدعومة	555
F-000040	- ملفات Word بجميع الإصدارات	368a48706107ce0c3b42f2b86081176cb2828a5d868e0bbfd4fcdc181b9453ab	Data Engine	1.1 المصادر المدعومة	557
F-000041	- ملفات PDF المنسقة والممسوحة ضوئياً	82c44b21ab17230e12be849784b6dab68415451e6752683f24d6eac0456617bf	Data Engine	1.1 المصادر المدعومة	558
F-000042	- نصوص خام بجميع الصيغ	0074753b4cc0a2d897ab650c8621d025895f106eeeda16c39ec16cb9425d272f	Data Engine	1.1 المصادر المدعومة	559
F-000043	- تقارير رسمية بأي تنسيق	82a53dcdfffe2029ae2b8d24e99519f165d53184909eb2cefc833725072b6905	Data Engine	1.1 المصادر المدعومة	560
F-000044	- عروض تقديمية PowerPoint و Google Slides	16a8f869fa5b287c602024165a51feeb9d2901b35a68322ef09cd9f87e2d6ba3	Data Engine	1.1 المصادر المدعومة	561
F-000045	الصور والوسائط	84d2e53436eaee1daae5f61f567267ae9ea6feb5f60140229bd28ab8174f91d0	Data Engine	1.1 المصادر المدعومة	563
F-000046	- صور تقارير ومستندات وجداول	e8c8ba755b69abdb01e2e6b30ab0f5317b95df3fc7640bb129c344547e4365b5	Data Engine	1.1 المصادر المدعومة	565
F-000047	- صور إيصالات وفواتير	9e844361d5518769eff90dae21faba2c37e76ba418b8c9059bdc88129f208602	Data Engine	1.1 المصادر المدعومة	566
F-000048	- صور بيانات مطبوعة أو مكتوبة بخط اليد	ff653c230a065b085ddd999c6ab03474b3fcb4539c9c8fc453caaa3e82fd548b	Data Engine	1.1 المصادر المدعومة	567
F-000049	- قراءة النصوص والأرقام والجداول داخل الصور عبر التعرف البصري	1509b67c9311a75522f4ac903606e508232fcaa8d771b6c1b5033aacb6a952f4	Data Engine	1.1 المصادر المدعومة	568
F-000050	- تحويل الجداول المصورة إلى جداول رقمية قابلة للتحليل	b20520a76abb1acea53467f65fc7d37b92d7b55c742771edade7f69de74828ba	Data Engine	1.1 المصادر المدعومة	569
F-000051	- مقاطع فيديو يوتيوب كمصدر للمحتوى	e3b57de861ee984083213c28b440df44dbf19e753019316c4446a1c9d271ca4c	Data Engine	1.1 المصادر المدعومة	570
F-000052	مصادر مباشرة	30d21b51191f393b7712d8a22415925b1a2b781fd1885bb140269b2c2c14d10d	Data Engine	1.1 المصادر المدعومة	572
F-000053	- روابط مواقع إلكترونية ومحتوى صفحات ويب	85c85eb34282112aad8d8d57e9677154487bb3e145403e33ac820f684d39f57e	Data Engine	1.1 المصادر المدعومة	574
F-000054	- بريد إلكتروني	ff105bd8853782b597345c0038f1ace893a25cc7e217c83fb1eeddda5904c0e8	Data Engine	1.1 المصادر المدعومة	575
F-000055	- أنظمة تخطيط الموارد	92d4e7af540c0f820a88cd638b2c293c31f57c3caf092d683ede4b405663be26	Data Engine	1.1 المصادر المدعومة	576
F-000056	- واجهات برمجية خارجية	270cee187313f8d6100fd066e2ab556d89a4d413d64f39ccc720efe14bf071e3	Data Engine	1.1 المصادر المدعومة	577
F-000057	- استيراد البيانات خصوصًا Excel	193a00bf995783d4605689d87955e41a58fb47c0c495d569d4b43f029432d2bf	Data Engine	1.1 المصادر المدعومة	578
F-000058	- دمج مع Gmail وNotion وGoogle Drive عبر الموصلات	3f34841f550aa5501cc699edaad362998577ef0e56563cc94c3eca63b8d1a84b	Data Engine	1.1 المصادر المدعومة	579
F-000059	- دمج مع Browser Operator لجمع بيانات المنافسين	8d60b4fb915ac4de106a41fddb894453cc70e8f4ba550c7797cb17609b3e8850	Data Engine	1.1 المصادر المدعومة	580
F-000060	- استيراد التصاميم من Canva	41b2c3ad9040b1afae3052f39f30b43dd107994ad7cbb1cc178e3d19297343d2	Data Engine	1.1 المصادر المدعومة	581
F-000061	- سحب وإفلات ملفات متعددة Excel دفعة واحدة	42122b1855e58a0bd2e990b9d494b74c2b1a85d35c8aa383052904453f353ac4	Data Engine	1.1 المصادر المدعومة	582
F-000062	- رفع 10 ملفات شهرية ودمجها تلقائيًا	c2e550d533b1d988e3b8026cd852c3a6cf7c85d72cc8225b20222db019890e42	Data Engine	1.1 المصادر المدعومة	583
F-000063	- استخراج جدول موحد من ملفات متعددة	20c085220d0ee39e7c460731c79017b6bddad647848906b101674ff13f1c9328	Data Engine	1.1 المصادر المدعومة	584
F-000064	- رفع مجلد كامل وليس فقط ملفات منفردة	b07bedb4ddc6f193254e794cb5b3ce4f983095a87da051edce5b947fc82b9ce6	Data Engine	1.1 المصادر المدعومة	585
F-000065	- قراءة جميع الشيتات تلقائيًا مع عرض خريطة محتوى	f01696d60dbe188a7ec69c606d9ffa5ed2d0e4559c1a7e3ebfe1ffd9e349896e	Data Engine	1.1 المصادر المدعومة	586
F-000066	- يسحب 50 ملف Excel	cd2cbfa8cf62e480c4b0b53c73b88cb1279e386317179151260d87e89fe12b82	Data Engine	1.1 المصادر المدعومة	587
F-000067	- رفع 500 ملف Excel مختلفة المحتوى بضغطة زر واحدة	8f3726c24240111e7b7e951bb9542df7a640162659b0b3f15e6a76f6c05f9527	Data Engine	1.1 المصادر المدعومة	588
F-000068	- رفع ملفات متعددة	c59cf592d8c9102c1cfee6d52896457f040957eca05cedf65cadf12c8e1aa497	Data Engine	1.1 المصادر المدعومة	589
F-000069	- دعم جميع أنواع الملفات (Excel, CSV, TXT, Word, PDF, Images, APIs, DBs)	2bc2a852186c678e46abd30b36904a337563d447d179f03ebd7898a11b08a3a3	Data Engine	1.1 المصادر المدعومة	590
F-000070	- قراءة ملفات متعددة الأنواع معًا	ba354dc5d8fafb597590ee0b1c8a920921dc9f807c8b2d5d8f059f89d2c3077e	Data Engine	1.1 المصادر المدعومة	591
F-000071	- سحب ملف لإرفاقه في مراسلة أو تقرير أو صفحة أو مهمة	8be6f8f32fe784bce3666fa3b41a02a7c2a2b316921755324ac13711f7c1c46c	Data Engine	1.1 المصادر المدعومة	592
F-000072	- سحب ملفات إلى مجلد ذكي لإنشاء قاعدة تصنيف	6edefde5f0ff8542fdd0ae2a32117063de96ae37b4d4a088543bf5d61a0e488b	Data Engine	1.1 المصادر المدعومة	593
F-000073	- سحب قالب وإفلاته لإنشاء تقرير أو مراسلة أو لوحة جديدة	b8f425e617d2e9afe4454535c2562c82f16f3cd657cb9bbfe3cbc44e6aafdc98	Data Engine	1.1 المصادر المدعومة	594
F-000074	- سحب حقل إلى فلتر أو محور تجميع داخل تقرير أو لوحة	1cc56d27313b15a925aa72ad21cc3f045c1e5590c0d66cb964b7a6f16e56d7a7	Data Engine	1.1 المصادر المدعومة	595
F-000075	- سحب صفحة داخل شجرة الصفحات لتغيير التسلسل	d9fddd6f6071e81bc2cbe3b26ebc9a35dca517890bb3bacacefdd8c1b824cc65	Data Engine	1.1 المصادر المدعومة	596
F-000076	- سحب Feature Flag على مجموعة مستخدمين أو أدوار لاستهدافهم	971295760fe10c006eaadf10127218cdca4341def9696fad9b2cf06fe6dd4639	Data Engine	1.1 المصادر المدعومة	597
F-000077	- سحب مزود SMS أو Email إلى Notification Channel Stack لتفعيلها	a7d197e2a54ab94d7617d1e0944362809c3dbc2ce7440b089f2c4ce133790017	Data Engine	1.1 المصادر المدعومة	598
F-000078	- سحب لون أو Token وإفلاته على مكوّن لتطبيقه	93bce232e98af4c562809c43f1a9b461e6a0a05d512073bb28e97e5ac793ed09	Data Engine	1.1 المصادر المدعومة	599
F-000079	- سحب Theme وإفلاته على وحدة لتفعيل ثيم خاص بها	fbe672195635ebac45c84535580a569e01df3924a6fb218014c4b2cd6a9521c0	Data Engine	1.1 المصادر المدعومة	600
F-000080	- سحب Permission Chip على دور لإضافته	f2acebfe7a047741d4ba74f30264c0b65b3344dd30529cbedc0eb9cc19f28d60	Data Engine	1.1 المصادر المدعومة	601
F-000081	- سحب مستخدم إلى قسم لتفعيل سياسات رؤية بيانات القسم	0eda82964fd03bb8e8aefa69737d1f122b28bc870d0c5265d1b4e4cd6e1b8418	Data Engine	1.1 المصادر المدعومة	602
F-000082	- سحب مراسلة على Workflow Template لتطبيق مسار اعتماد	6b1d9fb82c54b10b351942936ec4395e9b23b048b52984d59797e658ac8ae35d	Data Engine	1.1 المصادر المدعومة	603
F-000083	- سحب مراسلة على Schedule Slot لجدولة الإرسال	3eb42a1e0111b11891d799aba3aa9be71a225b0cb52fc801c9d7cfc2019ba785	Data Engine	1.1 المصادر المدعومة	604
F-000084	- سحب تصعيد على فريق لتغيير المالك مع تحقق صلاحيات	b4f080c4a1d29c7a673a891860c58e066eaa099b39ea61595f0991bc026dd177	Data Engine	1.1 المصادر المدعومة	605
F-000085	- رفع ملفات Excel شهرية مع فهرسة تلقائية	3244b3030248fb8fb12ce454014a8b6cb4e040a192fab8138023764c4470809e	Data Engine	1.1 المصادر المدعومة	606
F-000086	- دعم Data Connectors لإنشاء SheetForge مكتمل	443a73df3c16e209c2445959c7310178d7f70c2408766f9898b13d274bdb41a7	Data Engine	1.1 المصادر المدعومة	607
F-000087	- عدم تخزين بيانات Excel ثنائية في قاعدة البيانات	d6b8ac3013ad7559d057830ddce57c11ad1faf2cfa5f1e78aefc3780bdabab5f	Data Engine	1.1 المصادر المدعومة	608
F-000088	- دعم رفع ملفات Excel مع فهرسة تلقائية لبناء قواعد بيانات موحدة	54c6ff4de8dd35bd641cede6c515fd219b1e14e6729f2ac79bd31e31cf4fad86	Data Engine	1.1 المصادر المدعومة	609
F-000089	- قراءة أي ملف	ae564af0a87d0ac3300b32909c7f8bb07f0d949cb9655d05787157ccdbe2ed7a	Data Engine	1.1 المصادر المدعومة	610
F-000090	- دعم ملفات PDF منسقة وممسوحة ضوئياً	9a63e0d4b3421c28bed120b1763bb6afd8b36c41960b71812066f0814f820785	Data Engine	1.1 المصادر المدعومة	611
F-000091	- دعم ملفات مضغوطة متعددة	2d74f9d26d6289dc2517c26758c5bd658db165da00b921df2c341e3756450cfe	Data Engine	1.1 المصادر المدعومة	612
F-000092	- دعم مجلدات كاملة	b2dcaf5c4f784b808a59d4e652fffcacf62563d670184b51bd138e39fab14116	Data Engine	1.1 المصادر المدعومة	613
F-000093	- دعم روابط مباشرة	e6f2d48441fa52d3cf684d833a1f4b71f4a46b9dc3bdeaecf6f97ef262413d48	Data Engine	1.1 المصادر المدعومة	614
F-000094	- استيراد العروض من PowerPoint	868bab596406a462c94463d846f6c3bd4ff07c68662c1763839a271b6ebde35c	Data Engine	1.1 المصادر المدعومة	615
F-000095	- استيراد العروض من Google Slides	c2e2935218107ae262a0c00a15a52dec242d4f24b64ec2ca813a7f6d7d2cba35	Data Engine	1.1 المصادر المدعومة	616
F-000096	- استخراج بيانات من صور ومستندات ممسوحة	a5f3e8079e94e037e631d640f379001372ba6dd43d3235d49101fea67463b0bd	Data Engine	1.1 المصادر المدعومة	617
F-000097	- استخراج بيانات من صور وفواتير ومستندات ممسوحة	7abbd97e525092262325745dd1aed4885a0f31423fe2001e15c18f9306a9dde8	Data Engine	1.1 المصادر المدعومة	618
F-000098	- تصدير PDF / صورة	2dbc9225c09a8cb3cc9ab6ce8466fd6639e9dbe11049168be1f7bde05aa550cb	Data Engine	1.1 المصادر المدعومة	619
F-000099	- يحدد نوع الملف (مالي، موارد بشرية، مبيعات…)	5fe5172a3929912816521ddd241db7eb5bd6f278c69eedce2e4642e7b954648e	Data Engine	1.1 المصادر المدعومة	620
F-000100	- التعرف على نوع كل ملف (مبيعات، موارد بشرية، مشاريع، مالية…)	c5502fe9ec5fa29e64f2d6a431d63e0ae7313adfb92e8501abdb4eedde0abd97	Data Engine	1.1 المصادر المدعومة	621
F-000101	- دعم تعدد العملاء (Multi-tenant) من البداية	3fd5b269de0fa03894f5180d4d4081871e83a6735a93a45b048ffaa1431cf0d9	Data Engine	1.1 المصادر المدعومة	622
F-000102	- جميع الكتابات تتم عبر K3.	b4f1f3445ea9d4a62a9fd505ecb0a53b2f0e73587fe071a40b14586e64b049ce	Data Engine	1.1 المصادر المدعومة	623
F-000103	- استيراد ملفات اكسل بجميع أنواعها القديمة والحديثة	818c38eff7538217b12bf041777a1f7d15bd309cf4a574aae2bc06f49213be7d	Data Engine	1.1 المصادر المدعومة	624
F-000104	- استيراد ملفات القيم المفصولة بفواصل وملفات النصوص المنظمة	c6ae070e26ab3d07721fd2b4658b333618b34210d5e9caa1351b64d3c153ec47	Data Engine	1.1 المصادر المدعومة	625
F-000105	- استيراد ملفات المستندات المحمولة واستخلاص البيانات منها	44efc37ff88294a1ac231cc55818e88a475668cce3a7917deaf9214710a291c9	Data Engine	1.1 المصادر المدعومة	626
F-000106	- استيراد ملفات وورد واستخلاص الجداول والنصوص منها	505fe4788437581c5fe76c333eb29093adf5b71066088b011d60028751c55c78	Data Engine	1.1 المصادر المدعومة	627
F-000107	- استيراد الصور واستخلاص البيانات منها باستخدام التعرف البصري على النصوص	8f781ba0b723295f671ec8c3dd3fd9a2b4e62c6aa3b0c47279ce31a994a5d326	Data Engine	1.1 المصادر المدعومة	628
F-000108	- استيراد البيانات من قواعد البيانات مباشرة	690f2e41bb9c9d2e4b8e955894f78042e3e9a60db2c6a381acca89c29f749cd1	Data Engine	1.1 المصادر المدعومة	629
F-000109	- استيراد البيانات من واجهات ربط خارجية	c97a146d31c995aa9fce6b1fc73a7f4a7caf99f410fe791a0b128d5db9c7cb10	Data Engine	1.1 المصادر المدعومة	630
F-000110	- استيراد البيانات من صفحات الانترنت عبر الاستخلاص التلقائي	0b04ec7e0083cff589c8e49bed811c92a1611b8fcd71b3bd3b0fb8b7050c8fcf	Data Engine	1.1 المصادر المدعومة	631
F-000111	- استيراد ملفات العروض التقديمية واستخلاص المحتوى منها	20e82b8c124955987e88a020c8c29be5ee95785d9eabfc0287744d6ad2cbf2a7	Data Engine	1.1 المصادر المدعومة	632
F-000112	- دعم استيراد ملفات ضخمة تتجاوز ملايين الصفوف	ad7978958185e9961bcd2c922fdd2ac4aecc924a5d42381a5780e26e3caebc56	Data Engine	1.1 المصادر المدعومة	633
F-000113	- رفع وتجميع ملفات اكسل مع تنظيم بمشاريع ومجلدات ووسوم	11e469ae683a6a2ec5fb512b68a350d64839e0b3340556f1fb676ae0891b6bb2	Data Engine	1.1 المصادر المدعومة	634
F-000114	- فهرسة تلقائية للأوراق والجداول والنطاقات والأعمدة والأنواع والقيم المرجعية	a6e429303fc6c44ae0f0c91e73c2cb09cb30995b340a394ff13d574b9af6fe0e	Data Engine	1.1 المصادر المدعومة	635
F-000115	- دمج بيانات متعددة المصادر في تقرير واحد	16863ad15da31a4fcea7f078e53cf63853e6d8cc84bffad457800eb923c6e9f5	Data Engine	1.1 المصادر المدعومة	636
F-000116	- ربط التقرير بمصدر بيانات حي يتحدث تلقائيا	41500edca32499b6e030f4de749753165b51861f2ffe2c15e5107441b5c0a8b1	Data Engine	1.1 المصادر المدعومة	637
F-000117	- تعريف الأبعاد والحقائق والعلاقات بين البيانات	2a826fa04f25457bd2cfc064be369fac78892cbc67c7b18e51a19e33b6b98cdc	Data Engine	1.1 المصادر المدعومة	638
F-000118	- ذكاء زمني جاهز للتحليل	ce70f0a1afc0f01208841eeb8ffe51759ab5aef5c5f74d814125d65815802593	Data Engine	1.1 المصادر المدعومة	639
F-000119	- سجل مؤشرات الأداء يشمل التعريف والمعادلة والمالك والنطاق والأهداف والحساسية وتاريخ التغير	c3f15377b4e12f8d5c3aa671830065a06d91fd6a58708421e062d3c89c236b50	Data Engine	1.1 المصادر المدعومة	640
F-000120	- إصدارات لتعريفات مؤشرات الأداء	99e2cca09b4376ebaf58f62d2e23bea23932539be8cd67368a5e2a21e269f433	Data Engine	1.1 المصادر المدعومة	641
F-000121	- سير موافقات لتعديل تعريفات المؤشرات	956aa6c0152a8796457515bffb1f423eb6564a64b858f4de8274e468bb23bec0	Data Engine	1.1 المصادر المدعومة	642
F-000122	- تصنيف حساسية المؤشر	563567f4723bea994bc61a6ea741b3768258a14ba33c681e2b6bde42145fcccd	Data Engine	1.1 المصادر المدعومة	643
F-000123	- معاينة تأثير التغيير على المؤشر قبل التطبيق	f44a08505dcd020b42832195b47ba090dc50f75a9759a263e75f8f6f05b74729	Data Engine	1.1 المصادر المدعومة	644
F-000124	- ملكية ومسؤولية واضحة لكل مؤشر	c4557d928eaeaeeabb6700b133cd2551e04249f7d1594b98c8ec5eef227fb291	Data Engine	1.1 المصادر المدعومة	645
F-000125	- حقول محسوبة مع دوال وشروط	a150103d9f001c03733865fde323686d31d637fa004f02a9ec65c9aea11f13d4	Data Engine	1.1 المصادر المدعومة	646
F-000126	- ربط مصادر متعددة بدون تعقيد	7c8daf606a7b26b751940fc78eeae8a7306bf00fac3a9018f2eb7034e3de937e	Data Engine	1.1 المصادر المدعومة	647
F-000127	- سجل دلالي موحد للمؤشرات يتضمن تعريفات وقواعد تجميع ومستويات هرمية ونمذجة أبعاد	323302897f271e5591d349899cad8dcfd3dc278aa2bdaac1b79c52048266de69	Data Engine	1.1 المصادر المدعومة	648
F-000128	- تعريف مجموعات البيانات والمقاييس والأبعاد والحسابات والربط بين المصادر	fce6d63835d0ecf618f9957d14849fd6875a236c7090b9b331c6a938fc76e8a4	Data Engine	1.1 المصادر المدعومة	649
F-000129	- فلاتر معيارية قابلة للحفظ	b4e074a3a10270cf8bdad1db52a4aff618929153a6237d1eed74e1ee6a29127b	Data Engine	1.1 المصادر المدعومة	650
F-000130	- استيراد ملفات بصيغ مختلفة	f8882fc8be603f1fde68c8e44496b1487c586606b9a840b9933cc50c3ccb47e8	Data Engine	1.1 المصادر المدعومة	651
F-000131	- ربط بواجهات ربط خارجية مع مفاتيح وقيود	5cefd428060cd64852b7601e6b3425059fa20e8891984928535cba8acac402a0	Data Engine	1.1 المصادر المدعومة	652
F-000132	- تحويل البيانات وربط حقول المصدر بحقول المنصة	110776ab13ac67911699101541c23022b7d9d958dc9846be80ba2558d1b9d581	Data Engine	1.1 المصادر المدعومة	653
F-000133	- مزامنة دورية تلقائية كل ساعة أو يوم أو أسبوع	c174552f026f63ce06ebe8a7803db6d3c31d4e7bcf41ba59947f6988d6771f30	Data Engine	1.1 المصادر المدعومة	654
F-000134	- سجل المزامنة يشمل النجاح والفشل وتفاصيل الأخطاء وإعادة التشغيل	2deaf6d31477d271e95f626bbf5c9ad96fb57f5e3915f7791a770377af8a4e2c	Data Engine	1.1 المصادر المدعومة	655
F-000135	- دليل الجهات يشمل الوزارات والهيئات والشركات مع جهات الاتصال	a739e1b83083c315332d01f90eed5bd2ed00d7899d26d1c89a5ecc80d7b0647d	Data Engine	1.1 المصادر المدعومة	656
F-000136	- إدخال متعدد يشمل النص والصوت والصور والملفات	6003e2b5f4fcba6da8ff1f04dce0d98ae69487c6dcd97a83fc77edaa9fed1543	Data Engine	1.1 المصادر المدعومة	657
F-000137	- تحليل ملفات اكسل تلقائيا مع رسوم بيانية	c5eeeee494e900fff34b5a03de1c241471aed7a5deb68efd8a797d1ece209e27	Data Engine	1.1 المصادر المدعومة	658
F-000138	- دعم قنوات إضافية مثل واتساب	67a7cca9a73299084ce3787a7a172a68a698e5e83654e013153c0d81656892dc	Data Engine	1.1 المصادر المدعومة	659
F-000139	- رفع ملفات متعددة بالسحب والإفلات	733c72c7bd70ba591309f1fc1c329a28b1b020d538a8caa7979db2fa2c27c7cf	Data Engine	1.1 المصادر المدعومة	660
F-000140	- معاينة الملفات بدون تحميل	c99177b37250b41a56b753c8d568e5b51c0247660a0b0bf5a06ab2c5dbe9c204	Data Engine	1.1 المصادر المدعومة	661
F-000141	- بحث بالاسم والنوع والتاريخ والمحتوى	d247ceafcedc9891644a9411f3011db935407a441619e84090b9b54512efca62	Data Engine	1.1 المصادر المدعومة	662
F-000142	- فهرسة الملفات تلقائيا للبحث الذكي مع مراعاة الصلاحيات	49a16ee9f0ff083a8629f457978642b02ffa3d994c53f704de84a55b21dcc00c	Data Engine	1.1 المصادر المدعومة	663
F-000143	- رفع وتحميل الملفات	ab68d718e1e34bae1f6251277e978ad05e850945a050e32dbf2069aae4d30850	Data Engine	1.1 المصادر المدعومة	664
F-000144	- تخزين سحابي أو محلي	75c6a19f16d8c03cdc75ad03dc35525c17ad55e76100c81f0c499b5eec03f6f1	Data Engine	1.1 المصادر المدعومة	665
F-000145	- بحث نصي في كل محتوى المساعدة	b858450a277a942af6c7fb59e343875511ea5b1a937861c46b1569e5df8f12c3	Data Engine	1.1 المصادر المدعومة	666
F-000146	- تحويل مواقع ويب إلى عروض شرائح	ee2e11e2e6c92308e5e9a0691b33a5b66262aa8b245a9ccb3577dd894297a750	Data Engine	1.1 المصادر المدعومة	667
F-000147	- تحويل ملفات المستند المحمول إلى عروض شرائح قابلة للتحرير	4c802a1c4ce031c8238170b3a3c5986abe0ac9b043ebff5d40529567760ceaf1	Data Engine	1.1 المصادر المدعومة	668
F-000148	- تحويل ملفات وورد إلى عروض تقديمية ملخصة	58d6111ec8ce42e85538c02677a1b5f66f525b4cf778eaa6852b80f964480899	Data Engine	1.1 المصادر المدعومة	669
F-000149	- تحويل ملفات اكسل إلى لوحات مؤشرات تفاعلية	fd4fde37b8d3ea0526252bda03e542ada2c5b778f8e7f854c1cbbf163c9c910a	Data Engine	1.1 المصادر المدعومة	670
F-000150	- تحويل ملفات المستند المحمول إلى ملفات وورد مطابقة	0985be90c61e164e42e7dc027ef71adb8cca9f37bd3ed9fe62263b08ea8ae594	Data Engine	1.1 المصادر المدعومة	671
F-000151	- تحويل ملفات وورد إلى PDF مطابق	38bd1ac2219b326492c8319340139b5922234fb973de8a621d513dff4f785eec	Data Engine	1.1 المصادر المدعومة	672
F-000152	- تحويل PDF إلى Word مطابق	6768eb7b91e6184533f57918b89ea6b5409e3d6ea1512e11c55660daa4586145	Data Engine	1.1 المصادر المدعومة	673
F-000153	- تحويل ملفات وورد إلى عروض تقديمية	c53a870e46b5f72a2a854747eaabca0b032a8f6797d87943e15e0074e91cf252	Data Engine	1.1 المصادر المدعومة	674
F-000154	- تحويل العرض التقديمي إلى مستند محمول	cc5ba83b0a2b95d5acb616df9904023332852c9c30481409b17974c66844661b	Data Engine	1.1 المصادر المدعومة	675
F-000155	- تحويل ملفات اكسل إلى مستند محمول مع الحفاظ على التنسيق	8230be6f838d06477d505f076b0b750562541de7d6b887a97ba21d4b8e832bb4	Data Engine	1.1 المصادر المدعومة	676
F-000156	- تحويل المستند المحمول إلى اكسل مع استخلاص البيانات	cb3dde7bed2082773bf95150dfdf718bcb69b51ead78edbf44f12711d8e01419	Data Engine	1.1 المصادر المدعومة	677
F-000157	- تحويل الصور إلى بيانات منظمة	ae58ec8f44939ebe6c4e8e56f7f874b7b4c7496b17f2bf7fb77a800bcdbd4a36	Data Engine	1.1 المصادر المدعومة	678
F-000158	- تحويل بين جميع صيغ الجداول والنصوص	6a643982cf65804483e29e133a5e0fc22d61cfd3b6a7b45d1df399d08d606224	Data Engine	1.1 المصادر المدعومة	679
F-000159	- دعم التحويل الدفعي لملفات متعددة في وقت واحد	ac89b381872cff6ae87b5dca590031ac161a4ce42e5ac0363d0496209fdcd3ac	Data Engine	1.1 المصادر المدعومة	680
F-000160	- تحويل عروض شرائح إلى فيديو	e8db8f9ef67f7e87dfd234ee8d34b013bd9c82ef7bcbf363a4701c6c94566c26	Data Engine	1.1 المصادر المدعومة	681
F-000161	- تحويل عروض إلى صفحات ويب تفاعلية	67a27cf43f8ecc4d992f7a4ebd435d3bb65325c0b3f783863880e2c5c4a40579	Data Engine	1.1 المصادر المدعومة	682
F-000162	- تحويل مستندات إلى تقارير رسمية منسقة	edf4bfc9e3562f8630b64c92d827c0ef0fcb8588e729a3eef26a5f65f82d0f02	Data Engine	1.1 المصادر المدعومة	683
F-000163	- تحويل صور إلى مستندات قابلة للتحرير	bf6bee8c8a6a762b22095aae13bd80e9d32edaae257cab0666be85cf200ad432	Data Engine	1.1 المصادر المدعومة	684
F-000164	- تحويل مستندات ممسوحة ضوئيا إلى نسخ نصية منظمة	acc66148a860614405cea11afe0f1237de7490acd709898f4df96ea42ae1fcb6	Data Engine	1.1 المصادر المدعومة	685
F-000165	- تحويل عروض عربية إلى إنجليزية والعكس مع الحفاظ على التصميم	1858ca7a8d1fa372c2cee33794d061fec86ecff8f3a3350754156b722a1508da	Data Engine	1.1 المصادر المدعومة	686
F-000166	- تحويل تقارير طويلة إلى ملخصات تنفيذية	e3a910417a785143e4a2e281ef22a94b2adc4f27b7a755088d41bacdd8b20935	Data Engine	1.1 المصادر المدعومة	687
F-000167	- تحويل بيانات خام إلى عروض تنفيذية	e1f6293cc2828fd812a60f22d9da2a1199300e52841f2a269247e3f81f26f54b	Data Engine	1.1 المصادر المدعومة	688
F-000168	- تحويل عروض إلى محتوى تدريبي	89466ba21f7843fee56a73ce76ea3c4fe0d222ab76ea1a430c118f7875f802eb	Data Engine	1.1 المصادر المدعومة	689
F-000169	- تحويل مستندات إلى قوالب قابلة لإعادة الاستخدام	9fea9b36b7cc577a3894f1d4df92e65d8ebaeb0b601ca90bcd0280c7ffc92ae7	Data Engine	1.1 المصادر المدعومة	690
F-000170	- تحويل مستندات إلى صيغ أرشيفية قانونية	ea95c90c742ab7f9fcec6a4e0a7ec5493fe54310cfbcac377d7006a385e1f22d	Data Engine	1.1 المصادر المدعومة	691
F-000171	- تحويل معظم إجراءات الإدارة والعمل اليومي إلى تفاعل مباشر بالسحب والإفلات	a7019645686f1f5bd7dc00e31f15ee66e83abeb0ab28eed178313ff58d8c2643	Data Engine	1.1 المصادر المدعومة	692
F-000172	- تحويل بيانات إلى إنفوجرافيك	67d4947b561b81a2df41178a0f9ee6e5253028dfda884401c4dbf72923e74828	Data Engine	1.1 المصادر المدعومة	693
F-000173	- تحويل بيانات إلى إنفوجرافيك بنقرة واحدة	31ef98dadfd35a618fecf2b029baad61cb55b90b3704b18943e6c6447f768f39	Data Engine	1.1 المصادر المدعومة	694
F-000174	- تحويل جداول اكسل متعددة إلى مجموعة شرائح	ffa845e663008087d985ee29614f416f6171ad22ffb701a79f7c8f8efc859d14	Data Engine	1.1 المصادر المدعومة	695
F-000175	- تحويل التصاميم من يسار لليمين إلى يمين لليسار مع الحفاظ على التصميم	bc079e265a0f6a81a7b1cede237655e6650df573260c803c76c40cce5b3f5431	Data Engine	1.1 المصادر المدعومة	696
F-000176	- تحويل لغة مع RTL	02e90fc43a6d49968db213fe6c008131387f1c0fbfe40bbcad65ddc2630fa2a8	Data Engine	1.1 المصادر المدعومة	697
F-000177	- سحب ملف إلى مراسلة أو تقرير لإرفاقه	fa0f42acc86160e3786ff631e89c82ba1673f5cfcd3c13cda9671c4f06bcd60b	Data Engine	1.1 المصادر المدعومة	698
F-000178	- مكتبة موحدة للملفات والأصول تدعم جميع أنواع القوالب والعناصر والأيقونات والشعارات	d29962c416c8f2d77b2a432c20cefe20b2444474b9c5b2b709c63f7446255ed1	Data Engine	1.1 المصادر المدعومة	699
F-000179	- الوصول للمكتبة من أي محرر في المنصة	fe170029c974b84ecbd4ecd4ad75a946fe929cc0574e41081808d8c49f27bc26	Data Engine	1.1 المصادر المدعومة	700
F-000180	- السحب من المكتبة إلى أي وحدة مباشرة	143d39c6f0ff01c70de3b5bae0c61634d5f18e86d6e8faadd1a8c267cfb119a4	Data Engine	1.1 المصادر المدعومة	701
F-000181	- وسم تلقائي للملفات	6ad1cc5f3128f1323a3a8d36f29fc5ee026906d2ce37055b3e0da11e19340e78	Data Engine	1.1 المصادر المدعومة	702
F-000182	- سجل إصدارات لكل أصل	d8438224b797e6091b99a5ebd2d2d44d9498484b69a269e1c7e0b357b01a0a45	Data Engine	1.1 المصادر المدعومة	703
F-000183	- تتبع الاعتماديات	f19a9c0d667953211fcecfec8eb2fd14a2739559ce9656ebc9783fd694a7a9fd	Data Engine	1.1 المصادر المدعومة	704
F-000184	- إشعارات تحديث تلقائية	126dbd945a4541082330bda50754c684a98b42be667adc1ca2ffda391d70e965	Data Engine	1.1 المصادر المدعومة	705
F-000185	- مكتبة خاصة بكل جهة ومكتبة مشتركة عامة	608e8c5c78585e714aaa4d47460e5831242616831e7e61a0368471387af34429	Data Engine	1.1 المصادر المدعومة	706
F-000186	- سير عمل موافقة على الإصدارات	0270304869a670ac0ee6244c1e08badebec8d3bb9b50776b8d4761c931b175e7	Data Engine	1.1 المصادر المدعومة	707
F-000187	- إعادة استخدام الأصول عبر الوحدات	a4de44a0191257f7ec5f36fce6146286226ddba5ae3ea811e7736f1cc1073eda	Data Engine	1.1 المصادر المدعومة	708
F-000188	- تطبيقات بيانات مدعومة بنماذج اللغة الكبيرة	acdffb42b95f05c9c8ff6cebe6d423c38bb21cc52d6db1de93790d02d9a79da8	Data Engine	1.1 المصادر المدعومة	709
F-000189	- اتصال البيانات	afd311788d78f877304d81e537850230b40e7668f72ca5ddad024157020b1b59	Data Engine	1.1 المصادر المدعومة	710
F-000190	- التضمين	01a4a3582f39c8b4b2ed75fae8b2ed007fcd6ace9acce70aac342cb0a3cad528	Data Engine	1.1 المصادر المدعومة	711
F-000191	- النشر السحابي	9476997ca8bddb83471e381028dbdf27fb752c27a641042097d4d36badd55386	Data Engine	1.1 المصادر المدعومة	712
F-000192	- نمذجة البيانات	e10317957ebc33dfe14d9fb4a52cf6d588a6301283168b5214e6f86c96fa1b76	Data Engine	1.1 المصادر المدعومة	713
F-000193	- تحميل البيانات وطرح الأسئلة باللغة الإنجليزية البسيطة.	011f37833bdf9ce9012fee4f9441f7c2cb1587816d5ebec4a25e222170e75960	Data Engine	1.1 المصادر المدعومة	714
F-000194	- تحميل جدول بيانات أو توصيل المستودع.	2966d6056b64bcc6b6d4ebcfba7ea8351953bb97c4a61600b9b3e11c157959ca	Data Engine	1.1 المصادر المدعومة	715
F-000195	- توصيل ودمج البيانات من مئات المصادر.	8c573777df76f606b7e521bd1b0a5d61f14f08c7619965b286de78a03ce902da	Data Engine	1.1 المصادر المدعومة	716
F-000196	- استيراد الملفات المجدولة كمجموعات بيانات.	5885b838fb52dd6bfe0f9b94857e7cf2aed0e081ef6d3addb1d454bcea750bdf	Data Engine	1.1 المصادر المدعومة	717
F-000197	- ربط مصادر بيانات متعددة	b2e29eeb4d340214acba57b710565af7a381608772c04a69ceb40d4500e779b2	Data Engine	1.1 المصادر المدعومة	718
F-000198	- استيراد الملفات المجدولة كمجموعات بيانات	91287b213296cc98a0fb699792acc67264454bc1dfb97c4433c75a6d4877c241	Data Engine	1.1 المصادر المدعومة	719
F-000199	- كشف بياناتك المتصلة، التي تزيد قيمتها عن 100 عملية تكامل، من خلال بروتوكول سياق النموذج	fadadee9bfc20158f338415ab69e04ef791822775dc06fb7e6dfc7c8eb2c3291	Data Engine	1.1 المصادر المدعومة	720
F-000200	- سحب البيانات من الخدمات الشائعة مثل Google و Salesforce مع أكثر من 100 عملية تكامل و 250+ مقياسًا مضمنًا خارج الصندوق	8368293d1aee69fe1bcb562517825829ec9c83459d945e52060536f915b1c8a5	Data Engine	1.1 المصادر المدعومة	721
F-000201	- تكوين عناصر واجهة مستخدم مأهولة مسبقًا بما في ذلك Google Analytics و Facebook Pages و Facebook Ads و Grade.us و SERPs و Moz و Twitter و Mailchimp و Instagram	afdf1f90b508ed4590474e24dcda26cd1060ee494c0f772519f6efd60119130d	Data Engine	1.1 المصادر المدعومة	722
F-000202	- استيراد PDF	efafda3d613f27835ba3cfaf596c5af279ce8a2abf32dd86a599c5c1a7c22ae6	Data Engine	1.1 المصادر المدعومة	723
F-000203	- استيراد البيانات	c04d861a6d9a4bd9ed975f01722928fe02fd31d1a18b50e00de2a8b613c85577	Data Engine	1.1 المصادر المدعومة	724
F-000204	- توصيل بيانات شامل	95603cc2756d416091f30079cd41a2b2c386a30f80147205d1a08a2af7f3eef8	Data Engine	1.1 المصادر المدعومة	725
F-000205	- توصيل بأي مصدر بيانات	fcaa4ef5ce1554ed94d50b9fb201041b9bb44e246a3f7378b5534c006a276e6c	Data Engine	1.1 المصادر المدعومة	726
F-000206	- القدرة على العمل مع أنواع ملفات متعددة (Excel, PowerPoint, Word, PDF)	98d948d4b93d6f838998da2dce1b00a9e0d7c30fe1227b39aed006b5c4e5c1ae	Data Engine	1.1 المصادر المدعومة	727
F-000207	- القدرة على تحليل ما يصل إلى 10 ملفات في محادثة واحدة	9d96618fd0dbc926d4d1551cb66fc6424fb734285dc95f3f330c8ca0533d8539	Data Engine	1.1 المصادر المدعومة	728
F-000208	- تحليل البيانات من ملفات Excel و CSV و PDF و JSON	e8326e79b43d9634e7b332e98d74cffb97901b0647522825669c5e2db4734a55	Data Engine	1.1 المصادر المدعومة	729
F-000209	- تحليل ملفات كبيرة جدًا لا يمكن فتحها في تطبيقات جداول البيانات	3f97d251422677d818fcf85a431ac9c6adeb368b5cedf25e5e7c76ae966aa4cb	Data Engine	1.1 المصادر المدعومة	730
F-000210	- تحميل الملفات مباشرة من Google Drive و Microsoft OneDrive	995aab939bb38a971f8a0cb2ce2edc9da14e997a2317f23f43292a6f7274a1d2	Data Engine	1.1 المصادر المدعومة	731
F-000211	- تحويل ملفات CSV و Excel إلى مخططات ولوحات معلومات وجداول زمنية متوافقة مع العلامة التجارية	b46a7c320e178eddd8c8985b95f8bbc559e0e96bae99aa6c5dae357cbf0edecb	Data Engine	1.1 المصادر المدعومة	732
F-000212	- دعم أكثر من 25 لغة	f46a253159d28c58a3ab7e2d5c1a893605355dbdf04c34f598ff1e711f8fa9e1	Data Engine	1.1 المصادر المدعومة	733
F-000213	- دعم أنواع متعددة من المخططات (شريطية، دائرية، مبعثرة، خطية، إلخ)	a9362d8dc3174b36bd7c573db72330cd7f2b083f70ed7affc997cb6664237ed3	Data Engine	1.1 المصادر المدعومة	734
F-000214	- دعم مجموعة واسعة من أنواع المرئيات	1a9c16e20afa18d3af9916fdf19c255876e5c88340c4265d3a7a8981839ebd98	Data Engine	1.1 المصادر المدعومة	735
F-000215	- معالجة ملفات CSV و TSV وملفات البيانات الأخرى	783cb7e7b419c261e6d6e29154c26909e02d22adbceb5893541a9b50750d63fe	Data Engine	1.1 المصادر المدعومة	736
F-000216	- معالجة ملفات PDF الكبيرة (أكبر من 30 ميغابايت)	6f00b4bd09ac2881307da155ec5223078607661625a04c1dc3848666002d4150	Data Engine	1.1 المصادر المدعومة	737
F-000217	- إنشاء مستندات Word وملفات PDF	ad11fc0f5204ffea1e3580a95fad0b1dbbac02ca0cac5b6301100457e3ebfd0e	Data Engine	1.1 المصادر المدعومة	738
F-000218	- إنشاء عرض من ملف PDF	f619ab65568bd86edd3e6200037de9112585b6cfd36661a8a2990f3a3b211e1d	Data Engine	1.1 المصادر المدعومة	739
F-000219	- إنشاء عرض تقديمي من رابط (URL)	e0fd1faf433e171da69d8ae0f33152be406e1e3bff1abe8ba9e8fa0c7e7d46e0	Data Engine	1.1 المصادر المدعومة	740
F-000220	- إنشاء عرض من بريد إلكتروني عبر Mail Manus	09202e715d15ca9a6311a0837eaae3466a698794c153f5943b4f953dd5e82047	Data Engine	1.1 المصادر المدعومة	741
F-000221	- إنشاء عرض من محادثات Slack	1d99740523d60b49c36f56c56181052bb1dd0886214ebbd45eb8b39c5ae2165c	Data Engine	1.1 المصادر المدعومة	742
F-000222	- بحث معمق تلقائي عبر مصادر متعددة (Wide Research)	02790eda60ee575570c6ba6e19760dee49fa0a2f2aae010553094b35d3093eaf	Data Engine	1.1 المصادر المدعومة	743
F-000223	- التكامل المباشر مع Google Slides وPowerPoint كإضافة	ce7cfb1d240feb2b5f016f0f168a105c85f793f8fcae4751942522a7623c3035	Data Engine	1.1 المصادر المدعومة	744
F-000224	- وحدة استيراد البيانات (Data Ingestion Module)	009e21ba24bd8c49160e328b471570fd95f28da03c765658946761853e9d7db3	Data Engine	1.1 المصادر المدعومة	745
F-000225	- ربط مباشر مع أنظمة ERP	2add210fdbe466f9973560c4e13afa25543bd51ff12401578fe0f1e675ed4371	Data Engine	1.1 المصادر المدعومة	746
F-000226	- دعم جميع أنواع المصادر (Excel, CSV, TXT, Google Sheets, قواعد بيانات, ملفات مضغوطة, صور, روابط مواقع, APIs)	4402024d8a46ac276046eff88ec8eb97a4e7cb69592d7f0b3fb9e8d95a6c7bbc	Data Engine	1.1 المصادر المدعومة	747
F-000227	- فهرسة متعددة المصادر (ملفات، صفحات، تقارير، مراسلات، جداول مخصصة، موصلات)	ca093cc5f942cf49f64ed04a1e87f8296baf16bba0b6904137826a31fde399c1	Data Engine	1.1 المصادر المدعومة	748
F-000228	- دعم ملفات Excel, CSV, TXT, Word, PDF, Images, APIs, DBs	bea71a632af4ca4c369d95168e0f63c6d371583a06e27d7f409442efb8d1e48e	Data Engine	1.1 المصادر المدعومة	749
F-000229	- منصة ERP + Dashboard قوية	56f9d11f0070a40c5bd73b7c91caf8bedc89aa8de0544bdf0c8a99ad64700675	Data Engine	1.1 المصادر المدعومة	750
F-000230	- قواعد بيانات	08425e36e795cd062929a9bab3e9cbea1063d9021148488880b5e3695ac783d6	Data Engine	1.1 المصادر المدعومة	751
F-000231	- PDF (منسق / ممسوح ضوئياً)	02d7d412413dc7655b42d3819ea96ae9ddabab308ad40424e08719d41b68e123	Data Engine	1.1 المصادر المدعومة	752
F-000232	- روابط مباشرة	673eec18407669825774765b52d31b45fda2839c7b1adf9834bf202c5a5b3e7d	Data Engine	1.1 المصادر المدعومة	753
F-000233	- Images (OCR)	c84be6b0d300d66dbf09921ea4d8615218dd83ba865a102472671799e4c87466	Data Engine	1.1 المصادر المدعومة	754
F-000234	- Databases	0ef5e499d49915a0971a1903c944310a24a9632aa9a32f00efa096f8f62e3ba3	Data Engine	1.1 المصادر المدعومة	755
F-000235	- لصق رابط موقع واستخراج محتواه	4f1106592d1d3f7017671abf6328c795762d95de3d806a7b7cc6c36a44f00319	Data Engine	1.1 المصادر المدعومة	756
F-000236	- استيراد ملف powerpoint وتحويله لعرض المنصة	89769890538dc6554aab2f91119918ef9e636c8528d7e6db99d755e010ccd4e6	Data Engine	1.1 المصادر المدعومة	757
F-000237	- استيراد مستند word	d02954437339cd7cd00da8d62b7e5ce3d1cd032b6893734e9517288d486ad567	Data Engine	1.1 المصادر المدعومة	758
F-000238	- البحث في مكتبة unsplash للصور المجانية	cbd2a13962fee79c2fe7c42c434ddb96a2307b2dedc0420ce84484e6cf1612f9	Data Engine	1.1 المصادر المدعومة	759
F-000239	- استيراد من google docs	157a50f3e554505368d0ccc964d436683fd1b0281c2793dc8ff435e93051acda	Data Engine	1.1 المصادر المدعومة	760
F-000240	- استيراد من google slides	48d5fe18d24ec8fc5d3a73b89529b7b7f838691425d8fb976d7c91199282e7d8	Data Engine	1.1 المصادر المدعومة	761
F-000241	- استيراد ملف pdf	0790fdc63eb94dec995f4900e0e52fca6d5be3b165e3e41119f3ba73bf1d9c73	Data Engine	1.1 المصادر المدعومة	762
F-000242	- الربط بقواعد بيانات	49ed8c2f7367de437563f90b3e74e001002d3f19f7ad59c0bd6f0616105563fe	Data Engine	1.1 المصادر المدعومة	763
F-000243	- تصور البيانات تلقائيًا من ملفات CSV وExcel	e5734f072dd029f480fcc9d42fe943ad67e3aca300814c9c9cfde74ee4d5c940	Data Engine	1.1 المصادر المدعومة	764
F-000244	- دعم مصادر متعددة مثل google drive، instagram، spotify، microsoft word، microsoft excel، microsoft powerpoint، microsoft 365، google forms، youtube، figma، miro، airtable، tiktok، vimeo، wistia، unsplash، loom، google analytics، ideogram 3.0، make.com، tally، jotform، zapier، amplitude، giphy، typeform، calendly، power bi، تضمين موقع ويب وتطبيقات خارجية.	9e668841e65efa577a42e98fb539a23edfa320ccf7c69f797e177482e23cadaf	Data Engine	1.1 المصادر المدعومة	765
F-000245	- لا حد أقصى لعدد الملفات المرفوعة	4490f0912e3f7da9c1da5dff184e22f4f884fc78bed7d0bb4a893299d144c7d0	Data Engine	1.2 القدرة الحجمية غير المحدودة	771
F-000246	- لا حد أقصى لعدد الصفوف حتى لو بلغت الملايين	b43a74d595c136a60d68e5e80f02639598b70283d72ece76fdeee779ac53528f	Data Engine	1.2 القدرة الحجمية غير المحدودة	772
F-000247	- معالجة تدريجية دون تجميد الواجهة	eb38c6067d31f5294a7b1fe0bcb4188f6b67f9961d36784244e6bed57f8dbfcc	Data Engine	1.2 القدرة الحجمية غير المحدودة	773
F-000248	- معالجة متوازية في الخلفية	7bc31bd46be6d6d73774ccf9f1416d43f8723aa7320254d91b762be3ea76e467	Data Engine	1.2 القدرة الحجمية غير المحدودة	774
F-000249	- تقسيم ذكي تلقائي للملفات الضخمة	dd6833c916be6bfd76178c5cb265dc38a5d901b60a0b6347d635170511f073b9	Data Engine	1.2 القدرة الحجمية غير المحدودة	775
F-000250	- تحميل تدريجي للبيانات	465efb5ab26008068f861bd24bf025c26da0d0d721ee5e5e70e40a3677c42dfa	Data Engine	1.2 القدرة الحجمية غير المحدودة	776
F-000251	- إشعار عند انتهاء المعالجة	451eb2386e6215bf72f3da271e5b568429d46b41d66f6d3df7aebc5eb1de5811	Data Engine	1.2 القدرة الحجمية غير المحدودة	777
F-000252	- استيعاب غير محدود للبيانات وحجم البيانات بلا حدود نظرية	771e43e10540d798b816142636dfc8ae15a563205d2ddea13676d8842091e86d	Data Engine	1.2 القدرة الحجمية غير المحدودة	778
F-000253	- لا يوجد بطء حتى مع ملايين الصفوف	7b5af0ef2c8830eff4916229aaf41cc5959de09a432ccdc302a8ed5019abc8e4	Data Engine	1.2 القدرة الحجمية غير المحدودة	779
F-000254	- استيعاب أي عدد من الصفوف (مئات الآلاف – ملايين – بلا حد منطقي)	91fa7eaa2e1f792492fdf5ed08f6a3142856296a4ca05fa23ab273c5c50abd44	Data Engine	1.2 القدرة الحجمية غير المحدودة	780
F-000255	- لا حد لعدد الصفوف	31162718e4c3585bd5bb3ddb6dd96105ba75c6c7bbecc6902a2724920ef04039	Data Engine	1.2 القدرة الحجمية غير المحدودة	781
F-000256	- معالجة ملفات ضخمة دون بطء	3c8d82aad5f894ae556221e6b0d80a400f930c1b23629a29b7e14903dbd8cd44	Data Engine	1.2 القدرة الحجمية غير المحدودة	782
F-000257	- لا تجميد للواجهة	c3d762cd7d2129e5c8759209076d5b61d764d8f012ed82c0e04d12d19a879016	Data Engine	1.2 القدرة الحجمية غير المحدودة	783
F-000258	- لا حد لعدد الملفات	04112cd230c4ed4f7ffff6133a88b2c6d5ac6d50e9408417ec108c7d8c58b9f4	Data Engine	1.2 القدرة الحجمية غير المحدودة	784
F-000259	- معالجة خلفية متوازية	4430ceab6a85993132aaecf4d3101f783e1fb45c7a7567b7188c53eb4a018007	Data Engine	1.2 القدرة الحجمية غير المحدودة	785
F-000260	- تقسيم ذكي تلقائي للبيانات الضخمة	0b0d0f7e6ed7a0b7df35c062ce085de1936cd18b65537cdc2642968da5ff8452	Data Engine	1.2 القدرة الحجمية غير المحدودة	786
F-000261	- تحليل دون تحميل كامل البيانات في العرض	e92d7579bc19c49fda0ca6a0606df458514246986da8356fe5cc58d1e940d2aa	Data Engine	1.2 القدرة الحجمية غير المحدودة	787
F-000262	- رفع عدد غير محدود من الملفات بأي نوع	d5726ff98f7a84bf0742c20acf740d0d7338b75b8417346f8f49b3d95b7554bd	Data Engine	1.2 القدرة الحجمية غير المحدودة	788
F-000263	- دعم 10,000+ عملية مستندية متزامنة	87cef7a9460ea82eb7058d4018aa8ff68755d2847b8fd9fe071f42ee9327f895	Data Engine	1.2 القدرة الحجمية غير المحدودة	789
F-000264	- دعم 50,000 مستخدم متزامن	731b94ff843f6696bddfe9ca28706a8ca7247b2b70eb37b822c0f96079478e70	Data Engine	1.2 القدرة الحجمية غير المحدودة	790
F-000265	- معالجة الملفات الضخمة بتقسيمها إلى أجزاء ومعالجتها بالتوازي	7387ad7d23032096399c2aed53c095d1c64978c76e24daf6299cdff9230f7ea0	Data Engine	1.2 القدرة الحجمية غير المحدودة	791
F-000266	- تطبيق تنسيق شرطي على الخلايا بناء على قيمها	6ac5abcbd0a778cac53c5a1c1b07bb226fb83ee6b6b1c72ccd91313b88f335ed	Data Engine	1.2 القدرة الحجمية غير المحدودة	792
F-000267	- دعم الجداول الضخمة عبر البث التدريجي	4b6923d272b758a576ac57a1b704ab3b51230fb2fd5be350b75e2df517cc6fdc	Data Engine	1.2 القدرة الحجمية غير المحدودة	793
F-000268	- دعم أوراق تحتوي أكثر من عشرة ملايين صف	ce2e15345bab457b0f19bd599da423c3aac63c717aad405b01140bfdc9280f82	Data Engine	1.2 القدرة الحجمية غير المحدودة	794
F-000269	- تقسيم تقييم الخلايا إلى أجزاء	f581183fb17845aec877bd180c12bafd27dc556c525beabb75fa7c901687292d	Data Engine	1.2 القدرة الحجمية غير المحدودة	795
F-000270	- عرض الخلايا حسب نطاق الرؤية فقط	3a29cc8e52827cec5ce526c5b7f975f5b3489e80b7305c5cf91e3f78170650d0	Data Engine	1.2 القدرة الحجمية غير المحدودة	796
F-000271	- تحميل الخلايا عند الحاجة فقط	34f617bfed34ebc7bf28c7df8fae21ece718e327a56d9455b240dd216a713ff5	Data Engine	1.2 القدرة الحجمية غير المحدودة	797
F-000272	- تقسيم الحساب على مستوى الأعمدة	7e69be8c76ecf6869748d7469cada7f90984ef5c96170bc4c4f2e26738330bcc	Data Engine	1.2 القدرة الحجمية غير المحدودة	798
F-000273	- تنفيذ أوراق متعددة بالتوازي	14fe6879f3c91def8b4e4d27c69a33928ca8744327079de4890f68d0e758210b	Data Engine	1.2 القدرة الحجمية غير المحدودة	799
F-000274	- إعادة حساب موزعة على عدة خوادم	a0cc8722be318e0f0573e45b97e838d29cdaf14c7896d74890d0e224d6fb6aa3	Data Engine	1.2 القدرة الحجمية غير المحدودة	800
F-000275	- توسع أفقي لحسابات الجداول	2a10bab56013da7c504821449f2f12b2dcb6c1e87122725369a151ba87a57d72	Data Engine	1.2 القدرة الحجمية غير المحدودة	801
F-000276	- إنشاء تقارير من البيانات الضخمة	31d2538bd9122332bda48b0682e066f8c73cc31f78907d983b5097c0dde097b8	Data Engine	1.2 القدرة الحجمية غير المحدودة	802
F-000277	- معالجة ملايين الصفوف من البيانات	90b1dc3cccf1013f2f2e8ce1d13a9114778fb413db210968204648b06f88973b	Data Engine	1.2 القدرة الحجمية غير المحدودة	803
F-000278	- السماح بتحليل مجموعات البيانات الكبيرة.	baf6bd94fde6aae38e8cdc7a99521db49be080075c108d4008bd0ac121443657	Data Engine	1.2 القدرة الحجمية غير المحدودة	804
F-000279	- توسيع نطاق مليارات السجلات باستخدام جداول البيانات و SQL و Python والذكاء الاصطناعي.	950de9b548bd3759f690575aa776da0a7eb14e35fdc5a8333837a245a5257bc5	Data Engine	1.2 القدرة الحجمية غير المحدودة	805
F-000280	- قابلية التوسع للعمليات المتنامية.	a770e82be60e7facb0362287e14bc995a2399e0a752e2f97c96599be90934764	Data Engine	1.2 القدرة الحجمية غير المحدودة	806
F-000281	- تحليل مليارات السجلات.	7643a259344476d8739027fd4acad164f3afc30830c914820336e6028f4ee168	Data Engine	1.2 القدرة الحجمية غير المحدودة	807
F-000282	- تحليل مجموعات البيانات المعقدة.	0d933ad5c1a4153bcfd9451b29f207f60c7329cf9dc56115ca0334b46c5eccf4	Data Engine	1.2 القدرة الحجمية غير المحدودة	808
F-000283	- تحديث البيانات تلقائيًا.	d564f5b30ae27656704cb26add7ed2e7d3b791fc64ff823b1b3054323be564f4	Data Engine	1.2 القدرة الحجمية غير المحدودة	809
F-000284	- توسيع نطاق التحليلات عبر المؤسسة.	aec5571607ef8e2fcd25cd5416f65e8f8f9bfc3965035262375cd10374615ed0	Data Engine	1.2 القدرة الحجمية غير المحدودة	810
F-000285	- تحليل ملفات كبيرة جدًا لا يمكن فتحها في تطبيقات جداول البيانات	3f97d251422677d818fcf85a431ac9c6adeb368b5cedf25e5e7c76ae966aa4cb	Data Engine	1.2 القدرة الحجمية غير المحدودة	811
F-000286	- دعم الملفات الكبيرة جدًا دون توقف أو تعليق	1cb9fec85b9afbfa8768907f79153f3f33f069501ffe1a1ee4e737cc58151430	Data Engine	1.2 القدرة الحجمية غير المحدودة	812
F-000287	- استيعاب متزامن لـ 10,000 عملية رفع ملفات	5f19e75777c7985609ebee5f1972e907486140ae99bb0b4f7b942fbf4e44fda1	Data Engine	1.2 القدرة الحجمية غير المحدودة	813
F-000288	- استيعاب دفعات تصل إلى 100,000 ملف لكل دفعة	43c8675567549735e37bcb54a7519e880f56849e655300422369e98deb49df42	Data Engine	1.2 القدرة الحجمية غير المحدودة	814
F-000289	- استيعاب الملفات المستند إلى قائمة انتظار (Queue-based ingestion)	1d063ec7d58cb1e0b4a81e9c2d40f8cdab5d69f74c379de36b95f209c7b567dc	Data Engine	1.2 القدرة الحجمية غير المحدودة	815
F-000290	- تحويل دفعات على مستوى المؤسسات (Enterprise-scale batch conversion)	89b22bf9b31b19066c7a962d0617191ef2b9b034a5b7b25e9a6260e6aee09cf4	Data Engine	1.2 القدرة الحجمية غير المحدودة	816
F-000291	- محاكاة ارتفاع التحميلات 10 أضعاف	6cc26ab1164f00b0e679da2283c515ccdb7b9872ea7dead3f75b17efced0503b	Data Engine	1.2 القدرة الحجمية غير المحدودة	817
F-000292	- Excel بجميع أحجامه	b28b1c53b839a1dd8d08784f1bc32b156ee63d5a958eb2784e9ca760207a351a	Data Engine	1.2 القدرة الحجمية غير المحدودة	818
F-000293	- إدارة البيانات الضخمة بدون تعقيد.	bc38e7d6e8e29142389d2c15cb820bf23abfd2d7be3829510cc34d17007ce15e	Data Engine	1.2 القدرة الحجمية غير المحدودة	819
F-000294	- قدرات ذكية إضافية للملفات الضخمة جدًا.	837e16b587998cedb427b2d51c71edac2359a15b6c651d4bea35e6317fc9e4b1	Data Engine	1.2 القدرة الحجمية غير المحدودة	820
F-000295	- ذكاء في إدارة البيانات الضخمة.	0d0d205708faf2a47629d74cb46c3608c8c647ab0511b3e3487ea5c60bca5900	Data Engine	1.2 القدرة الحجمية غير المحدودة	821
F-000296	- أرشفة ذكية حسب الموضوع والسنة.	9d246a40c55948c2abdde4e48e556ce4b6b6e64d161f463b73a04d604621bb52	Data Engine	1.2 القدرة الحجمية غير المحدودة	822
F-000297	- معالجة ملفات ضخمة دون بطء.	64c5a3a70a64d66be50cf7ca0e4ed5b1f93eaeea875aba5c2f3c1139221da957	Data Engine	1.2 القدرة الحجمية غير المحدودة	823
F-000298	- تنفيذ العمليات في الخلفية.	12fcfe71d41fb76f819ebace1871a8f40e906e05e2eddd7bbfe5e90dc82a000a	Data Engine	1.2 القدرة الحجمية غير المحدودة	824
F-000299	- معالجة غير محدودة للملفات ومجموعات البيانات.	edb824fe3be7d8488656a08b29678cc3619967d24b24ecaa7643bcc10a59f5f0	Data Engine	1.2 القدرة الحجمية غير المحدودة	825
F-000300	- معالجة تدريجية دون تجميد الواجهة.	b67ef7eea1a27adedc62db5324ed30376575b30a4fd5c875c92a6cebf087bdaf	Data Engine	1.2 القدرة الحجمية غير المحدودة	826
F-000301	- معالجة خلفية متوازية.	b791e5a5332dfab3fe267a157aef49de575ff3e37a9124c689a39f5cdab32ed7	Data Engine	1.2 القدرة الحجمية غير المحدودة	827
F-000302	- دعم ملايين العمليات.	ddc39753c346a81c7df1d1ccc2b9fc059290af1536c80a6035fe25c355277097	Data Engine	1.2 القدرة الحجمية غير المحدودة	828
F-000303	- معالجة تدريجية.	1834638f6c69f1af971799f42143f08cf49473452caba5b862ed0d5ca97032ee	Data Engine	1.2 القدرة الحجمية غير المحدودة	829
F-000304	- فهرسة مجموعات البيانات الكبيرة.	97470aca92fd1e6c489c5f8d1440fe2c484ab8e9e1cdc7b72042087a0ebe676f	Data Engine	1.2 القدرة الحجمية غير المحدودة	830
F-000305	- الحفاظ على أداء عالٍ تحت الأحمال القصوى.	176c989a1888e5275b5fdd74b05ade2631e0a2e36aff60003e0a07fe1a465802	Data Engine	1.2 القدرة الحجمية غير المحدودة	831
F-000306	- دعم المعالجة القائمة على البث لمجموعات البيانات الكبيرة.	a89771f993a5e55e48cf79d79645d1c691ebf74ef4f8ec3c4e4ad9255525f46f	Data Engine	1.2 القدرة الحجمية غير المحدودة	832
F-000307	- وضع المعالجة المجمعة الضخمة.	b00a8869bccd3cc5507e989023675fe2f05bfa0c054c6db9768675b39a4d58a6	Data Engine	1.2 القدرة الحجمية غير المحدودة	833
F-000308	- بنية التحويل المتوازي الضخم.	cda6f1433835443ce342e147d488c15ef650db783f0e4dcd39b7f86cb0e821f8	Data Engine	1.2 القدرة الحجمية غير المحدودة	834
F-000309	- إنشاء لوحات أداء تنفيذية.	ec6b6b85e5cd8baad9a241701b5887d3e1ab048aa54ebc37edc82aed9f63c67d	Data Engine	1.2 القدرة الحجمية غير المحدودة	835
F-000310	- التوسع التدريجي بدون إعادة بناء النظام.	83a4f1df532a004e7c7b5c8f8c85adbb2696ae0cc6244976c219e897c00ec829	Data Engine	1.2 القدرة الحجمية غير المحدودة	836
F-000311	- إنشاء تقارير من البيانات الضخمة.	09af2ea89dc29f5b68b0adff619297ad22146c6a0c0e760c6232a474f578d207	Data Engine	1.2 القدرة الحجمية غير المحدودة	837
F-000312	- بث المستندات الضخمة.	67473af04a06404a426eec119c165d099960ced9a53cdef6227b3ab8a9b1316f	Data Engine	1.2 القدرة الحجمية غير المحدودة	838
F-000313	- التجميع الضخم.	ae73e31de87d0c1c4200f4f2058740196d08195c141f9920515ec4ff75a21b43	Data Engine	1.2 القدرة الحجمية غير المحدودة	839
F-000314	- توجيه ذكي تلقائي للمسار المجمع مسبقًا عبر GPU للملفات الضخمة.	d26276611035d99f8916ba380b73bffc535a88e62f381ad845ed07ab0e0ed2a5	Data Engine	1.2 القدرة الحجمية غير المحدودة	840
F-000315	- تحسين الأداء والسيادة.	535317f4e9c0c17212c062623d3ab79174f81542a515b59c502afa32f98b5b4b	Data Engine	1.2 القدرة الحجمية غير المحدودة	841
F-000316	- اقتراح بدائل آمنة للأداء.	7fc98f9d9d66c24db15419653554ba95bc6bbb5ce409807b74b465296955910e	Data Engine	1.2 القدرة الحجمية غير المحدودة	842
F-000317	- الحفاظ على الاستقرار الجمالي تحت تغييرات البيانات الكبيرة.	23eb6b4f675af16e298c1ad1a00cff1efa685368fac52510a7bfb8e73a522249	Data Engine	1.2 القدرة الحجمية غير المحدودة	843
F-000318	- إعادة حساب موزعة عالية الأداء.	c0dc44ef89b369573aa0cbc3e1e19c230fe4ab5f11d9207c4603ce5aaaef10ce	Data Engine	1.2 القدرة الحجمية غير المحدودة	844
F-000319	- كشف اختناقات الأداء.	4a17ccdcd886489c88ae4fc25ed24b48ee3bf2ae43c805ad3be4e1c84960682e	Data Engine	1.2 القدرة الحجمية غير المحدودة	845
F-000320	- التحكم التدريجي في تفعيل/إيقاف الميزات مع استهداف أدوار/مستخدمين محددين.	7c48984e776ba8b3c5a8e81e914f5cbbf08553b420922d1fe8e2bf6f757e5e2b	Data Engine	1.2 القدرة الحجمية غير المحدودة	846
F-000321	- تقارير مفصلة عن وقت كل مرحلة، الاختناقات، والأداء.	d9ce051c317d71233746edc62e4a2a14e76549fc68cc0e07d4ec99d54887764c	Data Engine	1.2 القدرة الحجمية غير المحدودة	847
F-000322	- منع التضخم المبكر.	1200082bb84f462ab29f1747493b86d30f1ac9e94046e5325d03fab06b59c7bd	Data Engine	1.2 القدرة الحجمية غير المحدودة	848
F-000323	- توقعات الأداء.	8d71d61d446043485e8b6f093c15e6697619166f11c7de14a4d8c9db8991c370	Data Engine	1.2 القدرة الحجمية غير المحدودة	849
F-000324	- طبقة تحسين الأداء.	8ff549e02ad9b8a7d77c5a1675df3d390766777eebf780801c365e543eadb768	Data Engine	1.2 القدرة الحجمية غير المحدودة	850
F-000325	- إنشاء جلسات ذاكرة ضخمة.	cd144bf6f2e8a3ffa7355bfdc6e0510f4b7a356124e6408d97dd4d6662b3e43a	Data Engine	1.2 القدرة الحجمية غير المحدودة	851
F-000326	- تحمل استعلامات البحث الكبيرة.	e9881d84a7667310b47020be7dae4639ff0af9a88b534d2b5ce4c2df39698cf2	Data Engine	1.2 القدرة الحجمية غير المحدودة	852
F-000327	- إعادة تشغيل معيار الأداء الكامل.	1b972edc6dcdd0e6b25bd65622db00ffb54815d4e88b04f59ef95f00f91d6c22	Data Engine	1.2 القدرة الحجمية غير المحدودة	853
F-000328	- ضبط الأداء.	c783fce5bc44ce5772600cedfb6c5f47619cbb1af7d4d76758a6d476c7d3ab10	Data Engine	1.2 القدرة الحجمية غير المحدودة	854
F-000329	- أهداف الأداء بناءً على متطلبات تسليم القيمة.	187714e7bfa42173f52dfa62c3de591c70a652ba64482aa9ecf2c51310fc4095	Data Engine	1.2 القدرة الحجمية غير المحدودة	855
F-000330	- تتبع أداء الذكاء الاصطناعي لكل منتج.	6f93a45b83783600fc14c9a599fe1b31bf3b608c3346c70f99720748d43305d3	Data Engine	1.2 القدرة الحجمية غير المحدودة	856
F-000331	- اعتبارات الأداء.	f3422b014c7d4d9bdbc5861f42d9ec792724085cb62b7bb844358eb42491e722	Data Engine	1.2 القدرة الحجمية غير المحدودة	857
F-000332	- عزل الأداء.	65e39013c74847edae575e3037c073ef89b410b9950ef70cf4a0314d59188c94	Data Engine	1.2 القدرة الحجمية غير المحدودة	858
F-000333	- محرك الأداء.	7a7e71f237539fef6e19271911c4ed93ba49257d8453c0dd8ee88f004f42c2d4	Data Engine	1.2 القدرة الحجمية غير المحدودة	859
F-000334	- حاكم الأداء.	98e9f18e79fc02c2d0125db5b66057c23390966862a574ff1725c40638298a7d	Data Engine	1.2 القدرة الحجمية غير المحدودة	860
F-000335	- فرض الأداء.	fc06fa904a982994d64439466dd99f9d87f8f90648390263ff1ca9c3c54d642b	Data Engine	1.2 القدرة الحجمية غير المحدودة	861
F-000336	- محرك معالجة الملفات الكبيرة.	52c982eb6e4cc3f727143be4e7df3db9ba8eb5696f4e6adebe09d35b502bf0dc	Data Engine	1.2 القدرة الحجمية غير المحدودة	862
F-000337	- توسيع حاكم الأداء.	ae2e4606a9e71f80ad438b4ee03b17f8a9570c22990962c9c0f33e18b8aa0aa0	Data Engine	1.2 القدرة الحجمية غير المحدودة	863
F-000338	- استيعاب أي عدد من الملفات	5f06d78838ab7b1df21fe48881235ff1a66de25f2c3e21443187ed0e29b108af	Data Engine	1.2 القدرة الحجمية غير المحدودة	864
F-000339	- تستوعب أي حجم بيانات	c0128a3693d4bcaa3270f31727dc343649a9d628a8931916a93bae2ca758b54b	Data Engine	1.2 القدرة الحجمية غير المحدودة	865
F-000340	- لا يوجد حد نظري لعدد الملفات	63f8045a207a428f312955363ac1f1bac3f69085ea5f984947eab4822fda15ba	Data Engine	1.2 القدرة الحجمية غير المحدودة	866
F-000341	- لا يوجد حد نظري لعدد المستخدمين	9da2a5b6dc016aef6490cb69e0f50b8916b718bbc0d038d89d3618cf9b0f1796	Data Engine	1.2 القدرة الحجمية غير المحدودة	867
F-000342	- حجم الملف الواحد الأقصى: ≥ 10GB	f99b486ec82905ca347e133d7438162dd27bf98b017ea426eab61ed0e66412dc	Data Engine	1.2 القدرة الحجمية غير المحدودة	868
F-000343	- معالجة مليار صف على عنقود مخصص	28a772c2b8bb21a8b2b30d93443614f934165008f105488cfc4d85d35b0eed8c	Data Engine	1.2 القدرة الحجمية غير المحدودة	869
F-000344	- معالجة متوازية موزعة	f4ef016df7c0a5c0c2312ccc6b0389d6e9285b54e4f48feba82f5a060e25c272	Data Engine	1.2 القدرة الحجمية غير المحدودة	870
F-000345	- معالجة متدفقة	1b342daa27a9ab9dc746b70a0657513cc2d93247a0c1237de7ffb4c1c10fe178	Data Engine	1.2 القدرة الحجمية غير المحدودة	871
F-000346	- دعم Partitioning	ab5dabc8427aa8ea334aaa82374ac0dbcef8fdc1aa83a89e502d0d5b9eb9a564	Data Engine	1.2 القدرة الحجمية غير المحدودة	872
F-000347	- دعم Sharding	fea68b016c27b1e1422f142e0595ef886172f938a7f1d752c42212ad8c9ddc7a	Data Engine	1.2 القدرة الحجمية غير المحدودة	873
F-000348	- دعم Caching	13902b9a67c6ebf5e0d95926219483230880d6917270efc2cddfbd1a02f9dfd9	Data Engine	1.2 القدرة الحجمية غير المحدودة	874
F-000349	- توسعة أفقية مثبتة	91d1b4f28d1b602a07ed37d8d1fd839acd6720df0193c77ae867a56a2c4a22c8	Data Engine	1.2 القدرة الحجمية غير المحدودة	875
F-000350	- توسعة تلقائية (Auto-scaling)	a23a8b2b3d4c7b7f179cd4bdb404e3d009772aec843a720e8634c610a16633ec	Data Engine	1.2 القدرة الحجمية غير المحدودة	876
F-000351	- إدارة قوائم الانتظار ذات الأولويات P0–P4	7078394f8dbd915284d4295546f13fc2662be1c915a77a9efed4701478aab6c3	Data Engine	1.2 القدرة الحجمية غير المحدودة	877
F-000352	- إدارة التزامن	ff29a42d810775d166acefe9f559d3c083215ae87ef3298d8ace57edc3990a37	Data Engine	1.2 القدرة الحجمية غير المحدودة	878
F-000353	- نموذج تحسين التخزين المؤقت والاستعلام	917b855ea954ef043a7dad3bf1ca70c467b16d9f8135ba9eb4f7b0583b51df41	Data Engine	1.2 القدرة الحجمية غير المحدودة	879
F-000354	- استراتيجية إبطال التخزين المؤقت	12372068f81ac555c3034259d0faab73b7cc86d9d8b8c96b7ebaa1a0f7602897	Data Engine	1.2 القدرة الحجمية غير المحدودة	880
F-000355	- فصل التخزين التحليلي عن التخزين المعاملاتي	1557eb1268ef84715a777136b25dd25cc0075f571759cfac4a09227c309911cd	Data Engine	1.2 القدرة الحجمية غير المحدودة	881
F-000356	- معالجة متوازية للرسوميات موزعة	21aa13aa626bf07a50b0d344ff155f0b99106824573c2e5fb60544cf6d552295	Data Engine	1.2 القدرة الحجمية غير المحدودة	882
F-000357	- عزل GPU	b4c09c3d067a76e5b320683e25b809d10196b5fafb1b046db587db7832e11a6a	Data Engine	1.2 القدرة الحجمية غير المحدودة	883
F-000358	- Fallback لوحدة المعالجة المركزية (CPU)	78f3ae9bc3645bbcf8ae1342c1637779e3a6f81315502b31d0c5b1bf7382da10	Data Engine	1.2 القدرة الحجمية غير المحدودة	884
F-000359	- سياسة التوسعة الأفقية	d8872933c676b1e2587aa1e34f9276008737ae24ce13b186b0c0d6f1e706f785	Data Engine	1.2 القدرة الحجمية غير المحدودة	885
F-000360	- عمال عرض بدون حالة (Stateless rendering workers)	1cfcc6bfbf2d7a86224d7b36ad335b3be0a5daa006853663507f5566c52930a2	Data Engine	1.2 القدرة الحجمية غير المحدودة	886
F-000361	- استخراج تخطيطي متوازي	0a01e533959ab15c1879623d8e6fc79963556ff8450a4d9f99f482a4b4b4af17	Data Engine	1.2 القدرة الحجمية غير المحدودة	887
F-000362	- خط أنابيب معالجة غير متزامنة	9e971dae46c353ce3bf6e7b3904fd7038ace755aae4d511221e5707fae082e20	Data Engine	1.2 القدرة الحجمية غير المحدودة	888
F-000363	- تحمل إكمال جزئي للمهام	eedc6af351003d89040d9e7285eb2a888d9f9cb9b22da0b2125b41a251179576	Data Engine	1.2 القدرة الحجمية غير المحدودة	889
F-000364	- نظام أولوية قوائم العرض	0d84adfe7effbe6d11cdbc584d1621caf18df1f56497e82448582f83cb533bfb	Data Engine	1.2 القدرة الحجمية غير المحدودة	890
F-000365	- تكرار جماعي للبيانات	c6cd1dfdc4bd4025b09d23eea8ca4a0397704fa7889bbca61644470169cfcd1f	Data Engine	1.2 القدرة الحجمية غير المحدودة	891
F-000366	- استراتيجية ضغط العودة لمحرك العرض	21fd4a120aa3fe74d1b39aa96b83064aaa50e68570cf5ee5ed872058314231b2	Data Engine	1.2 القدرة الحجمية غير المحدودة	892
F-000367	- نتائج عرض حتمية تحت الحمل	7ceff3cab95212e41cfdedc4e4e1df2d97e87192ed252763ebe0fbb94f7c0501	Data Engine	1.2 القدرة الحجمية غير المحدودة	893
F-000368	- اتساق التخطيط عبر العقد	8ec49767def3fbedff38f81e3f9d5d61f46b90b5bc383144cebda6b65d5ea9fc	Data Engine	1.2 القدرة الحجمية غير المحدودة	894
F-000369	- نتائج عرض متطابقة عبر النسخ	a577277dadd8579a6db4d9742d0104d8cf2c235684a181579bf22eec8791f079	Data Engine	1.2 القدرة الحجمية غير المحدودة	895
F-000370	- تخزين مؤقت للرموز البصرية	fdc2ce64637d506f97676177e884636a44814461f2fee23d88ed40c553c1ea41	Data Engine	1.2 القدرة الحجمية غير المحدودة	896
F-000371	- معمارية معالجة بصرية موزعة عالية السعة	d2b014588ae7f8d94534770cce42af0578b61ba5f0ca8acad75498b6b14d7c66	Data Engine	1.2 القدرة الحجمية غير المحدودة	897
F-000372	- نموذج عرض موزع	0edb73cf70e65166a23f73f3c8a827082c370df756a1bbd7a8a70db7736d7eef	Data Engine	1.2 القدرة الحجمية غير المحدودة	898
F-000373	- استراتيجية احتواء الحمل	b60f6dc6f2f73ffd4bb8280de925f827174c187b5c0fda9d70f7cdf55c4fc195	Data Engine	1.2 القدرة الحجمية غير المحدودة	899
F-000374	- معالجة بصرية موزعة عالية السعة لأكثر من 10,000 مهمة عرض متزامنة	d21f43aafcaa67cee085f267869f2cf63a13a0a2ca9f7f4b07aa05def4af3b0b	Data Engine	1.2 القدرة الحجمية غير المحدودة	900
F-000375	- تحديد أولويات المهام (P0–P4)	cffb90619667e7668b618365c6c8d6b798cf634cd9739a674563b779bb5437fb	Data Engine	1.2 القدرة الحجمية غير المحدودة	901
F-000376	- استراتيجية احتواء ضغط العودة	53e74211c07abfbbdca56a8aeac85b921f01dcbe432848507d11e723b4dbd94f	Data Engine	1.2 القدرة الحجمية غير المحدودة	902
F-000377	الوضع السهل	60a010f6e7107c136b5f191c5f0698dae095af281a75c8e4af3651ebde44eee1	Data Engine	1.3 الاستيراد الذكي	908
F-000378	سحب الملفات وإفلاتها وضغط زر واحد. يقوم النظام تلقائياً بالتالي:	14576f851eb87486f6e1a35cd3fae264b35ad7d43285e28f976fb362eff98e15	Data Engine	1.3 الاستيراد الذكي	911
F-000379	- قراءة جميع الملفات مهما كان نوعها	bd488a983b1b1f468326b15989a47a08a29989473ea47e4909d4f5a09c46488a	Data Engine	1.3 الاستيراد الذكي	913
F-000380	- قراءة جميع الشيتات داخل كل ملف	28e5d1f035a67dd6a05d7a2344d21fee06b3b82918f2105a0da94bd1019797b1	Data Engine	1.3 الاستيراد الذكي	914
F-000381	- اكتشاف الأعمدة وأنواع البيانات تلقائياً	c42a125d3941bbb66ec68db02b878cc7485b32ddceaa43a1d2480b011932ba56	Data Engine	1.3 الاستيراد الذكي	915
F-000382	- اكتشاف الجداول حتى لو لم تكن منسقة	1377cf5009a851437c7222fde754f8a011ee8b34bd98f1c13d73a64ca481b766	Data Engine	1.3 الاستيراد الذكي	916
F-000383	- تجاهل الصفوف غير المهمة	448c6599679163febde7a7f1dd39cb6767e553a19b61aecc9e118ccb1c99960a	Data Engine	1.3 الاستيراد الذكي	917
F-000384	- التعرف على الجداول المكررة بين ملفات مختلفة	8dd075d7b4a16f9babe49a5635b0b1a7ceb7e8629a2a0d8707b49b8798f7c901	Data Engine	1.3 الاستيراد الذكي	918
F-000385	- اقتراح الدمج تلقائياً حسب التشابه	d68ccca585b126cd72299f70b1b837fb3c1807cb35f2aa1dcc997e9e6ba849ce	Data Engine	1.3 الاستيراد الذكي	919
F-000386	- توحيد أسماء الأعمدة المتشابهة بالذكاء الاصطناعي	721e8a8a9bd1a5e23337b0c24fe885e045e4bf4ecd79257495f8f3d0d050ac55	Data Engine	1.3 الاستيراد الذكي	920
F-000387	- كشف التكرار والأخطاء	734f368d820c09e52095e5e2e74b016e3cd6f47dc86a3ae96a6a0708d42f054d	Data Engine	1.3 الاستيراد الذكي	921
F-000388	- ربط الملفات تلقائياً عبر أعمدة مشتركة	edcc311e389ba3df38144a8c5f261ef96c568c73a87b7390b05d9ecc1cf6557d	Data Engine	1.3 الاستيراد الذكي	922
F-000389	الوضع المتقدم	1d7b1a01862876389876f47422cbe9feda8505f28f6821b5475a093bcd772e0a	Data Engine	1.3 الاستيراد الذكي	924
F-000390	- تحديد الشيتات المراد قراءتها	ddd9305f50d97f17ec5863fc9b1e5c9877a9705d1950ce68ef2b7dd4c407d68e	Data Engine	1.3 الاستيراد الذكي	926
F-000391	- تحديد نطاق الصفوف والأعمدة	d25e07537dfa2385fe6ece4a5fef6c543ee1df7a9ce62e3cad9ac7202dcd5f3e	Data Engine	1.3 الاستيراد الذكي	927
F-000392	- اختيار طريقة التعرف على الجداول	883b74ac7c4261c3f69bba1ae04e6e20f7b334735632521ad94363fb7f744bc3	Data Engine	1.3 الاستيراد الذكي	928
F-000393	- تحديد كيفية التعامل مع القيم الفارغة	a27336e83825d7766f163b866f76e2e0f6e701c1452c50614c0e0d9b227f11da	Data Engine	1.3 الاستيراد الذكي	929
F-000394	وضع الفحص قبل الاستيراد	35ad3e589fe30b6dada47c6e328bce61dae956d31fe085bdcf49947145e78812	Data Engine	1.3 الاستيراد الذكي	931
F-000395	- عرض عدد الصفوف والأعمدة لكل ملف	25aba4216f81a45683682a6f5cedd4bc9027eeb6001902503d50de406b047720	Data Engine	1.3 الاستيراد الذكي	933
F-000396	- عرض نسبة القيم الفارغة	3dc77ef1c4e456b8bf0d0e9135af8538333128758dc0a643808ff44b7bc04c76	Data Engine	1.3 الاستيراد الذكي	934
F-000397	- عرض الأعمدة المتكررة والحساسة	326549fa72d26b1843652d3afca865b186be90fd18a7baf8dad97527c56ec090	Data Engine	1.3 الاستيراد الذكي	935
F-000398	- تصنيف الملف المقترح من الذكاء الاصطناعي	5bd6be681e1aaccbe55795ec9604d4ca62858fd28abd5c853c86982f889e59c8	Data Engine	1.3 الاستيراد الذكي	936
F-000399	- وحدة استيراد البيانات (Data Ingestion Module)	009e21ba24bd8c49160e328b471570fd95f28da03c765658946761853e9d7db3	Data Engine	1.3 الاستيراد الذكي	937
F-000400	- تحميل تدريجي وجزئي للبيانات للعمل على جزء محدد دون تحميل كامل الملف	2a61548fc0e5a4ce52e2b359bf9e0aeaf97eb71f08fa3e2be82ca5d44bea448b	Data Engine	1.3 الاستيراد الذكي	938
F-000401	- جدولة المعالجة الثقيلة في الخلفية	c6589300f6fae7c27d4bd09d8c4f5f4de66263c786168bf9e27495e11acb17b6	Data Engine	1.3 الاستيراد الذكي	939
F-000402	- دعم استيراد قوالب ونماذج خارجية	5f3c07b814b7640852c560c110068b800ebdc6a93357515c48a5bc42fee3ef3e	Data Engine	1.3 الاستيراد الذكي	940
F-000403	- استيراد قالب خارجي (Import Template)	2e16486d7b170f6200d559a9b164e3de92043dcc3f8981361ecf455e53024ddc	Data Engine	1.3 الاستيراد الذكي	941
F-000404	- فهم نوع كل عمود (رقم، تاريخ، اسم، فئة…)	34a47036b96650d77c9080a0a9e652c42565db68ca5db8ea6eaeee076e267a60	Data Engine	1.3 الاستيراد الذكي	942
F-000405	- اختلاف صيغ تواريخ	f09ff3e9027ea637f5ce99e24a4d7e8707eac0d729ff9510387c1dd6f352c2b1	Data Engine	1.3 الاستيراد الذكي	943
F-000406	- اقتراح توحيد الأعمدة المتشابهة	dc8c612ae2dd3d4504c8cdb24533ee78ef83bb0b8a15499f89cd660499b35605	Data Engine	1.3 الاستيراد الذكي	944
F-000407	- دمج عمود من ملف مع عمود من ملف آخر	5d37f74f55d7520d82261e1620b322549e437393cb0ed6b3de74cbadb3832ef7	Data Engine	1.3 الاستيراد الذكي	945
F-000408	- سحب عمود من جدول وإفلاته على عمود آخر	14e4ddf1f3605211b58c87ccfe07287a5e379438d0c648e862ac4d8e7b22f555	Data Engine	1.3 الاستيراد الذكي	946
F-000409	- ربط حسب أكثر من عمود	35778080408f5dab04b7d563f11f27c58cfb78c1d63064c60935722c7e1c047d	Data Engine	1.3 الاستيراد الذكي	947
F-000410	- إنشاء عمود جديد ناتج من عمودين	d88ef2262ab2580ac9940d9239502972f919586a625c2ba2363f2d4ee17e65e0	Data Engine	1.3 الاستيراد الذكي	948
F-000411	- فصل عمود إلى عدة أعمدة	2fe1f0a256d6e467685e574f8e8cd331b4d90cfcb3c3263283496c5937b5726a	Data Engine	1.3 الاستيراد الذكي	949
F-000412	- تقسيم الاسم الكامل إلى (اسم أول – اسم أخير)	657d190e3972845ac28de313113d10f0fd9edb22fc5100216fb92d23865687a5	Data Engine	1.3 الاستيراد الذكي	950
F-000413	- تقسيم التاريخ إلى (يوم – شهر – سنة)	0e6ace1daffc514a81289610533c834ecd1473dd38815598a5c97dd6434a39ff	Data Engine	1.3 الاستيراد الذكي	951
F-000414	- تقسيم نص حسب رمز معين	74138622c82ec4dd88ce77bebd5cb74cbc9aafa14c3b4a107dfb4f6041759222	Data Engine	1.3 الاستيراد الذكي	952
F-000415	- دمج ملفات متعددة	a2f2e92afade0d6e97e5444768d15b73528391dbb575a940027b34f0935b229f	Data Engine	1.3 الاستيراد الذكي	953
F-000416	- إنشاء علاقة بين عمودين	19eafbba761539279e66146d6b983d49a1d9e4cca1e822310834ea462c2fcf05	Data Engine	1.3 الاستيراد الذكي	954
F-000417	- إنشاء عمود مشتق	5851f21b93ac9ae7e8dc6d71c10c2130fef0ff3cea0133fe88c24ff946396558	Data Engine	1.3 الاستيراد الذكي	955
F-000418	- الفهم الأولي التلقائي للملفات	7be346287dd0196d79f96d55b23721aaf91f75041b6bf090291192132b170761	Data Engine	1.3 الاستيراد الذكي	956
F-000419	- تصنيف نوع كل ملف	72f7d1837d7a29a6328d15d6151e3deadd0e62026b6f1a255cfc9d300cf2b740	Data Engine	1.3 الاستيراد الذكي	957
F-000420	- استخراج الجداول	0f968ced909492f226b79802de64f53887718391101fd4efbda79ddfc8726ea1	Data Engine	1.3 الاستيراد الذكي	958
F-000421	- استخراج النصوص	a24441420145be6c3723254af7562729b4eb29ea94c61f732cb0a849fe7300a0	Data Engine	1.3 الاستيراد الذكي	959
F-000422	- اكتشاف العلاقات المحتملة	ade05f7be22b1028e0c6f2a1c4009a01d19f35cc684ae4997a2006ac3d4f6813	Data Engine	1.3 الاستيراد الذكي	960
F-000423	- تحديد المواضيع العامة	19a129e0afaac9667b5e843f2dcff87a88bb4349229b0f7b9707ebb1a5f0e8cf	Data Engine	1.3 الاستيراد الذكي	961
F-000424	- مطابقة حرفية 1:1 من أي صيغة إلى أي صيغة	cfba49d9cfb373a1faceee3e18b9d47bd8ce7fb443aa805a647929235b7c8bc9	Data Engine	1.3 الاستيراد الذكي	962
F-000425	- الكشف التلقائي عن نوع البيانات في كل عمود	1c1160aa3f0316c68ee86f9eedb590b5b7a83e2504871796005011c311dc1c4c	Data Engine	1.3 الاستيراد الذكي	963
F-000426	- الكشف التلقائي عن ترميز الملف ولغته	76b8b53ed0f41fc589a09a5e77dfc73b4cd13106a88efc09f22dda7fdab679c4	Data Engine	1.3 الاستيراد الذكي	964
F-000427	- دعم استيراد ملفات متعددة دفعة واحدة	3b1cfa7609ca41f0d93c2ac8a478823350c4cf897e12fc5af05c69f4c7deadd0	Data Engine	1.3 الاستيراد الذكي	965
F-000428	- دمج بيانات من مصادر متعددة في جدول واحد	350104e54c959e36fde1506bb53e9011c49f901b1edfe30cca070f91078a0923	Data Engine	1.3 الاستيراد الذكي	966
F-000429	- بحث عالمي من أي مكان في المنصة بالضغط على اختصار لوحة المفاتيح	80600f06f5685e7622345c132903f3d19e8bb9d8246923ff5e2fa41e63a86393	Data Engine	1.3 الاستيراد الذكي	967
F-000430	- بحث ذكي يفهم الاختصارات مع تصحيح تلقائي	1077e1b51535fe245460b74cd410adb9906f7db2d0e14bce6d9e53b01b623478	Data Engine	1.3 الاستيراد الذكي	968
F-000431	- فلاتر بحث حسب الوحدة والنوع والتاريخ والمستخدم	2d07951c2ae122c72480f1089b9e04355104cf5aace0c59b558bcfb814d1c0dc	Data Engine	1.3 الاستيراد الذكي	969
F-000432	- نتائج مصنفة ومجمعة حسب النوع مثل مراسلة وتقرير ومستخدم	a255ac7464aa3926d7b1b599f0639950e3be1e0ea43bb49873dd8b065d7f1809	Data Engine	1.3 الاستيراد الذكي	970
F-000433	- بحث داخل الملفات المرفقة	df00bd3d29d92413b9a98355c2a253b455622481ace7fb53db6e967da2dd6ce8	Data Engine	1.3 الاستيراد الذكي	971
F-000434	- حفظ البحث لاستخدامه لاحقا	571b11265379ad0781dbab88159212adfe22bfc7996a690a5f650ed39819da74	Data Engine	1.3 الاستيراد الذكي	972
F-000435	- اقتراحات فورية أثناء الكتابة	ebba07421cfea6f21050331f3e86f48cca907ac2f586af09f8283cd88541387f	Data Engine	1.3 الاستيراد الذكي	973
F-000436	- تاريخ البحث يحفظ آخر عمليات البحث	89258cf20603c63a39e0a0350e4699d066ca1e3409d0ec84a23e55adbb8162a0	Data Engine	1.3 الاستيراد الذكي	974
F-000437	- بحث دلالي مدمج مع بحث بالكلمات المفتاحية مع إعادة ترتيب النتائج	ef3c13b8c465142a293f2d39ee1fe868349abfac2eb05385931f1615f5967cae	Data Engine	1.3 الاستيراد الذكي	975
F-000438	- من نتيجة البحث يمكن تنفيذ إجراء مثل الفتح والمشاركة والتصدير وإنشاء مهمة	8595ea3756e7eadb0a0eb6872151760cec4319c64f09d5468530219f24026148	Data Engine	1.3 الاستيراد الذكي	976
F-000439	- بحث ذكي في مستندات المنصة مع مراعاة الصلاحيات	dc0bfa449413d08880288de5e6dae6f3ced2f32916fe75c3b4842d5db95c9d1b	Data Engine	1.3 الاستيراد الذكي	977
F-000440	- خطوات معالجة متتابعة للرفع والتحويل والتقسيم والفهرسة	c8f10753cd5d119336bc78699112b091eca3ec2c967af2b0568bdd2691eafa57	Data Engine	1.3 الاستيراد الذكي	978
F-000441	- مراجع واقتباسات داخل الإجابة مع روابط للمصدر	7f9edb2fbafc06a570fa96f9ad106e00e987b55251c771dc1355fbbf6cf6858b	Data Engine	1.3 الاستيراد الذكي	979
F-000442	- تقييم دقة الاستشهاد والتغطية وكشف الإجابات غير الدقيقة	5cec3bd50717c3f673b09fec51c04eee097dffebe6edbda1c27c3bd4b5498eb9	Data Engine	1.3 الاستيراد الذكي	980
F-000443	- تفضيل المصادر الرسمية والأحدث والأكثر موثوقية	245115d0951262e512bbe372bcb6eb977bdaa5f4d54a85256b4deeb381992914	Data Engine	1.3 الاستيراد الذكي	981
F-000444	- فهرسة متعددة المصادر تشمل الملفات والصفحات والتقارير والمراسلات والجداول المخصصة والموصلات	e19d7ba6a7c5eff0fd78d1074836a8be2aa3c2b0fc2990e8fa488d092ffaa2c9	Data Engine	1.3 الاستيراد الذكي	982
F-000445	- بحث متقدم نصي مع فلاتر متعددة وبحث في المرفقات	d9c9316e77da5d32c2ed3a1c67b696d8cf894664297ce81e9d12a0fc6196e1eb	Data Engine	1.3 الاستيراد الذكي	983
F-000446	- إنشاء تعبيرات تحليل البيانات (DAX) للمبدعين المتقدمين	3c1a0cae5b693ac3763cff19a7ea2e5302d2d4477846fe8c87449a4dfb9b3a68	Data Engine	1.3 الاستيراد الذكي	984
F-000447	- الكتابة السحرية (Magic Write)	603d66e82ea6c10915aebcbb95158fb7a7f60d4026b7c6783be0754cba939565	Data Engine	1.3 الاستيراد الذكي	985
F-000448	- الممحاة السحرية (Magic Eraser)	be4e974add386bac65bd787a2f2d6eb77fd25fe9fb9f3c33bb75532963af7386	Data Engine	1.3 الاستيراد الذكي	986
F-000449	- الحجم السحري (Magic Resize)	a4c2e6e4a02b1df4b71dbd228fd11267ba4cef98eca96540b53ef7a46c68709e	Data Engine	1.3 الاستيراد الذكي	987
F-000450	- إزالة الخلفية (Background Remover)	26f05826042ced2c73c107b9b3d17822e990adb9aa32d95527d91b95d57c66ca	Data Engine	1.3 الاستيراد الذكي	988
F-000451	- الرسوم المتحركة (Animations)	36a7b41e94af7d52cd6a078b43697a0fcab7eb423b9a57efced443931e149379	Data Engine	1.3 الاستيراد الذكي	989
F-000452	- التسميات التوضيحية المدعومة بالذكاء الاصطناعي (AI-powered captions)	70d934b1b49099b7f10b9958127a734da8ac57cf75cba9dd55e276907df5f93a	Data Engine	1.3 الاستيراد الذكي	990
F-000453	- التصميم السحري (Magic Design)	ddeb3fe8a33675bf66d3012b1cce024a23ddb005211a96e7ea48282f2f52ec8f	Data Engine	1.3 الاستيراد الذكي	991
F-000454	- مولد الصور بالذكاء الاصطناعي (AI Image Generator)	a56d7b02ac8dc81f902a90c0dd78a66a5af9f9c77bd0d846e05d1dafdd32fbf8	Data Engine	1.3 الاستيراد الذكي	992
F-000455	- مولد رمز الاستجابة السريعة (QR code generator)	c6d33a5bb60da75e086b840502100398d3a47c7f9462b1a26918cf614ea13663	Data Engine	1.3 الاستيراد الذكي	993
F-000456	- مولد الشعار بالذكاء الاصطناعي (AI logo generator)	f166b0da4ab1be114af97701ab4f480f8ca4890b79cd303f8b29780aa165dd5c	Data Engine	1.3 الاستيراد الذكي	994
F-000457	- مولد التوقيع (Signature generator)	a145596f2041906e49dc7ce238c6183880226d460f569333e3e0cbedd1437b04	Data Engine	1.3 الاستيراد الذكي	995
F-000458	- مولد اسم النشاط التجاري (Business name generator)	ea0ef0dd475d478ffc9551781616c35cf2c74f25fa41255e0676004dd6bf99bd	Data Engine	1.3 الاستيراد الذكي	996
F-000459	- أتمتة العلامة التجارية بالذكاء الاصطناعي	8e93d4572e3a52ec5c9e7fa2f8761babc951bdc6527627f2ad198b124fbf155d	Data Engine	1.3 الاستيراد الذكي	997
F-000460	- مولد التصميم بالذكاء الاصطناعي	d0a5db5ea2feb324ac6c6c0e57c1b54d444788afd2b10818b86be4f82192211a	Data Engine	1.3 الاستيراد الذكي	998
F-000461	- التحرير المدعوم بالذكاء الاصطناعي	9fd203aa30ac5c2f827a16e32bacdcf3463c676417d1607268e361a0af0b651b	Data Engine	1.3 الاستيراد الذكي	999
F-000462	- الرموز والصور التي تم إنشاؤها بواسطة الذكاء الاصطناعي	e75e9ffde0e4af8e6ce87c13fb93b0ec4d892b1648a402fc2c2392b9042122d1	Data Engine	1.3 الاستيراد الذكي	1000
F-000463	- أدوات كتابة النصوص والترجمة بالذكاء الاصطناعي	49d5e4c74fb9b5efee4b931c96e20f20c7bfc0fc03c33b870b51b9abf3df23e3	Data Engine	1.3 الاستيراد الذكي	1001
F-000464	- مدقق إمكانية الوصول بالذكاء الاصطناعي وأدوات الامتثال المرئي لـ WCAG	f147bea76b6bbe0cf8a74caa11c2a00a4a8ddc26ee0e9fe8cda17fbaea9abb1d	Data Engine	1.3 الاستيراد الذكي	1002
F-000465	- معدل الصور بالذكاء الاصطناعي	777829e7ac50b64cc7a076d83e4c4ec2f17d6ffff1dfe5bbc61c08fbb2f6dc2a	Data Engine	1.3 الاستيراد الذكي	1003
F-000466	- مكبر الصور بالذكاء الاصطناعي	fdf20c1779fefeb82bf1ebbecb6a19bf9f28269ab5e1e66c958ed5e77d2006fa	Data Engine	1.3 الاستيراد الذكي	1004
F-000467	- مزيل خلفية الصور بالذكاء الاصطناعي	0af13aae48e72e025a1bb875a68d9e58ee090e277fbc61d122c0165ab82c78f6	Data Engine	1.3 الاستيراد الذكي	1005
F-000468	- مرمم الصور بالذكاء الاصطناعي	e14819a3d4a28f471872e9c74454c61fcff16dd08c0ed7bc18365e1f0a75bac2	Data Engine	1.3 الاستيراد الذكي	1006
F-000469	- مزيل النص بالذكاء الاصطناعي	4642a11c5f68778dc2c7e55c02bd7e7c4119141281ea18767e6c876f738cf3c3	Data Engine	1.3 الاستيراد الذكي	1007
F-000470	- الحفاظ على المحتوى بالذكاء الاصطناعي	f02429dc7eeb48d503458c37ea3a8b3d4d36b0afbd97831dda3b480ebc575a1a	Data Engine	1.3 الاستيراد الذكي	1008
F-000471	- المخطط التفصيلي بالذكاء الاصطناعي	290fd6ee26f9dc684c1fb49a7a57409bb8da17e4d2ed5ae6ea700b08bba47bae	Data Engine	1.3 الاستيراد الذكي	1009
F-000472	- مولد الأيقونات بالذكاء الاصطناعي	349ff571d13aa75abd97b518ea892e78a81cab73f35f52f5861ded847e6eb226	Data Engine	1.3 الاستيراد الذكي	1010
F-000473	- استيراد ذكي للبيانات	b4faeaa268f413170133587aec632b3eb16f9975dfaa4c816dcbbb005a665074	Data Engine	1.3 الاستيراد الذكي	1011
F-000474	- تحويل الأسئلة باللغة الطبيعية إلى استعلامات بيانات معقدة	02fa0ea185e9e2e29b47aae3338331a7da99530323107b4073381bde68e496c8	Data Engine	1.3 الاستيراد الذكي	1012
F-000475	- تحويل الأوامر النصية إلى تحليلات وتقارير	4ce7a9df1f77ee420a1a87ec259cf06bd00ca1a13c97f04349801d98161af18e	Data Engine	1.3 الاستيراد الذكي	1013
F-000476	- تحويل الأوامر النصية البسيطة إلى تقارير مصممة بالكامل	4674e876374b70c7125d04085ace9539ab93fad9401957bd3373d390d74c42f7	Data Engine	1.3 الاستيراد الذكي	1014
F-000477	- تحويل الاستعلامات باللغة العادية إلى استعلامات SQL	332ffce943e833bdf39280c6e2bf708f0d2adfdb390ef7a51ebb19bebda371cf	Data Engine	1.3 الاستيراد الذكي	1015
F-000478	- تحويل البحث من مصادر متعددة إلى موجزات واضحة وقابلة للتنفيذ	372ce5c2a58f67c822edd3b87ed8c84b21531246ff763d1953f10731174352be	Data Engine	1.3 الاستيراد الذكي	1016
F-000479	- تحويل البيانات إلى مخططات شريطية ودائرية وخطية احترافية	747b05475060b71103ffe3a603cadde3bc5b2274a8b0fa059a7a5b01245dc8ce	Data Engine	1.3 الاستيراد الذكي	1017
F-000480	- تحويل البيانات الأولية إلى قصص جاهزة للعرض تلقائيًا	2e6388e232ab754545962c622b2f1eb0b98f547adcc8fda9708965b8be77bc98	Data Engine	1.3 الاستيراد الذكي	1018
F-000481	- تحويل البيانات غير المنظمة إلى روايات منظمة ولوحة معلومات تفاعلية	3f00c85e96efa96c220053561bdf94e21511ea90da0d7039353e80150fc762fa	Data Engine	1.3 الاستيراد الذكي	1019
F-000482	- تحويل البيانات والمستندات إلى تحليلات ولوحات معلومات وتقارير	74a72fa7c2176f0d1b651e343bdb6bd8194c52041af4c54ee84f513140550fde	Data Engine	1.3 الاستيراد الذكي	1020
F-000483	- تحويل التقارير بسهولة إلى شرائح PowerPoint	8522df0bc57b2ef2c3713b60c53f9964dd10c3dbd552afb81ea60010ba1fccb9	Data Engine	1.3 الاستيراد الذكي	1021
F-000484	- تحويل المحادثات والاستكشافات إلى تقارير وشرائح منظمة	d298df3dbae8a3b699151218e411c1176e2080b93c438ad7f8d7c5158ae0d578	Data Engine	1.3 الاستيراد الذكي	1022
F-000485	- تحويل الملفات أو الأفكار إلى تقارير واضحة وثاقبة على الفور	108673173fc903548706d4d8215eef573d21c0bc8a7c4afd8537666555fa4845	Data Engine	1.3 الاستيراد الذكي	1023
F-000486	- تحويل النص العادي إلى مستندات منسقة	622c79ce89eaa415e1548ab38a7cf90f7950fab38b21fa46ad9f55e681283ac7	Data Engine	1.3 الاستيراد الذكي	1024
F-000487	- تحويل تحديث حالة المشروع إلى عرض تقديمي أنيق واحترافي	6da257ee45fed01398c148d82c534990859825a6cd20f5dc0466f8c0746472f7	Data Engine	1.3 الاستيراد الذكي	1025
F-000488	- تحويل جداول البيانات إلى رؤى قابلة للتنفيذ تلقائيًا	e505fdb2b5eb54bd05468af77584413c7e37c9ea42a621a491f484b472eef0d7	Data Engine	1.3 الاستيراد الذكي	1026
F-000489	- تحويل جداول البيانات إلى شرائح متحركة	20ef5f5c6bee0ca59a434d4033beef1a2217198f5ac3ff60535ad5d75ca82cee	Data Engine	1.3 الاستيراد الذكي	1027
F-000490	- تحويل صيغ التقارير	fb0f84a71f1611eedebbc0ee721fba808dd99db19dd33b97ea482d9a8597b423	Data Engine	1.3 الاستيراد الذكي	1028
F-000491	- تحويل مؤشرات الأداء الرئيسية والاتجاهات والنتائج إلى عروض تقديمية مرئية واضحة	36f7ff513ee2a786ee5e902bf3abfdcaeed9713c4d937d6e79408bf5ac635d0a	Data Engine	1.3 الاستيراد الذكي	1029
F-000492	- تحويل مستند إلى عرض تقديمي في PowerPoint	178087f1b6ffb304b867950a9f898c71f7a2de2fe8854acab5d2a78f20f4855c	Data Engine	1.3 الاستيراد الذكي	1030
F-000493	- تحويل ملاحظات غير رسمية إلى تقرير رسمي	521e2870bed3d7cb1abf938bf3a4191f2edccd041be74f359fbdb6f62e514ea5	Data Engine	1.3 الاستيراد الذكي	1031
F-000494	- تحويل ملفات CSV و Excel إلى مخططات ولوحات معلومات وجداول زمنية متوافقة مع العلامة التجارية	b46a7c320e178eddd8c8985b95f8bbc559e0e96bae99aa6c5dae357cbf0edecb	Data Engine	1.3 الاستيراد الذكي	1032
F-000495	- تصدير بصيغة PowerPoint (.pptx) قابل للتعديل	ef37246e3207d110330ec56adb44699fbca55f9e8ac6351db7e5af9ebf836901	Data Engine	1.3 الاستيراد الذكي	1033
F-000496	- سحب وإفلات ملفات متعددة Excel دفعة واحدة	42122b1855e58a0bd2e990b9d494b74c2b1a85d35c8aa383052904453f353ac4	Data Engine	1.3 الاستيراد الذكي	1034
F-000497	- رفع 10 ملفات شهرية ودمجها تلقائيًا	c2e550d533b1d988e3b8026cd852c3a6cf7c85d72cc8225b20222db019890e42	Data Engine	1.3 الاستيراد الذكي	1035
F-000498	- الاستيراد الذكي والمتقدم	9dc4843a81357ca0075b38a31907169752b8559345583e61198d5886f75cb68a	Data Engine	1.3 الاستيراد الذكي	1036
F-000499	- رفع مجلد كامل وليس فقط ملفات منفردة	b07bedb4ddc6f193254e794cb5b3ce4f983095a87da051edce5b947fc82b9ce6	Data Engine	1.3 الاستيراد الذكي	1037
F-000500	- وضع الفحص قبل الاستيراد	36b706efa3e2aced1e71e6591dd10125111583b9d76f26bfc1727f9aa27c4635	Data Engine	1.3 الاستيراد الذكي	1038
F-000501	- تلخيص ملف ضخم في صفحة واحدة	0ffc0135a16d38fdd9ac66da5e3d5c3e36cfc3a0336cb6e07c0a8b86b08c1824	Data Engine	1.3 الاستيراد الذكي	1039
F-000502	- دمج 500 ملف ضمن 10 مجموعات تلقائيًا	4607795bb96e6a12da7dc68fbae276124b52680080643d2c229bea029c07e264	Data Engine	1.3 الاستيراد الذكي	1040
F-000503	- تحليل 500 ملف بدون تدخل يدوي	9742027566624fb7ab05a5c3d086a93dce5718f017659616d320a615de645603	Data Engine	1.3 الاستيراد الذكي	1041
F-000504	- نظام استيراد المصادر المتعددة	1c5c05d5dfdb323f71ae93fadcf1276e5243947c010057d98ec41ddfeaf5eb03	Data Engine	1.3 الاستيراد الذكي	1042
F-000505	- تقسيم ملف ضخم إلى عدة ملفات	1b9aedb625d54be83c278fd2dc9a187b5652a11cd9e6d50b0ae7fd6cd7dfc28d	Data Engine	1.3 الاستيراد الذكي	1043
F-000506	- رفع ملفات جديدة خاصة بكل خدمة	a827ec73de5ae123eea2735c8afafc0c93edadda473ae51a92bdbfd9c2db222e	Data Engine	1.3 الاستيراد الذكي	1044
F-000507	- رفع ملفات وتفريغها وتنظيفها وتوحيدها وتحليلها وإنشاء لوحات مؤشرات وتقارير وعروض تقديمية بضغطة زر	5ba061e48d63ae5208888899f68bac6803fec3c467ef84bd12e6642fd716fa9d	Data Engine	1.3 الاستيراد الذكي	1045
F-000508	- دعم استيراد القوالب الخارجية	1762d0b1d6bfcad270a6f331d671a5aad874a26003f3ab95feba3bf17480311b	Data Engine	1.3 الاستيراد الذكي	1046
F-000509	- تحميل جزئي وتدريجي للبيانات للعمل على ملخصات أو أجزاء محددة	b3d2088384f7a6e075bb67a0c2d3798c664f7a2d446491c61473ec95ad95e57e	Data Engine	1.3 الاستيراد الذكي	1047
F-000510	- دعم الجيل السريع المكافئ للمنصة: مخطط تفصيلي بنقرة واحدة ← شرائح، بيانات بنقرة واحدة ← إنفوجرافيك، PDF بنقرة واحدة ← عرض تقديمي قابل للتعديل	86aee89eac4a477c0be57ae534e35feda864f0f9eb8ca4243d7ec1a2a0200379	Data Engine	1.3 الاستيراد الذكي	1048
F-000511	- اقتراح تلقائي للمصادر، مؤشرات الأداء الرئيسية، التخطيط، وسير العمل	f1b2592085f682fc64b44e35607034d2afd4930122085273ff98db8961eb0cbd	Data Engine	1.3 الاستيراد الذكي	1049
F-000512	- تجريد الموصلات وواجهة الاستيعاب (Connector abstraction + ingestion interface)	d1df1a7f97a42ac3168496f6033883306153589946640d7492ec095c330ac837	Data Engine	1.3 الاستيراد الذكي	1050
F-000513	- تحميل كسول (lazy loading)	43ee96a20849ab291404ba29b5d74d158bd21a578788540de45bc2532caa2e89	Data Engine	1.3 الاستيراد الذكي	1051
F-000514	- تحميل القيم المحددة (المصطلحات، البنود، الغرض من الجمع)	d2a6c4d061251cb525b87a7a4b0ad66fb96101d90fe0c79ec04f326ea03cc805	Data Engine	1.3 الاستيراد الذكي	1052
F-000515	- نسخة أساسية: رفع Excel، عمليات دمج وتحليل، داشبورد بسيط	286b9716fc4c75e0112bae2b00e7e8914e9fc9ad666b04ce2715333f6b1a78a0	Data Engine	1.3 الاستيراد الذكي	1053
F-000516	- دعم استيراد قالب	62679cf3451696ab99300f168da599d4fc1f43b28f15ef2832cf3679f355d7d7	Data Engine	1.3 الاستيراد الذكي	1054
F-000517	- رفع وتحميل الملفات	ab68d718e1e34bae1f6251277e978ad05e850945a050e32dbf2069aae4d30850	Data Engine	1.3 الاستيراد الذكي	1055
F-000518	- سحب مجموعة ملفات اكسل إلى هذا الويب أبليكيشن	d861816ae0f52e015196be8dc9c6695d3b6fb4790d83a8d5a87a6a1f824a8d4f	Data Engine	1.3 الاستيراد الذكي	1056
F-000519	- تجميع الملفات المتشابهة معًا	99c9038a0439daed2b18420d1e086dd36fdc8b0f589e7306b5f19b1e280009b7	Data Engine	1.3 الاستيراد الذكي	1057
F-000520	- مجلدات كاملة	9b266b35fad968fe51f7682ea122684b274a7e9a7d38859e3cb1d20850b1ad3a	Data Engine	1.3 الاستيراد الذكي	1058
F-000521	- طبقة استيعاب البيانات	2b4335433323b3ec7db62afd7cb8ef15e06e18694c710fefac222ebad3b9422e	Data Engine	1.3 الاستيراد الذكي	1059
F-000522	- رفع صور ولقطات شاشة لتحويلها لمحتوى	79d0116d05866b2eb94670e90ef40b79aaee5d4908d1aef5a733d5915c9f950d	Data Engine	1.3 الاستيراد الذكي	1060
F-000523	- دمج محتوى خارجي	a647dee654b64d7aafd9ec24b52e7138dc96c7739b88f06d3579e70e417dafd0	Data Engine	1.3 الاستيراد الذكي	1061
F-000524	- دعم قوالب Excel	325c46e403f8775a7c889cd4581462c8be7c310dd7a41a00d0345f0e47857b7a	Data Engine	1.3 الاستيراد الذكي	1062
F-000525	- التعرف على نوع كل ملف تلقائياً: مبيعات أو موارد بشرية أو مشاريع أو مالية	3729a686e1d28e185f6b01b4d8c2293114e061ad2ea59c3f6cfcb7a7ac06f74a	Data Engine	1.4 تصنيف الملفات بالذكاء الاصطناعي	1068
F-000526	- تجميع الملفات المتشابهة في مجموعات	8a9ba3d5ab0ddda63668d89a879706c7b8fd06e826fc5995b60a1f878319fc93	Data Engine	1.4 تصنيف الملفات بالذكاء الاصطناعي	1069
F-000527	- عرض خريطة عامة تبين المجموعات والتشابه	af8533b9ddf26fc96f726d3e3f74d5a542d838853760f9b2dd8f9685320947bf	Data Engine	1.4 تصنيف الملفات بالذكاء الاصطناعي	1070
F-000528	- كشف اللغة المختلطة	5f355bbd25d2921f8ac3e81d08bb25b30a5b6393ffa2be86609f4620645cbfd9	Data Engine	1.4 تصنيف الملفات بالذكاء الاصطناعي	1071
F-000529	- فهم العلاقات داخل كل ملف	2cda71723ee64089b65afd915f62d6de3c9d1874086727df61124ae7946c2eca	Data Engine	1.4 تصنيف الملفات بالذكاء الاصطناعي	1072
F-000530	- تصنيف البيانات حسب السرية (سري – داخلي – عام)	9d556f23d9259b412f6ef3b6a09f731184cc13dedf96c74ab1bebde1b15666d8	Data Engine	1.4 تصنيف الملفات بالذكاء الاصطناعي	1073
F-000531	- تصنيف الملفات حسب النوع	3bbc526b7743c04137b6b1287ba261e622c398d1477ecbeb9d197b7691d5da9e	Data Engine	1.4 تصنيف الملفات بالذكاء الاصطناعي	1074
F-000532	- اقتراح أعمدة مناسبة للربط والدمج	3235dd07d3f316885a141be32bd1483a4d26f7163f82a66eca8dc5b338e52fce	Data Engine	1.4 تصنيف الملفات بالذكاء الاصطناعي	1075
F-000533	- اقتراح دمج الملفات تلقائيًا حسب التشابه	4ca2e95dd73b25d3ea43007c9429e9f3af1f328e573cbe4ce77bf7852a021910	Data Engine	1.4 تصنيف الملفات بالذكاء الاصطناعي	1076
F-000534	- اقتراح تنظيف بيانات معين	7f6a3a8c81451d799a82f5b32cb6aa0d3cd15f1f7111b313006541c314205bdb	Data Engine	1.4 تصنيف الملفات بالذكاء الاصطناعي	1077
F-000535	- اقتراح تقسيم ذكي تلقائي للبيانات	b74693f9c8594ae7b0d9e572d48dbb05236f138911280def955a8f7e4f7ace5d	Data Engine	1.4 تصنيف الملفات بالذكاء الاصطناعي	1078
F-000536	- اقتراح مفاتيح الربط وأنواع الدمج	7c1128d7409a9fbd83f7d5b9934e21a8d6b7d0986e646592a7f02a89807a4b09	Data Engine	1.4 تصنيف الملفات بالذكاء الاصطناعي	1079
F-000537	- اقتراح أفضل سيناريو دمج للملفات والجداول	0a59513e92b2d6df0c8a5e50b696493598cc6256f15aaefb5879d34337e55c2c	Data Engine	1.4 تصنيف الملفات بالذكاء الاصطناعي	1080
F-000538	- اقتراح تقسيم البيانات حسب السنة أو فاصل معين	d0e69d35947a9d7cbd68d6435208f593dee2aa8ff3b02ad5e5e2d5a4962a62e8	Data Engine	1.4 تصنيف الملفات بالذكاء الاصطناعي	1081
F-000539	- اقتراح أعمدة غير مستخدمة للحذف	04cc9acb8b729499dfb1eef51b821981da57578c972f5a4e400a1e19014479c0	Data Engine	1.4 تصنيف الملفات بالذكاء الاصطناعي	1082
F-000540	- اقتراح دمج أعمدة متعددة	c63bc2b00c5a02cb0acd67c7fc9415769e0c59d254208454e92be06ef18d0b32	Data Engine	1.4 تصنيف الملفات بالذكاء الاصطناعي	1083
F-000541	- اقتراح دمج جداول وأوراق متعددة	52e06049ab9a0a232190eb665315360a2f255fbbdcf88b8e26be366891f5b84b	Data Engine	1.4 تصنيف الملفات بالذكاء الاصطناعي	1084
F-000542	- اقتراح مفاتيح الربط والدمج في الوضع السهل والمتقدم	4db6f6777d96abab192b2b53c8fb73fb22aff135a752c5978fb468611dc0397e	Data Engine	1.4 تصنيف الملفات بالذكاء الاصطناعي	1085
F-000543	- تم اكتشاف 312 عمود متكرر	b986c8b9d515a8a016d79d627064faf7f8f3f494ad547bca75be32220c2ad033	Data Engine	1.4 تصنيف الملفات بالذكاء الاصطناعي	1086
F-000544	- إعادة تسمية الأوراق بذكاء	f18eb9aac75f637cea8884600ac28a13975d8fc704b66972cdec1f0081c3559d	Data Engine	1.4 تصنيف الملفات بالذكاء الاصطناعي	1087
F-000545	- ترتيب الأوراق	f84f8a459d317cd7deed7e09fcd02fe3edb2967b80abb586fa7abf740417cfcb	Data Engine	1.4 تصنيف الملفات بالذكاء الاصطناعي	1088
F-000546	- إنشاء قاعدة تصنيف ذكية للملفات عبر السحب والإفلات	da2761c7a62d22cea01f1d67597f90eeef8b9c8bdcbe76c54df86436259dd0f8	Data Engine	1.4 تصنيف الملفات بالذكاء الاصطناعي	1089
F-000547	- إنشاء خريطة معرفة (Knowledge Graph) للعلاقات بين الملفات والمفاهيم	956f2b78f69d024d2ac24e5d1617f7023fc8a5bb0135b6088d597c6242f06d42	Data Engine	1.4 تصنيف الملفات بالذكاء الاصطناعي	1090
F-000548	- تصنيف المستندات حسب المجال والدرجة	7cb35f395a00c561908f51f940b4813e6b07ff9812f5aaaf09a217c029053f4a	Data Engine	1.4 تصنيف الملفات بالذكاء الاصطناعي	1091
F-000549	- تصنيف البيانات تلقائيا إلى فئات	daced1e963a1f653aa366d7fc99dc3fbedc6f99f869294256b22fc81941c9171	Data Engine	1.4 تصنيف الملفات بالذكاء الاصطناعي	1092
F-000550	- فهم الجدول كنموذج دلالي وتحديد غرضه التجاري	b342febbee7a3df058ee3757df1b91b6de81d3e46a28ab025b6cb45609a5b294	Data Engine	1.4 تصنيف الملفات بالذكاء الاصطناعي	1093
F-000551	- تصنيف نوع الجدول تلقائيا سواء مالي أو تخطيطي أو إحصائي	e2bf8cc94e1f6615ccb9048aeb25c9a69931f335fc0ec96d3c887a0c07cc0193	Data Engine	1.4 تصنيف الملفات بالذكاء الاصطناعي	1094
F-000552	- تصنيف بوسوم وتصنيفات مخصصة	c4ea28538dc0da0a5957f969379a0aef42228930889303b75a33a2e9d80c3faf	Data Engine	1.4 تصنيف الملفات بالذكاء الاصطناعي	1095
F-000553	- تصنيف تلقائي واستخراج كلمات مفتاحية	cf345bbd9e064158e6b8fb9ee56389c06fbfe7eacf1153634ae5ee1b2d0e25a2	Data Engine	1.4 تصنيف الملفات بالذكاء الاصطناعي	1096
F-000554	- مطابقة المخططات مع النصوص	7b4761c256a6222d4ccb261e4ef93c78d80d0ea491820517c1bf2565d5ef5595	Data Engine	1.4 تصنيف الملفات بالذكاء الاصطناعي	1097
F-000555	- مطابقة 1:1 بصريًا دائمًا	60fc8f8412cf0f3706ee9d81091646efacee74fc0b5f4e7b09e07c434f150793	Data Engine	1.4 تصنيف الملفات بالذكاء الاصطناعي	1098
F-000556	- مطابقة حرفية 1:1	84475994b47961f0a4451aa2a5165e467e91932fe2f0c633561c1c54efdfe9c6	Data Engine	1.4 تصنيف الملفات بالذكاء الاصطناعي	1099
F-000557	- دعم Pixel-level parity	80f42f7707b5259a87d601b94ec63142bc58d4b0fa9c85f23abdd7fc0826ea19	Data Engine	1.4 تصنيف الملفات بالذكاء الاصطناعي	1100
F-000558	- إعادة بناءها 1:1	76d417039546e329633ff7e9753b7f832e50c6e705bab67ea8392095179256d0	Data Engine	1.4 تصنيف الملفات بالذكاء الاصطناعي	1101
F-000559	- مطابقة حرفية 1:1 من أي صيغة إلى أي صيغة	cfba49d9cfb373a1faceee3e18b9d47bd8ce7fb443aa805a647929235b7c8bc9	Data Engine	1.4 تصنيف الملفات بالذكاء الاصطناعي	1102
F-000560	- مطابقة 1:1 احترافية	2e9b08457949997f20cc1d646b6c15daaf41187154a894c4921dc12533c785c1	Data Engine	1.4 تصنيف الملفات بالذكاء الاصطناعي	1103
F-000561	- وضع نسخ صارم مطابق رياضياً	186773bdf251c37f041dc42653dd957b897dab4e2a964d238fa8ba33d81fc083	Data Engine	1.4 تصنيف الملفات بالذكاء الاصطناعي	1104
F-000562	- مقارنة بكسل-بكسل	0e030fdd7b6336f1753cb54e94f59a720987a62a95acdbdc21a3a2c01419d6d9	Data Engine	1.4 تصنيف الملفات بالذكاء الاصطناعي	1105
F-000563	- إعادة إنتاج خطي مطابق	e81bc3925aed937e9bbb498808ec342472941fbd589f5b9feccb29ad418e4b94	Data Engine	1.4 تصنيف الملفات بالذكاء الاصطناعي	1106
F-000564	- إعادة إنتاج بصري مطابق بنسبة شبه كاملة	776820dd036a8ba87e29a3d5a1ecb796c87f612a398287003f12e210b1c97d87	Data Engine	1.4 تصنيف الملفات بالذكاء الاصطناعي	1107
F-000565	- مطابقة دقيقة لمواضع العناصر	cc0686e9821168b5e6702104c2dc475b4333471e5d96dd0d9adf59728198516e	Data Engine	1.4 تصنيف الملفات بالذكاء الاصطناعي	1108
F-000566	- مطابقة الجداول المعقدة	493b9ffcfba79b728b6d245c9da715459b565c85557d7baa51ea6c62a2dc93a9	Data Engine	1.4 تصنيف الملفات بالذكاء الاصطناعي	1109
F-000567	- مقارنة بصرية بكسل-بكسل	f6424d0254a5b512126987ae87110097943daa19cb76cefa9b5f19bfdbedd736	Data Engine	1.4 تصنيف الملفات بالذكاء الاصطناعي	1110
F-000568	- دعم وضع نسخ صارم مطابق رياضياً	483fd6aae349915f53a9ac4aa1f57ec9944b8fc3777d0cc7f5225fde8068ad29	Data Engine	1.4 تصنيف الملفات بالذكاء الاصطناعي	1111
F-000569	- مطابقة الهوية البصرية العربية	970ae41023b008c4a91842342f099e0a0ebd285590c3c07d12a5cbd14c10e0ad	Data Engine	1.4 تصنيف الملفات بالذكاء الاصطناعي	1112
F-000570	- إعادة إنتاج بصري مطابق بنسبة عالية	d5bbac475decc7c42c60089e0e1de99d1fd4966305feda3bf4a25350a6d561cc	Data Engine	1.4 تصنيف الملفات بالذكاء الاصطناعي	1113
F-000571	- إعادة إنتاج مطابق حرفياً 1:1 دون أي اختلاف بصري	81474ee0e450d71fa7921c8c3e49d8bcd5024ff7cb1a8766e128a1b9a82f0cb1	Data Engine	1.4 تصنيف الملفات بالذكاء الاصطناعي	1114
F-000572	- تطابق المحاذاة الدقيقة للبكسل الواحد	332117bbefa87ac0b4696c5dcb6ab0cdaec7c5ca0d8983a1f9e2010186ea568a	Data Engine	1.4 تصنيف الملفات بالذكاء الاصطناعي	1115
F-000573	- تطابق بكسل-بكسل (Pixel-to-Pixel Matching)	dce9d987d55d4bd792ea8de2b4647bcadb684603b9735f7723a1795048ebe693	Data Engine	1.4 تصنيف الملفات بالذكاء الاصطناعي	1116
F-000574	- تطابق بصمة التخطيط الرقمية للمستند	a1d3163cbdb5719db6eceb01128cbc1b203fa5932a38e74e539eec5eed658c4d	Data Engine	1.4 تصنيف الملفات بالذكاء الاصطناعي	1117
F-000575	- جميع عمليات التحويل تعمل بوضع STRICT 1:1 افتراضياً	c79dc51ecf7d419cb9c5bf482a8110d44876351b739f4563c5a2872adde6187a	Data Engine	1.4 تصنيف الملفات بالذكاء الاصطناعي	1118
F-000576	- لا يُسمح بتحسينات جمالية تلقائية في وضع 1:1	8f11adac6fdc251d9ae8aa50550401a954f6fa4bb4b582e441da48d021c0f51e	Data Engine	1.4 تصنيف الملفات بالذكاء الاصطناعي	1119
F-000577	- الناتج يجب أن يكون مطابقاً هيكلياً وبصرياً ورياضياً	977dadf041fb1a7523419100ddb5789098807fe822f3b13bc1be25054b382473	Data Engine	1.4 تصنيف الملفات بالذكاء الاصطناعي	1120
F-000578	- إعادة بناء مطابق بكسل-بكسل	d88d05fdb3c0ea0e4cf590c83e3f679f93cb4773f5b68a9d4e76623571ca48d6	Data Engine	1.4 تصنيف الملفات بالذكاء الاصطناعي	1121
F-000579	- إعادة بناء مطابق حرفياً	fe69ffe7d722551494acc47278d3d5d5f29b2e8abb6fc0a76db32fcf5c933911	Data Engine	1.4 تصنيف الملفات بالذكاء الاصطناعي	1122
F-000580	- تطابق الإحداثيات حتى مستوى البكسل	cf45db509c11d7084064f0a79f1efea809557e33ec84acab9b0370c2a1c95eb3	Data Engine	1.4 تصنيف الملفات بالذكاء الاصطناعي	1123
F-000581	- مقارنة بكسل-بكسل إلزامية	db1bd2d854c4eca5ac45deadaffcbbed2e8128c52d256c56758f1c0ea110473a	Data Engine	1.4 تصنيف الملفات بالذكاء الاصطناعي	1124
F-000582	- مقارنة بصمة التخطيط	9e3323c06ae3c2d5fa43c5d2af3aab2a093d7733e561ef98fc5cbc9287ccf545	Data Engine	1.4 تصنيف الملفات بالذكاء الاصطناعي	1125
F-000583	- تسجيل تقرير مطابقة رقمي	f2d7c8524e1a5823aafe1d0a96545bfd6c2bfd2df2dea6bfa8341722205edcbe	Data Engine	1.4 تصنيف الملفات بالذكاء الاصطناعي	1126
F-000584	- تحديد مستوى النسخ المطابق لكل طلب	9a7c298fe7ef1c1c1d42d3a6b4566416aade35d4d53ab1ed52be985684a6d5fc	Data Engine	1.4 تصنيف الملفات بالذكاء الاصطناعي	1127
F-000585	- انحراف بكسل لا يتجاوز ‎0.1%‎	148aca764b19aa31383205b79e52e60e6f547eb9599d616d16f7025f6676fa86	Data Engine	1.4 تصنيف الملفات بالذكاء الاصطناعي	1128
F-000586	- تطابق بصمة هيكلية ≥ ‎0.999‎	f7289cc81099e6c869226aaa11204262518cfb311fb1ec66cce7b712d3dace56	Data Engine	1.4 تصنيف الملفات بالذكاء الاصطناعي	1129
F-000587	- الحفاظ على عرض الأعمدة بالبكسل	f347172e0bf747c791d20665de49eb7163a14c9a5c1c56b1eb2c93cf446455e5	Data Engine	1.4 تصنيف الملفات بالذكاء الاصطناعي	1130
F-000588	- مطابقة بصرية مكافئة بدلاً من مطابقة بكسلية	d779b46985a88e08eba813e7f54f6a2ea4fb4f2cdb951bb4ad4cbb7e80a367ac	Data Engine	1.4 تصنيف الملفات بالذكاء الاصطناعي	1131
F-000589	- انحراف بكسلي لا يتجاوز ‎0.1%‎	b81005d010013cd2a753975011d1452179abbaa0f4db01d6a18d9081f9b24a5c	Data Engine	1.4 تصنيف الملفات بالذكاء الاصطناعي	1132
F-000590	- تحقق مزدوج: بكسل + بصمة هيكلية ≥ ‎0.999‎	d3b3de2bc4cb9d6fb1ceee1cae568c7b4c1a4869cd120a763a88b98c3c4b50eb	Data Engine	1.4 تصنيف الملفات بالذكاء الاصطناعي	1133
F-000591	- تقييم DAG للمعادلات	73920d436aae8f35be16dca7c7826d2e7511850dc12ac697819be95be8a05583	Data Engine	1.4 تصنيف الملفات بالذكاء الاصطناعي	1134
F-000592	- النسخ الصارم ينتج مطابقة 1:1	ff58c69a580548ca279300f7c7b0bdff36d8533c4568868108fe3ec9100feaed	Data Engine	1.4 تصنيف الملفات بالذكاء الاصطناعي	1135
F-000593	- يحافظ على المطابقة 1:1 الصارمة	cc71684e13b32fc8cde75ff6f532124297d9348926ef1d2f5c855b47dcc25049	Data Engine	1.4 تصنيف الملفات بالذكاء الاصطناعي	1136
F-000594	- مطابقة 1:1 رياضية	a25177eb0c54565fae0175bc971a6c772c957dd467dabeba583c944b86c57ca5	Data Engine	1.4 تصنيف الملفات بالذكاء الاصطناعي	1137
F-000595	- إعادة بناء Formula DAG	b5005c73700968a9828183eef90c7f7c73700aecbc4bb83eaddb26b4a045e9e5	Data Engine	1.4 تصنيف الملفات بالذكاء الاصطناعي	1138
F-000596	- الحفاظ على pixel column width	2f17bb00ef4b3dfefdae29508c3065750c60cbb7377822c381a709b0d77de64c	Data Engine	1.4 تصنيف الملفات بالذكاء الاصطناعي	1139
F-000597	- الحفاظ على مطابقة هندسية مطلقة	763e5e1533e9cc66d5bf962f8833beecc2ad2a721316b0e53e02e2d53a274fc5	Data Engine	1.4 تصنيف الملفات بالذكاء الاصطناعي	1140
F-000598	- يتم التحقق من هذه العلاقات وليس فقط البكسل	08d0ebae515eede7a15f933617f1249fe4d17359426886f59c6e2d8de4169bb1	Data Engine	1.4 تصنيف الملفات بالذكاء الاصطناعي	1141
F-000599	- دعم المصفوفات الديناميكية	2adea009d9974bac67dca20d0cd69b2b4b2c51e1fc5347d42d0d6e6dd992b169	Data Engine	1.4 تصنيف الملفات بالذكاء الاصطناعي	1142
F-000600	- التعرف على الخطوط المستخدمة ومطابقتها	953c09716434e1c488dbba4544283851710984fb569272179edaf9fc24442eb1	Data Engine	1.4 تصنيف الملفات بالذكاء الاصطناعي	1143
F-000601	- تمثيل موحد داخلي لجميع أنواع المستندات بسبع طبقات	3d847826f5be93a557f96524b129238dd633578d19a7973c67e213e031b48504	Data Engine	1.4 تصنيف الملفات بالذكاء الاصطناعي	1144
F-000602	- تجميد التمثيل الداخلي بعد اكتماله ومنع تعديله	a4430a5f4424d64c6ca1d712ebc3be1df399affb65328c258e78b4c128ff899e	Data Engine	1.4 تصنيف الملفات بالذكاء الاصطناعي	1145
F-000603	- واجهة استعلام باللغة الطبيعية (NLQ).	6cc6f41fa7e353dada8c7c25854e0cfc400905b1ea30446c98d4b6718580a8a1	Data Engine	1.4 تصنيف الملفات بالذكاء الاصطناعي	1146
F-000604	- تصنيف الملفات بالذكاء الاصطناعي	af799daf003d08785b8f4a8c3d814d0062b332b2d5f362822ffe8d6e4a57356f	Data Engine	1.4 تصنيف الملفات بالذكاء الاصطناعي	1147
F-000605	- تصنيف ذكي للملفات حسب الأهمية	818db2e025761f6f0fe2012247ae2e9ee4e270e22d77955f8f6280e8440d796f	Data Engine	1.4 تصنيف الملفات بالذكاء الاصطناعي	1148
F-000606	- عرض أسماء الملفات والأوراق والأعمدة	95e80da8f252c8603411d03bc03308cfd986f7b5efff77a9a599c528742d9193	Data Engine	1.5 القراءة التفاعلية	1154
F-000607	- إذا طلب المستخدم الأعمدة فقط يعرضها فقط	cc611abe5d383de086d5d90240335101d2e64af131dcc6c22b7b17edecbb495e	Data Engine	1.5 القراءة التفاعلية	1155
F-000608	- إذا سأل عن العلاقات يعرض خريطة العلاقات	ec563d22c64db0fb1eab765061fb48f293900cb883d5e02cd20dcbc55d554b7f	Data Engine	1.5 القراءة التفاعلية	1156
F-000609	- يمكن بالسحب والإفلات الدمج مباشرة	a464d07273be629cb91c35dec5ae63c4f82a18f0f9b3053c21ca48b864d5336c	Data Engine	1.5 القراءة التفاعلية	1157
F-000610	- إنشاء قصة بيانات (Data Storytelling)	5d24512b753ef6baeb99c93a440520697a62cab55b30b80d262689c767f5096f	Data Engine	1.5 القراءة التفاعلية	1158
F-000611	- تحويل البيانات إلى قصة تفاعلية	9387448b03064db074ce170e39a5e7ff17ae3125f5018f325f5593dce1530a6e	Data Engine	1.5 القراءة التفاعلية	1159
F-000612	- حساب density-preserving sampling للحفاظ على شكل المخطط العام	7a9387363ca3b665c4442b9363762150977ace803b8f8d194491cf60220dff28	Data Engine	1.5 القراءة التفاعلية	1160
F-000613	- اقتراح إعادة ترتيب وتقليل التشويش لتحسين العرض	3f83299fd4e30f7d93de73be98a86f51521057e141a3ec15802dac67304239ce	Data Engine	1.5 القراءة التفاعلية	1161
F-000614	- وضع الاستجواب الذكي لطرح أسئلة نصية واسترجاع بيانات محددة	e6bffd69622cd3dc727afbbd143a1e79e018dcfd74a63b2f80f4c02488846c86	Data Engine	1.5 القراءة التفاعلية	1162
F-000615	- الوضع السهل (Smart Mode)	ed185b62ce77b6e95db708346624baaf7aa3a554718d5d61bbc420c997169055	Data Engine	1.5 القراءة التفاعلية	1163
F-000616	- الوضع المتقدم (Pro Mode)	425c667ea08ea448d8ecefd7009e9a72afc8654768a84c57ca27d8c8c0ebdf92	Data Engine	1.5 القراءة التفاعلية	1164
F-000617	- واجهة استكشاف بيانات تفاعلية	f0d1b26a488a0a302e348143fa8dad5fade95b05d6237bb27fd4eadd5a2c87fb	Data Engine	1.5 القراءة التفاعلية	1165
F-000618	- القراءة التفاعلية	0dde67ae1646406697e2407840b8dbf7494f542bff6fd4f35a20f1de8cf03fcb	Data Engine	1.5 القراءة التفاعلية	1166
F-000619	- تضمين المخططات والمرفقات والمصادر الحية	394ef30fa8c0d1e1513a698d59b5f8b9b16990246f6cc5585aa9677bba4250e7	Data Engine	1.5 القراءة التفاعلية	1167
F-000620	- تضمين لوحات المعلومات في أي مكان	535fdfee905d84c5bf5cce076c29492f898cf483974f7a591093709426012f0f	Data Engine	1.5 القراءة التفاعلية	1168
F-000621	- تعديل النص ببضع نقرات فقط	9bd08674921c354842821d0f943b767b3dcf2e57edf881e85041d9f091721e93	Data Engine	1.5 القراءة التفاعلية	1169
F-000622	- تعديل النص لتحقيق الرسمية والنبرة والطول المناسب	51e7c64820a86be488d053665a76c0697ac49b33016fe3ec8dbfd6c8151fafd1	Data Engine	1.5 القراءة التفاعلية	1170
F-000623	- تعديل نبرة التقرير	5fc674c835e2086aadc1ee3f5ec0312a7c2e3bba84deb2fc73b10466ab319d4d	Data Engine	1.5 القراءة التفاعلية	1171
F-000624	- تعديل وتخصيص التخطيط والنص والعناصر المرئية	5e97c334f241d8fa7840b58bf4f0145515797a7279a7de2b85eae378d018ad67	Data Engine	1.5 القراءة التفاعلية	1172
F-000625	- تقديم اقتراحات ذكية لتحسين وضوح الكتابة وتأثيرها	3f728d65b29fdb77ad96c0543664856db3b1ea43df9c463e6cec6ad0944dcda4	Data Engine	1.5 القراءة التفاعلية	1173
F-000626	- تقديم اقتراحات لضمان وضوح الكتابة وخلوها من الأخطاء	85145e98d5beb41866f4619e5b34ac2817dde5fb482ef875f54d00142ca3b70b	Data Engine	1.5 القراءة التفاعلية	1174
F-000627	- تقصير الفقرات الطويلة أو التوسع في الموضوعات المعقدة	370a36124bb5c264b7a64b6f611badfee03b7cc32ffcf2f84f749e01db549f8a	Data Engine	1.5 القراءة التفاعلية	1175
F-000628	- قراءة ذكية لكل ملف	58423fc34b34ee542023f0569c2d4c99e84f1f42ce34cb2520aa0d5dc8f49535	Data Engine	1.5 القراءة التفاعلية	1176
F-000629	- قراءة النصوص والأرقام من الصور (تقارير، جداول، إيصالات)	76ec868f29a2ecfc062cfe2c7732e4ff2754a69c1be8a5770b15f075d983ad7b	Data Engine	1.5 القراءة التفاعلية	1177
F-000630	- قراءة ملفات متعددة الأنواع معًا	ba354dc5d8fafb597590ee0b1c8a920921dc9f807c8b2d5d8f059f89d2c3077e	Data Engine	1.5 القراءة التفاعلية	1178
F-000631	- تحليل البيانات دون تحميلها بالكامل في العرض	a3de0a064e6c4c69dbfad6340c5e08e6b0e31825e2ac403c374498e2d1aefed9	Data Engine	1.5 القراءة التفاعلية	1179
F-000632	- الترابط الزمني والمنطقي بين البيانات من مصادر مختلفة	79edddd44e68bc7369a7f3fe1aebd3c6b83ffa2fb1561140eb7b4ec4be64c2fc	Data Engine	1.5 القراءة التفاعلية	1180
F-000633	- ملفات نصية ومستندات (Word, PDF, نصوص خام, تقارير رسمية)	1397a3d6aa111956aa09a49e974f210caedb47804cbc70ac7e821edfa279c0a5	Data Engine	1.5 القراءة التفاعلية	1181
F-000634	- القراءة الذكية متعددة الأنواع	b96d21f67a03b6627691b2971ae03eaee9b2f518c73f86d5c5fc5a20c119d8bb	Data Engine	1.5 القراءة التفاعلية	1182
F-000635	- استخراج البيانات داخله	3657a659b325269137c8bb83a6ae29c5a4dd13799c1f28f18ea1650586ae672d	Data Engine	1.5 القراءة التفاعلية	1183
F-000636	- القراءة الذكية	0261f7d8c3bbc433cb17b1d7a7fc1af7e094abd68094ebe3e0ff05b014d8eba4	Data Engine	1.5 القراءة التفاعلية	1184
F-000637	- عرض أسماء الملفات	943467d0452e21eb8cc04c9b32ce9caacfb97900f21971951d30a32256d4a76a	Data Engine	1.5 القراءة التفاعلية	1185
F-000638	- قراءة أي ملف	ae564af0a87d0ac3300b32909c7f8bb07f0d949cb9655d05787157ccdbe2ed7a	Data Engine	1.5 القراءة التفاعلية	1186
F-000639	- استخراج النصوص	a24441420145be6c3723254af7562729b4eb29ea94c61f732cb0a849fe7300a0	Data Engine	1.5 القراءة التفاعلية	1187
F-000640	- تفهم أي نوع ملفات	173b5bfdf8db3a27f117c5b21faba881e0e6aff083338d7f4a7345d8f5cbf24c	Data Engine	1.5 القراءة التفاعلية	1188
F-000641	- القراءة المتعددة	e553c2ca1fa49bc14a26200d1acd00c6e217be0ac90782c9c152276553c65d2b	Data Engine	1.5 القراءة التفاعلية	1189
F-000642	- قراءة PDF	4a519aa075ddf3cb46b6117f2374c5652a42de89a4512292a9a660f4a66aac1f	Data Engine	1.5 القراءة التفاعلية	1190
F-000643	- استخراج من صورة فقط	1908862834c1551610f074f5349e92a895efe4f3d70325a9efbb0cc82aa153f5	Data Engine	1.5 القراءة التفاعلية	1191
F-000644	- استخراج من PDF	f14cee1a15363d8318a936ed2f0e7eaf8e6a07f66d18f9ef2cff48b43c50d72e	Data Engine	1.5 القراءة التفاعلية	1192
F-000645	- استخراج من PPT	a766fdc01be269bce6431f6fa24ddeed4ac985ee716d4bc407d5110618c33e2c	Data Engine	1.5 القراءة التفاعلية	1193
F-000646	- استخراج من Excel	268aed82a5a9b7729985c033cd5f8fbcc469ad8b48fdca24b227529ccb042406	Data Engine	1.5 القراءة التفاعلية	1194
F-000647	- قائمة موحدة بكل الأعمدة عبر جميع الملفات	49bdd6057015393012791b587f8c61b91bb71dbbe1682b7d1b8a7ff52af6df48	Data Engine	1.6 مركز التحكم بالأعمدة	1200
F-000648	- بيان مصدر كل عمود	cbb178419b093faf0a7a71952233136b6748f8bf83a16411afa79ea223823db6	Data Engine	1.6 مركز التحكم بالأعمدة	1201
F-000649	- نسبة القيم المفقودة وعدد القيم الفريدة	8a0691e480d5c3e59c6abc643b9dbcd6b5b8cf578bebc569f8dc79598d21ad95	Data Engine	1.6 مركز التحكم بالأعمدة	1202
F-000650	- اكتشاف الأعمدة المتشابهة حتى لو اختلفت الأسماء	c78f9f0bb316fc89b88a28ee9fef6097ceec0ed66be46c45bc898bc2ab58ffec	Data Engine	1.6 مركز التحكم بالأعمدة	1203
F-000651	- سحب عمود من ملف وإفلاته على عمود آخر للربط	9c2b9200e2cd469bce31cf79200ea692236524d9cf944bfac7ab8691a2eb4274	Data Engine	1.6 مركز التحكم بالأعمدة	1204
F-000652	- دمج نصي ورقمي ومشروط ومتعدد	c087dd707886abea8f5c35491a2d588a900d01245d9ac955c602c1a0689ae21a	Data Engine	1.6 مركز التحكم بالأعمدة	1205
F-000653	- فصل الأعمدة: اسم كامل إلى أول وأخير أو تاريخ إلى يوم وشهر وسنة	80272d4f910cb11fb273de52ed1a2c49bf857b81e3bc711aee190d26cd9b27e1	Data Engine	1.6 مركز التحكم بالأعمدة	1206
F-000654	- إعادة تسمية يدوية أو تلقائية جماعية	86287218ba82c49d31898a6004c9525dc3f7c0046e5ace1f2670237adb612597	Data Engine	1.6 مركز التحكم بالأعمدة	1207
F-000655	- إنشاء أعمدة مشتقة وتحليلية	50d5b34f4dfedae19d83fe09ce1a11b24d7a68fa8b251dc6faaf7f3441b24d39	Data Engine	1.6 مركز التحكم بالأعمدة	1208
F-000656	- خريطة أعمدة بصرية تعرض العلاقات	7d00083f7bfa270763d64088d39e4fa0937869e0f40c580a100163c89fbe089b	Data Engine	1.6 مركز التحكم بالأعمدة	1209
F-000657	- عرض شامل للأعمدة ونسبة القيم الفارغة وعدد القيم الفريدة	d58b0b5ac4ae66cfeb309fbfece189468a8b6b8a397ba24b8ab201933a9abfd2	Data Engine	1.6 مركز التحكم بالأعمدة	1210
F-000658	- عرض أسماء الملفات والأوراق وخريطة العلاقات بينها	4dd207244963cb66f34976a7a0baefaedcd60f3d8b180020a6e371b1410f85e2	Data Engine	1.6 مركز التحكم بالأعمدة	1211
F-000659	- عرض عدد الصفوف	209e922d5ce75a306a7501a2acb70470320dc99300404e7657e9e7ce36755acf	Data Engine	1.6 مركز التحكم بالأعمدة	1212
F-000660	- سحب عمود وإفلاته على عمود آخر	11e3a11827e22d3e5b34cb508065efb5a040b9c74ae2fb875ccaa3c53544952a	Data Engine	1.6 مركز التحكم بالأعمدة	1213
F-000661	- اقتراح إعادة ترتيب الأعمدة تلقائياً	d9106a46d6689050af32309b7b8dcb90b30c4345426e79db2f574cf5c22d5da9	Data Engine	1.6 مركز التحكم بالأعمدة	1214
F-000662	- اقتراح تقليل التشويش في العرض	4dd334e75d53285f22e96925e9d647b3e589bfb1d731da129b088e3dfa89ce0c	Data Engine	1.6 مركز التحكم بالأعمدة	1215
F-000663	- إدارة أوراق العمل بإعادة التسمية وإزالة الأوراق الفارغة	4818a198502eb8be26089212e6082abf652f20e5fad39c8f51c1c03c8de3db16	Data Engine	1.6 مركز التحكم بالأعمدة	1216
F-000664	- سحب لإنشاء جدول، مقارنة، إضافة إلى تحليل مع رؤية مباشرة لجميع العمليات	5b644b9dafd40bfafc04c87dd2ba4ed36ce9e94720d890a119cf144f861bcdc4	Data Engine	1.6 مركز التحكم بالأعمدة	1217
F-000665	- تثبيت أعمدة وصفوف عند التمرير	297aa73bf7318a39b9bf3c7aeb9db06f546f4575891fa0a0876da492eb26e7b7	Data Engine	1.6 مركز التحكم بالأعمدة	1218
F-000666	- مقارنة ملفين واكتشاف الفروقات بينهما	edb4f99979fde2c0e713e5d50999f624bbe914f61c4013e00de2d046b8fd2685	Data Engine	1.6 مركز التحكم بالأعمدة	1219
F-000667	- معاينة سريعة مع إحصاءات عن القيم المفقودة والمكررة والشاذة	1b0b006e904da23c40b4125f82f836994d6d7069e11d4a305d00e21706bf0134	Data Engine	1.6 مركز التحكم بالأعمدة	1220
F-000668	- مقارنة الفروقات بين نسخ الملفات مع سجل تدقيق	0ec5ea73315d2889390493ce0d526b1c03ea74cba2652132b5531946f15b31e7	Data Engine	1.6 مركز التحكم بالأعمدة	1221
F-000669	- سحب وإفلات أعمدة من ملفات متعددة لبناء جدول هدف	9a8253c0121ed810c85e65121e1dcd377f1e66c82dc1b79ea7b2ee5335b8c6bf	Data Engine	1.6 مركز التحكم بالأعمدة	1222
F-000670	- معاينة البيانات قبل الاستيراد	afd3929adbce65e970d0732cce54671f4b63e5bb3732f16071ecbe771a511734	Data Engine	1.6 مركز التحكم بالأعمدة	1223
F-000671	- مركز التحكم بالأعمدة	67a38fa579fde82e6bad817e65381a4c1498945ae263e8bc92d11039c3b9d917	Data Engine	1.6 مركز التحكم بالأعمدة	1224
F-000672	- واجهة بدون كود وتصورات تفاعلية	3caf091378ea40fd8c535226df941dc29128145983a106d374c330b716d75290	Data Engine	1.6 مركز التحكم بالأعمدة	1225
F-000673	- إنشاء محتوى مباشرة داخل الأعمدة (AI Column)	e438047b7fd387f80c38508478e2c746096d0fe92bf3a2acd60e8f839f674055	Data Engine	1.6 مركز التحكم بالأعمدة	1226
F-000674	- اختيار أفضل تمثيل مرئي للبيانات تلقائيًا	a87b43a62460b240b273fc6f83469e7e04c93a3a096d9a6a288e19420e648001	Data Engine	1.6 مركز التحكم بالأعمدة	1227
F-000675	- اقتراح أفضل الرسوم البيانية بناءً- على البيانات	f827d51d11e13e07227f01617ff8562a9f0dd3a40558d1f8f4e96c0009e12a8b	Data Engine	1.6 مركز التحكم بالأعمدة	1228
F-000676	- تحديد نوع المخطط المثالي لمجموعة البيانات تلقائيًا	e77d28fb549ebc44f5eb165fc8013afa5feabb1d2040f8432696b0084bfde408	Data Engine	1.6 مركز التحكم بالأعمدة	1229
F-000677	- اكتشاف الأعمدة وأنواع البيانات والقيم الشاذة والنواقص تلقائيًا (Auto Profiling)	d375925a215c59aa7fca129ab5d0b1fb64db196e9b388590afb4c92e1ccfeace	Data Engine	1.6 مركز التحكم بالأعمدة	1230
F-000678	- ربط الملفات تلقائيًا عبر أعمدة مشتركة (Smart Join Suggestions)	dea05ac21ff48ab229227373df864f6895bc74eaf88b78479248fda1b19f0132	Data Engine	1.6 مركز التحكم بالأعمدة	1231
F-000679	- إنشاء أعمدة محسوبة ومشتقة (Calculated/Derived Fields)	f4752a5098ad7ca28e80a929b972c8a99a31379d8440264efdef5c0f1891a028	Data Engine	1.6 مركز التحكم بالأعمدة	1232
F-000680	- اختيار الأعمدة مباشرة للرسم البياني	02a32fdb52581740797d20af769e861d6e87f357c4ac30230c19d2327551c925	Data Engine	1.6 مركز التحكم بالأعمدة	1233
F-000681	- مركز التحكم الذكي بالأعمدة (Column Intelligence System)	87a3344ba64c8b758513d90fb2f8ed3f2d48a02a8e038d78b6a91a50da18755e	Data Engine	1.6 مركز التحكم بالأعمدة	1234
F-000682	- سحب عمود من ملف وإفلاته في ملف آخر لربطهما	61d40060eff911c81e53dd71a3a07ff8d70ec77e30033fcf417a644c13330523	Data Engine	1.6 مركز التحكم بالأعمدة	1235
F-000683	- إعادة تسمية الأعمدة (يدوي، جماعي، أو تلقائي بالذكاء الاصطناعي)	47833fa31925c18d7eb216c09714403b21f7689ff6aeb49bfacea15b79bbe139	Data Engine	1.6 مركز التحكم بالأعمدة	1236
F-000684	- تقسيم عمود إلى عدة أعمدة	57a84f3ed4b16a5a563de8a086e119d43b6aac5d10a844f87659fdf4482517f5	Data Engine	1.6 مركز التحكم بالأعمدة	1237
F-000685	- دمج عدة أعمدة في عمود واحد	44b948c61f12837f795722902e63dfa6dc2e8e40f1dae18bdeb33ad57a9a808b	Data Engine	1.6 مركز التحكم بالأعمدة	1238
F-000686	- اكتشاف الأعمدة المتشابهة التي تمثل نفس الشيء رغم اختلاف الاسم	f5f54697ceeaaae9249419c175f195b84cdef62b4e1f62555adc7c864fc8b0d2	Data Engine	1.6 مركز التحكم بالأعمدة	1239
F-000687	- خريطة الأعمدة لفهم السياق والعلاقات بينها	30a9adf9b62eeef9b07d324006cb3076c7a995137c2046da150120eaa99bd60a	Data Engine	1.6 مركز التحكم بالأعمدة	1240
F-000688	- مقارنة محتوى عمودين	880f657785ac4a3c9aaa8a81dad7f8c3d916cc1ed519194280c5f95222fc11fd	Data Engine	1.6 مركز التحكم بالأعمدة	1241
F-000689	- اقتراح وحذف الأعمدة غير المستخدمة أو غير الضرورية	e94b9102fa9bb39297d588a9680db5d9ad52306ebfd545b127a73812c2bc856a	Data Engine	1.6 مركز التحكم بالأعمدة	1242
F-000690	- قائمة موحدة بكل الأعمدة عبر جميع الملفات مع بيان مصدر كل عمود	34f68e545a06703da13478830a3c31a25b21c809afc1c01d471cb8adba4d27db	Data Engine	1.6 مركز التحكم بالأعمدة	1243
F-000691	- تجميع البيانات حسب أي عمود	455811c5d0befbd4af39995f03a771f791f9a28694887ec90bdcbef6ed77a355	Data Engine	1.6 مركز التحكم بالأعمدة	1244
F-000692	- ترتيب الأعمدة منطقيًا	830e9319ea61f9dd4860daec0aa009369b250d56d32fa1965938ef3f2e9d3a6f	Data Engine	1.6 مركز التحكم بالأعمدة	1245
F-000693	- تلوين رؤوس الأعمدة	b0801c2932b927b2a04f5bfda5195bddff5b7d7aa1b8c42888fcd6b69174bb52	Data Engine	1.6 مركز التحكم بالأعمدة	1246
F-000694	- ضبط عرض الأعمدة تلقائيًا	b1f2852dd719d58b386ffb5dc2430bd02a37f6d6039f6961ab241b4129874e8d	Data Engine	1.6 مركز التحكم بالأعمدة	1247
F-000695	- تحويل أنواع بيانات الأعمدة	020d3c8c2ceceb556d86c2d0b318b6d528f44eae4a2a4e357656505dedacca41	Data Engine	1.6 مركز التحكم بالأعمدة	1248
F-000696	- أرشفة الأعمدة	180a012040457773c33a3d8fd0c5102b229e2a389a0ebdd5bf3cabea12a6fa50	Data Engine	1.6 مركز التحكم بالأعمدة	1249
F-000697	- إنشاء علاقة بين عمودين	19eafbba761539279e66146d6b983d49a1d9e4cca1e822310834ea462c2fcf05	Data Engine	1.6 مركز التحكم بالأعمدة	1250
F-000698	- تحديد الأعمدة يدويًا	bf39e2acd41094921b1e21b5a317983480e1f97116051e94a8bddad21d8d4f5a	Data Engine	1.6 مركز التحكم بالأعمدة	1251
F-000699	- الحفاظ على خصائص الأعمدة والجداول (عرض الأعمدة بالبكسل، تجميد الصفوف، إلخ)	995040e66a7c02092640f23f09183d0235c8cbaabc46ba59c2a3b055a0475e58	Data Engine	1.6 مركز التحكم بالأعمدة	1252
F-000700	- تحميل انتقائي للأعمدة المستخدمة فقط (Column-level selective loading)	595f1d000843300905c4aa96fb3dcb28b20265acac9187604e66850073e76851	Data Engine	1.6 مركز التحكم بالأعمدة	1253
F-000701	- تقسيم العمليات على مستوى الأعمدة (Column-level computation partitioning)	08e85dd54a5dc91d86c424c4756e062303f68c00fa008210ed9b161293a9efee	Data Engine	1.6 مركز التحكم بالأعمدة	1254
F-000702	- إنشاء أعمدة وتحليلات تلقائيًا	6bdc82abd75eca5798fb2dc1d8ed60fcf976927d91c2009852c3523abb0761d8	Data Engine	1.6 مركز التحكم بالأعمدة	1255
F-000703	- تحديد الأعمدة الحساسة تلقائيًا	89efafb6fc033869e321bac6429fb4e6cdee4da842908ade264cec37d51f124f	Data Engine	1.6 مركز التحكم بالأعمدة	1256
F-000704	- تحديد أهم الأعمدة المؤثرة في المقاييس	4f57370d522fe3c1f0cdd814943b3911e0ee4ca8dd5241c8fe573a2d6012ea23	Data Engine	1.6 مركز التحكم بالأعمدة	1257
F-000705	- كشف الأعمدة المتضاربة	93a70b59b9b2f09624dc755af5f81676adbc3cb49a813facbb1a2977d4cb4848	Data Engine	1.6 مركز التحكم بالأعمدة	1258
F-000706	- دمج جدولين أو أكثر مع اختيار نوع الدمج	647312c2c40d42c22bb5e3dd4c76156eae2baa3dbb6bf3b31532fabfa8b5607c	Data Engine	1.7 إدارة الجداول	1264
F-000707	- تقسيم حسب الأعمدة أو الصفوف أو السنة أو الفئة أو الفرع	2524469a3c937761c298b7275c89595d3a6c594a062632f623ea4e070dc08dc1	Data Engine	1.7 إدارة الجداول	1265
F-000708	- تقسيم ملف ضخم إلى ملفات مستقلة	9deecb97492b1d112fc1e1aff3e7021a14023a034cc9e43299ed933e89cf92ca	Data Engine	1.7 إدارة الجداول	1266
F-000709	- تقسيم ذكي تلقائي يقترح أفضل طريقة	4d1b067552edefc41d7877a922f8b7a07699af437dbb0c8aeec387e2b51af61d	Data Engine	1.7 إدارة الجداول	1267
F-000710	- إنشاء جداول تلخيصية وجداول محورية	979213511d91e486d2e63e0ae9ba0c564006e04c970a6102ce60f4fb315ed825	Data Engine	1.7 إدارة الجداول	1268
F-000711	- دمج وفصل أوراق العمل	2fe587dd6085864ddbf90cb4aba44962c07480b68a681b9753f419ac169d5672	Data Engine	1.7 إدارة الجداول	1269
F-000712	- إنشاء جدول من وصف نصي بالذكاء الاصطناعي	04e95b8e252a78c41b376dbd77867dd0c080794125757d468212500abce801ee	Data Engine	1.7 إدارة الجداول	1270
F-000713	- حفظ الجداول كقوالب قابلة لإعادة الاستخدام	83ee48f2f273a6dc7f960df1dc951088fb601d2f39062158dd21fb9e52ddd7b9	Data Engine	1.7 إدارة الجداول	1271
F-000714	- إنشاء أعمدة محسوبة ومشتقة	b7f083fe0f55d4325901a5a0fe3cccc511dce3eae43b25aca07eca47702c2448	Data Engine	1.7 إدارة الجداول	1272
F-000715	- إنشاء جدول مقارنة وجداول مالية وجداول نهائية منظمة	f94a16f1e47a6289d68b145b23e8d798446033f3042dd204534e46a223929378	Data Engine	1.7 إدارة الجداول	1273
F-000716	- تجميع (Group By) وجمع جدول من جدول (Aggregation)	fa352807654ea89aaf7dc984dfe34f4c881c647a6977a8d2ec17a458ffb7871a	Data Engine	1.7 إدارة الجداول	1274
F-000717	- فصل جدول كبير إلى جداول أصغر وتقسيم الملفات الكبيرة	5f8cd8b56424085c0bd7573a268d7a171688d67589eb19e250b204c6d983884c	Data Engine	1.7 إدارة الجداول	1275
F-000718	- دمج أوراق متعددة في جدول واحد ودمج ملفات متشابهة	8376e35f5ec7ab783fab1ed7bb89ce77db6630221ff8d8bb827ceacc70ebd8f6	Data Engine	1.7 إدارة الجداول	1276
F-000719	- تغيير نوع البيانات وتوحيد تنسيق التاريخ والعملات	e211ec09f34a7c70fe847ce319fd86df84447126a499a065cce5a8d622086caf	Data Engine	1.7 إدارة الجداول	1277
F-000720	- إزالة أعمدة غير مهمة واستبعاد أعمدة	fc811cdd987d04dd06ff4156688070a409eb5b9517d90913ff125787ddf1373c	Data Engine	1.7 إدارة الجداول	1278
F-000721	- إنشاء مكتبة بيانات منظمة من الملفات المرفوعة	a64160a6606239c81e5039623da36e6193f93d55dc2e22533173f70509c9b425	Data Engine	1.7 إدارة الجداول	1279
F-000722	- إنشاء مستودع بيانات مؤقت ودمجه مع بيانات حديثة	c117a505aed5581c10bfb861f899492650f9132632870c151c0021607ef4fbce	Data Engine	1.7 إدارة الجداول	1280
F-000723	- إنشاء جدول مركزي وجدول موحد كبير	5e0aba712cdba78e728a4e40ac95f06b38410c3823965f16843a67a6965ae200	Data Engine	1.7 إدارة الجداول	1281
F-000724	- دمج أي عمود مع أي عمود وأي جدول مع أي جدول	613719c79de7a5f7b55cf76fd590018bd77eca95daf83eed4fb25d158da30f7e	Data Engine	1.7 إدارة الجداول	1282
F-000725	- إنشاء نسخ خفيفة للتحليل من ملفات ضخمة	f26ffea6e1399bf02eb5bb7d68bd4b5e09d318fd7b8434ddde8bfc8e62806e57	Data Engine	1.7 إدارة الجداول	1283
F-000726	- إدارة البيانات: إنشاء Dataset، تعريف Metric، اقتراح تنظيف	230b2230712c3b84826a544b1dd1f783b9fbc622d6fa346b37d3891fefc9809d	Data Engine	1.7 إدارة الجداول	1284
F-000727	- دعم الجداول الضخمة عبر البث التدريجي	4b6923d272b758a576ac57a1b704ab3b51230fb2fd5be350b75e2df517cc6fdc	Data Engine	1.7 إدارة الجداول	1285
F-000728	- بث جداول ضخمة تدريجياً	058204fae3b24d8f045e8dc9cd33fea8e2e3e931912ae8f308b72ba756d87ee6	Data Engine	1.7 إدارة الجداول	1286
F-000729	- إعادة حساب متعددة الخيوط	f1ab79db480e832da90d0d832f698bd525a2adc735db7fa265dc991a541cf8a9	Data Engine	1.7 إدارة الجداول	1287
F-000730	- إعادة حساب حتمية قابلة للتكرار	341449994ce365b14e838077930ce3651067798b2459b54769dc8acb4221f00f	Data Engine	1.7 إدارة الجداول	1288
F-000731	- تسريع معالجة مليارات الصفوف	56ed04601e4efbfb1b623180d6f220b5567f86a5a234a3338bda8c7344099e62	Data Engine	1.7 إدارة الجداول	1289
F-000732	- محرك تجميع لحظي	8ed4934d9d08dea4abe857888b187981491feb47c96ca24c077b0ad260b7e510	Data Engine	1.7 إدارة الجداول	1290
F-000733	- آلية تجميع مسبق ذكية	4f77dea380f8afaaa9aa668be451152f212e453cde0afbff16cd0fea4ac29969	Data Engine	1.7 إدارة الجداول	1291
F-000734	- طبقة تجميع مسبق ذكية	9f4db0c8057a6424b5a75d412b212f8c8ad528e7ee841db4d387804df26a42a3	Data Engine	1.7 إدارة الجداول	1292
F-000735	- اكتشاف الجداول داخل الشيت حتى لو لم تكن منسقة	75d03ae4331028df9abbd22da96c8b017a520106cb7d284c047ca0c4f41fd17e	Data Engine	1.7 إدارة الجداول	1293
F-000736	- تجاهل الصفوف غير المهمة (عناوين، ملاحظات)	280d8a299cb152b27b664b7f100e36bc7b9157a62a265c10338e5f01d50badbd	Data Engine	1.7 إدارة الجداول	1294
F-000737	- سحب عمود من ملف وإفلاته في ملف آخر لربطهما	61d40060eff911c81e53dd71a3a07ff8d70ec77e30033fcf417a644c13330523	Data Engine	1.7 إدارة الجداول	1295
F-000738	- تقسيم عمود إلى عدة أعمدة	57a84f3ed4b16a5a563de8a086e119d43b6aac5d10a844f87659fdf4482517f5	Data Engine	1.7 إدارة الجداول	1296
F-000739	- إنشاء جدول جديد من الصفر	e590eb17f8d57301bd80a61eed01e2c29bd35831ba4005f7923ec8f59f9a7270	Data Engine	1.7 إدارة الجداول	1297
F-000740	- توليد جدول تلقائيًا من وصف نصي	a8ed85d85a275d7a1431d97b578b846217dd5947257517629f0a8f784d51199c	Data Engine	1.7 إدارة الجداول	1298
F-000741	- بإنشاء جدول ملخص	50d57e7c72acff8acc0f717a71fb5c5684743d96875589a6505799ba17543aad	Data Engine	1.7 إدارة الجداول	1299
F-000742	- تلخيص ملف ضخم في صفحة واحدة	0ffc0135a16d38fdd9ac66da5e3d5c3e36cfc3a0336cb6e07c0a8b86b08c1824	Data Engine	1.7 إدارة الجداول	1300
F-000743	- تحليل نصوص داخل Excel (تعليقات – ملاحظات)	286aa70076c0ae4f129cf56330126acd88fe582907f0b4f77695f6f6781fa251	Data Engine	1.7 إدارة الجداول	1301
F-000744	- محرك الذكاء الاصطناعي لمعالجة وتحليل ملفات Excel بكبسة زر	2eb62f89a202d65e13b78ffb97a2582f1471174873e0a660673fa3223948f10e	Data Engine	1.7 إدارة الجداول	1302
F-000745	- إنشاء جدول ملخص	09ec0e73e474e18373c18f05d33c2a1ddb8c802354b5aa165457b86d7ed287d0	Data Engine	1.7 إدارة الجداول	1303
F-000746	- تجميع حسب عمود	a7ccdea3b4856f211f722a2d583ba34e62b18345fd9ba113efdcdde0d2f76e19	Data Engine	1.7 إدارة الجداول	1304
F-000747	- دمج كل الشيتات المتشابهة	0c8692b1ee1ef3ab8bf4b976d57320561d7b3cdec5c1e4d9fc0acad502487808	Data Engine	1.7 إدارة الجداول	1305
F-000748	- توحيد تنسيق جميع الشيتات	48f47277d9235f547555dace024677606f993386736cf7562c44990e89b54337	Data Engine	1.7 إدارة الجداول	1306
F-000749	- فصل أوراق تلقائيًا	9625aaedc6bbcfdca9a87f385a86a9dae768f17070ac2fd5e9f55172fd256a08	Data Engine	1.7 إدارة الجداول	1307
F-000750	- إنشاء شيت لكل فرع	37e5b80a55c77a2b9cb0fd8c82c33457977cbc45fbdf308a292f62a1e47a2926	Data Engine	1.7 إدارة الجداول	1308
F-000751	- إنشاء شيت لكل سنة	84fb9b27bf874e40d3075402c33135c077cd76bd78c0826bc06165957ea039fc	Data Engine	1.7 إدارة الجداول	1309
F-000752	- إنشاء شيت لكل فئة	8151bc22690b2b1bf261ad0c8e2cd98254c857df7cabd402655ade0cfced1301	Data Engine	1.7 إدارة الجداول	1310
F-000753	- تقسيم حسب الصفوف	7cf6800673561fff99d816e71e977c3fc0d3a869ea406ae275d5e73baba28bf2	Data Engine	1.7 إدارة الجداول	1311
F-000754	- محرك تركيب الجداول (SheetForge) لإنشاء جداول مخصصة من ملفات Excel	68bece89560454063d8e4e6fda7791ad621150523a133679ae53d9314d0206ed	Data Engine	1.7 إدارة الجداول	1312
F-000755	- Table Composer يبني Dataset موحّد	a40b548c5ec19bf8a347ce9b673e11fb94610c1e56d8d2e72fa6d41bce9531ec	Data Engine	1.7 إدارة الجداول	1313
F-000756	- إنشاء sheet محاكاة بثلاث أعمدة وصفين ثابتين عند عدم وجود sheets	f585a7d421ef7a46587f4c0c5b370f633239c6ab0ea91f87cc6a6c3ea4c21bd3	Data Engine	1.7 إدارة الجداول	1314
F-000757	- حساب totalRows و maxCols من metadata للـ sheets	e6ef5983bbd11e3de5ab933d59abe6e925e774d79727e479819790bc9a41e05b	Data Engine	1.7 إدارة الجداول	1315
F-000758	- نظام إدارة الجداول الضخم (Massive Table Engine)	7fb1a6395cc08fdf98c38d483c894ccde9be07ce09dac60106994bf0c2fc8c82	Data Engine	1.7 إدارة الجداول	1316
F-000759	- دمج غير محدود للجداول	f7089b631fcfc21ec5fa4fc85e0acd39a158b57cbf209a399b293219f725bcdb	Data Engine	1.7 إدارة الجداول	1317
F-000760	- دمج متعدد المستويات	9e4fb3bc73c88de1635cc902f2b1330312b6d511eb4607ee565c4afc1c726778	Data Engine	1.7 إدارة الجداول	1318
F-000761	- دمج عبر ملفات مختلفة	1f15d5cc88fce5384e0b00002ea6840c6a55ab763d273476c7e3cb29ecd64c27	Data Engine	1.7 إدارة الجداول	1319
F-000762	- دمج ذكي تلقائي	bcb783d336382ac4ca615611d9c66d6352651761286313f148f64b5091e12863	Data Engine	1.7 إدارة الجداول	1320
F-000763	- تقسيم حسب شرط أو فئة	8af8192726cab11d7ae3d51de0ce9a31bda98e7596b3da531fb96e20f2e5423e	Data Engine	1.7 إدارة الجداول	1321
F-000764	- تقسيم ملف ضخم إلى عدة ملفات	1b9aedb625d54be83c278fd2dc9a187b5652a11cd9e6d50b0ae7fd6cd7dfc28d	Data Engine	1.7 إدارة الجداول	1322
F-000765	- إنشاء جدول محوري	9377209fd22a218b337b37228df86c6fd9a914e47a012f253d0942fa77266669	Data Engine	1.7 إدارة الجداول	1323
F-000766	- ترتيب النتائج	ce89f22c428593212bd86f5f7ccc69074bcc93efcf6275cc7811a7f2b8f9252f	Data Engine	1.7 إدارة الجداول	1324
F-000767	- طلب إنشاء جداول وتحليلات عند الطلب	a476dd87a8a9659b9ec94f7d26e8f600142482a2077fbecb22a31e96d1d29b91	Data Engine	1.7 إدارة الجداول	1325
F-000768	- اكتشاف Dimensions و Measures	b9480657116f34f9692a6af9c2c8347a3bd3c55ef915fd38655ea3f68e6d3247	Data Engine	1.7 إدارة الجداول	1326
F-000769	- اكتشاف علاقات الجداول	5e26223d1c62753cf5f9ef3f06bb00c4f03e7ff3bea25d2298a47d893c29031a	Data Engine	1.7 إدارة الجداول	1327
F-000770	- كشف مفاتيح أولية ومركبة	9449f89b70e432c26633fbed0db80b400dc75c87c57531f534a523d20825b842	Data Engine	1.7 إدارة الجداول	1328
F-000771	- اكتشاف الوقت والتراتبية الزمنية	6571819c4570106a52f078ad543475a6029329af677ecb8910ed2ce5adc4d733	Data Engine	1.7 إدارة الجداول	1329
F-000772	- اقتراح Star Schema تلقائي	3b21d00fd007caf53db7e7d89f4be30644a3b10db5e991808691589f756fce7e	Data Engine	1.7 إدارة الجداول	1330
F-000773	- اقتراح Snowflake Schema عند الحاجة	1342b8e3ab37f9a27bb23ed727da43ebdb751917b55b2df84a11bc2109ec00cc	Data Engine	1.7 إدارة الجداول	1331
F-000774	- اقتراح Aggregation Logic	c0066577c7d4ee26e9e5ceb59d081c7d5b553de51f1fe1adf38a080275c5d392	Data Engine	1.7 إدارة الجداول	1332
F-000775	- اقتراح Grouping تلقائي	14428f31ddb935904060506c079cc22d6245a2599616b74d27075c039463c61d	Data Engine	1.7 إدارة الجداول	1333
F-000776	- إعادة توزيع الحقول حسب الاستخدام	31f1772195234d4112685477cbd44f6e3d9ace10aab3e793028284df02d842d8	Data Engine	1.7 إدارة الجداول	1334
F-000777	- إعادة بناء الهيكل	98e635287ee4695944f6276288374dc25bfd1df02e6997080291518fc7fe96ae	Data Engine	1.7 إدارة الجداول	1335
F-000778	- تطابق الجداول المعقدة وهيكلها بالكامل	4f8905f69fc4c48a8c69d6e803c6779e8a9ac47b03a2e5ff27d898a00d6d40df	Data Engine	1.7 إدارة الجداول	1336
F-000779	- تطابق الجداول متعددة الصفحات	54bb121aedd93afe5a94aa1a19f959082c18b4e4f4e497ae37848febe7a610a0	Data Engine	1.7 إدارة الجداول	1337
F-000780	- تطابق تنسيقات الخلايا	21205ab2a73da504848fae04ba2039f5fab3e27abbdc34634d9710798e29cc0e	Data Engine	1.7 إدارة الجداول	1338
F-000781	- تطابق صيغ المعادلات	49ca5bca11fce7d288b3eb73202d7794986a7d818f99f8083ed0a5c006954529	Data Engine	1.7 إدارة الجداول	1339
F-000782	- تطابق دقة الأرقام	99fc8abd0a4baa91434b1a43bd556ab337adbb9a49e3ec2f3ef36b11bbb11e27	Data Engine	1.7 إدارة الجداول	1340
F-000783	- تطابق المخططات البيانية بكل محاورها وبياناتها وتسلسلها	79fff143cccbe22278c3baf0f3dc9b23be8458d782c904775c52330097bb0842	Data Engine	1.7 إدارة الجداول	1341
F-000784	- تطابق المخططات البيانية	211d1553f1d51f58c464146e78ac05b72674b5c3ca4f765908f16a7d115fcf8c	Data Engine	1.7 إدارة الجداول	1342
F-000785	- تحديد أنواع العمليات	31e814df64c3c457fda1ca0b1edcad6e7a7868bc0c009e8c14cd095d6d8955a1	Data Engine	1.7 إدارة الجداول	1343
F-000786	- تخصيص تنسيق الجداول	7b446fac91b92cd32266800a9d5d61de3ac3682aee9c466edb350aae077d524a	Data Engine	1.7 إدارة الجداول	1344
F-000787	- اختيار مستوى التحليل	91e27dbaee91c39b84406f10b1b46345adea9b92faa5ac11156395e0c8cf7e75	Data Engine	1.7 إدارة الجداول	1345
F-000788	- تحويل الجداول المحورية إلى جداول عادية والعكس	9239356d33a9b46976f9c8c5b289c752a7b429bd39a944e0bda819f7a1c2ef3c	Data Engine	1.7 إدارة الجداول	1346
F-000789	- حساب أعمدة جديدة من أعمدة موجودة بمعادلات	cc1155c1bdde57d2dafda2312b199bb95fa8373ab9c34e870e448375d748df60	Data Engine	1.7 إدارة الجداول	1347
F-000790	- إضافة أعمدة جديدة بناء على معادلات	7af48d22e20fddb5f004f4fa1c50e7c58570c61f1bc900e5d4c5f73696e740f9	Data Engine	1.7 إدارة الجداول	1348
F-000791	- حذف أعمدة متعددة دفعة واحدة	a8e5b0ab39fc9cb3a2286a972ed2c91578a4597b8c933782c9fafcc088e23132	Data Engine	1.7 إدارة الجداول	1349
F-000792	- نقل الأعمدة وإعادة ترتيبها بالسحب والإفلات	f6794004d4cde918b0de1de9589512dcbb649c64c44830f0c80edfa93d631a5e	Data Engine	1.7 إدارة الجداول	1350
F-000793	- تغيير نوع بيانات العمود	362acb7b13a7c8958612543228cddd1cb1e8b21a23c43c0e523fbcb8bf55fa59	Data Engine	1.7 إدارة الجداول	1351
F-000794	- إخفاء أعمدة مع إبقائها في البيانات	606651ba2c7b2549744d2b6e97424db77695d8fc475cdd7f1d7e004cb89ad04f	Data Engine	1.7 إدارة الجداول	1352
F-000795	- دمج جداول متعددة بناء على أعمدة مشتركة	37c03f5341038a5f8856037790086622e9cfd2d9b7e43ca31cf3fe968d1717ff	Data Engine	1.7 إدارة الجداول	1353
F-000796	- ربط جداول من ملفات مختلفة بعلاقات	85b8cdda1a14cdaf4e7f68b5cff7a3528a1ec4cf1a9c39937553a76bdb53c477	Data Engine	1.7 إدارة الجداول	1354
F-000797	- إنشاء جداول محورية تفاعلية	68a1db6dc21fedfd78543c038bc940857decf86d214a1558b259cc87b40b300d	Data Engine	1.7 إدارة الجداول	1355
F-000798	- تجميع البيانات وحساب المجاميع والمتوسطات	a19e1156e08cf9bc567ed1e0a91293ae6fdf0d9ead2f712a54f0d01e677a8538	Data Engine	1.7 إدارة الجداول	1356
F-000799	- إنشاء أعمدة محسوبة ديناميكية تتحدث تلقائيا	996eb61cbfe722058219472693f980b1f40195c25735b62846a280fdc3785bdb	Data Engine	1.7 إدارة الجداول	1357
F-000800	- إنشاء أوراق عمل جديدة داخل الملف	58e633f8ccb9103c85c57a160351d25b126969e38a7dc5a82d66ce7c39446a2a	Data Engine	1.7 إدارة الجداول	1358
F-000801	- نسخ أوراق العمل بين الملفات	b4937732522ee52c4b8e740974b26b2a8786e83a0bbfc2c3af164b92ffe76602	Data Engine	1.7 إدارة الجداول	1359
F-000802	- إعادة تسمية أوراق العمل	3729ebda6bc28aeb0b0983a416030f12c78376f245a6dc6bb224d2f3e3f745df	Data Engine	1.7 إدارة الجداول	1360
F-000803	- حذف أوراق العمل مع خيار الاحتفاظ بنسخة	b4c4bc48c6b715c48dd102d6ed7a739c92622a9c27671d801604e660ed1b5866	Data Engine	1.7 إدارة الجداول	1361
F-000804	- ترتيب أوراق العمل بالسحب والإفلات	8b2b61ed609e4eb0ed1eb543741220ef9080a75521b4c4dc6ad7a66bf0c047ab	Data Engine	1.7 إدارة الجداول	1362
F-000805	- تقسيم ملف كبير إلى ملفات أصغر بناء على معايير	8e39475025ac14e5bb13f061dc595f70285470cfff060399365a6ea6bb7ade90	Data Engine	1.7 إدارة الجداول	1363
F-000806	- دمج ملفات متعددة في ملف واحد	84d9c369bddfcf29722df653c08b862b5e4aec7ad449e50b52a60a6cc467f168	Data Engine	1.7 إدارة الجداول	1364
F-000807	- تتبع التغييرات في الملف مع إمكانية التراجع	d2853b9da46e0a25df0848db99a30462550e8c95151caa38962e08d222fb4901	Data Engine	1.7 إدارة الجداول	1365
F-000808	- حفظ نسخ احتياطية تلقائية	741ea6b106bd6bd174c59ec3a93bca5f913206c2b5a6fda4f7194bed51373c43	Data Engine	1.7 إدارة الجداول	1366
F-000809	- عمليات جاهزة للدمج والإلحاق والربط والتقسيم والتدوير وعكس التدوير	f026b97412bdb3d9544f4e13f609291c066fe15c5f306bb6885938ce451a0bbe	Data Engine	1.7 إدارة الجداول	1367
F-000810	- اقتراح مفاتيح الربط تلقائيا مع معالجة اختلاف التهجئة والتنسيق	5ce24677d5136ab176a7fcfcecfe969a366e411bd455368980a6a181d1af2e27	Data Engine	1.7 إدارة الجداول	1368
F-000811	- إعداد أوراق جاهزة للتحليل ولمؤشرات الأداء	d499d8d295d6419871f5af5330c078fd4a9445ebc3b81c25c6bc39c331a57ead	Data Engine	1.7 إدارة الجداول	1369
F-000812	- نشر لقواعد البيانات مع اقتراح المفاتيح والفهارس والقيود	1631bfda756ade1ccbde8a0b6713e5a497979e4c635a1b33087051ad87a293f6	Data Engine	1.7 إدارة الجداول	1370
F-000813	- اكتشاف المفتاح الأساسي تلقائيا	01c9dd7ceb4f190331121f26c65443a5ff6fb9ca79734e2781450d4b963fe914	Data Engine	1.7 إدارة الجداول	1371
F-000814	- اكتشاف الربط الذكي بين الجداول	e1e4697da2ffe63f2588dc1e9448c2dc652b925d14dd3240f24e266184c500ef	Data Engine	1.7 إدارة الجداول	1372
F-000815	- بناء رسم بياني كامل لاعتماديات المعادلات	707dcdf932370ae573ab20c4cf30f6ec04d37ac3dd4816ba04bdcf9804c0e8d4	Data Engine	1.7 إدارة الجداول	1373
F-000816	- الحفاظ الكامل على هندسة الجداول المحورية	4e0245d4ece9ddd3e73067b5e21d8af21fa04a93275df62557f1a1c60b7d7692	Data Engine	1.7 إدارة الجداول	1374
F-000817	- الحفاظ على حالات الفلترة	8a34359f8b003ffdf64abb9e425896b0e00fcac69849b1c4a1a4947b881b22eb	Data Engine	1.7 إدارة الجداول	1375
F-000818	- تحويل وصف الأعمال إلى جداول محورية	6497b8ebcd7cfd35c92c8b974b0260f63af0c040960a4434e24cc19716c316d8	Data Engine	1.7 إدارة الجداول	1376
F-000819	- توليد نماذج متعددة الأوراق من وصف نصي	f27f1b6c5c27eab06322aebf650fa70bd8e9719563a923347144ef74ae09be2b	Data Engine	1.7 إدارة الجداول	1377
F-000820	- توليد جداول توقعات من البيانات	8bb86986996ad507170e45566cd954b4a5d7b3e93ea0d569db5a3f2aee517751	Data Engine	1.7 إدارة الجداول	1378
F-000821	- بناء جداول لوحات مؤشرات تلقائيا	cf65b871903952de6f64e3e471e3a5054f5f4e066bcfa43782b55f14080b256f	Data Engine	1.7 إدارة الجداول	1379
F-000822	- توليد قوائم مالية تلقائيا	eb2caad9625cceb1d5ffb023d0d1f7d151ea50a7405dd55fbc49fd620c71653f	Data Engine	1.7 إدارة الجداول	1380
F-000823	- توليد متتبعات مؤشرات أداء تلقائيا	ea4439093a9f9d7e8c1601d536d9c08789d9fd6839629559662aba8949cf19f1	Data Engine	1.7 إدارة الجداول	1381
F-000824	- توليد نماذج سيناريوهات تلقائيا	48b2e66b318af77ccfe930761e8c66ca3f82dc2a861681466d2db9584312955e	Data Engine	1.7 إدارة الجداول	1382
F-000825	- إعادة بناء جداول محورية ذكية من جداول مسطحة	bb63e0e34bf5563dbfbc7a291d45d51c04d17dccd2ab0b808a1f2d6fc8a8db7d	Data Engine	1.7 إدارة الجداول	1383
F-000826	- تحويل أوراق الجداول إلى كتل لوحة مؤشرات تلقائيا	8afffeff5f2710d34f4f6f2a0bacaebe8ffccb2d6e56b10b10bf84f20eae4d92	Data Engine	1.7 إدارة الجداول	1384
F-000827	- ربط المقاييس والأبعاد تلقائيا	b63291d992c736f379ff50347b6ab26b847d7bc52c73dfef1a0af7346abab5a7	Data Engine	1.7 إدارة الجداول	1385
F-000828	- الحفاظ على منطق الجداول المحورية	bfca3a4849bc881e3e609c9616b4c71de876782c408657a7aac41fc68afa8672	Data Engine	1.7 إدارة الجداول	1386
F-000829	- شرائح تسحب بيانات حية من المنصة مع تحديث مجدول	79cc4cb81d0e622308e88d3435772441059a32b05816b01526185f87ceb0ebf9	Data Engine	1.7 إدارة الجداول	1387
F-000830	- إنشاء جداول داخلية كمصدر بيانات أصلي	444dfaf935250b24ffea0ed9fd23ab03ccfef12ccfec0c810468aaa88ac6d935	Data Engine	1.7 إدارة الجداول	1388
F-000831	- أنواع حقول متعددة تشمل النص والرقم والتاريخ والاختيار والمستخدم والملف والعلاقة والمحسوب	ff2d4ed02dc33f908cd7eeb682aeff600650037e3d5dab1eec64cde8c54352e4	Data Engine	1.7 إدارة الجداول	1389
F-000832	- علاقات بين الجداول مع بحث وتجميع	792ee944ed902a10bf34e0957c7ac84a4b81340afdc1e6dd7359c3768d85409e	Data Engine	1.7 إدارة الجداول	1390
F-000833	- عروض متعددة تشمل الشبكة ولوحة كانبان والتقويم والتجميع والتدوير	bc7994e128176e7a386a8f16a2b14b37f2572fda7adeb8cd893483bfb8287e2f	Data Engine	1.7 إدارة الجداول	1391
F-000834	- حقول محسوبة وتجميعية	0ace2f911c4c27220d5dfd3064ecbda784b2096dc2d66e5baa8679b208a03eb6	Data Engine	1.7 إدارة الجداول	1392
F-000835	- نماذج إدخال مع قواعد إظهار الحقول	56ad6f83adc90ee6575178f33e093e9819df6b818cb29555d271d590a9307e7b	Data Engine	1.7 إدارة الجداول	1393
F-000836	- أنواع حقول تشمل النص والرقم والتاريخ والاختيار والملف والصورة والتوقيع والموقع الجغرافي	c31e343a25eae8eee3dc0d979874c31540ab0216f8c2b947a5559403d15afbd1	Data Engine	1.7 إدارة الجداول	1394
F-000837	- ربط الاستجابة بجدول مخصص أو كيان أو مراسلة	0f40715c62d637d8e646b084fd799a4ca9f9294daf120f579cb3239278e951f1	Data Engine	1.7 إدارة الجداول	1395
F-000838	- نسخ سابقة مع مقارنة بين الإصدارات	ac4f2f42748fa4b145b9b42ecc1b5ba14d3fc6a6f2e0b115d0a222418c7121e2	Data Engine	1.7 إدارة الجداول	1396
F-000839	- سلة محذوفات مع إمكانية الاسترجاع	e7e52b4c3314a200acc03bec5d12a86b4798626815eb71e08dcfda92f2321a42	Data Engine	1.7 إدارة الجداول	1397
F-000840	- ربط الملفات بأي كيان مثل مراسلة أو تقرير	52d5af55cd42223ca9e705c3fd32c7c0ec9b5ef55c29cc12d1b61dcd3a14ccc8	Data Engine	1.7 إدارة الجداول	1398
F-000841	- استخراج جداول وكيانات وأرقام من المستندات	f4c1a4da1792a3ceedfe797496e4081f5684fdcf4cc305249253d2df959e51ac	Data Engine	1.7 إدارة الجداول	1399
F-000842	- إدارة الإصدارات	c412fe6f1c0ce0a61ef671363e87f72133eb7f9c658002e316e271066f256eb8	Data Engine	1.7 إدارة الجداول	1400
F-000843	- الحصول على مخططات تفاعلية ومؤشرات أداء رئيسية ورؤى.	0802f21c3ecef6995ebfb67fdf472680f3259d7dbec72532d99002e2c99b96a8	Data Engine	1.7 إدارة الجداول	1401
F-000844	- بناء تخطيطات مؤشرات الأداء الرئيسية والمخططات والفلاتر والرؤى المكتوبة تلقائيًا.	8c906720a9498a66362a49c2b2f37c2886247a8695f51d13a91e42836d0b597d	Data Engine	1.7 إدارة الجداول	1402
F-000845	- استكشاف البيانات باللغة الإنجليزية البسيطة والحصول على مخططات وجداول وشروحات على الفور.	e08e055a988b8bd94315d0c5e8f5e7ab8e0cc21b3c3a5b1b1a56c50563c5276f	Data Engine	1.7 إدارة الجداول	1403
F-000846	- تحليل وتصور وإعداد تقارير وبحث وتقديم.	aef790de9b5ecc25693a92383010ccd068cc07dab62c112ae5604258767feec1	Data Engine	1.7 إدارة الجداول	1404
F-000847	- إنشاء تصورات مرئية بسرعة.	cfe7ab6423b707a003db863e02d5d47ea6d29488888b93af81c73223604c1412	Data Engine	1.7 إدارة الجداول	1405
F-000848	- عشرة فلاتر تاريخ مدمجة مسبقًا.	3f726479dba7e54c965627a91aaba57366c2c14a8319883ac461320b28e83000	Data Engine	1.7 إدارة الجداول	1406
F-000849	- إنشاء نماذج دلالية تلقائيًا من مساحات العمل.	e2a8b3389c8f0d6b2053b2dc54c8b4980057336d405bfea768713aba9b582d4c	Data Engine	1.7 إدارة الجداول	1407
F-000850	- مراقبة أهم مؤشرات الأداء الرئيسية ومقاييس الأعمال في الوقت الفعلي.	9c6d30c58f952e061abfb76276b607fed2fb52aaa0d2f43dfe53557b6de69e67	Data Engine	1.7 إدارة الجداول	1408
F-000851	- الوصول إلى البيانات وتحليلها وتصورها في الوقت الفعلي.	ad0431baac6d5a6cc9541df489e087a512dbf2c49ebf22e6c2faa03781a8a137	Data Engine	1.7 إدارة الجداول	1409
F-000852	- إنشاء تصورات بيانات مخصصة.	c4fe9faf0701ce128b72895533e149981980041635870e3ba9ade6a328fda1c4	Data Engine	1.7 إدارة الجداول	1410
F-000853	- إنشاء نموذج دلالي تلقائي.	0a87ccd54800a0f6a92b7f5e77ec547fb90b2fb46ec1020629062d366b4954a2	Data Engine	1.7 إدارة الجداول	1411
F-000854	- تسريع إعداد البيانات لرؤى الذكاء الاصطناعي الموثوقة.	b6dd9d7f3961ead4b19c824a2f3693780a68be2ec1841aea0357993113cba42d	Data Engine	1.7 إدارة الجداول	1412
F-000855	- التخلص من عنق الزجاجة في إعداد البيانات.	1cfcd39c411dab900a6a736840db0d8389910495a795196855eda0ac55c5edbb	Data Engine	1.7 إدارة الجداول	1413
F-000856	- استكشاف البيانات بشكل حدسي.	0618a736df21a0d5bc6b249e962bdcbf32635ba36ed3616ad79df72ea51d3b82	Data Engine	1.7 إدارة الجداول	1414
F-000857	- استكشاف البيانات الديناميكي.	f9dc4a5b65e86a4dce0557fc7a4775e0fe56072b1408ab9584be2ae0dcf1a04a	Data Engine	1.7 إدارة الجداول	1415
F-000858	- واجهة استكشاف بيانات تفاعلية.	fe49c7f44a49707e935a4c6e0fbc4b0272968d70b20736931ecadc87807a7c78	Data Engine	1.7 إدارة الجداول	1416
F-000859	- السماح للمستخدمين بالتفاعل مع البيانات في الوقت الفعلي دون تخطيط مسارات التحليل مسبقًا.	d03c02352f9ef3fb6d7690fca553339431255146d18ae2271436009f31445f53	Data Engine	1.7 إدارة الجداول	1417
F-000860	- استبدال جداول البيانات.	bfd29831dc8f68b4dce49d8434029299c33dbb3334211f9659ad49eedbf5c855	Data Engine	1.7 إدارة الجداول	1418
F-000861	- إنشاء تصورات بيانات تفاعلية غنية.	54d25f8bb930bb1926cb2cfa5414754bd7c8795064a3bdf56a247cdeb8dd3adb	Data Engine	1.7 إدارة الجداول	1419
F-000862	- استكشاف البيانات بحرية في أي اتجاه.	7506e3043df74c753e410569f8575d72a9c24919a7149a512c049f4aabba65cb	Data Engine	1.7 إدارة الجداول	1420
F-000863	- إنشاء وإعداد بيانات بمساعدة الذكاء الاصطناعي.	23b483d26275368a094df827529ba7f78bdce8952a3b0bffd85ec04739427e96	Data Engine	1.7 إدارة الجداول	1421
F-000864	- بناء نماذج بيانات مرنة وقابلة لإعادة الاستخدام.	0a7b0d273abfa0e109965fbbee45e5f90a8aa4ccd78c74edfb40e74b3ca67ad2	Data Engine	1.7 إدارة الجداول	1422
F-000865	- إنشاء لوحات فرعية	de89ae5ea1e9fc7e0e0bb1d2743d604d08a87d3080ba1ba69d695049ca529680	Data Engine	1.7 إدارة الجداول	1423
F-000866	- تضمين اللوحات في مواقع أخرى	0130bc271d680e975b0849c2250d28179241fc2ab2a8114ce95f4433606179c1	Data Engine	1.7 إدارة الجداول	1424
F-000867	- إنشاء صفحات تقرير كاملة في ثوانٍ	e78f413081e5c0680fdfb56a1692156739c2de4f1041cee311c8767ae5ebaf5f	Data Engine	1.7 إدارة الجداول	1425
F-000868	- إنشاء تقارير ديناميكية	71487ba4fa523a3edbc3c8c95cae327aefd7e24ef242663a85cf97f5c90dd80a	Data Engine	1.7 إدارة الجداول	1426
F-000869	- إنشاء تصورات ديناميكية	fc8f79d8dae0022f86a287c27286e18fbe3a462b3f3a2c4312283c4a02546574	Data Engine	1.7 إدارة الجداول	1427
F-000870	- إنشاء ملخصات ديناميكية	3fccfec710593bd5816a4003a028716e080bda64819c9517cd5e51cf57aaa767	Data Engine	1.7 إدارة الجداول	1428
F-000871	- إنشاء الشرائح تلقائيًا	58c721b19140fa637032c787006463f1f3eb5748ad161feeb9601c318469a042	Data Engine	1.7 إدارة الجداول	1429
F-000872	- ترجمة تلقائية للوحات المعلومات الحية والإجابات	9377ffddc9906c3e9b998668afe8bfa039e34d4c350a8134ec07bd14ac5a1a29	Data Engine	1.7 إدارة الجداول	1430
F-000873	- منشئ لوحة المعلومات بالسحب والإفلات	63e2c4aee2213965c169af275bd627ee8ee595e45c73698202a71427063ce623	Data Engine	1.7 إدارة الجداول	1431
F-000874	- مراقبة المقاييس الرئيسية باستمرار وتنبيهك عند حدوث تغيير كبير	1cb507fa17fc84bc6f0c5d8d64ed66bc639db6148df363e834c766f84020dcc1	Data Engine	1.7 إدارة الجداول	1432
F-000875	- تقسيم وتقطيع المقاييس غير ذات الصلة من تطبيقات مختلفة تمامًا لإنشاء رؤى جديدة تمامًا	2d040d4d2e6d3542a87b9eeeca52682e80de393a43f73b1a3cfbf1c2bb1e3533	Data Engine	1.7 إدارة الجداول	1433
F-000876	- إنشاء الجداول	911065f3effdf4e75be3ff37d42a4dd21cdabe3c5e5b55f2355e2d0dea343629	Data Engine	1.7 إدارة الجداول	1434
F-000877	- إنشاء المخططات الانسيابية والجداول الزمنية	1754d6e6dc1797c72757335fad91577b1fc6260bbe0c34bfa922116b6bb9b6b5	Data Engine	1.7 إدارة الجداول	1435
F-000878	- إنشاء المخططات والرسوم البيانية	faa6d527e25cddbcfd764371a8d32f6d46c4da9efc3daa61127a5a596279078b	Data Engine	1.7 إدارة الجداول	1436
F-000879	- إنشاء الخرائط	a88a835ccdf1e1b8ee11bc91ec2892fe4d8cb97262bb05837e44b97e1c5d671e	Data Engine	1.7 إدارة الجداول	1437
F-000880	- مكتبة المخططات والخرائط	82b379e0bd0a497b4472d3c926472b00eea33c878fd54f3a2e3089304df5298c	Data Engine	1.7 إدارة الجداول	1438
F-000881	- المخططات والخرائط الذهنية الذكية	6352565bcba7ccd47f8b2e2b611e2290d8fc805420a7deeaa61233a52d4d3e3d	Data Engine	1.7 إدارة الجداول	1439
F-000882	- المخططات التفاعلية والتي يمكن الوصول إليها	e7c7f96afaf17500ed56da66e0f08d1fd386f42f600f3f783b10f2e9a76eab80	Data Engine	1.7 إدارة الجداول	1440
F-000883	- مكتبة المخططات والخرائط المتخصصة (أكثر من 35 نوعًا من المخططات ، وأكثر من 800 خريطة)	06325c5a299b22225a0861110ff0209930fecd6f35890e4a272bacf336190f0f	Data Engine	1.7 إدارة الجداول	1441
F-000884	- خرائط مخصصة	61b458bf1e6aca70a4be6d7713388f9b599bcba6d8b092ffeb15aec68290a802	Data Engine	1.7 إدارة الجداول	1442
F-000885	- إدارة الجداول	14d8fa4650190fe638813521fceeea4ab6cba73101daef8f3d4031fe61c0b84e	Data Engine	1.7 إدارة الجداول	1443
F-000886	- دمج الجداول لإنشاء رسوم بيانية مخصصة	5fd629b25ddb307c69670fec31de4d470013b5269f9bb35fdeb2d1f3aa1a52a3	Data Engine	1.7 إدارة الجداول	1444
F-000887	- ربط البيانات المتفرقة عبر جداول متعددة	299c29c26ad141f68a5dbec73ae43e504739a3e61d42091eae428b4a562f1ef2	Data Engine	1.7 إدارة الجداول	1445
F-000888	- إنشاء أعمدة علاقات (Relation Columns) لربط الجداول	2c45ed1e2c502dedf4b8db45a088b85ad5231fa7c88fffd1271da06a17c2990d	Data Engine	1.7 إدارة الجداول	1446
F-000889	- دمج المرئيات والرسوم البيانية	e070d9741e5f9acf3682f89609c7fa9f43d2eeb602e39e36b33f6f1d384bb374	Data Engine	1.7 إدارة الجداول	1447
F-000890	- إنشاء جداول داخل المستندات	59d4011e735d0c7484da79d25171c23352cea12d8ae47b30601a064756b2e375	Data Engine	1.7 إدارة الجداول	1448
F-000891	- إنشاء جداول ورسوم بيانية ثابتة وتفاعلية	ff8b1ce85c2d1545ce9cfe3b90d196a18498decb4912ab3cf8153b68486504ae	Data Engine	1.7 إدارة الجداول	1449
F-000892	- إنشاء جدول بيانات Excel لتتبع النفقات الشهرية	0e92af3be97b5cada6e7a5d9b06e1d44cc7f25936079edccaa31731adeb3519b	Data Engine	1.7 إدارة الجداول	1450
F-000893	- إنشاء تصورات بيانات معقدة من أوامر بسيطة	9c47e27b615b87fe62021b1a3de8acf464a883b6ff39f866358c478d978b1e4f	Data Engine	1.7 إدارة الجداول	1451
F-000894	- إنشاء تصورات للبيانات كملفات صور (PNG)	42776cf16e11f232b3d2b28ac1c97211c9e879fb177aee46d70b9cfdf5e4f724	Data Engine	1.7 إدارة الجداول	1452
F-000895	- إنشاء جداول بيانات Excel ونماذج مالية بصيغ عاملة	cff2b1d51fff48733a9e0ed5ab47dd8a4e19f3e7b4895c664bc44121b371f217	Data Engine	1.7 إدارة الجداول	1453
F-000896	- إنشاء عرض جدول تفاعلي تلقائيًا	a7cdac4de6327f65bb15bc45da5fec7eda3d508ac6d3f99487527fec40b1413a	Data Engine	1.7 إدارة الجداول	1454
F-000897	- إنشاء مخططات من الجداول	c9d4fb36a59f034362bdfa0580ad27c8d9e9249128f5a06e6318e591d45a02f3	Data Engine	1.7 إدارة الجداول	1455
F-000898	- إنشاء مخططات ورسوم بيانية وجداول زمنية ورسوم بيانية	f09712da948073bf131e0067c7c1ab8e3f07249ae03cb1287b5de492ff380be1	Data Engine	1.7 إدارة الجداول	1456
F-000899	- إنشاء مرئيات دقيقة وذات صلة تلقائيًا	7a6b4b7ab8ce6071bbf06e564d37ba07981b59b9ca5d602ad4cf646d8bab83f6	Data Engine	1.7 إدارة الجداول	1457
F-000900	- إنشاء مسودات أولى للمستندات	f44e127a5549314edb5838faa476643dab51cac1a8c0fe7e3e6148f5642bab04	Data Engine	1.7 إدارة الجداول	1458
F-000901	- إنشاء مسودات مخصصة للاحتياجات المحددة	740d96106cd575c2766dd063d4f48eedac44048bdbf93b47514f60573c3a20e4	Data Engine	1.7 إدارة الجداول	1459
F-000902	- إنشاء مسودة تقرير كاملة من بضع جمل	45f41cd5c45ddc0b9683f0e63446eb75359064fd129a3ff0460fa30e68ecd0ae	Data Engine	1.7 إدارة الجداول	1460
F-000903	- إنشاء مسودة كاملة بناءً على تفاصيل أساسية	9d79c4612740ec88e58d73180c98158abc6ebd9ea64293bd4876c20ac2c7173d	Data Engine	1.7 إدارة الجداول	1461
F-000904	- إنشاء هيكل تلقائي للملخصات والتقارير	7f63094e29dad2173df58958ec26db43ff1959d927f3bd7d9f45f4aba3e6c0ce	Data Engine	1.7 إدارة الجداول	1462
F-000905	- إنشاء وتحرير الملفات مباشرة في المحادثات	13a68e11fd239e927fb23e381c85af43b7751322c5c27bcb1e7e9592319468e4	Data Engine	1.7 إدارة الجداول	1463
F-000906	- القدرة على تحرير المسودة التي تم إنشاؤها لتلبية الاحتياجات بشكل أفضل	37c8d1b32d1232ee2026b24f1a5344de6587773c1dc48489c8e2cda27b9c59af	Data Engine	1.7 إدارة الجداول	1464
F-000907	- المساعدة في إنشاء نماذج بيانات محسّنة	2e0ca5d1d1f18d31b7227bde9377e2ae7637dc73601dcefc76f0a56c16711321	Data Engine	1.7 إدارة الجداول	1465
F-000908	- تتبع التفاصيل المحددة داخل المستند عبر طرح الأسئلة	5e3840f68145a1a47b940925159edb1b7c0bbf7c90741c6f19aaf51df5218dda	Data Engine	1.7 إدارة الجداول	1466
F-000909	- تحديث أشرطة التقدم تلقائيًا أثناء العمل	664e2fde54b38122b07fbe64e53de9e2635bd3ec442e292cffaeec7dab906df7	Data Engine	1.7 إدارة الجداول	1467
F-000910	- تحديث النص ديناميكيًا بناءً على معايير أو حسابات محددة	feb9d7704e37b9ed5fe0564f7d7b1e4ca12a2ccff99e1a9d5e06e6ac96191290	Data Engine	1.7 إدارة الجداول	1468
F-000911	- تحليل البيانات من ملفات Excel و CSV و PDF و JSON	e8326e79b43d9634e7b332e98d74cffb97901b0647522825669c5e2db4734a55	Data Engine	1.7 إدارة الجداول	1469
F-000912	- تحويل البيانات إلى مخططات شريطية ودائرية وخطية احترافية	747b05475060b71103ffe3a603cadde3bc5b2274a8b0fa059a7a5b01245dc8ce	Data Engine	1.7 إدارة الجداول	1470
F-000913	- تحويل البيانات الأولية إلى قصص جاهزة للعرض تلقائيًا	2e6388e232ab754545962c622b2f1eb0b98f547adcc8fda9708965b8be77bc98	Data Engine	1.7 إدارة الجداول	1471
F-000914	- تحويل البيانات المملة إلى مرئيات جذابة تحكي قصة	838a6f7a8f7ed58b5f63f3a3578294387aa040a36e16cc3a7f4e21d0cb2fc6ec	Data Engine	1.7 إدارة الجداول	1472
F-000915	- تحويل البيانات غير المنظمة إلى روايات منظمة ولوحة معلومات تفاعلية	3f00c85e96efa96c220053561bdf94e21511ea90da0d7039353e80150fc762fa	Data Engine	1.7 إدارة الجداول	1473
F-000916	- تنظيف البيانات وتحليلها الفوري	e2e16e1abd8adacea207bc3b6669414a26790f8806ace2f217948328c191cabe	Data Engine	1.7 إدارة الجداول	1474
F-000917	- هيكلة التقارير تلقائياً	e28986388b56e79c4a5258590ca06ae95aa93b3d838a929f7833e0ebe1d8a753	Data Engine	1.7 إدارة الجداول	1475
F-000918	- استخراج جدول موحد من ملفات متعددة	20c085220d0ee39e7c460731c79017b6bddad647848906b101674ff13f1c9328	Data Engine	1.7 إدارة الجداول	1476
F-000919	- تحويل ملف Excel إلى نظام متابعة دائم	15ce94aa337161fbfc28988acf40f65bf2f3c81a51edf79958359e85b0f3194d	Data Engine	1.7 إدارة الجداول	1477
F-000920	- BI على مستوى المؤسسة	832d89087a99f53a0351b00ab1f4350bc09bafab946fc3ea323f8c1124a506fc	Data Engine	1.7 إدارة الجداول	1478
F-000921	- Canvas فارغ — يسحب المستخدم: ملف, عمود, فلتر, عملية حسابية, علاقة ربط	f85bc9b54c3b8811eb3a52a9b1cbf1c5f18f20baa7f374ca3c6bbaf52f8dfe59	Data Engine	1.7 إدارة الجداول	1479
F-000922	- زر واحد: تنظيف البيانات, دمجها, إنشاء مؤشرات, إنشاء داشبورد, كتابة تقرير, إنشاء عرض تقديمي, اقتراح توصيات	e3e16b290e7c92afe4195cc48dba537947c64f60fec665367b57ff1b670cff14	Data Engine	1.7 إدارة الجداول	1480
F-000923	- إنشاء جداول جديدة	2ec2798a87aeabdabfdff214b241ecd22033513db450eceeec1779d895bf381a	Data Engine	1.7 إدارة الجداول	1481
F-000924	- إضافة أوراق مؤشرات	b3cb30f3a29fe59b4ebe906f7deac2bc8957c2225bab6ff66daf54a48f6a4a17	Data Engine	1.7 إدارة الجداول	1482
F-000925	- إصدار تقارير احترافية من الجداول	11f2f20a016d75a20f8d86ca549d28c7ac1110514ff672aaf22e484dfbb215ef	Data Engine	1.7 إدارة الجداول	1483
F-000926	- إنشاء جدول أداء شهري تلقائي	dc9be2fe37413508164a255fb715f632f71304e78f581fc28f373285c65beb10	Data Engine	1.7 إدارة الجداول	1484
F-000927	- اكتشاف الجداول داخل ورقة العمل حتى لو لم تكن منسقة	37510fd439560a37029421d624ecfdc916fa1da03dcec6a43f1ae9db4efdd3ef	Data Engine	1.7 إدارة الجداول	1485
F-000928	- إنشاء جداول ذكية	9fef9f438bfe197dd321d3e7e4d04116c6137a82e90f114e00cd8732e82cac0f	Data Engine	1.7 إدارة الجداول	1486
F-000929	- ربط جدول بنتائج جدول آخر	0d2392cc6be78016002583386d6f81b837a8e5b72254c864a6c11f9cf041bda2	Data Engine	1.7 إدارة الجداول	1487
F-000930	- مشاركة جدول مع فريق	b2c16781277cd34fc171b7325de216671d10247c334ebfcd0656805a7fcbe75f	Data Engine	1.7 إدارة الجداول	1488
F-000931	- تحويل جدول إلى نموذج إدخال بيانات	b391fa9264c908d784eb51819d00b6b5ed84f8d30f60bab4248e44a3dc46a703	Data Engine	1.7 إدارة الجداول	1489
F-000932	- استخراج جميع الجداول حتى لو كانت غير منظمة	9b5b3c6f7f344f2902a0b3b00dedeb2ecebeb50899da83934639534842ef6ca5	Data Engine	1.7 إدارة الجداول	1490
F-000933	- إنشاء جدول موحد كبير	878b1227286524ad397c0f141e1d88d9942af7ac5c04efb27ceef9d37b7e2acf	Data Engine	1.7 إدارة الجداول	1491
F-000934	- استخراج الجداول من الصور وتحويلها لجداول قابلة للتحليل	bbceb2adc899dc71f7e706e551b8cfd3e9fc9ce5c17a9ae58a702f1763ee3c1d	Data Engine	1.7 إدارة الجداول	1492
F-000935	- دمج أي عدد من الجداول والأوراق في جدول واحد	395c7ab079ec3b348bd7ddb02fb2f9f8e911198c15934f3f13a4360c51cc434b	Data Engine	1.7 إدارة الجداول	1493
F-000936	- فصل أي جدول إلى جداول أصغر	c4feaea18c68dfb5ff5a498203fac9b5a95d915e28a8b30928de425363bab09b	Data Engine	1.7 إدارة الجداول	1494
F-000937	- تنسيق وتجميل الجداول وأوراق العمل	ca37123a1b14f443b143f677a26a01525183e87875085f5edc4a93348f5aada8	Data Engine	1.7 إدارة الجداول	1495
F-000938	- إعادة تسمية وترتيب الأوراق بذكاء	f0680b172051bd6e60ae7cbd6278fa9eae5bc09ca4076ffc63d76c60c3242540	Data Engine	1.7 إدارة الجداول	1496
F-000939	- عرض أسماء وأعداد صفوف الأوراق	61f706bd32e5d616891eaec509ffd4949c262bcac3362a824cbdf426a7a4da86	Data Engine	1.7 إدارة الجداول	1497
F-000940	- نظام إدارة الجداول (Table Operations)	d360289f42bd46d1ed470bbb966a57ac971db683cc1b21c7407bf36be6e068ec	Data Engine	1.7 إدارة الجداول	1498
F-000941	- تقسيم الجداول حسب الصفوف	ef66744f3bf65f6607eaf8915464c8a55d23735749a7649f3e31d9df71b2c947	Data Engine	1.7 إدارة الجداول	1499
F-000942	- إنشاء جداول فرعية	75d59b8ce6c5957abc7c62ad909750fe9d7a37cd5022a0ae727b0fcf31fcd85c	Data Engine	1.7 إدارة الجداول	1500
F-000943	- استيعاب ومعالجة أي عدد من الصفوف (ملايين أو مليارات)	4d8ac08f2c0fd5a03c736fae43bcdd80800eccd94c4aead2d0b3fe36c2a26e62	Data Engine	1.7 إدارة الجداول	1501
F-000944	- إنشاء جداول وتحليلات عند الطلب	533816a2168793b3d84377d501d558e4fe9b8ee2442edf7b3cf5e245b98351e3	Data Engine	1.7 إدارة الجداول	1502
F-000945	- إنشاء جدول مقارنة	e3962bb37b64c6e035c5f27538bab8c221498f068671ad40dc4c7d47bd242e09	Data Engine	1.7 إدارة الجداول	1503
F-000946	- إنشاء جدول محوري (Pivot Table)	a3d5552b4145f588eeaf23c9c103b163b29e89f43708a2b1047fbd6e3f20d28e	Data Engine	1.7 إدارة الجداول	1504
F-000947	- تحويل نطاق محدد إلى جدول رسمي	598a30f623bf44aed0e101accf2b72c3e88c72db585ddacdf31d2f1ed30dce00	Data Engine	1.7 إدارة الجداول	1505
F-000948	- إدارة أوراق العمل	8fa2914eaf97089ec978821ed9703704585ac355f45349e543db3aacd4edf15c	Data Engine	1.7 إدارة الجداول	1506
F-000949	- تعديل وتخصيص الجداول وتنسيقاتها	2dd18f841aa88ca083875a1696d3281c685191dbb0510462a642b40ef4e8d303	Data Engine	1.7 إدارة الجداول	1507
F-000950	- إدراج جداول تفاعلية	a5b3da7e59a49604c1c128c5c9895dec7749fe9509959b6d81f3ca063a79d986	Data Engine	1.7 إدارة الجداول	1508
F-000951	- توليد جداول عند الطلب	fcb39e2092e224b095093958e031d8492859f9cb52c9e63926d703fd014f23af	Data Engine	1.7 إدارة الجداول	1509
F-000952	- مخرجات قابلة للتعديل بالكامل بعد الإنشاء	9c626afcc6bbdab023123c2a3127c75caf7d70da3ce13c9c40a0753ffedc5998	Data Engine	1.7 إدارة الجداول	1510
F-000953	- معالجة وتحليل ملايين الصفوف في ثوانٍ معدودة	c2f95ca2f75b4222af50833099c9284098d52f9c05ce1f5b1a4cfff57697fccb	Data Engine	1.7 إدارة الجداول	1511
F-000954	- إعادة بناء لوحات المعلومات والتقارير والعروض التقديمية من الصور والملفات المختلفة	02f7176f4d238b989bc760bd6492e393d294f47301dbb2c01d856b2fe4fcac95	Data Engine	1.7 إدارة الجداول	1512
F-000955	- إنشاء لوحات معلومات تدعم مليارات الصفوف	d44ac15b5426a9a21507ebb5ca536b718816eeca1db591510fdef51a13f712e2	Data Engine	1.7 إدارة الجداول	1513
F-000956	- عكس الجداول (Table Inversion)	52ab6a34fb15f541a3fcba96361eaa27b1325a9b2d0df2f25d140e31ce27404b	Data Engine	1.7 إدارة الجداول	1514
F-000957	- قواعد لإعادة تدفق الجداول (Table Reflow)	9277ff03abc61dac50e0a974ab035a9eef27a272ed8ea3093cf6dfc606ec5902	Data Engine	1.7 إدارة الجداول	1515
F-000958	- عزل على مستوى الصف (Row-level isolation)	0157a70eab80a2d86adeb7f2cd854fd8b475c8756f6dd250cc155e11fad564ba	Data Engine	1.7 إدارة الجداول	1516
F-000959	- عرض محلي للوحات المعلومات مع مليون صف	3a12124a1c21fcf1ae713bbcc0b3ad1959b8e1cbaea6f7d98ae69963231a5e7a	Data Engine	1.7 إدارة الجداول	1517
F-000960	- تقديرات الجدول الزمني	397fb3afa2340590eed380c5a05fb6bf630f0c4e38a54e9db1e7fb29afc5308d	Data Engine	1.7 إدارة الجداول	1518
F-000961	- مصفوفة المخاطر لكل مرحلة	cb2eba2057d8b00f00b0ff60f6fd8a625c060dfccfcf8fbaa36a0d1c04ec0af3	Data Engine	1.7 إدارة الجداول	1519
F-000962	- مصفوفة التحقق	15cfe33cab7210e6041dba91ea632a93350b97f85bc7dd06247302f621e5f6db	Data Engine	1.7 إدارة الجداول	1520
F-000963	- جدول تخصيص CIDR	840b9fd69e0cf115f317a8849ba3893581eb1ac42e0dcca53fa765031ed896ae	Data Engine	1.7 إدارة الجداول	1521
F-000964	- جدول ربط IRSA	c093af9537068c0291dd984361a6c727ecce7431b27b774d782c1c5abb7e1e7e	Data Engine	1.7 إدارة الجداول	1522
F-000965	- تشغيل المهام المجدولة وسير العمليات الطويلة	a53ed4cd8882825f4c6a2a8e3b4f0c4b888f27af1c0ca7218b49148b47fad2ae	Data Engine	1.7 إدارة الجداول	1523
F-000966	- إعداد تقارير مجدولة أو عند الطلب	5bdbe779daeb60f433bd9a3b08aacad2f2c31cbefbb3d92184401a4ce32eac1a	Data Engine	1.7 إدارة الجداول	1524
F-000967	- إعادة ترتيب الجداول والمخططات تلقائياً	a60af7b48fddf3fb9d961c7d31c628481bcb47305fe631fa3a657b084da5dd16	Data Engine	1.7 إدارة الجداول	1525
F-000968	- جدولة التقارير وإرسالها تلقائياً	c6b11b658542cd7cce90d8ea702ce8e8caeb00620e09e82453092fffe560d801	Data Engine	1.7 إدارة الجداول	1526
F-000969	- تحويل جداول معقدة إلى رسوم بيانية	f00559cff6f981e30ca53e0c2edaa3652202c88f05766b279ff2d14f165b9fb2	Data Engine	1.7 إدارة الجداول	1527
F-000970	- مطابقة الجداول المعقدة ومتعددة الصفحات وهيكلها بالكامل	667ac9f0c33fd8211cf23f877496764a0882f4900329502072edd3abe3706353	Data Engine	1.7 إدارة الجداول	1528
F-000971	- آلة افتراضية لجداول البيانات (Spreadsheet Virtual Machine)	ec39103f841de970b229b655ca74ff3532457ab608424262aa9056a98eabe418	Data Engine	1.7 إدارة الجداول	1529
F-000972	- بث وتدفق جداول البيانات الضخمة تدريجياً	ccc161a0d422a216746728b0b630907d28dd9213d228f6ac56e733d475b8dbc4	Data Engine	1.7 إدارة الجداول	1530
F-000973	- إعادة بناء الجداول المحورية	42d45b356bdf075d5408b7cc3d3bf49684dcf0d7c5532b38dd210f86fc1eafab	Data Engine	1.7 إدارة الجداول	1531
F-000974	- محرك تنفيذ جداول البيانات (Spreadsheet Execution Engine)	c0d8f8b70236e474c8fea4f579ea26faa2a45fd8f60411dcaf935811a862dac7	Data Engine	1.7 إدارة الجداول	1532
F-000975	- الحفاظ على الأوراق المخفية (Hidden sheets)	e20afe714541d99db9752f9893714c0628bf1ba9d217f6f325f8e6b100012a6e	Data Engine	1.7 إدارة الجداول	1533
F-000976	- إعادة بناء لوحات معلومات تفاعلية 1:1 من الصور ولقطات الشاشة	01c078f2fd98d7c6aefaed7f411cca4d6374834ef568691ce3f554025aac171b	Data Engine	1.7 إدارة الجداول	1534
F-000977	- محرك لوحات معلومات تفاعلية من الصور (Image → Editable Dashboard Engine)	14ee2bd3e4a870e6e308d4c0a85060b27c46b80df49be3cd8697932f682c7ddc	Data Engine	1.7 إدارة الجداول	1535
F-000978	- محرك بيانات فائق (Lakehouse, Apache Arrow, DuckDB, ClickHouse)	f4bc53cd7899fa2e84216b773811b85ed7e7266501a5dd5fa332906cb29f79ab	Data Engine	1.7 إدارة الجداول	1536
F-000979	- توقع وفصل رأس وتذييل الجدول (header/body separation)	63f394fb07609e149d5a92cf5d3dbc6734e00c13e44454ac0faf20211219fa31	Data Engine	1.7 إدارة الجداول	1537
F-000980	- إعادة جدولة العمليات	2196ba833a0c3a5ab9cbccd9aac52d423cbb1a8ab4d8774a608cef941ca24fd2	Data Engine	1.7 إدارة الجداول	1538
F-000981	- محرك جداول بيانات مستقل (Autonomous Spreadsheet Engine)	befc2629ae1e81d08eea7de6186398d92d4007309776374d530169f8e368166b	Data Engine	1.7 إدارة الجداول	1539
F-000982	- تحليل الاعتمادية بين أوراق العمل المختلفة	9c2e99a6f09c6e9164ada3f606c0397ab104cd0dfc01ca2f3eb5ee0740e28f17	Data Engine	1.7 إدارة الجداول	1540
F-000983	- تحميل أوراق عمل تحتوي على أكثر من مليار خلية	8fb37b5331e66dc4939566c10a11b4c0a647d395f6765a66ea4d8a841dd43981	Data Engine	1.7 إدارة الجداول	1541
F-000984	- التنقل الآمن في الذاكرة بين أوراق العمل	c76876eff5a5fe16ce690de07f244a42eccc878d63a3a509ca384fb3732e9003	Data Engine	1.7 إدارة الجداول	1542
F-000985	- تحويل أي جدول Excel إلى مكون في لوحة المعلومات	f2645109cceb7b1b695714f3e9bfb2f67788be0646a14083afd43a490a1cd294	Data Engine	1.7 إدارة الجداول	1543
F-000986	- الحفاظ على الأبعاد عند سحب جدول Excel إلى عرض تقديمي	4b05a66ee0385180bba22756d8280a581b6f7a469a28817eb4dd24bce0cf9f07	Data Engine	1.7 إدارة الجداول	1544
F-000987	- تكامل شامل بين البيانات، المرئيات، جداول البيانات، لوحات المعلومات، والتقارير	1b2163ddeac0da252f895ad3b9630749166c4e46ffa020a144027506b760cb96	Data Engine	1.7 إدارة الجداول	1545
F-000988	- فهم ذكي لجداول البيانات ومحتواها الدلالي	da4f7cab798d384c7afa23fbbe8dfd1b3b48ba654fb2a55835f0f9f528110b83	Data Engine	1.7 إدارة الجداول	1546
F-000989	- الكشف التلقائي عن غرض ورقة العمل (مالية، مخزون، موارد بشرية، تخطيط، مؤشرات أداء)	c93ee3983acbd8f0c235306e950e41fe6475e3a5e0387c3f8a9fbb5be5e25139	Data Engine	1.7 إدارة الجداول	1547
F-000990	- إنشاء نماذج متعددة الأوراق من وصف نصي	d58901819094223a6dbad2e512356ee88617b42f9931602b589b1847864fe497	Data Engine	1.7 إدارة الجداول	1548
F-000991	- إنشاء ورقة عمل للتنبؤ من البيانات	058227659d526cc4d7ba64dd64eb34c67eb661c61dfeef475417a1b7755f8ad3	Data Engine	1.7 إدارة الجداول	1549
F-000992	- بناء ورقة عمل للوحة المعلومات تلقائيًا	484c4c6956dde5cd5b8f2e025f8dba5475690c8513ad1a40c290fd86930b3c1e	Data Engine	1.7 إدارة الجداول	1550
F-000993	- تحويل الدوال المتقلبة (volatile functions) إلى بدائل مستقرة	708645659634d951d695029b71efd1347da46f9bb2fc985c6e2cca9d206da5cb	Data Engine	1.7 إدارة الجداول	1551
F-000994	- موازنة أوراق العمل تلقائيًا	bd6d7c5596c6cd675bef54f63eef92ce2f62bd02190c4a7d6265cf545177d21b	Data Engine	1.7 إدارة الجداول	1552
F-000995	- إنشاء أوراق عمل لمقارنة السيناريوهات	207173fe1e41b416fbc9da759bd21ea7abb84e902ef0b4c1813b3b5f31c125f8	Data Engine	1.7 إدارة الجداول	1553
F-000996	- إجراء محاكاة مونت كارلو داخل جدول البيانات	f404845edfbc5e4dd7dede1de3e2d1a3d473fc205492153c4040b4ee808fd826	Data Engine	1.7 إدارة الجداول	1554
F-000997	- تنفيذ العمليات على أوراق العمل بالتوازي والتوسع الأفقي	f43a1ea433c0feff3beead02647353af4e2507fd0e18c87eec5dd72ffc143ba0	Data Engine	1.7 إدارة الجداول	1555
F-000998	- الكشف التلقائي عن هيكل الجدول المحوري من جدول مسطح	579c0dc3fe0c8e00345901ef7e5a88d345696406ba72c386aca6557948220a43	Data Engine	1.7 إدارة الجداول	1556
F-000999	- مقارنة البيانات عبر أوراق العمل المختلفة	c769b667293f450ba98481ad0a67276c8eb50a956c56bc300c1eb35474b5b8ae	Data Engine	1.7 إدارة الجداول	1557
F-001000	- التنبؤ بالصفوف المستقبلية	01d90bc9e270faef755d703696b3b4135712aef5bfdf093c959d0ced0e603df9	Data Engine	1.7 إدارة الجداول	1558
F-001001	- تحويل ملف Excel متعدد الأوراق إلى عرض تقديمي	e5647115abd9ce2224aa231da49019d55e424cbdedbf2595f851ca811ba4dc8f	Data Engine	1.7 إدارة الجداول	1559
F-001002	- دعم لوحات معلومات مرئية بمليارات الصفوف	fc832e3958e083d108706fc4d57f5b41c4e6cc3544b31f46a5ffaf000573da28	Data Engine	1.7 إدارة الجداول	1560
F-001003	- جدولة النسخ الاحتياطي مع تحديد الوجهات والتشفير وسياسات الاحتفاظ	12790356b0f8de42df080dd21072e00ad125fd3c9519dd38c6e733db032078c6	Data Engine	1.7 إدارة الجداول	1561
F-001004	- جدولة الإشعارات لإرسالها في وقت محدد	90323105cf95e71c3274a614a2a8b3e166934405d9c075d892f56cca28473baa	Data Engine	1.7 إدارة الجداول	1562
F-001005	- إدارة التقارير: إنشاء، حفظ كقالب، جدولة، وإرسال عبر SMS	07aec0c6491e6fac0067aeda61cf19e622d7b9f8ee77861e1fff2e6d58a0b66c	Data Engine	1.7 إدارة الجداول	1563
F-001006	- جدولة تحديث موحدة تشمل البيانات، لوحات المعلومات، التقارير، والعروض	9aa08b6c576d0b40e9186d8ea98b9dcd361521012c8edb43e6e150209a2e0d5e	Data Engine	1.7 إدارة الجداول	1564
F-001007	- نشر وتصدير وجدولة ومشاركة المخرجات عبر مركز نشر موحد	cfe2da9d3373399b150f2aed54749fbd78a9d1b4586af69e3dadf2fff6cee532	Data Engine	1.7 إدارة الجداول	1565
F-001008	- إنشاء جداول مخصصة وربطها بالنماذج الدلالية ولوحات المعلومات	85a93f1ea3cb006e61e6b5be9c0f51bb2432d4c767ab8cb56ae607b69837c2cf	Data Engine	1.7 إدارة الجداول	1566
F-001009	- تطبيق عزل المستأجرين (tenant isolation) على الجداول الجديدة	1613900b1f80c33b2f0dd2efa6e75479edc720758f347c5035e92ee963e62a7a	Data Engine	1.7 إدارة الجداول	1567
F-001010	- الكشف عن الصفوف المعزولة (Orphan row detection)	dfc6caabb4ffe7093186dee76b91388d2b539b124364dbfcad1f3c544e06f520	Data Engine	1.7 إدارة الجداول	1568
F-001011	- جدول تصنيف البنود (Clause Classification Table)	3dd501b8e39413187f6e2416e1c184e182b34f3aa975106e35a55917f28efb22	Data Engine	1.7 إدارة الجداول	1569
F-001012	- مكتبة مكونات جاهزة: بطاقات مؤشرات الأداء، رسوم بيانية خطية، شريطية، دائرية، خرائط حرارية، وجداول	b1fdfcd008149bace1db124b326cfec1ff9f2cac711638ae689269b894d1526f	Data Engine	1.7 إدارة الجداول	1570
F-001013	- اكتشاف العلاقات بين الجداول تلقائيًا	844d77a03da6efc82865332cedbe686d0fd0db7628432ab7247b54849cd195a5	Data Engine	1.7 إدارة الجداول	1571
F-001014	- تلخيص البيانات من عدة جداول	b5e58aa06cb7fb477e8192bb4a78c826b5a5ffcd4c9d15ceab4ee992b016373b	Data Engine	1.7 إدارة الجداول	1572
F-001015	- تحليل الاتجاهات دون الحاجة لعرض كل الصفوف	e0a284b4e595daadc863b3eb6cb02df723a789c80b7d7fb0dbedd2b1dc8d61f9	Data Engine	1.7 إدارة الجداول	1573
F-001016	- تثبيت صفوف العناوين	a1c237b915efec07a15e866615d1e95d3f4fbbc148800ab5d8c0f19fb2b10bd5	Data Engine	1.7 إدارة الجداول	1574
F-001017	- إنشاء “مجموعات بيانات” تلقائيًا	b3c31636b6d81bee18c4f30c3ddec80ace9d02db61d67f5da404327bbe7dfa25	Data Engine	1.7 إدارة الجداول	1575
F-001018	- Freeze pane detection	316daf6a871b1dd70a4fdfe1c193c71d45564a5f072564c2925c1d7fb6144ed2	Data Engine	1.7 إدارة الجداول	1576
F-001019	- Filter detection	ea022801f72556fa0c456462a314b871a9f0c8ec5c0b7cde50881426012d4057	Data Engine	1.7 إدارة الجداول	1577
F-001020	- إنشاء جدول	95851755673eec759d59f5716b24c82c35b8b75edb511e819356ffa2e55f015c	Data Engine	1.7 إدارة الجداول	1578
F-001021	- صفحات متعددة داخل الموقع الواحد	58b3d0aa05022af22fa7328bc628c7c5510022858e9c147cc5574d940161bd16	Data Engine	1.7 إدارة الجداول	1579
F-001022	مساحة عمل فارغة (Canvas) يسحب عليها المستخدم العناصر:	2059b33c411410ef17f9bfe8ae97d68a6f575588160505d5a28218630c327f04	Data Engine	1.8 محرك المعالجة البصري	1585
F-001023	- ملفات وجداول وأعمدة وفلاتر وعمليات حسابية وعلاقات ربط	30fda47aee1f46bb91c64cdbbead23d1991a4b9ab9616797d1eb60019ee57950	Data Engine	1.8 محرك المعالجة البصري	1587
F-001024	- دمج وربط وتجميع وجداول محورية وتصفية ومقارنة	ed77dae4e3a0c948e9f1a37e4a292d8f48d4bfdae92aa1d3b63abde4ef2a64c5	Data Engine	1.8 محرك المعالجة البصري	1588
F-001025	- أعمدة محسوبة وتحويل تواريخ وعملات وكشف قيم شاذة	c9b966be5ea11dba51c03653a98cc9ddcef2232a73e50782a2451ee848c01b7a	Data Engine	1.8 محرك المعالجة البصري	1589
F-001026	- اقتراح عمليات بالذكاء الاصطناعي	3651a3ae8b23dc703c3fe84082fe6c55463d5cbba0b8302e231b1a2c6676d032	Data Engine	1.8 محرك المعالجة البصري	1590
F-001027	- بناء سير عمل مرئي يمكن حفظه وإعادة تشغيله	c5c50c524e431d99c07454703202b3e315c194950d77d231210677b96452802f	Data Engine	1.8 محرك المعالجة البصري	1591
F-001028	- سجل العمليات الكامل	939483d50016c5b42ff36e52260a34341e7da035343244db55bad03a1b8b72e9	Data Engine	1.8 محرك المعالجة البصري	1592
F-001029	- معالجة البيانات بصريًا باستخدام السحب والإفلات	796254af6eb67dc58b664658784cb4d63f494b3168e48a2969c5068cfe666de4	Data Engine	1.8 محرك المعالجة البصري	1593
F-001030	- محرك معالجة البيانات البصري	95f81be5f0fc113c6da785995fb8054b9b258d64d496c2340f911beea54890db	Data Engine	1.8 محرك المعالجة البصري	1594
F-001031	- ربط الملفات تلقائيًا عبر أعمدة مشتركة (Smart Join Suggestions)	dea05ac21ff48ab229227373df864f6895bc74eaf88b78479248fda1b19f0132	Data Engine	1.8 محرك المعالجة البصري	1595
F-001032	- ربط جدول بنتائج جدول آخر	0d2392cc6be78016002583386d6f81b837a8e5b72254c864a6c11f9cf041bda2	Data Engine	1.8 محرك المعالجة البصري	1596
F-001033	- دمج عدة أعمدة في عمود واحد	44b948c61f12837f795722902e63dfa6dc2e8e40f1dae18bdeb33ad57a9a808b	Data Engine	1.8 محرك المعالجة البصري	1597
F-001034	- دمج الاسم واللقب والمدينة والمنطقة والقيم الرقمية والنصوص بتنسيق معين	3d32bfc104d62b20a12cdf1993cacff61a5d553ad6529417673355cf1860a8ea	Data Engine	1.8 محرك المعالجة البصري	1598
F-001035	- اختيار نوع الدمج (ربط / استبدال / إضافة) وتحديد مفتاح الربط	ade229772214dc4235e4e4ef56ea0cbfcbeadc131b443835afee379f607388cf	Data Engine	1.8 محرك المعالجة البصري	1599
F-001036	- وضع الدمج المتعدد لدمج 500 ملف ضمن 10 مجموعات تلقائيًا	c3171956eb74b30e6e43ca77648f228f4fd4e6a88a8d83db3dcc8f0cc9d43bc6	Data Engine	1.8 محرك المعالجة البصري	1600
F-001037	- دمج تلقائي حسب أفضل مفتاح وربط ملفات متشابهة	361d9c2b3b043fdeaa8867ef78de186aacb430035944a76e177101d7e4ecc6be	Data Engine	1.8 محرك المعالجة البصري	1601
F-001038	- تعديل منطق الدمج واختيار طريقة الدمج والتنظيف	c408bd5e88ff512f3d22230ba60e1e7ab65b778887b97d1cfdf296a58429e247	Data Engine	1.8 محرك المعالجة البصري	1602
F-001039	- إعادة تنفيذ عمليات الدمج والتنظيف وتطبيقها على ملفات جديدة	693262b16354f31e7ea7eda33c63fe84b31a40f306e00a45df91843978028808	Data Engine	1.8 محرك المعالجة البصري	1603
F-001040	- دمج بيانات قديمة مع جديدة	dae0a0d6c49ab7b72b90b03e8504694f00c0a94b4a46f119e2f5eed2d2681758	Data Engine	1.8 محرك المعالجة البصري	1604
F-001041	- دمج عدة جداول وأوراق متعددة	dd63ac1fd33ef660685f892e2b1ea5e4c8695e810c6f21d3dee3ac5374509bda	Data Engine	1.8 محرك المعالجة البصري	1605
F-001042	- تجميع الجداول وإنشاء مجموعات بيانات تلقائيًا	5c6d731e4b015f44a2ec14246d1d685ac4fb8fbf2de2557c1d4e7e6a1a53fbe4	Data Engine	1.8 محرك المعالجة البصري	1606
F-001043	- إنشاء جدول نهائي منظم وتقسيم حسب السنة أو الإدارات المختلفة	6040da6c7dbcc6f9102388c23663fe60c3faf251d1aa4273693cddef51d63087	Data Engine	1.8 محرك المعالجة البصري	1607
F-001044	- توحيد جماعي للأسماء وتطبيق معيار تسمية رسمي	20518ad906eff61c5e484263dfe9aa97d6ea96748b4e63794c99647577f11107	Data Engine	1.8 محرك المعالجة البصري	1608
F-001045	- إعادة هيكلة كاملة للبيانات بضغطة زر	1050da26bcbaeecdac9aa07d5bb77519283c66d25e7aff3770b1c68118df35f9	Data Engine	1.8 محرك المعالجة البصري	1609
F-001046	- إنشاء جدول أساسي وجدول مركزي وجدول موحد	ac4287ecd717fbf78d43a1359b6b7d7ad80beea36aacbaeccf3d7067f6a1c43d	Data Engine	1.8 محرك المعالجة البصري	1610
F-001047	- دعم جميع أنواع الملفات بما في ذلك الصور التي تحتوي على نصوص أو جداول والملفات المضغوطة وقواعد البيانات	e5f988d1ccac4d23f8f3e7f88fa0e052d6f4ac54f74a3f2d8e958034c0723e05	Data Engine	1.8 محرك المعالجة البصري	1611
F-001048	- تحويل الصور التي تحتوي على جداول إلى جداول قابلة للتحليل تلقائيًا	248d8dd466aeed2cb92b05784ddd23112522e7f77c3806f902c9860cf3ba0ad9	Data Engine	1.8 محرك المعالجة البصري	1612
F-001049	- فهم سياق البيانات وليس فقط الأرقام	e24e090ae1c44bf8322a2e9f14db1cc9e9c38969b62f8be17dcafabe5c25de61	Data Engine	1.8 محرك المعالجة البصري	1613
F-001050	- تحويل البيانات الفوضوية إلى نظام موحد	f0181cd96f546d359dee19fdaa2dc7f00310997e68f8bb0ca54939fada017fa4	Data Engine	1.8 محرك المعالجة البصري	1614
F-001051	- إنشاء مكتبة بيانات منظمة وأرشفة ذكية حسب الموضوع والسنة	88fb93fd7c6f28d4580e0fe64099c539d9b2d7dede7de864d4a277663ebe5504	Data Engine	1.8 محرك المعالجة البصري	1615
F-001052	- عرض تدقيق بيانات وبناء خريطة بيانات	f1db60afcf5fbde0986d511cf5948312e6a7e6c17dce8c0c8bd6d1e901646ef2	Data Engine	1.8 محرك المعالجة البصري	1616
F-001053	- إمكانية تعديل كل تحويل يدويًا مع دعم السحب والإفلات في كل مكان	d10783b89e8a73bc7da2c481da243d346d06c3f857c3c3e5fcf4aa38e70b99e3	Data Engine	1.8 محرك المعالجة البصري	1617
F-001054	- محاكاة كاملة لأي تصميم خارجي مع إمكانية إعادة الربط ببيانات جديدة	8efbffdc63c5f8ff5f3493981ec636e95a848d3638ee71e44a8f834d38276efa	Data Engine	1.8 محرك المعالجة البصري	1618
F-001055	- كل مخرجات قابلة للتحرير الكامل بعد الإنشاء	611f37193014f7561fe660e0cb0b15fd9fb48ab117f8e78160fdb8023bee3fff	Data Engine	1.8 محرك المعالجة البصري	1619
F-001056	- وضع سهل + وضع متقدم دائمًا للتحكم الكامل أو السهولة المطلقة	28cb7af7b8267f49a3a56e3c246f8770f0f7cf92e373ec87cc790fd3528fcdda	Data Engine	1.8 محرك المعالجة البصري	1620
F-001057	- دعم معالجة متوازية وتدريجية للبيانات	3c34e09f27b72d5ef8a25d13df67f8099307a1e624da3e7d73922b39239a74d2	Data Engine	1.8 محرك المعالجة البصري	1621
F-001058	- تصنيف البيانات وفصلها	7d37ba92068221e8d49cd912de879061ad8fa8f3b51dcd066fd747d2c8072543	Data Engine	1.8 محرك المعالجة البصري	1622
F-001059	- دعم الاستجواب الحر للبيانات	451087b326f23156508b58fab62e14b641689a2689fd5363ccd5bf68780ef8f4	Data Engine	1.8 محرك المعالجة البصري	1623
F-001060	- تصميم طبقة البيانات وربطها ببيانات جديدة	eebf8ee0556781a9f694f0557627e228ac7bb14f7f1f16522053f56bfa591433	Data Engine	1.8 محرك المعالجة البصري	1624
F-001061	- رسم مخططات عبر معالجة رسومية	98dbfdc580ed7c8a0f55a2a0870eb83cf9a89fb67aa74cd0ab6d7e7a8f1ac16f	Data Engine	1.8 محرك المعالجة البصري	1625
F-001062	- رسم بياني عبر معالجة رسومية GPU	24b8610f58da4500ff1aa8e7749943294bea86db69cbd728771beb16801517fb	Data Engine	1.8 محرك المعالجة البصري	1626
F-001063	- تخصيص وحدات معالجة رسومية لكل جهة	0150c12acc7a229a53a63ff84c0fdd467f52d2c38a612ceb946b84a71101825f	Data Engine	1.8 محرك المعالجة البصري	1627
F-001064	- محرك تسريع لحظي للاستعلامات الضخمة	83655e94d0f6c5566a8caa540ddfb5e3b8b54de7da4be010fe081da940f9529f	Data Engine	1.8 محرك المعالجة البصري	1628
F-001065	- محرك تسريع لحظي للاستعلامات	3b6cab2eb02da2b08a8757df91812475f57ab460f7166126513238512f975c33	Data Engine	1.8 محرك المعالجة البصري	1629
F-001066	- دعم بيانات بمليارات الصفوف	5f3b1c684ede77f407605a308ed44056022446914becb2bbdc2af54abef05b7a	Data Engine	1.8 محرك المعالجة البصري	1630
F-001067	- دعم معاملات ACID	328edf39fb94afe6ef6d77d4a8312c60966697b10128f720fe1dd36949f4f2bc	Data Engine	1.8 محرك المعالجة البصري	1631
F-001068	- دعم دوال متقدمة	7b721623ca0e9f4275d833197db249789649526546105d5a6c0472f2d4e29b2a	Data Engine	1.8 محرك المعالجة البصري	1632
F-001069	- تسريع الاستعلام باستخدام ClickHouse + Materialized Views	a9ae8a86773a147f98de7354c5615c67374c952d76756065d0e19be4b4244d6a	Data Engine	1.8 محرك المعالجة البصري	1633
F-001070	- تحليل البيانات باستخدام DuckDB + Arrow + Iceberg	1a159aaa0e542ebb2df73aca8f5db8b2fb3d6423edb7775a8f3da68595d2e83c	Data Engine	1.8 محرك المعالجة البصري	1634
F-001071	- تنسيق تلقائي احترافي	305f9a288957ab627892c63048800a959ad4524d4a739eb86a8acbd41d73aca3	Data Engine	1.8 محرك المعالجة البصري	1635
F-001072	- تثبيت صف العناوين	c331eb882e59fdcff89bb9dfa10a76a886fa02342a9940e85bc942575f1b66fc	Data Engine	1.8 محرك المعالجة البصري	1636
F-001073	- اختيار خطوط احترافية	2c81f114f379fab44d9b9f8f23dc2e306e352046570e802a450866725f864278	Data Engine	1.8 محرك المعالجة البصري	1637
F-001074	- محاذاة القيم	1b180191eca385a920a35561d4099ab2a50dcb33707ce9b47557a59d9bbbe9db	Data Engine	1.8 محرك المعالجة البصري	1638
F-001075	- إضافة حدود منظمة	7235f1934fbc29055dfd55764cec69f46e78f00257465a6dfad2f233640f32a1	Data Engine	1.8 محرك المعالجة البصري	1639
F-001076	- تنسيق الجداول كنمط رسمي	0d60904dcf76c0d543c240f830ad288a0fcb193a332dfc637fb430060b67fe1d	Data Engine	1.8 محرك المعالجة البصري	1640
F-001077	- اتجاه من اليمين إلى اليسار	cba0c2a48b1fdcaa71c95b3f59f15b023ac5cb8c75992fefbf676adcb42af4ae	Data Engine	1.8 محرك المعالجة البصري	1641
F-001078	- محاذاة مناسبة	1a014d221ec877deb23c8fe98bc13895f5ca97692d4b59697ed234f4411da057	Data Engine	1.8 محرك المعالجة البصري	1642
F-001079	- تنسيق أرقام عربي	39e881c3a9027275de60c11b0c46af714e0904db8ce3a5bda47e50ed2ac3a31a	Data Engine	1.8 محرك المعالجة البصري	1643
F-001080	- تجميل أوراق العمل	ab31cd522a93b273d49baeff88460659e815f14e71d0214c08ea59121463cbe5	Data Engine	1.8 محرك المعالجة البصري	1644
F-001081	- إضافة صفحة غلاف	ac80ad888ac91780d7db1f5158ea7fdcbb143cca6a7aaccf2905cb8b82bb4971	Data Engine	1.8 محرك المعالجة البصري	1645
F-001082	- إضافة صفحة ملخص	ffc5b999dc29d7fa09927411fc8401cfff44eea061bca890f4ce4bb1584cb472	Data Engine	1.8 محرك المعالجة البصري	1646
F-001083	- تنسيق احترافي كامل	6575c28362134d59bcd0daee7dd9e700d03a0e584b358103acee4011de9b3c6d	Data Engine	1.8 محرك المعالجة البصري	1647
F-001084	- حجز موارد GPU/CPU مسبقاً لتحسين الأداء	040c677dbf52822e37a0dfc29e32c24b9c8ced83390b2e560c7f59a855509652	Data Engine	1.8 محرك المعالجة البصري	1648
F-001085	- تشغيل كامل بدون اتصال خارجي	91c4ce5b9770f8af308f5927fce3df988b1e23ac514d98ad7663c284ea2df5f1	Data Engine	1.8 محرك المعالجة البصري	1649
F-001086	- حزم AI محلية لتحسين الاستقرار والأداء	dd51dfd969029bddfbe786efea59bba70a8ae963b093a653a216a5104ee0d71f	Data Engine	1.8 محرك المعالجة البصري	1650
F-001087	- تقليل latency عبر تخزين أعمدة hot فقط	b666dd3e4ab38820adc8ad5e812da3ad4fb6d9b081c745739bb0aa5a793bf577	Data Engine	1.8 محرك المعالجة البصري	1651
F-001088	- الحفاظ على deterministic ordering في العرض	91a632f93f962350ae34e595b5cc8af9653d041b9d461c5fba42d1f3410dc3e0	Data Engine	1.8 محرك المعالجة البصري	1652
F-001089	- عدم تحميل ملفات Excel كاملة داخل قاعدة البيانات	b4eb5e66afce2d3cfa2936a50aa3282160e56bfce1352b69921b75080000a399	Data Engine	1.8 محرك المعالجة البصري	1653
F-001090	- عدم تحميل ملفات Excel كاملة داخل قاعدة البيانات لضمان الأداء	0112786e644a303bbb339a10d0142c6d0f66f46ce390dd45293227917b3a9c6f	Data Engine	1.8 محرك المعالجة البصري	1654
F-001091	- تطوير مفهوم الزحف مع استخراج النصوص وتصوير الشاشات وتحليل البيانات في مرحلة التحليل وليس الزحف	6091db3b8f3c57b8ecc95cc887a2754739bc7742f2a90535256e0dda797acaed	Data Engine	1.8 محرك المعالجة البصري	1655
F-001092	- إعادة تنسيق وتنظيم البيانات تلقائياً	dd64ffdb3fb0c8f26c823ac0ebdb1d1e5b0642850bb6c4c037f4b8c53c660bc5	Data Engine	1.8 محرك المعالجة البصري	1656
F-001093	- تحليل PDF أو صورة Dashboard	a708314e00acc7f39c05dc141a5c18105c76a64898e978fb4df2bbe771892422	Data Engine	1.8 محرك المعالجة البصري	1657
F-001094	- اكتشاف أن هذا Bar chart	39de127d6859079c61ae878e317c464cf06dd00872b6a1b6c5e24a42740f7a59	Data Engine	1.8 محرك المعالجة البصري	1658
F-001095	- تحويل صورة إلى مستند قابل للتحرير	bf3fd063b5ab3e841c1665357007c5028a0ecf05a29bc29c5761edfe4f31cda3	Data Engine	1.8 محرك المعالجة البصري	1659
F-001096	- تحويل مستند ممسوح ضوئياً إلى نسخة نصية منظمة	1d59a333e260ced52a151fd87c1be54378cffcd23e2bb5d3420e6295f386d259	Data Engine	1.8 محرك المعالجة البصري	1660
F-001097	- تحويل مستند إلى صيغة أرشيفية قانونية	373da8cef2fe98a4c75fc2da16f6643a838073953b1136c97280875839bab429	Data Engine	1.8 محرك المعالجة البصري	1661
F-001098	- تصدير بصيغ اكسل ومفصولة بفواصل وأخرى	fe87484072c403f981c0d2757e878637c9895d54892eace886a0ed347ec72e66	Data Engine	1.8 محرك المعالجة البصري	1662
F-001099	- تصدير أي بيانات من المنصة	da434892f25d9a3555ce0b17a09fdc68aee10ade9d3ff621b2316bb46a6892ff	Data Engine	1.8 محرك المعالجة البصري	1663
F-001100	- اكتشاف مخطط البيانات تلقائيا من أعمدة وأنواع وعلاقات	cc61a2babf2151a93694269e88879b73f693ef4e364cd3bfa32037d27c6ae880	Data Engine	1.8 محرك المعالجة البصري	1664
F-001101	- اكتشاف مصادر وجداول جديدة مع تنبيه واقتراح مجموعة بيانات	a42ae617c32624d06b7f718994dcc0bd5c900340df1579e4683591e73f1620ff	Data Engine	1.8 محرك المعالجة البصري	1665
F-001102	- استيراد وتصدير مع خرائط أعمدة وتنظيف	a9d3cb21cf669e2fb11ce7e90a1643dc066b7a34437a663e18686f6e263f16e3	Data Engine	1.8 محرك المعالجة البصري	1666
F-001103	- جمع الاستجابات وتصديرها وتحليلها	d5decdb51d8a97e096de69d6e2c42ca6ea76db7387a586e32d75eafd9b186674	Data Engine	1.8 محرك المعالجة البصري	1667
F-001104	- تصدير بصيغ متعددة	53d6198a5389a7c504e1050a2d188e16dafa805b0086ec7355f4f089e8ccb322	Data Engine	1.8 محرك المعالجة البصري	1668
F-001105	- تحليل مجموعات البيانات الكبيرة	66ef5d2ad391c46d50d20011d57f0be658f53d75c3a13408e15bbb04e4998fa0	Data Engine	1.8 محرك المعالجة البصري	1669
F-001106	- تنقية وتحليل البيانات باستخدام إثراء البيانات	492ae2294fcaa7ebd681eeba8ae3406c7d5225ded8bb1b49a6b2d64c86854421	Data Engine	1.8 محرك المعالجة البصري	1670
F-001107	- أرشفة البيانات داخل Cyfe للتخزين والمراجع الموثوقة	0a4aa466877cc72977f9862cbcbc937c2e286d5b7d713d3878be1ceb70d5124a	Data Engine	1.8 محرك المعالجة البصري	1671
F-001108	- محرر الفيديو	1778abb71fb801e2becf0eeda7123a22bea426f6be622d5edfd11830498d0748	Data Engine	1.8 محرك المعالجة البصري	1672
F-001109	- أدوات تنظيف وتحويل البيانات	ec1f5d85f3c7f5d58112f6f28d6d8d934e016bfefd3d7d69efc7d3ff4d9c8a06	Data Engine	1.8 محرك المعالجة البصري	1673
F-001110	- تجهيز سريع للبيانات	4cd647a19103ff0b39c3a8a60588c4fc2c143064484b0a460bb28c40a5edff1b	Data Engine	1.8 محرك المعالجة البصري	1674
F-001111	- تحضير آلي للبيانات	303b8bfe69004d82e34958e8e9ac45a5178ba2a2a0164e8f70a851247a71003c	Data Engine	1.8 محرك المعالجة البصري	1675
F-001112	- توصيف آلي للبيانات	55be072cb46c06b058c263654131044078896d75fe4be698a51ad8b7b758c831	Data Engine	1.8 محرك المعالجة البصري	1676
F-001113	- تنشيط البيانات المظلمة	90aaf383f060ae3b5adf8223968b53317acfeae20a23f7729d61283742bc2470	Data Engine	1.8 محرك المعالجة البصري	1677
F-001114	- تنشيط البيانات المظلمة باستخدام الذكاء الاصطناعي	6b02b03157b5281bca5e48bd8e34688c7c19ea97c9cf92be20719f1d41709ddc	Data Engine	1.8 محرك المعالجة البصري	1678
F-001115	- رسم بياني للمعرفة (Knowledge Graph) يطلق قيمة حقيقية من البيانات	77331d63acd40f2540719bf71cad31666f57250880355192fea85e8d8f56b7c1	Data Engine	1.8 محرك المعالجة البصري	1679
F-001116	- إنشاء مستندات Word وملفات PDF	ad11fc0f5204ffea1e3580a95fad0b1dbbac02ca0cac5b6301100457e3ebfd0e	Data Engine	1.8 محرك المعالجة البصري	1680
F-001117	- تصدير بصيغ PDF, PowerPoint, Excel	9f06d7256198cd04ee67e73226d672e7739ae896db542b55f9d2d5d8b436b346	Data Engine	1.8 محرك المعالجة البصري	1681
F-001118	- محرك إدارة وفهم وتحليل جميع أنواع الملفات بلا حدود للحجم أو العدد	a2b2141918e8fdd68360d87011d2618f522d707b863c06eb7863f6cca32dfc5b	Data Engine	1.8 محرك المعالجة البصري	1682
F-001119	- محرك بصمة التخطيط المرئي (Visual Layout Fingerprint Engine)	3cdbe7523ac25bba7210558fe4037324c53faf95f7dccd055b65f3a26a672ee3	Data Engine	1.8 محرك المعالجة البصري	1683
F-001120	- إنشاء بصمة التخطيط الهيكلي (Structural fingerprint generation)	469f32928f05250c428769a87e69db8fb29a5a92b36d842f1f3747657f0b0494	Data Engine	1.8 محرك المعالجة البصري	1684
F-001121	- إعادة حساب بصمة التخطيط عند التعديل اليدوي	8b65f78deb29926f63654b0db8836e0d97a4c20a27853ea7982cd72eb7a46eec	Data Engine	1.8 محرك المعالجة البصري	1685
F-001122	- فرض تطابق بصمة التخطيط (Deterministic fingerprint enforcement)	6bce74ec8f5dbc4ff1fa90d77b2ef6b6e590bed6a3224c248d8b047f88758092	Data Engine	1.8 محرك المعالجة البصري	1686
F-001123	- الحفاظ على سلامة البنية، والاستقرار البصري، والاتساق السردي، وتوازن الكثافة، ووضوح التسلسل الهرمي، وصحة البيانات، وسلامة اللغة العربية، والحفاظ على البصمة	033ad82d79182ae73cbff214a6148b8938a2f038b0de39e8ce3ed014126007ec	Data Engine	1.8 محرك المعالجة البصري	1687
F-001124	- محرك أنماط URL	53ace251c4158515a88cbcd4fe0020045eaadd5637927d73060595c2a89c0190	Data Engine	1.8 محرك المعالجة البصري	1688
F-001125	- الحفاظ على تشابه البصمة	38d5e61ed69cdcddce20815b03b979d37cef38d1038d309212bacd9481f347ad	Data Engine	1.8 محرك المعالجة البصري	1689
F-001126	- OCR للصور	8a2d9c7eba83194ae931aae2678931787073f22d38c23ae6665c02bb2443c57d	Data Engine	1.8 محرك المعالجة البصري	1690
F-001127	- File Parsing & OCR Service	71ec461282b2f4d5857ac3541bd82b59e8b8fb4dd6ad64335b5fb8d4d0e97673	Data Engine	1.8 محرك المعالجة البصري	1691
F-001128	- محرك معالجة وتخزين الأعمدة عالي الأداء (Columnar Engine & Caching)	d187beabfd049888f45bd849ec60724102cd4ab52a0e5f120b2c4fdf6ee4ebcb	Data Engine	1.8 محرك المعالجة البصري	1692
F-001129	- اقتراح دمج الملفات تلقائيًا حسب التشابه	4ca2e95dd73b25d3ea43007c9429e9f3af1f328e573cbe4ce77bf7852a021910	Data Engine	1.8 محرك المعالجة البصري	1693
F-001130	- اقتراح تقسيمات جديدة	4dbff8ade3545e340c6df056dd57111beec9a000de78821378bf24835e0602fb	Data Engine	1.8 محرك المعالجة البصري	1694
F-001131	- الدمج الذكي التلقائي	bb666185bb42d5ed6d038429c333bf016ad8f004f9a9f3b51f70086a74ed17d1	Data Engine	1.8 محرك المعالجة البصري	1695
F-001132	- اقتراح أفضل سيناريو لدمج	839e521c0dd271d7eb2add701c696062dd45157e33cfbe4deeea46cc91f80e6f	Data Engine	1.8 محرك المعالجة البصري	1696
F-001133	- وضع الدمج المتعدد	9ae0a15ebf3d896dc7286cfa0674d6b1f62482e5cbb00dadb58db51063cf5b62	Data Engine	1.8 محرك المعالجة البصري	1697
F-001134	- عرض اقتراحات الربط	a9dd8ae1503404b5162eaaecaf8b48f5e97e07cea2c4083f1e8587bfc1c89782	Data Engine	1.8 محرك المعالجة البصري	1698
F-001135	- دمج متعدد الملفات والمستويات	069f04ea2dd1eec71842ef378335f5dd8082728415e008c9a74570320265c071	Data Engine	1.8 محرك المعالجة البصري	1699
F-001136	- دمج عبر ملفات مختلفة	1f15d5cc88fce5384e0b00002ea6840c6a55ab763d273476c7e3cb29ecd64c27	Data Engine	1.8 محرك المعالجة البصري	1700
F-001137	- سحب ودمج	a36b75ebfb9ff371a3be90bd858cfd54bc9dd4b470bb26b2f50eae50d8fcd5a4	Data Engine	1.8 محرك المعالجة البصري	1701
F-001138	- دمج الشرائح	e138aed72bcd46a3a4d19b878db0c6c2740e43dba699fab2e0359a1db37b4218	Data Engine	1.8 محرك المعالجة البصري	1702
F-001139	- القراءة من الصور	30ad0ed68055552e3aeb59a2d4e96686fdfbe098d26bd11cb47d250dc5dfb60d	Data Engine	1.8 محرك المعالجة البصري	1703
F-001140	- محرك معالجة البيانات البصري (Visual Data Engine)	48c5a4f99b7b8934ae391d13642d67ce5fa8a0bdd2e1fb82fde1432a52296f51	Data Engine	1.8 محرك المعالجة البصري	1704
F-001141	- OCR متكامل.	cfa929e9b17102626e9d6757403fad78be36ad35dca8914ce4cf49d458904cf1	Data Engine	1.8 محرك المعالجة البصري	1705
F-001142	- منصة ويب موحدة تعتمد على الذكاء الاصطناعي لمعالجة أي نوع بيانات.	b3064525c5a2cb96d5758b55fe373715afd8e33f5301542414badaa41c08e62b	Data Engine	1.8 محرك المعالجة البصري	1706
F-001143	- إنشاء سرد بصري متكامل.	5e97a3b8dd228f1a27579719a23ed0277e924c80c9ccabf280e081ef8d0ab8c3	Data Engine	1.8 محرك المعالجة البصري	1707
F-001144	- تحويل الفكرة إلى وثائق هندسية متكاملة.	2f71b847fcee300c88fafbf96598c734c90589c7ca97e7ecd1b3c333e991a615	Data Engine	1.8 محرك المعالجة البصري	1708
F-001145	- يقرأ من connectors.	f7ecea72aecad9c0ac3a6e2db472f6b31b28d2ef53fb2a693fbc647e6e5db7ec	Data Engine	1.8 محرك المعالجة البصري	1709
F-001146	- إضافة caching.	c216df8f1a70c7d89e2e524e39d415e22b12fc64018abf84cea24cecaac8ec4d	Data Engine	1.8 محرك المعالجة البصري	1710
F-001147	- إضافة query optimization.	578ce1c9b8b5f5e7c71d7336346ba98493c6ab484a5296bc94aaee62121488c2	Data Engine	1.8 محرك المعالجة البصري	1711
F-001148	- Power BI integration.	5626c13bf0a81f021d080c5d033b28fdfe234b32dddda9a4733ba2721e81b9ff	Data Engine	1.8 محرك المعالجة البصري	1712
F-001149	- دمج المنصة داخل تطبيقات أخرى.	52d809308c91e511ddf950313eeb37dba49dee3f5467e904fe4f00a0c79f9338	Data Engine	1.8 محرك المعالجة البصري	1713
F-001150	- تضمين في مواقع أخرى.	9fa1b56f2fa10a3e8c00e7c87e83c8fc4b796e2eb9b80a9eb610887457089825	Data Engine	1.8 محرك المعالجة البصري	1714
F-001151	- ربط google analytics للمواقع المنشورة.	1ca643ceeadb7e38a7b763e796b7c19874162c4d6257a7dfd277d42f54cf94c8	Data Engine	1.8 محرك المعالجة البصري	1715
F-001152	- تحسين محركات البحث (عنوان وصفي ووصف مخصص).	e0ab9809c35a4c4debadde3f4e7af0036a0f2f42d1975fcf1ba8a8789aa565f1	Data Engine	1.8 محرك المعالجة البصري	1716
F-001153	- تضمين فيديوهات من يوتيوب، فيميو، تيك توك، لوم، loom.	b1b9b8d93bb20af05bb472a8688e44172c72d42f937e9b63534e70cbe7b80cb6	Data Engine	1.8 محرك المعالجة البصري	1717
F-001154	- إزالة التكرار وكشف القيم المفقودة	41a1452d0ca8734e8774ac43c9dedf63798a9a1f7bba75146d295a2588e554a4	Data Engine	1.9 تنظيف البيانات	1723
F-001155	- تصحيح أخطاء الإملاء وتوحيد صيغ الكتابة	2db735477d8e795ee048c447b2b9dd3d0026af68782c2fe8c940ab95b260cad7	Data Engine	1.9 تنظيف البيانات	1724
F-001156	- اكتشاف القيم غير المنطقية	a303e4d449cf1c68fc4964740cb494b80e480c7abcb9dcbc4554665e4ec4c4d5	Data Engine	1.9 تنظيف البيانات	1725
F-001157	- إزالة المسافات الزائدة وتوحيد الأحرف	47116c6bf1d299605ecd754cd8a3e6517c34fe7b3bb6b7de96be6d4de50480e4	Data Engine	1.9 تنظيف البيانات	1726
F-001158	- قياس جودة كل ملف بدرجة من مئة	323c2a7888ef136f3787e2f095e43e6f75f2839dcbb5abbf38b31301a7b96119	Data Engine	1.9 تنظيف البيانات	1727
F-001159	- مقارنة ملفين بالكامل وإظهار الفروقات	835ef93ea70f4aee492ae91e24f6d3df27cad682f7043838c1d653dea6aad915	Data Engine	1.9 تنظيف البيانات	1728
F-001160	- تقرير فروقات تلقائي	1244301e127732e0de277df7b2018b561f9e92f32b55d7a8f00593035c3eb6d7	Data Engine	1.9 تنظيف البيانات	1729
F-001161	- تتبع التغييرات والرجوع لإصدار سابق	8d891180722a9c235e358e2b0c0f216c6ee1768dcaa707eee13ade745bfdb001	Data Engine	1.9 تنظيف البيانات	1730
F-001162	- إعادة هيكلة كاملة بزر واحد	fc106d190239dfea965ac37212e55538b6d4441663de5fdbac805e05115f14b7	Data Engine	1.9 تنظيف البيانات	1731
F-001163	- كشف القيم الشاذة	f1b83c306b56353cb89b9af989126d124c5cb626bc4cecb975d8d356b24e2a04	Data Engine	1.9 تنظيف البيانات	1732
F-001164	- تنظيف النصوص بإزالة المسافات والرموز والتنسيق	3c2f00efd6ba17a6333aea72ef8a10993abf5fda3c09f2ce2395bfab786e5c9a	Data Engine	1.9 تنظيف البيانات	1733
F-001165	- تنظيف تلقائي للبيانات	9ac54eb2b3779a1dd395d4cd25210d6d304d24d0f99d5fb1ab9af7797fe8e260	Data Engine	1.9 تنظيف البيانات	1734
F-001166	- تنظيف البيانات وإعادة الهيكلة	7a068a3cf6c4166b5fd05554e116bbd9a5c4b28c8e3906f1347be44fecb73e78	Data Engine	1.9 تنظيف البيانات	1735
F-001167	- إزالة التكرار والفراغات الزائدة	56827c245d3e5bc33244c6efdadfa6006a3e3f7fca1ea7f3bd7579109dd1a2a5	Data Engine	1.9 تنظيف البيانات	1736
F-001168	- تصحيح القيم غير المنطقية	6b584d031864b8f944010adcb21f3f13519cbef2d2a800c4edfbe24387a4c0d4	Data Engine	1.9 تنظيف البيانات	1737
F-001169	- توحيد تنسيق التاريخ والعملات	4fe96c973d38f4d663dda017b793475c4b7ff3ce9745c71eb3b0e239f7aa57c2	Data Engine	1.9 تنظيف البيانات	1738
F-001170	- استبدال القيم وتنفيذ تنظيف شامل تلقائي	1b3da63a4b25c5cb45fb766402a44e60250b39eef9e6d53d10176d279838ab1c	Data Engine	1.9 تنظيف البيانات	1739
F-001171	- اقتراح تنظيف البيانات	85df61852a3b9bc8c7c4a5c45a815838ddfb840dab5ef900e5f2cb21e9cccdd2	Data Engine	1.9 تنظيف البيانات	1740
F-001172	- محرك البحث العالمي للبحث في البيانات والمحتوى	6b867723d93b4366ad773c2b8f23a2a7164ca8b0110964e7f2f47c2abcaa1193	Data Engine	1.9 تنظيف البيانات	1741
F-001173	- تنظيف شامل للبيانات بتصحيح التناقضات وتوحيد وحدات القياس والتواريخ وكشف الأخطاء المنطقية	4c74db922c4510358aaab4f0da0dc2bb057f71cc786848aa97db827e67475cca	Data Engine	1.9 تنظيف البيانات	1742
F-001174	- تقييم جودة البيانات	5f66fd5f44e4df62e47a003d9393b4815b0575165ab2610ec4369ff8b2c78bc5	Data Engine	1.9 تنظيف البيانات	1743
F-001175	- إعادة هيكلة كاملة للبيانات	234cd719280dbe59a1de7761fcc81c7784c2b69c438e541d06924a53e25f0ec5	Data Engine	1.9 تنظيف البيانات	1744
F-001176	- إعادة تنسيق مستند ليتوافق مع هوية بصرية جديدة	86acd9c624b737522b26f8cbc7b3230f39c5cd0f396014f64da34071874eb01a	Data Engine	1.9 تنظيف البيانات	1745
F-001177	- إعادة تحويل مستند مع تحسين التصميم تلقائياً	fd26208f065ebf0987f3ece575e235c20f0b5c856a7bfa958d371cb72d7883e3	Data Engine	1.9 تنظيف البيانات	1746
F-001178	- إعادة هيكلة تلقائية	3cda5a2bdb767ecc9a4c9d74a74d9ac051185946597d1ffebdef2b0c5f0a3a76	Data Engine	1.9 تنظيف البيانات	1747
F-001179	- إزالة الصفوف المكررة تلقائيا	e3ad7e66be08e8d870135de6c7f3adb3aaac69db51d7b787d4dae0b2c03fe0c8	Data Engine	1.9 تنظيف البيانات	1748
F-001180	- اكتشاف القيم الفارغة ومعالجتها بعدة طرق	7f752e31e767be1565a70d84f42c8842caf96fe2f7aceda1eb0980b5cfde5f11	Data Engine	1.9 تنظيف البيانات	1749
F-001181	- توحيد تنسيق التواريخ تلقائيا	ca83e833a9c40bd96f9d814f62881c833fe0de0dfb55ee3eaa58f07f730755c7	Data Engine	1.9 تنظيف البيانات	1750
F-001182	- توحيد تنسيق الأرقام والعملات	d73457a35b3be2b65296ca0e81915ae0b67998f6f2b1607585cd5a046fa048f2	Data Engine	1.9 تنظيف البيانات	1751
F-001183	- تصحيح الأخطاء الإملائية في البيانات النصية	08af5e81e562d764cc9f85b6d5de9e41f109e42f9df0e8ea9b5c9d08bd210bd1	Data Engine	1.9 تنظيف البيانات	1752
F-001184	- تقسيم الأعمدة إلى أعمدة فرعية	8e871b7932a4a994c5dca5da37a75f630a02e4baa64477a37210b39170eb432c	Data Engine	1.9 تنظيف البيانات	1753
F-001185	- دمج أعمدة متعددة في عمود واحد	644837747a4fe501c7da82e5bc6cf6c20b79db4a0930adcef2b701b224d0af16	Data Engine	1.9 تنظيف البيانات	1754
F-001186	- تحويل نوع البيانات من نص إلى رقم والعكس	0e10b3a179bde004975a816c70f60ba03b0219652ad3dddb1f9593fc41183751	Data Engine	1.9 تنظيف البيانات	1755
F-001187	- إزالة المسافات الزائدة والأحرف غير المرئية	5abad121756206371ca8d82f7fbb224680eb92044e97a391159843842d9c600d	Data Engine	1.9 تنظيف البيانات	1756
F-001188	- استبدال القيم بناء على قواعد محددة	7d25c651144138da4930ff00794864d88a31262afa2350cca1628b1e1e5e3b66	Data Engine	1.9 تنظيف البيانات	1757
F-001189	- ترشيح البيانات بشروط متعددة ومتداخلة	aa8007cfb5f51b419ae9589fc0a2c178439dfabe39b15c5d671b0058c62e1521	Data Engine	1.9 تنظيف البيانات	1758
F-001190	- ترتيب البيانات بعدة أعمدة صعودا ونزولا	147368f7e12c852b222bacc50c6c208689faf171ae94c3f4518aab87db76e43f	Data Engine	1.9 تنظيف البيانات	1759
F-001191	- إعادة تسمية الأعمدة دفعة واحدة	5e65240750835787cf03d314e925d74f6c30602657941c2ee0b0234ebbfca725	Data Engine	1.9 تنظيف البيانات	1760
F-001192	- اكتشاف القيم الشاذة والمتطرفة تلقائيا	16eb255c6428f8c5b85284caec096c84345477e25f1d5b913e5b016e4b7e8a52	Data Engine	1.9 تنظيف البيانات	1761
F-001193	- اكتشاف تغير المخطط مثل الأعمدة المفقودة والجديدة والمتغيرة النوع	d03668e021686447ee8643e8685e5a5448c06087c74595c0e271d2f8eba4547b	Data Engine	1.9 تنظيف البيانات	1762
F-001194	- كشف فجوات القيم مثل الفراغات والتكرار والشذوذ	5ca029713e694eeec5d936a89cc2609fc5bf1a25f7c9a56749880f735d77feb2	Data Engine	1.9 تنظيف البيانات	1763
F-001195	- كشف اختلاف القوائم المرجعية مثل الجهات والمدن والتصنيفات	70bedc0eb75eaf3ff5cbe45ea418fece12d1eab0e9e7341916c7b4e73410db18	Data Engine	1.9 تنظيف البيانات	1764
F-001196	- تقرير فجوات مع توصية إصلاح وتطبيق مع سجل	71487ea68dc7947895bd451bf523f98ffada0250eeb2ef14714587e4c6c9f397	Data Engine	1.9 تنظيف البيانات	1765
F-001197	- توحيد أسماء الأعمدة بقواعد تسمية عربية وإنجليزية	8a449d55fafa56f5eb554127534c4b28b2f948f85b718d87763ca95fd9009f3b	Data Engine	1.9 تنظيف البيانات	1766
F-001198	- درجة جودة البيانات لكل مجموعة بيانات	7703199cfa7c12b766cec1b6e2878b269ff59ea2106b694526b3fe39587d4aad	Data Engine	1.9 تنظيف البيانات	1767
F-001199	- تنبيهات عند تغير مخطط البيانات	38f6352e3c6b871ba3aa29a1971269ad7443fce060b8354b965fe0c524d3de12	Data Engine	1.9 تنظيف البيانات	1768
F-001200	- تحديث تدريجي للبيانات	69268dce7070e6bd96b4ca7b275c9e49d7a73a27652eed52761c07be306e2fa3	Data Engine	1.9 تنظيف البيانات	1769
F-001201	- جدولة خطوات المعالجة المتتابعة التلقائية	3d3b859d72adb16b4c5c3eb3cfe7e593fb8d990a5f3f1c32b0dee2c08665938c	Data Engine	1.9 تنظيف البيانات	1770
F-001202	- تحليل أثر تغيير المخطط على مؤشرات الأداء	2f43c43e2a0de229aea658fa540daf81993586981ff45582fd7dfe3c9e551c9c	Data Engine	1.9 تنظيف البيانات	1771
F-001203	- قواعد تنظيف لإزالة المكرر وتصحيح التنسيق وملء الفراغات	79d7ca2cd4b7fd509650398df43a8852082df4046875bebde5ac57f59e3cfc6b	Data Engine	1.9 تنظيف البيانات	1772
F-001204	- تحليل جودة البيانات تلقائيا يشمل نسب النواقص والقيم الشاذة والتوزيع	fb54d8dacf5efc2543f22d13b11256533582aab1264b05fa48e162cadd4d3448	Data Engine	1.9 تنظيف البيانات	1773
F-001205	- إنشاء مجموعات بيانات ومقاييس أولية تلقائيا عند وصول بيانات جديدة	8a0dca7f3d820d3af143c1916e08f3433d4383ea7249a0fe7d09535ae0c87ede	Data Engine	1.9 تنظيف البيانات	1774
F-001206	- اقتراح لوحات مؤشرات وتقارير وصفحات تلقائيا عند وصول بيانات جديدة	bb33cbcf6bf94a93fb1261498a495cb472cace9c17968e58b0a766964e6d3f03	Data Engine	1.9 تنظيف البيانات	1775
F-001207	- قواعد التحقق تشمل الإلزامي وقيود النطاق والأنماط	f3382bf41db2312034a9d5dc470137040f28a67e737185216a243a66ef958ea0	Data Engine	1.9 تنظيف البيانات	1776
F-001208	- تحقق من المدخلات يشمل حقل مطلوب وحد أدنى وأقصى وأنماط وشروط	ca4eb1afbced6350aabac5da4accf91497146faa11da2f52d28d2d482414a867	Data Engine	1.9 تنظيف البيانات	1777
F-001209	- منطق شرطي لإظهار أو إخفاء حقول بناء على الإجابات	7ed91b123b7d1a8feda2758946bc537b803a708ebc59131403f546a974c2d95e	Data Engine	1.9 تنظيف البيانات	1778
F-001210	- نماذج متعددة الخطوات	ef3ea765ecd55b773e3a959236226d435a5e4d2d9625d5eb88b7bd8be24a07fe	Data Engine	1.9 تنظيف البيانات	1779
F-001211	- تصنيف حسب النوع والأولوية والجهة والموضوع والتاريخ	495f398df51268a4e9837ca08b355977e0ad268a71430b58c25c42e9eaa6b42e	Data Engine	1.9 تنظيف البيانات	1780
F-001212	- إثراء البيانات.	1ea34217dab8a0f12969c24e5de67888aad9ecc8f12349188db9b90128544891	Data Engine	1.9 تنظيف البيانات	1781
F-001213	- تصفية ذكية للبيانات	13a151b73a7c45dd9cd03fcc4375ee5a6e758fdeee3004cc404219b051ad69d2	Data Engine	1.9 تنظيف البيانات	1782
F-001214	- أدوات مدعومة بالذكاء الاصطناعي	5552e58f17cc954295ec8ce0507637cb5058befea8d15fa06bfbbc9b76ec4439	Data Engine	1.9 تنظيف البيانات	1783
F-001215	- تنظيف البيانات	d6c22a58f1337ada6068ec53b8308c2efdcbfa9b5f19eea7564caac6aec277c5	Data Engine	1.9 تنظيف البيانات	1784
F-001216	- التحقق من إمكانية الوصول (تباين الألوان، تخطيط، قابلية قراءة الخط)	383cc30ffad25015c453b8e02694117e7c6cb28e20a54098a9b5805ba9d2bcdf	Data Engine	1.9 تنظيف البيانات	1785
F-001217	- التدقيق الإملائي والنحوي	116d7645c0d98ef70a7425389690241535b2745925824a763085d87a4f45a983	Data Engine	1.9 تنظيف البيانات	1786
F-001218	- المساعدة في إنشاء نماذج بيانات محسّنة	2e0ca5d1d1f18d31b7227bde9377e2ae7637dc73601dcefc76f0a56c16711321	Data Engine	1.9 تنظيف البيانات	1787
F-001219	- بناء نماذج تعلم الآلة	4722f803ed6218ada806ced74d89e374bcc528c677ad6fc5a9f8adb76de7a2a5	Data Engine	1.9 تنظيف البيانات	1788
F-001220	- بناء نماذج تعلم الآلة الأولية مباشرة في المحادثة	8e5fbd732e7513f4eb4fe2e3353130379c2da0d6cf31071c11bf2f7b7ccabcd3	Data Engine	1.9 تنظيف البيانات	1789
F-001221	- تجميع التنبيهات المتشابهة معًا لتحديد المشكلات بشكل أسرع	cdf0d090a7a2c869fc19644a9030cf77b4abb82e2492c751eb876cc698b33980	Data Engine	1.9 تنظيف البيانات	1790
F-001222	- تجميع التنبيهات في Jira Service Management	204fbc0fce40adde9c52c624ab69058a4c5e65826035a13873ccfd3e28bf177d	Data Engine	1.9 تنظيف البيانات	1791
F-001223	- تنظيف البيانات وتحليلها الفوري	e2e16e1abd8adacea207bc3b6669414a26790f8806ace2f217948328c191cabe	Data Engine	1.9 تنظيف البيانات	1792
F-001224	- كشف التكرار والقيم الشاذة والمفقودة والأخطاء المنطقية	c7c5df3a4a752c0431accb01064b1bbacd3282576035e3e13ef0eedc6687e0c0	Data Engine	1.9 تنظيف البيانات	1793
F-001225	- تحليل فجوة الأداء	7530a9e7b8e654b2ab04215ddbd112b332750e619853b7b692cda8b00ee22c93	Data Engine	1.9 تنظيف البيانات	1794
F-001226	- تنظيف النصوص (إزالة مسافات، رموز، تنسيق)	4d300cd2b5600ff8b459d0a604aba4916843702acf35fab1ace6fd01c434078d	Data Engine	1.9 تنظيف البيانات	1795
F-001227	- تصحيح أخطاء الإملاء الشائعة	7c6e32eda89440a37a6a1929965156ad54e4219c34bd5840c9a8576ea1d70253	Data Engine	1.9 تنظيف البيانات	1796
F-001228	- توحيد صيغ الكتابة (مثلاً: الرياض / Riyadh)	0242f88b1001bcee8a58201b8e8606712c2e65b969f8aba818d58458a15d8aeb	Data Engine	1.9 تنظيف البيانات	1797
F-001229	- ذكاء في الجودة والحوكمة	bff724c1ecddac89aa723a442ad90292718f4f85dc1ac5f15113b9051e98b737	Data Engine	1.9 تنظيف البيانات	1798
F-001230	- قياس جودة كل ملف بدرجة من 100	3846a394c0d60928d0adf906e170f24939092cba10262fa139f5eebecc0a04a9	Data Engine	1.9 تنظيف البيانات	1799
F-001231	- توحيد تنسيق التواريخ والعملات ووحدات القياس والخطوط	441750c045fa80154f59751ca7e0b9297c58cc7a40dbf8c6a987c939ae2c0b8f	Data Engine	1.9 تنظيف البيانات	1800
F-001232	- إعادة الهيكلة الكاملة للملف	f96858e9fcadfdbf473f4df8c8c99a6be3820eed73170844a66a28d5fcaa527f	Data Engine	1.9 تنظيف البيانات	1801
F-001233	- مراقبة جودة نماذج الذكاء الاصطناعي	87b813b932a81a262b22dc2f79a1ed827b8c92e79e3622a15959597eaca1b17a	Data Engine	1.9 تنظيف البيانات	1802
F-001234	- تحليل الامتثال التنظيمي تلقائياً	c5fca5a40c1ddb307571ad2d21f9eecd6e4eb1804fc81dd426826625e7d019d5	Data Engine	1.9 تنظيف البيانات	1803
F-001235	- تقارير امتثال تنظيمية جاهزة للتقديم	670cb1c9b1a2cba738cf5253c5b3897864497239d3260ef7376c4580a7f74465	Data Engine	1.9 تنظيف البيانات	1804
F-001236	- نظام مطابقة حرفية 1:1 وتكييف ذكي دون كسر المطابقة	ac20634f873ab95c378f54e354cbc46f134a675e371f0dd3f527ecc7cdb1fb6a	Data Engine	1.9 تنظيف البيانات	1805
F-001237	- إعادة المحاولة حتى الوصول لمستوى الجودة المطلوب	d0bc1adae43f2afbe2d70edc2a88040ec73fe8a0c93f65ca38bafa235139aca5	Data Engine	1.9 تنظيف البيانات	1806
F-001238	- قواعد تحقق قابلة للحفظ وإعادة الاستخدام	435c769a593e4c633cc0d50fc43f4b9025d1d3fe4ebe027e64ee301e8d069368	Data Engine	1.9 تنظيف البيانات	1807
F-001239	- إدارة البيانات: إنشاء Dataset، تعريف Metric، اقتراح تنظيف	230b2230712c3b84826a544b1dd1f783b9fbc622d6fa346b37d3891fefc9809d	Data Engine	1.9 تنظيف البيانات	1808
F-001240	- بحث بالأنماط المهيكلة (Structured pattern search)	84ce5d71c6037fa291f5d2ef8553eebef9996015c94105501b463c1a1c6b9ac0	Data Engine	1.9 تنظيف البيانات	1809
F-001241	- محرك تقييم تنظيمي حتمي (Deterministic Regulatory Evaluation Engine)	7ba6e92c3a9ec9e788d35afa4bb22f284b0465402d96af0efa93f36927bdc863	Data Engine	1.9 تنظيف البيانات	1810
F-001242	- تطبيع القيم الفارغة	715777f48d8bff6785cbc0a23f2196259f29abbc205c19e5368b59a6df58bad3	Data Engine	1.9 تنظيف البيانات	1811
F-001243	- أدوات تنظيف وتحويل الأعمدة	63f92419fee949d62613ccb214efc7d377f62c942cb9eac9a53c953964a8571e	Data Engine	1.9 تنظيف البيانات	1812
F-001244	- تحويل صيغ التواريخ والعملات	66fd1438cad2fb431d5f038c58ce5d9544abc56518f2fd4cfd98fd6b89fec93b	Data Engine	1.9 تنظيف البيانات	1813
F-001245	- تحويل البيانات الفوضوية إلى نظام موحد	f0181cd96f546d359dee19fdaa2dc7f00310997e68f8bb0ca54939fada017fa4	Data Engine	1.9 تنظيف البيانات	1814
F-001246	- تصنيف الملفات حسب النوع	3bbc526b7743c04137b6b1287ba261e622c398d1477ecbeb9d197b7691d5da9e	Data Engine	1.9 تنظيف البيانات	1815
F-001247	- تطبيق معيار تسمية رسمي	451cccdfcdccfc57cf680274f4c9ecb6215f3c2cbad0b5a4361db50a489f2503	Data Engine	1.9 تنظيف البيانات	1816
F-001248	- ترتيب النتائج	ce89f22c428593212bd86f5f7ccc69074bcc93efcf6275cc7811a7f2b8f9252f	Data Engine	1.9 تنظيف البيانات	1817
F-001249	- استبدال القيم	228abaf6463c2ac06370b7f2ab83fa95c06309dfb579f687c47a381d44ce414d	Data Engine	1.9 تنظيف البيانات	1818
F-001250	- “نظف كل شيء”	eb60fdc3129939d7dfd2a28f0aeb1e8a75a0d662373888a1fbf4d86d6f80c73b	Data Engine	1.9 تنظيف البيانات	1819
F-001251	- إمكانية العمل على جزء من البيانات	9ede409844b8e3fb8f52af34d5278855d44cd4b7b953477914e462c52981515d	Data Engine	1.9 تنظيف البيانات	1820
F-001252	- إعادة هيكلته	1022ea48815b783d2ece7ae7115983e2106edd67b8250afbc1488d8e421dd6c8	Data Engine	1.9 تنظيف البيانات	1821
F-001253	- تحسين الهيكل العام	1dee7a30c82ac592d89496023df518e420e15fdad55be64f8a25fda9f431260c	Data Engine	1.9 تنظيف البيانات	1822
F-001254	- استبدال البيانات	b0b8448e0a062313425935cb129c56c4097e8e49b60c2aa9cfdcc469166f72f2	Data Engine	1.9 تنظيف البيانات	1823
F-001255	- تعديل طريقة التجميع	baee0fccf85ca085ed4243f5fa314803c568723e6afd035a972e7970bfb79bcc	Data Engine	1.9 تنظيف البيانات	1824
F-001256	- بناء Data Lake داخلي	67b84c0170384d83e828f958e051f854b9dae9c4ad0cf16063cce519cf92bb04	Data Engine	1.9 تنظيف البيانات	1825
F-001257	- Data Transformation Engine	f6e01b8f71e33b55e7b9625960c62d14ceb3bd6bf2229b7f4662eab253cf2842	Data Engine	1.9 تنظيف البيانات	1826
F-001258	- Data Lake + Structured Storage	7e5c0f5f5c34963bcc02dd45b3f64ba07a8514619c260453fb20a81aa702efc5	Data Engine	1.9 تنظيف البيانات	1827
F-001259	- Data Lake للملفات الخام	0880d3abcaa3011b66924c05a37ce86239253c4b2cc0dcb667c72f97e8f67c60	Data Engine	1.9 تنظيف البيانات	1828
F-001260	- طبقة معالجة	92894416d61d0298f59a2789cce5a213bc3d26c80ca1519c8421599dda8c324f	Data Engine	1.9 تنظيف البيانات	1829
F-001261	- طبقة بيانات منظمة	b91c86d52b77959bb4b1cf4829283e6f71e812478d84e6f449a4b5d7bbfcce3b	Data Engine	1.9 تنظيف البيانات	1830
F-001262	- Grid reconstruction	3c90d6ff442c15b0f15ccea7a7d7f4e30daf10ffed80b980942564d27ef9ff9a	Data Engine	1.9 تنظيف البيانات	1831
F-001263	- Data binding remapping	8781888651bd6fb4a4c686737f6503319707426f17331746d1a02413964cfd7f	Data Engine	1.9 تنظيف البيانات	1832
F-001264	- Data Processing	298193daa38af229669063270074432e8564c0e8008037559c8d3b3c1512f225	Data Engine	1.9 تنظيف البيانات	1833
F-001265	- Data Normalization Engine	cb57e2bda23e2fc6badf1cab9493ea9461eba8527d411a1f2e129c887cbd764c	Data Engine	1.9 تنظيف البيانات	1834
F-001266	- هيكل استيعاب البيانات	363068ba3e9aab670147f05891fea7e7f40b2134c1a6e3aa533259614ffd4544	Data Engine	1.9 تنظيف البيانات	1835
F-001267	- Rebinding to new data automatically	98a3dffff6c8685e31d0f90a64f104ba7e463b365ba016c4c932fa0bae328a8d	Data Engine	1.9 تنظيف البيانات	1836
F-001268	- Data Rebinding Engine	ce66e4379502191aa67b417317024ee5262538a61c8a71c69ba42e43633218d4	Data Engine	1.9 تنظيف البيانات	1837
F-001269	- القيام بعمليات دمج وفصل ومقارنة وتحليل لملفات الإكسل باستخدام الذكاء الاصطناعي	dbfdc66eca122d0b37a16404a38e22cecdadb635f181ad4b79398a6d9fd3e6bb	Data Engine	1.9 تنظيف البيانات	1838
F-001270	- تقسيم أي ملف	e524d5dedbaf20098a9e978b836f65ad3dcdf692807ee7cbf47a0f13e19f89b1	Data Engine	1.9 تنظيف البيانات	1839
F-001271	- تقسيم ذكي وتلقائي للملفات الكبيرة والضخمة	4a8e2370e472204335aa4136278222d81253651bec19f82e2a4d8a6cee48b476	Data Engine	1.9 تنظيف البيانات	1840
F-001272	- تقسيم حسب فاصل	e6d71ea81272abc598615c521cfeaa35a16a6ce8ae1a930732e6f653b12b7c8d	Data Engine	1.9 تنظيف البيانات	1841
F-001273	- تقسيم حسب التاريخ أو السنة	9417ffbe686959d3c75e421f2d1bfb2aba3b890a0223e36a2c903ec700a4e013	Data Engine	1.9 تنظيف البيانات	1842
F-001274	- تقسيم اسم مركب	e0f82a6b81c8dac22654db58d36fec2bba96536cad3511a383382fc7d2782204	Data Engine	1.9 تنظيف البيانات	1843
F-001275	- تقسيم حسب الفئة أو الفرع	f07f5cc160dec5ef26e0129655807aac0e8f83356d828c881af1a5313ee17e42	Data Engine	1.9 تنظيف البيانات	1844
F-001276	- وضع متقدم لاختيار معايير التقسيم	793afbcb18f7ee0074421a180b142066e0fa5348543c428ecc716774dee2878f	Data Engine	1.9 تنظيف البيانات	1845
F-001277	- تقسيم حسب شرط	6f13d50d4fbbf85158485db2916e383cbdb95f4e4395cd46a0669dca6f7f6da0	Data Engine	1.9 تنظيف البيانات	1846
F-001278	- تقسيم زمني	94ea1a983f814aafae8315fb30463ff0f790e0837dfcfa9999b08a12d1c6b5db	Data Engine	1.9 تنظيف البيانات	1847
F-001279	- تقسيم الشرائح منطقيًا	9506d24f65a995ea5a774581e9ac440e3e9eb9131db1c9ab62fa82afb6917cca	Data Engine	1.9 تنظيف البيانات	1848
F-001280	- إضافة أو حذف فصل	a01fc3826876ec53c10bf403e9066a7a9a85af9721c20e96b4b807abd10b6e06	Data Engine	1.9 تنظيف البيانات	1849
F-001281	- تقسيم الصفحة	665e307232b9577336f66bea61706d97543ed4534b499c2f5d9dbfc6dece412a	Data Engine	1.9 تنظيف البيانات	1850
F-001282	- فصل البيانات	627caead1954fd78f018ff418b80665971c87c35e52a7df279da0b62c4d74b80	Data Engine	1.9 تنظيف البيانات	1851
F-001283	- تقسيم الملفات	5ae26e52351389fde6cad7efb4898bf6183aae86c73f4373e751ab459eb4113c	Data Engine	1.9 تنظيف البيانات	1852
F-001284	- تقسيم العملاء تلقائيًا إلى فئات	b0a3d7b4eabb69bde4901edaaf6e0115602abc03812b3183777a8acbc1a01943	Data Engine	1.9 تنظيف البيانات	1853
F-001285	- ملف لكل سنة	69514fed5efc920653bf68456276de117984d138c95e4943fc4df3044bac99fc	Data Engine	1.9 تنظيف البيانات	1854
F-001286	- ملف لكل منطقة	89be47a2f368dfabd2dacf2c8416433af5c0bda95c0240f407c41db827e5620c	Data Engine	1.9 تنظيف البيانات	1855
F-001287	- ملف لكل فئة	2e15d6d04e94dde006c9b6f7d97f4ac718b36a3f1e2e7c9de048a2b0b007da5a	Data Engine	1.9 تنظيف البيانات	1856
F-001288	المنصة لا تكتفي بقراءة ملفات Excel بل تنشئ محرك تنفيذ معادلات كامل يدعم:	c6f413d5d47a9542e23477787fc19954f668d168a92186471b6347726d47f659	Excel Engine	2.1 محرك تنفيذ المعادلات الافتراضي	1865
F-001289	- تقييم كامل لشجرة المعادلات بترتيب الحساب الأصلي	cec9249b2976e9754f4d885a7fde70d59196c014ab93f880561ecce424b39907	Excel Engine	2.1 محرك تنفيذ المعادلات الافتراضي	1867
F-001290	- تتبع الاعتمادية بين الخلايا عبر رسم بياني موجه	45462f984313a27be697efd917dc90db0ed96149b91c2dbd7c05e206f50e4257	Excel Engine	2.1 محرك تنفيذ المعادلات الافتراضي	1868
F-001291	- معالجة المراجع الدائرية	ac2e744744329dbfbb5718974fcf6ef4439bd8656ca3ddc22223269b27fbe82b	Excel Engine	2.1 محرك تنفيذ المعادلات الافتراضي	1869
F-001292	- إعادة حساب تدريجي عند تغيير قيمة واحدة	692cff9c2af465387a4b8cafaa5b16f2564d7dfb17b733ccbc31791b8876d133	Excel Engine	2.1 محرك تنفيذ المعادلات الافتراضي	1870
F-001293	- معالجة متعددة الخيوط للحسابات الثقيلة	2118716fe43a5cf11709b8f1cd3fcb41f7c181b0eb8b098a7f9f9b73af5f134c	Excel Engine	2.1 محرك تنفيذ المعادلات الافتراضي	1871
F-001294	- دعم المعادلات المتقدمة والمصفوفات الديناميكية	10cbdc7455e56db90ff28f9203d2bed9c97bf7f427e9061cbb894bc77acf0598	Excel Engine	2.1 محرك تنفيذ المعادلات الافتراضي	1872
F-001295	- دقة رقمية لا تقل عن ستة خانات عشرية	46febb4724c9e69e247e396ef5aa186ce0dedcd0b411a0f242842614baeaebdf	Excel Engine	2.1 محرك تنفيذ المعادلات الافتراضي	1873
F-001296	- إنشاء أعمدة محسوبة ومشتقة	b7f083fe0f55d4325901a5a0fe3cccc511dce3eae43b25aca07eca47702c2448	Excel Engine	2.1 محرك تنفيذ المعادلات الافتراضي	1874
F-001297	- إعادة حساب حتمية قابلة للتكرار	341449994ce365b14e838077930ce3651067798b2459b54769dc8acb4221f00f	Excel Engine	2.1 محرك تنفيذ المعادلات الافتراضي	1875
F-001298	- تحويل صيغ التواريخ والعملات	66fd1438cad2fb431d5f038c58ce5d9544abc56518f2fd4cfd98fd6b89fec93b	Excel Engine	2.1 محرك تنفيذ المعادلات الافتراضي	1876
F-001299	- توحيد صيغ الكتابة (مثلاً: الرياض / Riyadh)	0242f88b1001bcee8a58201b8e8606712c2e65b969f8aba818d58458a15d8aeb	Excel Engine	2.1 محرك تنفيذ المعادلات الافتراضي	1877
F-001300	- دعم صيغ LET و LAMBDA	db9405552a6d5a4c3047f573dfaae400fead11463aae4959b6f0ee3fd9fb56b5	Excel Engine	2.1 محرك تنفيذ المعادلات الافتراضي	1878
F-001301	- بناء رسم بياني لاعتماديات المعادلات	56122d77bdde6008a0698efb07cb89e2cb35435a44f11355bb5cbe73aa8df45b	Excel Engine	2.1 محرك تنفيذ المعادلات الافتراضي	1879
F-001302	- إعادة بناء الجداول المحورية	42d45b356bdf075d5408b7cc3d3bf49684dcf0d7c5532b38dd210f86fc1eafab	Excel Engine	2.1 محرك تنفيذ المعادلات الافتراضي	1880
F-001303	- الحفاظ الكامل على هندسة الجداول المحورية	4e0245d4ece9ddd3e73067b5e21d8af21fa04a93275df62557f1a1c60b7d7692	Excel Engine	2.1 محرك تنفيذ المعادلات الافتراضي	1881
F-001304	- تقييم DAG للمعادلات	73920d436aae8f35be16dca7c7826d2e7511850dc12ac697819be95be8a05583	Excel Engine	2.1 محرك تنفيذ المعادلات الافتراضي	1882
F-001305	- إعادة حساب تدريجي	45b9d1521edf033e61971dc1ea839467d628e21260d1dd242c8d608ac45a0422	Excel Engine	2.1 محرك تنفيذ المعادلات الافتراضي	1883
F-001306	- بناء رسم اعتماد كامل للمعادلات	56672f1d5fcb3d618090a8411ecd6dc49463fa3b9377cbc12299148c99190d81	Excel Engine	2.1 محرك تنفيذ المعادلات الافتراضي	1884
F-001307	- محرك Excel يجتاز تدقيق الدقة	7499d5c6d58264456b9070aa6a1c2e933aeca624b2f9440e66b04a87359ad3ac	Excel Engine	2.1 محرك تنفيذ المعادلات الافتراضي	1885
F-001308	- استنتاج صيغ مفقودة من نمط البيانات	7aa74317a0f27a9cdd1aeaf6037f5a05d9e7d163ba9be10f34e67b50d740ccaf	Excel Engine	2.1 محرك تنفيذ المعادلات الافتراضي	1886
F-001309	- اكتشاف أخطاء منطقية في الصيغ	bdf7e21d53141cbd71cd08e30ab05f9841a642557e394926b143b6e2f1fc90af	Excel Engine	2.1 محرك تنفيذ المعادلات الافتراضي	1887
F-001310	- اقتراح تبسيط الصيغ المعقدة	65e5cb2ff4df3ae6a9e51147f5a69461b79ffee7efad02945d8ede91056c4bec	Excel Engine	2.1 محرك تنفيذ المعادلات الافتراضي	1888
F-001311	- إعادة ترتيب تقييم المعادلات بذكاء	893d958220dc6028f6ef698c76987982b0cdfe3f4fa7dadf35513508886bd9ef	Excel Engine	2.1 محرك تنفيذ المعادلات الافتراضي	1889
F-001312	- تنسيق وتجميل احترافي تلقائي للبيانات	6119142ebed322dd9e962e5bc7ebdd122d26ccf2e33be6abd46d72f501d9af7e	Excel Engine	2.1 محرك تنفيذ المعادلات الافتراضي	1890
F-001313	- تنسيق تواريخ وإضافة حدود احترافية وتفعيل الفلاتر وتحويل النطاق إلى جدول رسمي ومحاذاة صحيحة	0031830a1bfc36174a47de892cb0569b02e9818546d7641b817d2864c23d4576	Excel Engine	2.1 محرك تنفيذ المعادلات الافتراضي	1891
F-001314	- إعادة كتابة الاستعلامات تلقائياً	ab3ef57c64604e0662eba137a02dc8128e2ac5ccb18fe1c54430bac994c80fb0	Excel Engine	2.1 محرك تنفيذ المعادلات الافتراضي	1892
F-001315	- سرعة تنفيذ عالية	179dff45f9cf0a65b76503d44b4abde0f58d32d6f6ee1f1db0fe4b399ba3d757	Excel Engine	2.1 محرك تنفيذ المعادلات الافتراضي	1893
F-001316	- زيادة سرعة التنفيذ	1f43ae2215838fb0d7b7bf9a396ca924327e323f07b885cb8cb6478a7c685b62	Excel Engine	2.1 محرك تنفيذ المعادلات الافتراضي	1894
F-001317	- توازن بين السرعة والسيطرة	bf47fec860587103d9e9019f6b1169a321164a5bf57695482b87f772f25ee771	Excel Engine	2.1 محرك تنفيذ المعادلات الافتراضي	1895
F-001318	- تنفيذ في مسار غير متزامن	0d536259b21b7ab217ec00e9c97e34770b66131a28960ddbc4ea35081d40d5ca	Excel Engine	2.1 محرك تنفيذ المعادلات الافتراضي	1896
F-001319	- عدم السماح بأي تجاوز متوازي (parallel override)	db5de4e19149264419d2e2338b32a8f4495239cb228a669fe5b1c5fef5085359	Excel Engine	2.1 محرك تنفيذ المعادلات الافتراضي	1897
F-001320	- تغيير سقف الأداء	d85dfa32ace390d2204a85b1e764e8784c37121ee68cddded3eb8e1a0028d6cd	Excel Engine	2.1 محرك تنفيذ المعادلات الافتراضي	1898
F-001321	- وضوح قبل السرعة	c737718779eb33a257b4b028889a37addac48c132b698a069ad8883cb88930ea	Excel Engine	2.1 محرك تنفيذ المعادلات الافتراضي	1899
F-001322	- التزام بتنفيذ منضبط (Execution discipline)	fcab723937b2404649e7d25d716990a12f02bce75d843b435ccb9b8dc141065b	Excel Engine	2.1 محرك تنفيذ المعادلات الافتراضي	1900
F-001323	- دعم الصيغ المتقدمة والمعادلات المتداخلة	8259e6f081ca9d899f3c918edca12c31effcff12a44fa8e6b6faa8c5ed08da2b	Excel Engine	2.1 محرك تنفيذ المعادلات الافتراضي	1901
F-001324	- إعادة حساب متعددة الخيوط	f1ab79db480e832da90d0d832f698bd525a2adc735db7fa265dc991a541cf8a9	Excel Engine	2.1 محرك تنفيذ المعادلات الافتراضي	1902
F-001325	- دعم المصفوفات الديناميكية	2adea009d9974bac67dca20d0cd69b2b4b2c51e1fc5347d42d0d6e6dd992b169	Excel Engine	2.1 محرك تنفيذ المعادلات الافتراضي	1903
F-001326	- دعم معالجة مراجع دائرية	4562fe90ceb3166a6c010ef1b89de2e97403eecec84f0cf0f574949e4060b093	Excel Engine	2.1 محرك تنفيذ المعادلات الافتراضي	1904
F-001327	- استخراج نموذج منطق الأعمال من الجدول	118512bfb031de116b45f7fe6f891fdbf0f53e34c60546326b43f8e8d40bc066	Excel Engine	2.1 محرك تنفيذ المعادلات الافتراضي	1905
F-001328	- اكتشاف سلاسل المنطق المخفية	542ecefd41bcac5e40385a6870a959ac246a0cd35b5ab03db717c562289c39f9	Excel Engine	2.1 محرك تنفيذ المعادلات الافتراضي	1906
F-001329	- اقتراح إعادة هيكلة النموذج	deaa598f8701f1cec472f2c4b0b969c0a02efdef207c03a720d4eea67e0660aa	Excel Engine	2.1 محرك تنفيذ المعادلات الافتراضي	1907
F-001330	- التنبؤ بنتائج المعادلات	e9e19c9b5c05bced09579ddce5a49e81e8025564482b03949d4fb9a259b28a12	Excel Engine	2.1 محرك تنفيذ المعادلات الافتراضي	1908
F-001331	- التحقق من الاتساق المالي	68fc47b59eaff1257e78b0852934f838b0850710ac6b0a00673f059c694f2c3b	Excel Engine	2.1 محرك تنفيذ المعادلات الافتراضي	1909
F-001332	- اكتشاف التناقضات المنطقية	4f6cb10fd796da7725593591a2edc07bf8c98e2a77572b28cb2c4d19a880205e	Excel Engine	2.1 محرك تنفيذ المعادلات الافتراضي	1910
F-001333	- تحويل اللغة الطبيعية إلى معادلات	2a8c17e833b43f5ca74fd423b56f6da55b30e2c2153aa1eb63d6c8e518af1ad5	Excel Engine	2.1 محرك تنفيذ المعادلات الافتراضي	1911
F-001334	- ترجمة المعادلات إلى شرح مقروء	2593fe1e5d528826fb65d20b2d21e0b3d9df58082e36ee8cedc3b7bee062e6a1	Excel Engine	2.1 محرك تنفيذ المعادلات الافتراضي	1912
F-001335	- ترجمة المعادلات بين اللغات	f695eb90c51ebf35f7a7521fae64521afeda91a88f45f1e9ebefac72b8c1f711	Excel Engine	2.1 محرك تنفيذ المعادلات الافتراضي	1913
F-001336	- تصحيح المعادلات في الوقت الحقيقي	ee413666d3c3189c3360f921d14e1187040f46dd3d08d39119c434325d5a723d	Excel Engine	2.1 محرك تنفيذ المعادلات الافتراضي	1914
F-001337	- شرح أسباب الأخطاء	eed954ac01074fb325860c2995e46998429388f486ca59c7c5d20942125cd830	Excel Engine	2.1 محرك تنفيذ المعادلات الافتراضي	1915
F-001338	- اقتراح بدائل أكثر كفاءة	0eb84e6976410c7226f0789d4ed6011099bfc14022a72a5fa6597975916dc7a8	Excel Engine	2.1 محرك تنفيذ المعادلات الافتراضي	1916
F-001339	- اكتشاف عنق الزجاجة في الأداء	f3f70e4926e32e11461727dee391ab5ddcff1749c4ece9c9afce07d1e34705f4	Excel Engine	2.1 محرك تنفيذ المعادلات الافتراضي	1917
F-001340	- تبسيط المعادلات المتداخلة المعقدة	c6acff3d955b449f541180e87de7e8f5e586657e8e1146810032b7ff5930b546	Excel Engine	2.1 محرك تنفيذ المعادلات الافتراضي	1918
F-001341	- اكتشاف التبعيات الدائرية	f691d243c68f49b9e651ecde474c191fd0322d58fbcf340563eacbc5d74528e1	Excel Engine	2.1 محرك تنفيذ المعادلات الافتراضي	1919
F-001342	- تحويل الدوال المتقلبة إلى بدائل مستقرة	5707c0678467705010e9d1b579729d68b911d4f2d7d979bdf7dfb2f914f33649	Excel Engine	2.1 محرك تنفيذ المعادلات الافتراضي	1920
F-001343	- هيكلة المذكرات تلقائيًا قبل كتابتها.	f25bab21e99b95b0421a620895e0f737f563fd1bfc356187ebb80f7b6cf1c2f9	Excel Engine	2.1 محرك تنفيذ المعادلات الافتراضي	1921
F-001344	- كتابة استعلامات DAX.	669e26903b514bdbe41a3413cd3fba60881640ed6d1f8421942e4eb6e6a3b628	Excel Engine	2.1 محرك تنفيذ المعادلات الافتراضي	1922
F-001345	- إضافة أوصاف لمقاييس نموذجك الدلالي.	4fdbf858354790e012381ec8deaba1e22500cdba49fec645e6caa0635cb63979	Excel Engine	2.1 محرك تنفيذ المعادلات الافتراضي	1923
F-001346	- تبسيط إنشاء الحقول المحسوبة للتحليل المخصص.	fae4c91fff70ff1d22f1d8a380ca111ec58116b0f384806ceb1ed7772b11000a	Excel Engine	2.1 محرك تنفيذ المعادلات الافتراضي	1924
F-001347	- وصف الحساب المطلوب بلغة طبيعية.	59ded99109d6662a0f34f59f42851677cabffc1c6a71f7fbca119c54dd166d9a	Excel Engine	2.1 محرك تنفيذ المعادلات الافتراضي	1925
F-001348	- إنشاء الصيغة تلقائيًا باستخدام الذكاء الاصطناعي.	73c8faa1ca5457d055a20b914c1111adcee855625280f5edeeb6db02e38e1da0	Excel Engine	2.1 محرك تنفيذ المعادلات الافتراضي	1926
F-001349	- تبسيط إنشاء كود LookML.	6dd79ddf975dafe4ecbfa4c1486d7b17cb360027aa1f3bd842e08d3057f88158	Excel Engine	2.1 محرك تنفيذ المعادلات الافتراضي	1927
F-001350	- وصف ما تبحث عنه لإنشائه بلغة طبيعية.	92869d76d94cc93d7bd52bf23a3d23e65529fcdf35f1121cb992c81467028498	Excel Engine	2.1 محرك تنفيذ المعادلات الافتراضي	1928
F-001351	- إنشاء مقاييس وأبعاد LookML المقابلة تلقائيًا.	5a2d30fd62988a2924c5943b1beb3dea22fff2692eda279d5192a81ee79b6e76	Excel Engine	2.1 محرك تنفيذ المعادلات الافتراضي	1929
F-001352	- وصف تصورات البيانات بلغة طبيعية.	c540ffe35455f1edd05df4c82b0db1af2f7b5c4f4a10c73d64227a0495bfa838	Excel Engine	2.1 محرك تنفيذ المعادلات الافتراضي	1930
F-001353	- إنشاء تكوينات كود JSON اللازمة.	911c90bd1b5b5da690f5afd6b871b70dba7d2b16a5a44dd8fdee3bda98ca9314	Excel Engine	2.1 محرك تنفيذ المعادلات الافتراضي	1931
F-001354	- إعادة الكتابة.	4a2fedebe40f7f64ff43ce8ade7b5a7ccf4f625e1b359f253bdc0979db4306b5	Excel Engine	2.1 محرك تنفيذ المعادلات الافتراضي	1932
F-001355	- إنشاء الصيغ وتحسينها.	b7d39101c0f242d9618b6f303ebb7560ba99325cff24bad3ab65b746a2bc658c	Excel Engine	2.1 محرك تنفيذ المعادلات الافتراضي	1933
F-001356	- إنشاء صيغ وتحسينها.	80879589ea473c9572226e17ac6c8047ed00c6a9340f2d19d2a0fc946d24ac77	Excel Engine	2.1 محرك تنفيذ المعادلات الافتراضي	1934
F-001357	- إنشاء الصيغ وتحسينها	0569c34b4b4792fa079f39b4c38a3ab4b9abea727d3e1a8918f9f1a886698c12	Excel Engine	2.1 محرك تنفيذ المعادلات الافتراضي	1935
F-001358	- مساعد الصيغة	98960ea71ca9f751104a381d689cf5b44dccd493d5e425df207e8343162da5dc	Excel Engine	2.1 محرك تنفيذ المعادلات الافتراضي	1936
F-001359	- محرك تنفيذ المعادلات الافتراضي	d66eb950a39b49d0b604ee2b5d74c15839149e79100f38940ead2159d2dfe24d	Excel Engine	2.1 محرك تنفيذ المعادلات الافتراضي	1937
F-001360	- القدرة على تصحيح الأخطاء في الكود الذي تم إنشاؤه تلقائيًا	a71ca52f8f3b15b93ebc80185038c89a6a4d7a56bc99fe13a97673a96545cff5	Excel Engine	2.1 محرك تنفيذ المعادلات الافتراضي	1938
F-001361	- المساعدة في كتابة الصيغ المعقدة وفهمها	81561fc4bf51f6b101fe7ee8f22a3c6f376d542ecf843c65bdc70383629523e5	Excel Engine	2.1 محرك تنفيذ المعادلات الافتراضي	1939
F-001362	- تحويل صيغ التقارير	fb0f84a71f1611eedebbc0ee721fba808dd99db19dd33b97ea482d9a8597b423	Excel Engine	2.1 محرك تنفيذ المعادلات الافتراضي	1940
F-001363	- تنفيذ الكود لإنشاء ملفات بناءً على اللغة الطبيعية	fb0b79d9bfc39192e547d63985747c0d1d11be421af975e58dff556413f2e978	Excel Engine	2.1 محرك تنفيذ المعادلات الافتراضي	1941
F-001364	- شرح صيغة DAX معقدة لزميل في الفريق	78b2960e268296e82355c695be9e430840db05e19a53fdea51350fd14423b2ab	Excel Engine	2.1 محرك تنفيذ المعادلات الافتراضي	1942
F-001365	- كتابة وتنفيذ كود Python تلقائيًا لتحليل البيانات	ab537c30be87831582f90dec58adb3f4173627e74b072d4e570966bebe08d098	Excel Engine	2.1 محرك تنفيذ المعادلات الافتراضي	1943
F-001366	- كتابة وشرح استعلامات DAX	e2d779e17bd387e943624f30f45b9845b361d925b2755f989ef8eeb3f5d1fc4b	Excel Engine	2.1 محرك تنفيذ المعادلات الافتراضي	1944
F-001367	- إنشاء استعلامات SQL في Atlassian Analytics	1596ef8d29d19703f3103f9064a19162e3a261fa437a494e5781d578c74ecc6d	Excel Engine	2.1 محرك تنفيذ المعادلات الافتراضي	1945
F-001368	- إنشاء نصوص Python لتحليل البيانات	65e254a87f1adfc578a7edce6957c57e2cfa95030a0665737bc555dcd0546444	Excel Engine	2.1 محرك تنفيذ المعادلات الافتراضي	1946
F-001369	- استخدام بيئة تنفيذ كود آمنة ومعزولة	5cf5b60d0f92fa6956c3df5af03ed59c58f84cca8ea96d3dbf9b576f03783525	Excel Engine	2.1 محرك تنفيذ المعادلات الافتراضي	1947
F-001370	- توقع صيغ Excel دقيقة وتنسيق أفضل للمستندات	c36e5c50ca1f380afa6b621b8a722286b350616cdebf2d9d2f21801504308e20	Excel Engine	2.1 محرك تنفيذ المعادلات الافتراضي	1948
F-001371	- عرض تحليل الكود المستخدم (Python, pandas, Matplotlib)	0b9050ce9c70b9a7d57b142f64c53aa70893cb241815df003bbd7c29984e5b5d	Excel Engine	2.1 محرك تنفيذ المعادلات الافتراضي	1949
F-001372	- إنشاء صيغ في لوحة التحكم (Canvas Formulas)	4e09f95cc1071acf5428cea54db4d91280c70ae149c02d7c416bf4d36a537b3e	Excel Engine	2.1 محرك تنفيذ المعادلات الافتراضي	1950
F-001373	- صياغة التقارير والمذكرات والموجزات مع هيكل	3ecf123032b757c14c1fc12b0f170215d280bc0b6d6cf10cc412990a245fdcee	Excel Engine	2.1 محرك تنفيذ المعادلات الافتراضي	1951
F-001374	- صياغة تقارير منظمة مع أدلة وملخصات وتوصيات بناءً على الهدف والسياق	56cefa1f9458a9a64518fd9e087c41f6e30d2e99df81dadbba486c9c3ca6517e	Excel Engine	2.1 محرك تنفيذ المعادلات الافتراضي	1952
F-001375	- صياغة تقرير أداء ربع سنوي	c1c110ccefdd8dce189b567800f8f4d0e0e57330247db7c51d40554d835296d5	Excel Engine	2.1 محرك تنفيذ المعادلات الافتراضي	1953
F-001376	- صياغة رسائل البريد الإلكتروني والمقترحات والتقارير	c0dfa5c7f0f9a5cf978aef374c7e69798c5c66bffeccb94038ba95a80b4900f5	Excel Engine	2.1 محرك تنفيذ المعادلات الافتراضي	1954
F-001377	- صياغة محتوى مهم في ثوانٍ	8a04ec823467444ce8d5b03d81bce5f51c314bce827db516def5e2b76524cf2c	Excel Engine	2.1 محرك تنفيذ المعادلات الافتراضي	1955
F-001378	- صياغة مقترح مشروع بناءً على ملاحظات الاجتماع	fcc8ca758cab279930af3054ccb28faf388cdec70fe2fba5a5e8366bc3cda942	Excel Engine	2.1 محرك تنفيذ المعادلات الافتراضي	1956
F-001379	- كتابة تقارير أعمال من صفحة واحدة	62a180ad7cbd97e708ad2d0481f9c5aa2d4a46d7c1bd02c69e62106c2019becd	Excel Engine	2.1 محرك تنفيذ المعادلات الافتراضي	1957
F-001380	- كتابة تقارير الأداء	7856f9b8ae2130e8123a64bc741a92e9132c37a69a8f6b3a1f03848d3d358ee5	Excel Engine	2.1 محرك تنفيذ المعادلات الافتراضي	1958
F-001381	- كتابة تقرير موجز للمستثمرين العالميين	89b1f54ea0910d9d552af7926daf6668370a18b7e8e281ef532fbd9c7fed63e3	Excel Engine	2.1 محرك تنفيذ المعادلات الافتراضي	1959
F-001382	- كتابة مسودة أولى لتقرير بحثي	78ed757d269f2deda05200df958256e1a921c3f2fc313093d11c06c21c922163	Excel Engine	2.1 محرك تنفيذ المعادلات الافتراضي	1960
F-001383	- كتابة ملخص تنفيذي لتقرير بحثي	8adea5d0bdb2883da3fb3476bc41f49f12e1cf09fbfdb2fb20e90a8319bc26b4	Excel Engine	2.1 محرك تنفيذ المعادلات الافتراضي	1961
F-001384	- كتابة ملخصات تنفيذية	c30848f308e1e8288d739cb4a51d72ce3fb3b20786dde6365f6b872ffef82d33	Excel Engine	2.1 محرك تنفيذ المعادلات الافتراضي	1962
F-001385	- مراجعة اتفاقيات مستوى الخدمة (SLAs)	7905c93a8747b4bb8310292bcefdd7305fd08e9f03bcb41536f2b4254a05574b	Excel Engine	2.1 محرك تنفيذ المعادلات الافتراضي	1963
F-001386	- مراجعة الأداء وتحليل النتائج ومشاركة الرؤى من العام الماضي	eb9b30da5f0f828c1b7924374d82e381c061ad68e32e04a4628b942aea6bbc5e	Excel Engine	2.1 محرك تنفيذ المعادلات الافتراضي	1964
F-001387	- مراجعة العقود القانونية وتلخيصها	6dd7cc3de50a6a06c4ddba04f1f434dc8dd0a362b675b52b8c88d64acded7f5d	Excel Engine	2.1 محرك تنفيذ المعادلات الافتراضي	1965
F-001388	- تحويل وصف العمل إلى Pivot	28e357e28f44c2dce928dcb3b45cfda3678a8fcf95401a5997b681b6553cd67a	Excel Engine	2.1 محرك تنفيذ المعادلات الافتراضي	1966
F-001389	- اقتراح التخطيط الأمثل للـ Pivot	c43db7b27cba9e2cb2cc6e131410494faf26410fb61f8e93b088808100422ae0	Excel Engine	2.1 محرك تنفيذ المعادلات الافتراضي	1967
F-001390	- التجميع الهرمي التلقائي	4f78b8a115e0204d262eaa405ff7b6a98171609649ee19839c24a79d26ffe136	Excel Engine	2.1 محرك تنفيذ المعادلات الافتراضي	1968
F-001391	- تحسين أداء الـ Pivot وتسريع ذاكرة التخزين المؤقت	709b7bfe38a6b8c91fd2d0219ea27723cbda2a43e94ac7001bed76a539a1af01	Excel Engine	2.1 محرك تنفيذ المعادلات الافتراضي	1969
F-001392	- كتابة النقاط	3592e0402f0c787ff6ada2b3f5c88b3eaac69c8496034fe7e34fd05242d07871	Excel Engine	2.1 محرك تنفيذ المعادلات الافتراضي	1970
F-001393	التنسيق التلقائي الشامل	5e79703db028663901bd241b8ede4b4065699c73ed292475018f997510146786	Excel Engine	2.2 التنسيق والتجميل الاحترافي	1976
F-001394	- تثبيت صف العناوين تلقائياً	95fd1ebf0709a7ea7539487f4e22c8bc91fafaa933cfd5c1aeb8754620ccb186	Excel Engine	2.2 التنسيق والتجميل الاحترافي	1978
F-001395	- تلوين رؤوس الأعمدة بألوان احترافية	72a841802c8f038ff0cb3334e1c1f7f04734a5f17e990465ff988e463fdf8f82	Excel Engine	2.2 التنسيق والتجميل الاحترافي	1979
F-001396	- اختيار خطوط احترافية مناسبة	f8040980204abf2ffd3a83883326e5c2982633efef6561b96cb2400adc4061ee	Excel Engine	2.2 التنسيق والتجميل الاحترافي	1980
F-001397	- ضبط عرض الأعمدة تلقائياً حسب المحتوى	9ad0467d3ddf28c7b6f5ac784be1bfaaa36e36245a6728323403db3f7832c707	Excel Engine	2.2 التنسيق والتجميل الاحترافي	1981
F-001398	- محاذاة القيم بشكل صحيح	2641ff2ad8da8aafb511a56b9d529e285d49e05f4691f0f5f5d4fa06334b68aa	Excel Engine	2.2 التنسيق والتجميل الاحترافي	1982
F-001399	- تفعيل الفلاتر التلقائية	01160abf4bede4051de8224cffc18d9a365722ec820097f1f7f828af14dee6bd	Excel Engine	2.2 التنسيق والتجميل الاحترافي	1983
F-001400	- إضافة حدود منظمة واحترافية	ee9778f68919d80ee04ae89b7b5e06fdaed1f4cb1439f43dd2c90499eed8374f	Excel Engine	2.2 التنسيق والتجميل الاحترافي	1984
F-001401	- تنسيق الأرقام والعملات والتواريخ	5fc716f0e5fe7dfb6b1c302dd24aa231ddef27e3a290eb279e042e6f89e2e6af	Excel Engine	2.2 التنسيق والتجميل الاحترافي	1985
F-001402	- تحويل النطاق إلى جدول رسمي	0cd45f776c9cb4f31e4fed6cd72e77b987fb047bc22a0b4c14da98e36eb24672	Excel Engine	2.2 التنسيق والتجميل الاحترافي	1986
F-001403	دعم اللغة العربية الكامل	57362e8892b1777002b3928e937b21b9659a6b4c6642780066cace9877f74f70	Excel Engine	2.2 التنسيق والتجميل الاحترافي	1988
F-001404	- اتجاه من اليمين إلى اليسار تلقائياً	4734e581c2f9bc3ff4d3104bb938861e75c85484ee11a09861aaf1b8ffa74fc4	Excel Engine	2.2 التنسيق والتجميل الاحترافي	1990
F-001405	- خطوط عربية احترافية	769b6b3aa8ce6d5e2f2530654e5ff18e2ae053e693f2884d59bcf78f14fb36a2	Excel Engine	2.2 التنسيق والتجميل الاحترافي	1991
F-001406	- محاذاة مناسبة للنصوص العربية	81801b78249502989c73078d53e5c31cd4e233646859bde9474caf668d4f8fce	Excel Engine	2.2 التنسيق والتجميل الاحترافي	1992
F-001407	- تنسيق أرقام بالصيغة العربية عند الحاجة	c6711102edd12b1532b731a9e38aa8057db81ff2edfae2b046192ecb56ff4396	Excel Engine	2.2 التنسيق والتجميل الاحترافي	1993
F-001408	تجميل أوراق العمل	5cd5e9a704d540a52bf19e3ef4e368ed11378347a47cd0a89d654f64054f25af	Excel Engine	2.2 التنسيق والتجميل الاحترافي	1995
F-001409	- إعادة تسمية الأوراق بأسماء ذكية	6ac65445d9cfc63da3dbc113ac955a4436d80d038860071acfed0346a9673954	Excel Engine	2.2 التنسيق والتجميل الاحترافي	1997
F-001410	- ترتيب الأوراق منطقياً	0c657e03186e1cb77e8f2ac7fd1b44d82323b22b7bc59ee251ddb54344d894b1	Excel Engine	2.2 التنسيق والتجميل الاحترافي	1998
F-001411	- إزالة الأوراق الفارغة	19ffdbe0218008aef6671750269b5c73be1dc1a35154949f26e82b1b989f5855	Excel Engine	2.2 التنسيق والتجميل الاحترافي	1999
F-001412	- إضافة صفحة غلاف وملخص وفهرس	8b0e9211ba0fdf82c09ce73959827fe4fcfa129dd37644ed78dc49bdaaa48747	Excel Engine	2.2 التنسيق والتجميل الاحترافي	2000
F-001413	- تعديل hierarchy بصريًا	bb18245fb0150c058516e58a461697fb7de94c457704ddfbc693e174862bb917	Excel Engine	2.2 التنسيق والتجميل الاحترافي	2001
F-001414	- تعديل density	97b965ae4b4970ce4b424c25eca4d0084760ceaa861845788f746472c3ba75f6	Excel Engine	2.2 التنسيق والتجميل الاحترافي	2002
F-001415	- اقتراح تحسين	ee888473e88d4144d81ad922e826024872052e40ead3615bb10d6a40f217565c	Excel Engine	2.2 التنسيق والتجميل الاحترافي	2003
F-001416	- اقتراح narrative	eef309fb0cc4ec0256d6665912242d43043b0f0b9bfd4a7996121daa6aef35fe	Excel Engine	2.2 التنسيق والتجميل الاحترافي	2004
F-001417	- Rendering لمئات الآلاف من النقاط دون lag	8572b934856e99fe381c92d8a87d0004c188f21dd079f7e61accc08b37a2bbd6	Excel Engine	2.2 التنسيق والتجميل الاحترافي	2005
F-001418	- مقارنة عمودين	829a7dd55c35d8bf35c976abaa9c0f07aab75234ea76555c064fe5953b103fb2	Excel Engine	2.2 التنسيق والتجميل الاحترافي	2006
F-001419	- التعليق على خلية معينة	fc7551ed9124dbb6cdf1a0476a6fab0afbe8934d2f4c89d9b70ad39eeb26d3a4	Excel Engine	2.2 التنسيق والتجميل الاحترافي	2007
F-001420	- تنسيق تلقائي احترافي	305f9a288957ab627892c63048800a959ad4524d4a739eb86a8acbd41d73aca3	Excel Engine	2.2 التنسيق والتجميل الاحترافي	2008
F-001421	- وضع متقدم مع اختيار مستوى التفاصيل ونظام السحب والإفلات الشامل	5c3f5889ecf17a68285ea52e5264d47404fc187b10523212319486c228cd6451	Excel Engine	2.2 التنسيق والتجميل الاحترافي	2009
F-001422	- تنسيق تلقائي	47ac1f419a2df154e2996ec4d87a668b45b5e31b434edd95cc3ac7e1b404f727	Excel Engine	2.2 التنسيق والتجميل الاحترافي	2010
F-001423	- تنسيق اكسل احترافي بقوالب جاهزة	4121601acc30fcf2be0afa93a16eae8439400478ba1aa12e0bf06c3361e75727	Excel Engine	2.2 التنسيق والتجميل الاحترافي	2011
F-001424	- تنسيق الأرقام بآلاف الفواصل والكسور العشرية	d6d0c97c16e9895b3df11831fdc745ea79ffaa1cda86d33ffbce4d13fc550dea	Excel Engine	2.2 التنسيق والتجميل الاحترافي	2012
F-001425	- تنسيق التواريخ بصيغ متعددة	fbc01315d1bc604845810b982dfacc108edc8ccc3f100af32ccb84511d62ae1b	Excel Engine	2.2 التنسيق والتجميل الاحترافي	2013
F-001426	- تلوين الخلايا والنصوص	28b21f88225fb71f6c392dbff7b26b4dda4b4733bc5effec05ca237310de9a8d	Excel Engine	2.2 التنسيق والتجميل الاحترافي	2014
F-001427	- تنسيق الحدود والإطارات	441942b083c3386925cde14ae095345fd7995c3482eea94e01c94b154617400c	Excel Engine	2.2 التنسيق والتجميل الاحترافي	2015
F-001428	- محاذاة النصوص أفقيا وعموديا	1facce1d6333ca8673f83e79ecdd56be1a9519948516c76bc17caeba8790ec63	Excel Engine	2.2 التنسيق والتجميل الاحترافي	2016
F-001429	- دمج الخلايا وفكها	2554f22696aa938f4f78d5b79682a275ceca4770e18c6be3588c42e9d87b7b6c	Excel Engine	2.2 التنسيق والتجميل الاحترافي	2017
F-001430	- تطبيق أنماط تنسيق موحدة دفعة واحدة	5962a9c84d060460bfc33c299c76b27038bff1cad0bb680675e22ec906f9d110	Excel Engine	2.2 التنسيق والتجميل الاحترافي	2018
F-001431	- معاينة التنسيق قبل التطبيق	e0c2b7f8dcff8e8235fb8e1595eb7fa0414a41fbe3888a381d9b978be17a45c3	Excel Engine	2.2 التنسيق والتجميل الاحترافي	2019
F-001432	- علامة مائية للتقارير المعتمدة	b6205bb2b86df7f762ac0d646ee493942f8fdb43a9136c6ab049b3293a96ecc3	Excel Engine	2.2 التنسيق والتجميل الاحترافي	2020
F-001433	- التحكم الكامل في الخطوط والألوان والأحجام	67015d2b3287223dbb5b656a9a48fded12cb95841afe55ab02de2f64df8cbb14	Excel Engine	2.2 التنسيق والتجميل الاحترافي	2021
F-001434	- تنسيق تلقائي للعرض على شاشة أو طابعة	47527e8dde80a62207941497e25a5d283a912f0d422e20a5534ef994791cb247	Excel Engine	2.2 التنسيق والتجميل الاحترافي	2022
F-001435	- ترقيم تلقائي برقم مرجعي فريد لكل مراسلة حسب النوع والسنة	4fa769889da85a4313318e76b9aba5db4033ec7c083d4963af469192f2312d70	Excel Engine	2.2 التنسيق والتجميل الاحترافي	2023
F-001436	- طباعة رسمية بترويسة المنظمة ورقم مرجعي ورمز استجابة سريعة	1c8166a27ac7892dbcd03e765de72448bce06cca946b904b6d585536a8fa0544	Excel Engine	2.2 التنسيق والتجميل الاحترافي	2024
F-001437	- تقارير مثالية للبكسل.	f67780796536d84d67bbdff7c054cf2d0a885e09211b6177aa8badae353c551b	Excel Engine	2.2 التنسيق والتجميل الاحترافي	2025
F-001438	- تصدير PDF.	c0037878504ef3da8c08791e4a0eb1cdb123d3b47b681f25774ae20d41803aa2	Excel Engine	2.2 التنسيق والتجميل الاحترافي	2026
F-001439	- تنسيق وتجميل احترافي للتقارير واللوحات	3435abb991207dc6cf911c47d94602f68a4014c7c918d7918539ce4853b4ca7d	Excel Engine	2.2 التنسيق والتجميل الاحترافي	2027
F-001440	- ضبط الألوان وإضافة شعارك مباشرة من الصندوق	7dee566ddd70bdbedaa0f076bb36dcaad6dbc9fa2fd11f5837cb9b818523a984	Excel Engine	2.2 التنسيق والتجميل الاحترافي	2028
F-001441	- إنشاء تقارير ذات علامة تجارية عن طريق تخصيص كل شيء من اسم المجال الخاص بك إلى خلفيات لوحة المعلومات والمزيد	63099ec109114825dc6138ca0ff99717d6f0ed3041ceaf4da5a2bfc060a2d9c9	Excel Engine	2.2 التنسيق والتجميل الاحترافي	2029
F-001442	- التنسيقات تصدير متعددة (.ppt ، .png ، .pdf ، .svg)	edf15fba03f3a8c15bbb1b1f548e2680d0c3169c2bef34b2d14f322fe96584a5	Excel Engine	2.2 التنسيق والتجميل الاحترافي	2030
F-001443	- تصدير مرن متعدد التنسيقات	d217604311b9c784e7df7c7ae807b12c026351553a27b80e8135aebe6c1eafc9	Excel Engine	2.2 التنسيق والتجميل الاحترافي	2031
F-001444	- مزيل الخلفية بنقرة واحدة	7c0af833b9605460f77f04eca5d38a92984e7a16d15709d01b88631eaf3735ef	Excel Engine	2.2 التنسيق والتجميل الاحترافي	2032
F-001445	- تغيير حجم الصورة بنقرة واحدة	9da93e60bc19add05964a305ae567a53dd9e066789fa8c2cb77f039a3fecfa99	Excel Engine	2.2 التنسيق والتجميل الاحترافي	2033
F-001446	- إخفاء الصور	afe1d81159254837c4fe55ed16c935187e702d576017658f4c313f6615d2858a	Excel Engine	2.2 التنسيق والتجميل الاحترافي	2034
F-001447	- انتقاء الألوان	883ddfeb9740007b73ab55cac76f4fb15b9df15009ce066556946c2167dd24a1	Excel Engine	2.2 التنسيق والتجميل الاحترافي	2035
F-001448	- محاذاة المحتوى تلقائيًا	4fba476a79867300b4663d94ae80fbce6e24722d3ec84802ee135896af47a8a7	Excel Engine	2.2 التنسيق والتجميل الاحترافي	2036
F-001449	- الرسوم المتحركة (تكبير ، ارتداد ، قلب أو تلاشي)	f15a8ffabb5eede278910b175658ec05aa09812941a87b86b474ad412c617b5f	Excel Engine	2.2 التنسيق والتجميل الاحترافي	2037
F-001450	- التنسيق والتجميل الاحترافي	2605e0795ab7c248e44ad81b398b456b48ab96d0fe78ca9059bf7b2857ab09ce	Excel Engine	2.2 التنسيق والتجميل الاحترافي	2038
F-001451	- تحويل النص العادي إلى مستندات منسقة	622c79ce89eaa415e1548ab38a7cf90f7950fab38b21fa46ad9f55e681283ac7	Excel Engine	2.2 التنسيق والتجميل الاحترافي	2039
F-001452	- تنسيق وتصميم ذكي للمستندات	851498d93f370a5303cb6692b50fd71bef177e4e03825396dd20e474a8f52c40	Excel Engine	2.2 التنسيق والتجميل الاحترافي	2040
F-001453	- توقع صيغ Excel دقيقة وتنسيق أفضل للمستندات	c36e5c50ca1f380afa6b621b8a722286b350616cdebf2d9d2f21801504308e20	Excel Engine	2.2 التنسيق والتجميل الاحترافي	2041
F-001454	- تعديل وتخصيص التخطيط والنص والعناصر المرئية	5e97c334f241d8fa7840b58bf4f0145515797a7279a7de2b85eae378d018ad67	Excel Engine	2.2 التنسيق والتجميل الاحترافي	2042
F-001455	- ضبط نبرة الكتابة تلقائيًا لتناسب الجمهور المستهدف	280668da9900d852f92885285ab33316c1a3bcb95e863de724257c1cc74eb828	Excel Engine	2.2 التنسيق والتجميل الاحترافي	2043
F-001456	- ضمان كتابة واضحة وخالية من الأخطاء	a19c28db7dde685acc1172cb56f628e166385d13dc6d3a9d1d70e89c0b27bf04	Excel Engine	2.2 التنسيق والتجميل الاحترافي	2044
F-001457	- فحص التصميم تلقائيًا لضمان إمكانية الوصول للجميع	1a06c368e268ebc828e3d4eef08cbdff4c72c027390cd67d156beabd9b490216	Excel Engine	2.2 التنسيق والتجميل الاحترافي	2045
F-001458	- مخرجات متوافقة مع هوية العلامة التجارية	fe91f4346bbba66efebcbfbcaa9892f0841ca86e771981e26da9c3528eb11e75	Excel Engine	2.2 التنسيق والتجميل الاحترافي	2046
F-001459	- التحقق من إمكانية الوصول (تباين الألوان، تخطيط، قابلية قراءة الخط)	383cc30ffad25015c453b8e02694117e7c6cb28e20a54098a9b5805ba9d2bcdf	Excel Engine	2.2 التنسيق والتجميل الاحترافي	2047
F-001460	- التدقيق الإملائي والنحوي	116d7645c0d98ef70a7425389690241535b2745925824a763085d87a4f45a983	Excel Engine	2.2 التنسيق والتجميل الاحترافي	2048
F-001461	- تنسيق وتجميل ملف Excel (Formatting & Beautification Engine)	9051218bf2769be3622c5f6559949aabd35e4fbdab6bacc47024be1ea60ff66e	Excel Engine	2.2 التنسيق والتجميل الاحترافي	2049
F-001462	- محرر الخطوط (عناوين/نص، أحجام، رفع خطوط عربية/لاتينية)	20546ea43913bfb95acc76de5eea05283943fe3130ecbb550b73b4ca780213ac	Excel Engine	2.2 التنسيق والتجميل الاحترافي	2050
F-001463	- تصدير/استيراد الثيم (تنسيق JSON، مشاركة بين المنصات)	fdfc2b2c75d663fec7c5fbfa006ec19917a5809ae7c3e3f29fbfc464da7770fd	Excel Engine	2.2 التنسيق والتجميل الاحترافي	2051
F-001464	- وضع Nano Banana Pro: شرائح صور بجودة استوديو	eff4ac5da19fb5dd48b18cdcaec44110dd500d1bfea6309e7234e31a0eaf0d8f	Excel Engine	2.2 التنسيق والتجميل الاحترافي	2052
F-001465	- تطبيق مجموعة العلامة التجارية (ألوان، خطوط، شعارات)	7ed5f5f4d18aed3d3af5cb56334680908e4ca137757a77e9fefe975f8f8df6aa	Excel Engine	2.2 التنسيق والتجميل الاحترافي	2053
F-001466	- تنسيقات عرض جذابة بصرياً وقابلة للتمرير	497bb202d980b7111ab8b3ed93c2cbc2bd56c212c5dc6d6e86de0e4d2e1ee1ce	Excel Engine	2.2 التنسيق والتجميل الاحترافي	2054
F-001467	- تنسيق تلقائي احترافي وشامل	b0540c5fc021b6ff799d1246bb80d45a5cb6d08f92aa108581c7f21a4239a806	Excel Engine	2.2 التنسيق والتجميل الاحترافي	2055
F-001468	- محاذاة القيم بشكل مناسب	115e7c407faac6fbd81e5f4cbc79dfec8fd8a1b4aa08c5360b9f695100c39d4b	Excel Engine	2.2 التنسيق والتجميل الاحترافي	2056
F-001469	- دعم خطوط عربية احترافية	efed0cd34d395c11b615a9b3380d6c787efff16d582eff4187c4d9e48bbac34a	Excel Engine	2.2 التنسيق والتجميل الاحترافي	2057
F-001470	- تنسيق الأرقام والعملات والتواريخ (مع دعم التنسيق العربي)	b750f32e482e2fcc59f528ac9e0d4a7778f761122045ae0b7166ead2067d9366	Excel Engine	2.2 التنسيق والتجميل الاحترافي	2058
F-001471	- الوضع السهل: زر “تنسيق احترافي كامل”	c873899f4096e2145a402a464fb5c58591d5654565038035c16be36d3a0804a3	Excel Engine	2.2 التنسيق والتجميل الاحترافي	2059
F-001472	- الوضع المتقدم: اختيار الخط، الألوان، النمط، ومستوى التنسيق	5c7039702c1275969e9c74d95d753882cac2c7f9ba87ea115e6f97f8222fb919	Excel Engine	2.2 التنسيق والتجميل الاحترافي	2060
F-001473	- حفظ وتسجيل كل خطوة	949272a0901104e776b7df4856969d41d47c2c3c995fe900df8906b1b1133fdb	Excel Engine	2.2 التنسيق والتجميل الاحترافي	2061
F-001474	- نظام التنسيق والتجميل الاحترافي (Formatting Intelligence)	48c7972e9c8995fe98315cadd6768bbca7cd428a3359ec89f094804d5f3ca300	Excel Engine	2.2 التنسيق والتجميل الاحترافي	2062
F-001475	- إضافة فلاتر عامة وتفاعلية وإنشاء فلاتر مخصصة	097f64cd19f9973c4a58638737824f96a223d9fc79120379bb079172762de691	Excel Engine	2.2 التنسيق والتجميل الاحترافي	2063
F-001476	- محاكاة كاملة لأي تصميم خارجي واستخراج مكوناته (الألوان، الخطوط، النمط)	fe75a917e43621a2a1cbaa82011e4dcc43d24778fde8e4ebaf909b8a569ce114	Excel Engine	2.2 التنسيق والتجميل الاحترافي	2064
F-001477	- التدخل في أي خطوة والتحكم الكامل بها	af389af091f9682bd39d4cba46abaaf2e0d31461a111db9575ea36e6f5106f16	Excel Engine	2.2 التنسيق والتجميل الاحترافي	2065
F-001478	- اختيار أفضل نمط بصري وتطبيق ألوان احترافية	1f2a6ab449dad09e1b5873ef98aab9e3249e4c5e542398ade57ea9fbd2784428	Excel Engine	2.2 التنسيق والتجميل الاحترافي	2066
F-001479	- التحكم في: الطبقات, المحاذاة, المسافات, الشفافية, التدرجات	e4b9d392d3aaa694e113eedf34ea4ea90dc740cdc25eac97c9cef832e0a5f39d	Excel Engine	2.2 التنسيق والتجميل الاحترافي	2067
F-001480	- تحديد: ألوان أساسية, ألوان ثانوية, خطوط رسمية, أسلوب عرض	8e1f8809d4a88d97d3bf0b34009c6edad94bd836ed5e3e5ef990d8b6217657a0	Excel Engine	2.2 التنسيق والتجميل الاحترافي	2068
F-001481	- تغيير تنسيق أي صفحة	6113b53c3449265f83148e1c1f14182234b95b1e01ea6a1f7d510316be75caf0	Excel Engine	2.2 التنسيق والتجميل الاحترافي	2069
F-001482	- زر “إعادة تنسيق احترافي”	5741d87ee48efadf4dd828b6cb7e2dd3f009c0d5cbf32b30652643d5871a5901	Excel Engine	2.2 التنسيق والتجميل الاحترافي	2070
F-001483	- أوامر لغة طبيعية مثل “اجعل التصميم أكثر بساطة” أو “خفف الألوان”	a73dc7c5a0049058cb05ed8136fb891a2d74fd212d7367eb5471260ee397ec05	Excel Engine	2.2 التنسيق والتجميل الاحترافي	2071
F-001484	- تصميم معياري ومستقل (Modular design)	9f03442452c4e31632d3284058870ba5ad97c738449fafce8a9758ce1124ab06	Excel Engine	2.2 التنسيق والتجميل الاحترافي	2072
F-001485	- خدمة إدارة القوالب والأنماط (Template & Style Management)	bd08be8e5b13d83baef8ce5b1ca1a86fe95dfc0c7b73f985033405cd441d2117	Excel Engine	2.2 التنسيق والتجميل الاحترافي	2073
F-001486	- تصميم متجاوب لمختلف الشاشات (Responsive design)	8da20c28ed84f186676ed57de796398aea22d9db0bdb6ac084c781aa726a94b5	Excel Engine	2.2 التنسيق والتجميل الاحترافي	2074
F-001487	- منطق التصميم القائم على القواعد والقيود (AI + Design Rules + Constraint system)	141aa12d098c31e61ad11dda5fdd65927267e66800b4dba12bf95a912e9d2d4f	Excel Engine	2.2 التنسيق والتجميل الاحترافي	2075
F-001488	- نموذج التصميم الدلالي المجرد (Design Semantic Abstraction)	1492b417c4ac97961c950bd7e2a4694ad50b2788fd7ff8760aeda2645ffd9ab3	Excel Engine	2.2 التنسيق والتجميل الاحترافي	2076
F-001489	- ربط رموز التصميم (Design token mapping)	c2fe89dee033736d3c4022e114df286a1fd8c15116bd8b7b0aa4a1c8c56e2eed	Excel Engine	2.2 التنسيق والتجميل الاحترافي	2077
F-001490	- استخراج التنسيق الشرطي (Conditional formatting extraction)	c02d7b5b97a95e81c7bd0d2fe7bf582baecdabb5be5a53db8b436bd1a90257cc	Excel Engine	2.2 التنسيق والتجميل الاحترافي	2078
F-001491	- استنساخ أنماط الخلايا (Cell style replication)	686234ebf05d65c626b29f225ede6663eb66285b818158d64e7672e74259c4c4	Excel Engine	2.2 التنسيق والتجميل الاحترافي	2079
F-001492	- معالجة تصميم عالية الإنتاجية (High Throughput Design Processing)	41e44c8d6aedbfbbc71b989e92ee6bd9bdd08fee396722627ffd46d686711386	Excel Engine	2.2 التنسيق والتجميل الاحترافي	2080
F-001493	- استراتيجية التخزين المؤقت لاستنساخ التصميم (Cache Strategy for Design Replication)	bd9d3794ee06025f557c75548463279f25f8e3fb964d2506e7be11997bf63172	Excel Engine	2.2 التنسيق والتجميل الاحترافي	2081
F-001494	- محرك التصميم الدلالي (Semantic Design Engine)	f774d635ec86a3d5886319d126c7cb381ce2f3635ed0cb76b2aba496e40d86d8	Excel Engine	2.2 التنسيق والتجميل الاحترافي	2082
F-001495	- تكييف تنسيق الأرقام (Number formatting adaptation)	0a2f264d2fdfaab6ccbd6f492eff7916fd0143b38395db1e9f948b3b05d7364a	Excel Engine	2.2 التنسيق والتجميل الاحترافي	2083
F-001496	- إعادة بناء التصميم الدلالي (Semantic design reconstruction)	71de073d1b3d9b60508af07e521d54e427fda02cdd6e916a7dbb89e8f4f033f1	Excel Engine	2.2 التنسيق والتجميل الاحترافي	2084
F-001497	- محرك قيود التصميم (Design Constraint Engine)	98a831821a4950651f7bfed3564ffd00affe7087e5f7889c8dc4fdb2cf76d1e4	Excel Engine	2.2 التنسيق والتجميل الاحترافي	2085
F-001498	- تحرير التصميم دون اتصال بالإنترنت (Offline design editing)	83a4bcf8262b5f6a5695fffa463c83fd1a9cca9b41526b90c519900ff0acfbfc	Excel Engine	2.2 التنسيق والتجميل الاحترافي	2086
F-001499	- عقيدة ذكاء التصميم والتكافؤ البصري (Design Intelligence & Visual Parity Doctrine)	3924e70e40b69167157b5fbef8da331926f6d4a26c416db431e1b938fcfb1bce	Excel Engine	2.2 التنسيق والتجميل الاحترافي	2087
F-001500	- تشكيل الخطوط بدقة	c12fe047f32f1fe9ec07e163dbe763ef776f325847e5ae22bf67858bca7bf6e6	Excel Engine	2.2 التنسيق والتجميل الاحترافي	2088
F-001501	- اقتراح ألوان متناسقة وتحسين المحاذاة تلقائياً	65c778a57e6538a090d585e7b60647dfce591537d25b39d840c26084d1ab9d28	Excel Engine	2.2 التنسيق والتجميل الاحترافي	2089
F-001502	- توليد تصميم متوافق مع العلامة التجارية	800fe393d89db43a8b6142d7d6c4bd7a30f059e89a836c130c95e7aecf726eeb	Excel Engine	2.2 التنسيق والتجميل الاحترافي	2090
F-001503	- تنسيق التواريخ حسب الثقافة والعملات حسب الدولة	d61904e208164039d320ab8a0ea334fab643be75be0152cff2f07ed81531d0d2	Excel Engine	2.2 التنسيق والتجميل الاحترافي	2091
F-001504	- تطابق حرفي ودقيق في الخطوط والألوان والمحاذاة والطبقات	b5bdc2798dbf20535c7a17dde7e0fedec086544c9295e3845a847e00e1e8b6e9	Excel Engine	2.2 التنسيق والتجميل الاحترافي	2092
F-001505	- الحفاظ على نسب الخطوط والهوامش بالكامل	17d68c916ac7a4677daa64bf3f6c388a344d2c10ca9d40f31e41acc6ab672d4e	Excel Engine	2.2 التنسيق والتجميل الاحترافي	2093
F-001506	- استنساخ محرك التنسيق الشرطي (Conditional formatting engine clone)	9833f78fb96496dbf78324c224803e6876ffb3775666f78163a14d9562d4dbf2	Excel Engine	2.2 التنسيق والتجميل الاحترافي	2094
F-001507	- الحفاظ على الأنماط المسماة (Named styles)	9287ad8ef4f1936f51ef7c7d748e6417579d32c9a1205bc6e4d2bfa517201774	Excel Engine	2.2 التنسيق والتجميل الاحترافي	2095
F-001508	- محرك تنسيق البيانات الثقافي (Cultural Data Formatting Engine)	3e115da1112588e0ea6a55ce0815c8d1260db8cf58306cfe15c5f91d3a621656	Excel Engine	2.2 التنسيق والتجميل الاحترافي	2096
F-001509	- مصمم مساعد بالذكاء الاصطناعي (AI Co-Designer)	04520995e00056a647dbd90b37e3f6a3a6163a4490adf05a4b585d5032ec5b16	Excel Engine	2.2 التنسيق والتجميل الاحترافي	2097
F-001510	- حلقة تعزيز التصميم (Design Reinforcement Loop)	99d236c6b0d96e33133e7d51e08d878798e379a01b770658238c946e51c9983b	Excel Engine	2.2 التنسيق والتجميل الاحترافي	2098
F-001511	- قياس استقرار التصميم (Design Stability Scoring)	c0948579110412b93d6980fa8742e988883db2e5ac3304b50f60af10389c2d20	Excel Engine	2.2 التنسيق والتجميل الاحترافي	2099
F-001512	- واجهة مستخدم تدريجية: خطوة بخطوة للمبتدئين، ووضع احترافي للخبراء	f42f5fa7f23953e56484547db1cd9309d3f41f954dd2a36475cd2bb2fa1b193f	Excel Engine	2.2 التنسيق والتجميل الاحترافي	2100
F-001513	- يحسب محرك التصميم: تباين المحاذاة، تماسك الشبكة، إيقاع المساحات البيضاء، استقرار نسبة التباين، والإنتروبيا البصرية	b5f16e9f61304ab8fb651be85546f905185d58f0a717b984bae14c3100612146	Excel Engine	2.2 التنسيق والتجميل الاحترافي	2101
F-001514	- ضبط نبرة الخطاب	2ea4bc708af60878e337f533cebb0adba9474ef5a1bdd003f720434b4e506f38	Excel Engine	2.2 التنسيق والتجميل الاحترافي	2102
F-001515	- مصمم ذكاء الأعمال المستقل (Autonomous BI Designer)	0aa6a6aed65a0afb8f5368f9877ac63543e1258671c06b9a31691ed4542d7f81	Excel Engine	2.2 التنسيق والتجميل الاحترافي	2103
F-001516	- وضع صارم (Strict mode) للحفاظ على سلامة التصميم دون تجميل	4846b82c9efc7bad978f43af953e1ac916ab62c36c5d251506acf9b43c74774d	Excel Engine	2.2 التنسيق والتجميل الاحترافي	2104
F-001517	- دعم ثيمات التصميم في المكتبة	c20fd2ff5f1a9cddc43c875b047298a2ef3d8ef2ff502be46e3d2479f3545a67	Excel Engine	2.2 التنسيق والتجميل الاحترافي	2105
F-001518	- فلاتر معيارية قابلة للحفظ	b4e074a3a10270cf8bdad1db52a4aff618929153a6237d1eed74e1ee6a29127b	Excel Engine	2.2 التنسيق والتجميل الاحترافي	2106
F-001519	- محرر ألوان متقدم (أساسي/ثانوي/خلفيات/نصوص/حدود)	76fbbfd0d0f4724135b31b6522307f5d2ef2f549627522fb31beb96b1dc03fdc	Excel Engine	2.2 التنسيق والتجميل الاحترافي	2107
F-001520	- تخصيص زوايا الحدود (border-radius) لكل مكون	c26cc378b4db00ff63f2ee8b5eff13b0ea53e2533a4f35bdc3259c972f5b076c	Excel Engine	2.2 التنسيق والتجميل الاحترافي	2108
F-001521	- وضع الألوان (فاتح/داكن/تلقائي/عالي التباين)	577e56096874341eda32c9a2560af07b23ee2098dd63422e0a779c26efa27e86	Excel Engine	2.2 التنسيق والتجميل الاحترافي	2109
F-001522	- محرر البطاقات لتخصيص الشكل الافتراضي (حدود/ظل/padding/خلفية)	faa9d9b21218cec13a6b49a4654e52d148d4487e7bb85ef5fcb77c58ee032bd9	Excel Engine	2.2 التنسيق والتجميل الاحترافي	2110
F-001523	- تطبيق علامة المنظمة التجارية (شعار/ألوان/خطوط) تلقائياً	f3bbf8221ad2dab633de913a2919e9e7ce879b6a19e209d81b8816775d5f5df8	Excel Engine	2.2 التنسيق والتجميل الاحترافي	2111
F-001524	- قوالب الوصولية (Accessibility Templates) للتباين والخطوط ودعم RTL والنص البديل	033562b695058961ab025630ed57c99f8503d021904301a2cfa39700992e8fcc	Excel Engine	2.2 التنسيق والتجميل الاحترافي	2112
F-001525	- مساعد سير العمل بالذكاء الاصطناعي (AI-assisted Workflow) يقترح تصميمًا من وصف نصي	274d9eec5f889b3ed355ae9ea4c58307851d6d46e1a478f4faf01e9f5762048b	Excel Engine	2.2 التنسيق والتجميل الاحترافي	2113
F-001526	- مصمم وكيل (Designer Agent) لتحسين التخطيط والتباين ودعم RTL	b3365b8005eeb7169ff3892669180dcb5e3c793875219135b404aa47b8e960bd	Excel Engine	2.2 التنسيق والتجميل الاحترافي	2114
F-001527	- وضع إبداعي (Creative) لبدائل تصميم وسرد أغنى ضمن قيود العلامة التجارية	e28c6bc94c4796445059ab084c12045a2edd0f57e077f5941b61087dcaced1ec	Excel Engine	2.2 التنسيق والتجميل الاحترافي	2115
F-001528	- تحديد وتعديل أسلوب ونبرة العرض التقديمي	2847db40c0d2ed8c62be91a689d825619c2024d29c5ac1fcfdadda2f390364dc	Excel Engine	2.2 التنسيق والتجميل الاحترافي	2116
F-001529	- جعل الملف الإكسل الأفضل جمالياً وبصرياً	12e8c4eb711fd0d8eaa4122ea3600e59f9289ddb2578f277f21426f5e1c0d987	Excel Engine	2.2 التنسيق والتجميل الاحترافي	2117
F-001530	- نسق الملف رسميًا	de5332bb7cd2fbbea0b4ab5449fd467a346aaeb88f16388b97960915e9bf5b9c	Excel Engine	2.2 التنسيق والتجميل الاحترافي	2118
F-001531	- ترتيب العناصر	e24854fd850dac10bbe9acd375548764126ca337ae8dac5f463d921372b13915	Excel Engine	2.2 التنسيق والتجميل الاحترافي	2119
F-001532	- اختيار مستوى كثافة المعلومات	7164ece50b12493272544da8bfd95fca177556d30424b4a5553c1879813bd93c	Excel Engine	2.2 التنسيق والتجميل الاحترافي	2120
F-001533	- تخصيص احترافي	3ad9ad7838d30d6e95f1d3794641b7784de4aa7e556f0cf85386302e8ee328c9	Excel Engine	2.2 التنسيق والتجميل الاحترافي	2121
F-001534	- تحسين المسافات	17f9f69e82798426f96d1c449c25dea754d420583df8eb4098040c35fc4eed87	Excel Engine	2.2 التنسيق والتجميل الاحترافي	2122
F-001535	- ضبط الهوامش	284e98b7d4b7dabe8202e18ff9a6e4cf53e75f0366c437dfa30338ae19f9d4d3	Excel Engine	2.2 التنسيق والتجميل الاحترافي	2123
F-001536	- قابل للتخصيص بالكامل	a801677ffe57de76ede491f65ccd68159c2bedb3e19981d2aea13c7018914011	Excel Engine	2.2 التنسيق والتجميل الاحترافي	2124
F-001537	- واجهة رسومية فاخرة	484e55e35830f9f7cba81879b7a02c5ad16bd371fc174c9474bfc03e96ba88fa	Excel Engine	2.2 التنسيق والتجميل الاحترافي	2125
F-001538	- عناصر مرئية واضحة	08640cf337003630368c5098324c7dfb4851fda8628c0a33b92042f5b9f6b045	Excel Engine	2.2 التنسيق والتجميل الاحترافي	2126
F-001539	- إعادة التصميم الفوري	07610646eeaf6ee8e04d29b29bf47015fdf38e1eb2498c5e08f7a7a383575f49	Excel Engine	2.2 التنسيق والتجميل الاحترافي	2127
F-001540	- خلفيات متنوعة	d2e26132cf4a6ff7078c7ad947ef40930048d1135981e0e6580247b3d465100f	Excel Engine	2.2 التنسيق والتجميل الاحترافي	2128
F-001541	- عنوان رئيسي	6f92c7d4701142bdd9d206de8075a1390204e7c3099e3fe718172769250a669c	Excel Engine	2.2 التنسيق والتجميل الاحترافي	2129
F-001542	- حملات إعلانية بصرية	00a6c96fdb56e0305419e7a2a0b9d7f4dac6e16b3ec8db5f7f1cd6463406aa56	Excel Engine	2.2 التنسيق والتجميل الاحترافي	2130
F-001543	عند تفعيل وضع المطابقة الحرفية يحافظ النظام على:	2b7b0be496909c08706c41c6283d6f58c4e8e1f96bdae454028fef22df0510d5	Excel Engine	2.3 المطابقة الحرفية لملفات Excel	2136
F-001544	- عرض الأعمدة بالبكسل الدقيق	f57ec9b981014af203e610d3d91d25c5b2b67e46b1eeb68ae282be1c7dcf3f5e	Excel Engine	2.3 المطابقة الحرفية لملفات Excel	2138
F-001545	- ارتفاع الصفوف بالقيمة الأصلية	7384503736041bb5bf397bfffdd429ffc859ede702f124354b3064162ac61a09	Excel Engine	2.3 المطابقة الحرفية لملفات Excel	2139
F-001546	- نطاقات الخلايا المدمجة	397d0d1af542a3536cca7426c6fd96f40d84d435ac69f614026cab7d31c039c9	Excel Engine	2.3 المطابقة الحرفية لملفات Excel	2140
F-001547	- سلامة المعادلات وترتيب الحساب	7155bcab159ffa1bba1a1b5b3202b526341179e161393b61eb71a6a058727a40	Excel Engine	2.3 المطابقة الحرفية لملفات Excel	2141
F-001548	- النطاقات المسماة	7e3daef2a5ed3609bed05da5224f6d24ee8260498729298080b416ef45a55d92	Excel Engine	2.3 المطابقة الحرفية لملفات Excel	2142
F-001549	- قواعد التنسيق الشرطي	61dbcb7612d1ede35062cd1e02d02f29217120e8bcb632329135c0f8b290d0b5	Excel Engine	2.3 المطابقة الحرفية لملفات Excel	2143
F-001550	- حشو الخلايا وسماكة الحدود	ee529f87c778a1a6de4ce2af48f49a15df378000348de6cb168305da511c5c62	Excel Engine	2.3 المطابقة الحرفية لملفات Excel	2144
F-001551	- إحداثيات تجميد الأجزاء	c1ca67cbb45a54f7aa26a3a66139f5970a92c1659ccc6673d64f44a901b23162	Excel Engine	2.3 المطابقة الحرفية لملفات Excel	2145
F-001552	- إزاحات مرتكزات الرسوم البيانية	9e3fece48cd3efbdc8686a3b4817a097831b762ee783d01b1da4a9a339179d44	Excel Engine	2.3 المطابقة الحرفية لملفات Excel	2146
F-001553	- هندسة تخطيط الجداول المحورية	d740e5fccd4a97f0f947659d43ece98359d3fdcdd60f925f6af724e7fd81d267	Excel Engine	2.3 المطابقة الحرفية لملفات Excel	2147
F-001554	- الأعمدة المخفية وحالات الفلاتر	6474f974c5d684056bae006445b2c9f7c6f18206a3e68514ca2a6723117f4277	Excel Engine	2.3 المطابقة الحرفية لملفات Excel	2148
F-001555	- تحويل ملف Excel إلى نظام متابعة دائم	15ce94aa337161fbfc28988acf40f65bf2f3c81a51edf79958359e85b0f3194d	Excel Engine	2.3 المطابقة الحرفية لملفات Excel	2149
F-001556	- تطابق تام في الإحداثيات الدقيقة لكل عنصر	310d4b713cf3e77cbd2e553d0d7b6cffdabe349151ab8c24efb8eb99b52f8ee4	Excel Engine	2.3 المطابقة الحرفية لملفات Excel	2150
F-001557	- تطابق كامل في أحجام العناصر ونِسَبها	ea54eb73f39272bd1ebfe241b6be6ad7f5bbffa1255c397b059d4bc73be0f525	Excel Engine	2.3 المطابقة الحرفية لملفات Excel	2151
F-001558	- تطابق الهوامش والمسافات والفواصل الداخلية	2f99ca4cdbf6175d7cac0acc0b01670ec947d4dad9731306e20133b9cf453827	Excel Engine	2.3 المطابقة الحرفية لملفات Excel	2152
F-001559	- تطابق طبقات العناصر وترتيبها الأمامي والخلفي	2587b362e4d5053eb43c66ff43aabaaba3c1c4934495cbaa50661273b47ab070	Excel Engine	2.3 المطابقة الحرفية لملفات Excel	2153
F-001560	- تطابق ترتيب الطبقات	59fca0c8ec307948ef641dc90a6baec7f8d40b98f858d73b1d9ea3806409266b	Excel Engine	2.3 المطابقة الحرفية لملفات Excel	2154
F-001561	- تطابق ترتيب العناصر في الطبقات	1b57800d95a68e7dc5521e234bd9cf3432d18228f64a0779d37048809ef0c8cd	Excel Engine	2.3 المطابقة الحرفية لملفات Excel	2155
F-001562	- تطابق المحاذاة الدقيقة للبكسل الواحد	332117bbefa87ac0b4696c5dcb6ab0cdaec7c5ca0d8983a1f9e2010186ea568a	Excel Engine	2.3 المطابقة الحرفية لملفات Excel	2156
F-001563	- تطابق دقيق للمحاذاة	d5d8f6f9349745e76923a3f5b8eeb3bc80eb6746c5dd6387fda41f51e91f20d7	Excel Engine	2.3 المطابقة الحرفية لملفات Excel	2157
F-001564	- تطابق مواضع العناصر بالإحداثيات الدقيقة	72fbad722a87b9af78abfc9c45b0239ed55bd6f79bdbbf9de642efb6186c3a66	Excel Engine	2.3 المطابقة الحرفية لملفات Excel	2158
F-001565	- إعادة إنشاء العناصر بنفس الإحداثيات	93451181e95989cd0a0df109d0b7cbbd130c6717003144be66fac3e9440b1f6e	Excel Engine	2.3 المطابقة الحرفية لملفات Excel	2159
F-001566	- تحويل كل عنصر إلى نظيره المباشر دون إعادة تصميم	9a93c9b5e55e12a1484c98bc7d1910f3a18cd5ef8d841492993740d6eebcd83b	Excel Engine	2.3 المطابقة الحرفية لملفات Excel	2160
F-001567	- تطابق جميع الروابط الداخلية	359a40efc5a854989c12c3ae861106283e8e9ad341a42de0e78b4e2db01486f5	Excel Engine	2.3 المطابقة الحرفية لملفات Excel	2161
F-001568	- الحفاظ الكامل على الروابط الداخلية والبنية الهيكلية	8352fcc94e31d1448ea3f47f7c797b9e00b6abcd4465f330a162ee4f701afe7f	Excel Engine	2.3 المطابقة الحرفية لملفات Excel	2162
F-001569	- الحفاظ الكامل على العناوين ومستوياتها	651acd4f9843fde04726583762a77f37dfa408386f6040c20e7cb5834010a27f	Excel Engine	2.3 المطابقة الحرفية لملفات Excel	2163
F-001570	- تطابق الهيكل الهرمي للعناوين	4a7391aedf9dba535d3f3aff1dce2f2b4e4efdc32acdafcfe82b9d6c920d2c11	Excel Engine	2.3 المطابقة الحرفية لملفات Excel	2164
F-001571	- الحفاظ الكامل على مواضع الصور والوسائط	6840679faa09164b729727fc976bfa9a44e7f635a7b6e6b798793268e96c176a	Excel Engine	2.3 المطابقة الحرفية لملفات Excel	2165
F-001572	- الحفاظ الكامل على أنماط الفقرات والقوائم	e1ca8aa1d6f55a003ff485aeb49268c7b308515d18d2e74dbe4043bee86b26df	Excel Engine	2.3 المطابقة الحرفية لملفات Excel	2166
F-001573	- تطابق أنماط الفقرات	ff73a3865746aec8c01e56d3aee0e057da8a893061007dc6e4a16c7824b74dc4	Excel Engine	2.3 المطابقة الحرفية لملفات Excel	2167
F-001574	- منع إعادة التفاف النص بشكل مختلف	e86c7380a96515b3bfdd3e579de5d889d105509b0322d14a2cae1c55968937fb	Excel Engine	2.3 المطابقة الحرفية لملفات Excel	2168
F-001575	- تطابق 100% في التخطيط	4c63385d5a7b861a9a9710390a4f7828e32b2b243412114f7427ffd812993172	Excel Engine	2.3 المطابقة الحرفية لملفات Excel	2169
F-001576	- الحفاظ على كل شريحة بنفس البنية	4f8375ebf39583f6f44be402bf3afc827944351bee8910344cc77b28d1fe1bfe	Excel Engine	2.3 المطابقة الحرفية لملفات Excel	2170
F-001577	- إعادة بناء مطابق حرفياً	fe69ffe7d722551494acc47278d3d5d5f29b2e8abb6fc0a76db32fcf5c933911	Excel Engine	2.3 المطابقة الحرفية لملفات Excel	2171
F-001578	- الحفاظ على الحركات والانتقالات إن وجدت	516bfb6a76a3590591f861c167d4ae03a04e5cb425d2e265152113d768af84df	Excel Engine	2.3 المطابقة الحرفية لملفات Excel	2172
F-001579	- تطابق العلاقات بين العناصر	23cfcc3da32606f93a74de98443b5bad6188b6eeaec9d40152d983649c86e036	Excel Engine	2.3 المطابقة الحرفية لملفات Excel	2173
F-001580	- تطابق توزيع الصفحات	85a333cdbe805fe4dc75e97c1bdb38b73d2258ca261848c8ce086efdac670798	Excel Engine	2.3 المطابقة الحرفية لملفات Excel	2174
F-001581	- الحفاظ على الفواصل اليدوية	a68c27edee6067b432d3823f8d2649cefe9c2af15b1760f7e35c8060616afc76	Excel Engine	2.3 المطابقة الحرفية لملفات Excel	2175
F-001582	- تطابق بصمة التخطيط الرقمية للمستند	a1d3163cbdb5719db6eceb01128cbc1b203fa5932a38e74e539eec5eed658c4d	Excel Engine	2.3 المطابقة الحرفية لملفات Excel	2176
F-001583	- تطابق البصمة الهندسية للمستند	8edaedb3eb1957f952eda8de98586bfe04284a6741ec9751a4837abf952afa9d	Excel Engine	2.3 المطابقة الحرفية لملفات Excel	2177
F-001584	- تطابق القيم اللونية الرقمية	63b8401525910d405ab3c9abbcec930bca084ebe5f1d82a304a9698ae78e67c5	Excel Engine	2.3 المطابقة الحرفية لملفات Excel	2178
F-001585	- تطابق الإحداثيات حتى مستوى البكسل	cf45db509c11d7084064f0a79f1efea809557e33ec84acab9b0370c2a1c95eb3	Excel Engine	2.3 المطابقة الحرفية لملفات Excel	2179
F-001586	- تطابق نسب العرض والارتفاع لكل صفحة أو شريحة	21d7056d7dc9ff63422d4995c5766d1843ca914e32f2fa22c82adcd324aa0bb6	Excel Engine	2.3 المطابقة الحرفية لملفات Excel	2180
F-001587	- تطابق نسب العرض والارتفاع	22b87c1f83fb13d3013395c098bccc1a0309a50cf8a41f700e4dc4af3107b6f6	Excel Engine	2.3 المطابقة الحرفية لملفات Excel	2181
F-001588	- تطابق المسافات الداخلية والخارجية	8e0eccc5134e8a0e2b10b67a8409aa7a44df75e16c31d75bff204cf0124f590b	Excel Engine	2.3 المطابقة الحرفية لملفات Excel	2182
F-001589	- تطابق بصمة التخطيط	33aada95c7a229d2ef86717d5c7b39d0471d8de95799ed343c8f446bbaec41ce	Excel Engine	2.3 المطابقة الحرفية لملفات Excel	2183
F-001590	- مقارنة بصمة التخطيط	9e3323c06ae3c2d5fa43c5d2af3aab2a093d7733e561ef98fc5cbc9287ccf545	Excel Engine	2.3 المطابقة الحرفية لملفات Excel	2184
F-001591	- مقارنة هيكلية للعناصر	4292215dd92fe54187d15f5f1f68c4468a3dd49e8a3fb52bfb3b376cbb875f7f	Excel Engine	2.3 المطابقة الحرفية لملفات Excel	2185
F-001592	- استنساخ محرك التنسيق الشرطي بالكامل	66d825ac01957d31a04f6b87ea92c9c0ae873ff27c5afbfc5568fab075b4e12e	Excel Engine	2.3 المطابقة الحرفية لملفات Excel	2186
F-001593	- الحفاظ على عرض الأعمدة بالبكسل	f347172e0bf747c791d20665de49eb7163a14c9a5c1c56b1eb2c93cf446455e5	Excel Engine	2.3 المطابقة الحرفية لملفات Excel	2187
F-001594	- الحفاظ على ارتفاع الصفوف	661b0ef919b6aef5ac408cf0b8ecb2a05c07f378cc6d56c68176bbb0e89a6ce4	Excel Engine	2.3 المطابقة الحرفية لملفات Excel	2188
F-001595	- الحفاظ على دمج الخلايا	e01748888db56038857d904dcceca1ffd3d606e34066ff2cf6a6046965a0e353	Excel Engine	2.3 المطابقة الحرفية لملفات Excel	2189
F-001596	- الحفاظ على سلامة المعادلات	15eecb3d656838ed800e8c7f6278dbaaa8b40ae9ea358963f1f58636b64fbed8	Excel Engine	2.3 المطابقة الحرفية لملفات Excel	2190
F-001597	- الحفاظ على النطاقات المسماة	11e9dc3cab59cf4d6c8834ca8eb7ef0042d0a11bda5111cbb83b6958d1823088	Excel Engine	2.3 المطابقة الحرفية لملفات Excel	2191
F-001598	- الحفاظ على تجميد الصفوف والأعمدة	c9d6f235466e5928004d5b573dd2470c300cb915cd56af6e2661b6d7defee004	Excel Engine	2.3 المطابقة الحرفية لملفات Excel	2192
F-001599	- الحفاظ على الأوراق المخفية	cf5b35b425b62dcc6c7992cd6bc9634a53485494c19656719f5419d070c07938	Excel Engine	2.3 المطابقة الحرفية لملفات Excel	2193
F-001600	- الحفاظ على قواعد التنسيق الشرطي	ba6c29f5b965ac3fdab2c7d80787d49e966bf38fb3c670c870532c10c5e787e1	Excel Engine	2.3 المطابقة الحرفية لملفات Excel	2194
F-001601	- نسخ تصميم أي صورة أو مستند بدقة متطابقة تماما	b9e49b932b4ef117d2970eb1c0b5f8d6c3dab62b95979a385071fd5b4b43f0a5	Excel Engine	2.3 المطابقة الحرفية لملفات Excel	2195
F-001602	- المطابقة الحرفية لملفات Excel	edb742be4976086015dbc5ebb7a8662f31ad49c0adf987e340948ee63cac651c	Excel Engine	2.3 المطابقة الحرفية لملفات Excel	2196
F-001603	- مخرجات دقيقة وموثوقة وقابلة للتحقق	a939fa701168b5b2b374bc46c459376f28ed2f99d7705ba53eb0a732d4111979	Excel Engine	2.3 المطابقة الحرفية لملفات Excel	2197
F-001604	- تحويل صيغ التقارير	fb0f84a71f1611eedebbc0ee721fba808dd99db19dd33b97ea482d9a8597b423	Excel Engine	2.3 المطابقة الحرفية لملفات Excel	2198
F-001605	- تحويل ملفات CSV و Excel إلى مخططات ولوحات معلومات وجداول زمنية متوافقة مع العلامة التجارية	b46a7c320e178eddd8c8985b95f8bbc559e0e96bae99aa6c5dae357cbf0edecb	Excel Engine	2.3 المطابقة الحرفية لملفات Excel	2199
F-001606	- مطابقة هوية العلامة التجارية في التقارير والعروض	8b3917a4cce44b7ca927df0fc6bb32fff6eea500681eb6408d03333c2a8befb0	Excel Engine	2.3 المطابقة الحرفية لملفات Excel	2200
F-001607	- Excel Structural Replication	b1abd30edeb3acb50ba72b05bc7531ae489f17e692efe5e03ac048df4533c29d	Excel Engine	2.3 المطابقة الحرفية لملفات Excel	2201
F-001608	- الوضع السهل: زر واحد لتنسيق احترافي كامل	45f14b616cb08a8cd179cfc41538131e8fcb59653bddff523eeaf487403bf8da	Excel Engine	2.4 الوضع السهل والمتقدم	2207
F-001609	- الوضع المتقدم: اختيار الخط واللون والنمط ومستوى التفاصيل يدوياً	95859250369cac4ef97a8dfc4b92f6d3a97a4fac3d324422ae7ef2111d2dfa2a	Excel Engine	2.4 الوضع السهل والمتقدم	2208
F-001610	- وضع سهل مع زر تنسيق احترافي كامل	94fc51b41bda4b2a4dabe3931abcb33575828381dafe401dd45ecb9b2d143ad7	Excel Engine	2.4 الوضع السهل والمتقدم	2209
F-001611	- تشغيل النظام بوضع سهل أو متقدم مع دعم الذكاء الاصطناعي والسحب والإفلات	42df4a01a22000c9c9fece22240cf6d2ac9c56bf01836c98b29653861c0d98bc	Excel Engine	2.4 الوضع السهل والمتقدم	2210
F-001612	- الوضع السهل والمتقدم	159755fe6f1df0269d728570ff81c888880cea3061148b44dbfcd58fbcfa7cea	Excel Engine	2.4 الوضع السهل والمتقدم	2211
F-001613	- الوضع السهل: تحويل الأوامر النصية البسيطة إلى تقارير مصممة بالكامل	62e7881d64fe569c9aff6587d2d6f91cd68867645bf7c8234e4920e38e226367	Excel Engine	2.4 الوضع السهل والمتقدم	2212
F-001614	- تنفيذ كل ذلك بوضع سهل أو متقدم	451e45aea7bcc82474cc61f5c4278e5d0b255c56c64379d285a0a314f7134b2d	Excel Engine	2.4 الوضع السهل والمتقدم	2213
F-001615	- اختيار الوضع السهل أو الوضع المتقدم	bf1de9e05355c15aa963e6c5b1b87a1fa3df6db6fb25aa160ba1fa80ab9260b7	Excel Engine	2.4 الوضع السهل والمتقدم	2214
F-001616	- وجود وضعين دائمين: سهل / متقدم	cacaf689052806da72108b0a64dc2503d7455bc5cb8c0a06a11f3eb43dfb468d	Excel Engine	2.4 الوضع السهل والمتقدم	2215
F-001617	- الوضع المتقدم: اختيار مستوى التفاصيل	2810d308fbeffa944b9bcc0f11ee99f47c48d04966cb49d1f69c77bb0b671421	Excel Engine	2.4 الوضع السهل والمتقدم	2216
F-001618	- يعرض خيارات في الوضع المتقدم	be0715440c5df7efa38ed14dec2e532fbab6add549693f4ff6a3d08397e6fd8d	Excel Engine	2.4 الوضع السهل والمتقدم	2217
F-001619	- الذكاء الاصطناعي لا يلغي التحكم اليدوي	4f0a774c0b8bc1652b2c34a4566a8151597c5032640c2a0de9f292c3e4ae4725	Excel Engine	2.4 الوضع السهل والمتقدم	2218
F-001620	- وضع تلقائي	7ae42fbe93ab62f5dc6c66a79cae24706cfa09264a756d7e7a68a390af7d457c	Excel Engine	2.4 الوضع السهل والمتقدم	2219
F-001621	- تحليل البيانات واختيار أهم المؤشرات تلقائياً	781ad11ede70c4bc1f49a32c4a4254a203b7b1436f202b4248a8ebeadf2f9394	Dashboard Engine	3.1 الوضع السهل: لوحة بضغطة زر	2228
F-001622	- اختيار أنسب الرسوم البيانية	f04a104f20672c9efd5e9893ede057c5c6b4b725368300730dd51de12a840d0b	Dashboard Engine	3.1 الوضع السهل: لوحة بضغطة زر	2229
F-001623	- ترتيب العناصر بشكل منطقي	632e0ee8d8380b9597bb4a72c8245ca96e718b05beb949b9f2ca79bc0c099a66	Dashboard Engine	3.1 الوضع السهل: لوحة بضغطة زر	2230
F-001624	- تطبيق ثيم احترافي	b8ea814be3a59caefdee138f31fe2b727faf7de9427108dc8db4c7cbc33bc882	Dashboard Engine	3.1 الوضع السهل: لوحة بضغطة زر	2231
F-001625	- إضافة فلاتر عامة	102e9bca30668664b104fc2d573b381fad465883f2fe734253f06dceb34a8e05	Dashboard Engine	3.1 الوضع السهل: لوحة بضغطة زر	2232
F-001626	- إنشاء مقارنة زمنية تلقائية	7c63eeb07db32960a693a48584cadf111ed0388d6ed02ce21a6f769192257e20	Dashboard Engine	3.1 الوضع السهل: لوحة بضغطة زر	2233
F-001627	- السحب والإفلات: سحب حقل إلى Columns/Filters/Group by	cf94650ff736461b34dd37f027e803d0252c69025eb8899e6f22943101cb2e4b	Dashboard Engine	3.1 الوضع السهل: لوحة بضغطة زر	2234
F-001628	- السحب والإفلات: سحب قسم تقرير لإعادة ترتيبه	366b5bf676d92d37ce22b2007cc7c1426fc55920bc97eafa39e87858a5e014c9	Dashboard Engine	3.1 الوضع السهل: لوحة بضغطة زر	2235
F-001629	- السحب والإفلات: سحب تقرير على Schedule لإنشاء جدولة	48f6980f6e358e3f685170c32e8016140d08ae39fe35ea6639aae63115a29f03	Dashboard Engine	3.1 الوضع السهل: لوحة بضغطة زر	2236
F-001630	- السحب والإفلات: سحب Component إلى الصفحة مع ربط بيانات	ba47d98f1aa573813aab4c54bdb6c8c5362c75c691eba77014237dfc0d579d50	Dashboard Engine	3.1 الوضع السهل: لوحة بضغطة زر	2237
F-001631	- السحب والإفلات: سحب صفحة داخل Tree لإعادة ترتيب الهيكل	edb14852fad60306de2be8151eb6c979561bbe9f3b76cb3a6731d13dbed6be8b	Dashboard Engine	3.1 الوضع السهل: لوحة بضغطة زر	2238
F-001632	- سحب وإفلات عناصر لإنشاء تقارير ولوحات تحكم	203b91e14c386a0b24d15c5cc6ff3e3ae790312fa9c738221a0c46d32d950763	Dashboard Engine	3.1 الوضع السهل: لوحة بضغطة زر	2239
F-001633	- Generate Dashboard تنفيذي وتشغيلي بضغطة زر	67ea83fab07957853a53d564cd903ee1f0cf22a8f87696af6c3ba5ff42f6dfa6	Dashboard Engine	3.1 الوضع السهل: لوحة بضغطة زر	2240
F-001634	- إنشاء داشبورد احترافية بسهولة	e15e4c1a261d756aa9881e1f6c63dcad1d33058497f2bf7c58ca1c934b8bcf88	Dashboard Engine	3.1 الوضع السهل: لوحة بضغطة زر	2241
F-001635	- إنشاء Dashboard	25c9a1d2809505a99b1b9a0892cb2b86ad8e57c3c9587bf69ba2496011b24ab0	Dashboard Engine	3.1 الوضع السهل: لوحة بضغطة زر	2242
F-001636	- إنشاء لوحات مؤشرات	b71943a214c18f4e53a0d19981d35bec883904a087e00768edd895121543f85b	Dashboard Engine	3.1 الوضع السهل: لوحة بضغطة زر	2243
F-001637	- خدمة الداشبورد	b1c45e9fc3b09fef6154a17ea8f7612e8578246040ab65e941d6040f9e094214	Dashboard Engine	3.1 الوضع السهل: لوحة بضغطة زر	2244
F-001638	- إنشاء لوحات معلومات تفاعلية	74783e4375e12ad52a0f99efc521db58669447c9955a25851477d3539e010689	Dashboard Engine	3.1 الوضع السهل: لوحة بضغطة زر	2245
F-001639	- لوحات معلومات تنفيذية لحظية	7873aebfa2e9bea888a2e1f5337105a14846730afde2517350e4cb5381d64eaa	Dashboard Engine	3.1 الوضع السهل: لوحة بضغطة زر	2246
F-001640	- تحويل Excel إلى لوحة معلومات تفاعلية	2e46fdc74f393b7660242daf703b07536188c8e58744e5d090deb56bbd0b4dab	Dashboard Engine	3.1 الوضع السهل: لوحة بضغطة زر	2247
F-001641	- تحويل جداول معقدة إلى رسوم بيانية	f00559cff6f981e30ca53e0c2edaa3652202c88f05766b279ff2d14f165b9fb2	Dashboard Engine	3.1 الوضع السهل: لوحة بضغطة زر	2248
F-001642	- منصة تنفيذ سيادية رياضية حتمية متسارعة البيانات ثنائية اللغة بمستوى احترافي نخبوي	b1f3d43284dac54f44ccf1fb3186dfcd85e7e7999d072a1ea819cf38d80983f1	Dashboard Engine	3.1 الوضع السهل: لوحة بضغطة زر	2249
F-001643	- لوحات معلومات لحظية متدفقة	06cec8ae7d74ce90b2d811ce2205631feee83944d76404d58894c9494fb524e4	Dashboard Engine	3.1 الوضع السهل: لوحة بضغطة زر	2250
F-001644	- لوحة مؤشرات بـ 1 مليار صف يمكن تلخيصها وعرضها بدون انهيار	3925537d1db4f75ad4fe43f3d6e6a60a08c2fa4f592dd3d82c6975a2901f15ae	Dashboard Engine	3.1 الوضع السهل: لوحة بضغطة زر	2251
F-001645	- وضع تنفيذي يبسط العرض البصري فورا	c66cc796cfa5b3c8ce910547533f68b3bf6c0b26fa52859c03a26c7817b1c1a8	Dashboard Engine	3.1 الوضع السهل: لوحة بضغطة زر	2252
F-001646	- واجهة مبسطة للمستوى التنفيذي	3dd0766837d5608a6821097be0368edba3ef037111109430f5b49f65bc8fd25a	Dashboard Engine	3.1 الوضع السهل: لوحة بضغطة زر	2253
F-001647	- مسارات إنشاء خطوة بخطوة مع معاينة حية	9a27ab53abe29a340a6db65af863d5d49c8f951b81ebbba0f50279c1dc3a942a	Dashboard Engine	3.1 الوضع السهل: لوحة بضغطة زر	2254
F-001648	- منشئ لوحة المعلومات	6793854b5fb49ab7dd99bb90be3f39d9f800fa81b448963e8015dfbddbeaa05f	Dashboard Engine	3.1 الوضع السهل: لوحة بضغطة زر	2255
F-001649	- لوحات معلومات التلفزيون	8137bfcaa60777e19467c96aae623a0b2e7603b1cb1d4984db0f16fbddbfcf24	Dashboard Engine	3.1 الوضع السهل: لوحة بضغطة زر	2256
F-001650	- منشئ روبوتات المحادثة من Plotly	7dcc6e5560c44ac4495e7f38ec4c34a7ced534cad45fb9d6ca21f748ebbf111f	Dashboard Engine	3.1 الوضع السهل: لوحة بضغطة زر	2257
F-001651	- معرض غني	dcb49ddf422ea4da68cc0e50c38e313537878f4d031b192bb1f3ece6eceea34f	Dashboard Engine	3.1 الوضع السهل: لوحة بضغطة زر	2258
F-001652	- قابل للتخصيص	839a8bc311098b22f580c88850a3c995d32eae71bc0815db3a80d14574f1d8a2	Dashboard Engine	3.1 الوضع السهل: لوحة بضغطة زر	2259
F-001653	- HTML5 / SVG	96f01df04c8ec29146b46872ee323e637fc219c5fc02d6507cb677e2af08c145	Dashboard Engine	3.1 الوضع السهل: لوحة بضغطة زر	2260
F-001654	- البيانات الديناميكية	31fddee71676d54daafc5926c11d9d064c66c1b20d22d055a75dfad358bc96e7	Dashboard Engine	3.1 الوضع السهل: لوحة بضغطة زر	2261
F-001655	- إنشاء لوحات مؤشرات احترافية بشكل فوري باستخدام الذكاء الاصطناعي.	84d57850bace78c7ecaf478cfb95e5c891f25ba655bce6d40215378418a08920	Dashboard Engine	3.1 الوضع السهل: لوحة بضغطة زر	2262
F-001656	- حفظ أفضل النتائج مباشرة في لوحات المعلومات أو التقارير.	dd5f2fa92ad7377ec4ce0c7717806a80e92206cf01b868dc7d4c1c9a565ca393	Dashboard Engine	3.1 الوضع السهل: لوحة بضغطة زر	2263
F-001657	- تحويل جداول البيانات أو بيانات المستودع إلى لوحات معلومات مؤشرات الأداء الرئيسية مع عوامل تصفية ورؤى حية.	f43156a9e23a199fe9d99ce481a16377751853735ef02223342f07674474f3e8	Dashboard Engine	3.1 الوضع السهل: لوحة بضغطة زر	2264
F-001658	- بناء لوحات معلومات وجداول بيانات وتدفقات عمل محكومة.	01b7209e8ab1ea97891dada23d6cd0b891e3ec3c5c80118a4068210d64d35866	Dashboard Engine	3.1 الوضع السهل: لوحة بضغطة زر	2265
F-001659	- لوحات معلومات مخصصة.	a1b6b195eb2f289f4524624325ad0248c6bec8fc791905cd3f08cc74e2707d4a	Dashboard Engine	3.1 الوضع السهل: لوحة بضغطة زر	2266
F-001660	- إنشاء لوحات معلومات ديناميكية.	d0fc0595600994d4bd69ea064e44a07d504b0664ec9069a8c047d851e23a1f4c	Dashboard Engine	3.1 الوضع السهل: لوحة بضغطة زر	2267
F-001661	- إنشاء لوحات معلومات من أمر نصي.	aa1abf22b83acf55b73cb0c3bba8918c4fd261fed97f48a509eefe00e6eaae29	Dashboard Engine	3.1 الوضع السهل: لوحة بضغطة زر	2268
F-001662	- إنشاء لوحة بضغطة زر	114c6173c2bd5591e4d90f9ac3c75c724b1c53ed452a071c8a0b118c9ab161aa	Dashboard Engine	3.1 الوضع السهل: لوحة بضغطة زر	2269
F-001663	- قوالب قابلة للتخصيص	bbf9cbdd3d10be463c1f225938f94b6153bd30d0ff146b6f26be12742862dcd0	Dashboard Engine	3.1 الوضع السهل: لوحة بضغطة زر	2270
F-001664	- قوالب الفريق	6b54329a33515af8ca5c1848d6b35f5e47ba9674697ba2009ce79cf46f8f6538	Dashboard Engine	3.1 الوضع السهل: لوحة بضغطة زر	2271
F-001665	- قوالب يمكن الوصول إليها متوافقة مع WCAG	fd164b43409565156c55d12e4868ddfd0f1b20daf4889c2755f96ca85dd945b7	Dashboard Engine	3.1 الوضع السهل: لوحة بضغطة زر	2272
F-001666	- قوالب احترافية	f4da7436778fa36f920dc6346fcd1b093d0307e4c655f4133bf8e498f1c1a7f5	Dashboard Engine	3.1 الوضع السهل: لوحة بضغطة زر	2273
F-001667	- قوالب مسبقة الصنع	fbd3c822cff0705cad2539abf5d1680e6f21cb3b826b13febc40e475eaf53b5a	Dashboard Engine	3.1 الوضع السهل: لوحة بضغطة زر	2274
F-001668	- الوضع السهل: لوحة بضغطة زر	7a0dc8b61d2f95222f6bcf8b72cb9d8344c3bfd478000be04e41b1f71797844a	Dashboard Engine	3.1 الوضع السهل: لوحة بضغطة زر	2275
F-001669	- شرائح ذكية (مخطط جانت، مقياس حرارة، رقم كبير، لوحة معلومات، إلخ)	246d639f803b75d3fea5281c74e0dfc35b7844a1f16190751b4e50e54bdf8005	Dashboard Engine	3.1 الوضع السهل: لوحة بضغطة زر	2276
F-001670	- إنشاء شرائح استراتيجية الذهاب إلى السوق وخارطة الطريق	5218168f1e26e44e072b4fc82a65c532f532a8d2d8d5b540de111d5f97d52061	Dashboard Engine	3.1 الوضع السهل: لوحة بضغطة زر	2277
F-001671	- إنشاء شرائح ذكية من العناصر النائبة	5410d05faab3492312f50f9c5d5e30b66c10491d4a010b0403687546b38164bf	Dashboard Engine	3.1 الوضع السهل: لوحة بضغطة زر	2278
F-001672	- إنشاء عرض جدول تفاعلي تلقائيًا	a7cdac4de6327f65bb15bc45da5fec7eda3d508ac6d3f99487527fec40b1413a	Dashboard Engine	3.1 الوضع السهل: لوحة بضغطة زر	2279
F-001673	- إنشاء لوحات معلومات وتقارير تفاعلية	e656f9898d39c6533dffffd3b358180051f40c87caae395d6626d7383f572510	Dashboard Engine	3.1 الوضع السهل: لوحة بضغطة زر	2280
F-001674	- إنشاء لوحة معلومات لفريق المبيعات لتتبع الفرص	97374899ab705facd9e6c64d0f0e4943cb3f6c60bc2c5a437f1aa0ca1c70926d	Dashboard Engine	3.1 الوضع السهل: لوحة بضغطة زر	2281
F-001675	- إنشاء لوحة معلومات لمراقبة مؤشرات الأداء الرئيسية للمشروع	776fd004c131ab9d5eaea5da44059b5ce5defe94bac481df1b4f79475b11fa94	Dashboard Engine	3.1 الوضع السهل: لوحة بضغطة زر	2282
F-001676	- تتبع التقدم المحرز في تحقيق أهداف المبيعات	6f0840a7b932672fee82e74e5583b98179bde48c692b067bede85a50071fc2c6	Dashboard Engine	3.1 الوضع السهل: لوحة بضغطة زر	2283
F-001677	- تحديث أشرطة التقدم تلقائيًا أثناء العمل	664e2fde54b38122b07fbe64e53de9e2635bd3ec442e292cffaeec7dab906df7	Dashboard Engine	3.1 الوضع السهل: لوحة بضغطة زر	2284
F-001678	- تحديث الأبحاث تلقائيًا مع تغير السوق	655de4bb61adce7434f80b7ff1fd36a77181f8e3dbe2c7707779fcf52256934a	Dashboard Engine	3.1 الوضع السهل: لوحة بضغطة زر	2285
F-001679	- تحديد المقاييس الرئيسية لتقييم أداء فريق	6dd4c7bca4c50af5cedcfbbb0e593c142b8c04425500cc7dcca53d8e8da0ca3e	Dashboard Engine	3.1 الوضع السهل: لوحة بضغطة زر	2286
F-001680	- تحديد مؤشرات الأداء الرئيسية (KPIs)	b940050e7ef2729618f60908d6320ed5becc5afc7d0911b9a351d14412fc618c	Dashboard Engine	3.1 الوضع السهل: لوحة بضغطة زر	2287
F-001681	- تضمين المخططات والمرفقات والمصادر الحية	394ef30fa8c0d1e1513a698d59b5f8b9b16990246f6cc5585aa9677bba4250e7	Dashboard Engine	3.1 الوضع السهل: لوحة بضغطة زر	2288
F-001682	- تضمين لوحات المعلومات في أي مكان	535fdfee905d84c5bf5cce076c29492f898cf483974f7a591093709426012f0f	Dashboard Engine	3.1 الوضع السهل: لوحة بضغطة زر	2289
F-001683	- إنشاء حملات تسويقية وطلبات تقديم العروض (RFPs)	1c8622f7a3b3698decb6c65c3164de6b21104a470266fd83ca426113b4998fba	Dashboard Engine	3.1 الوضع السهل: لوحة بضغطة زر	2290
F-001684	- إنشاء خطة عمل لمشروع جديد	46427eaa0bac58954235967d5b5393e33c647c4407787fa1576f5319b6508c55	Dashboard Engine	3.1 الوضع السهل: لوحة بضغطة زر	2291
F-001685	- إنشاء دليل تدريبي للموظفين الجدد	204486ba0df74861130f6713c1f6d90bb4b0de03ade428953bd1168f0b76f790	Dashboard Engine	3.1 الوضع السهل: لوحة بضغطة زر	2292
F-001686	- إنشاء عرض تقديمي حول اتجاهات السوق بناءً- على بحث عبر الإنترنت	8cad33885d1023659a321b2ccb84654c0181aceb526c73bf09891bc1c20d2d36	Dashboard Engine	3.1 الوضع السهل: لوحة بضغطة زر	2293
F-001687	- إنشاء عرض تقديمي لإطلاق منتج جديد	72fc4874f522aec2eab5f924b4541a40f58d54d269e93d58da84e3355b61a666	Dashboard Engine	3.1 الوضع السهل: لوحة بضغطة زر	2294
F-001688	- إنشاء عرض تقديمي للمستثمرين	e289be5d43714cbab7b7244ac01370e1466fa9c169d732f0b68568f0473e8017	Dashboard Engine	3.1 الوضع السهل: لوحة بضغطة زر	2295
F-001689	- إنشاء عروض PowerPoint التقديمية من المستندات	a1fe7734b3155b25879d107aeae1aac16d4d3c3a7bc5f4775f6008d0007f421d	Dashboard Engine	3.1 الوضع السهل: لوحة بضغطة زر	2296
F-001690	- إنشاء عروض تقديمية احترافية	b892c08a37768165677516f8ddff27a6a9927e76469240c5583a291cf9e945d4	Dashboard Engine	3.1 الوضع السهل: لوحة بضغطة زر	2297
F-001691	- إنشاء عروض تقديمية احترافية على الفور	08e91ed2b98bc6847bdfad4dde2b9ea830b118f7f742492eb6e3d1fe3f82b24e	Dashboard Engine	3.1 الوضع السهل: لوحة بضغطة زر	2298
F-001692	- إنشاء عروض تقديمية تلقائيًا	906434b42ab710bb718af137f9991515dacbf9e8bf312666e826590494c03bac	Dashboard Engine	3.1 الوضع السهل: لوحة بضغطة زر	2299
F-001693	- إنشاء عروض تقديمية تلقائيًا أثناء استكشاف البيانات	75a31c4db5d7fe02a707c0169824f2e67faa8a02a2e9280f3a3272c715960b27	Dashboard Engine	3.1 الوضع السهل: لوحة بضغطة زر	2300
F-001694	- إنشاء عروض تقديمية كاملة مع بحث مباشر واستشهادات وملاحظات للمتحدث	0bca6d7fe1a5f2c0f415b69ac2c9e3545a8ffecaf9172b09cc6607c1c3b7b3dd	Dashboard Engine	3.1 الوضع السهل: لوحة بضغطة زر	2301
F-001695	- إنشاء عروض تقديمية مع بحث مباشر واستشهادات وملاحظات للمتحدث	ab50a09f6a4a6801cc180b61839e380361480868481a233e96695df9e4080bf9	Dashboard Engine	3.1 الوضع السهل: لوحة بضغطة زر	2302
F-001696	- إنشاء كتيبات تدريبية وكتب إلكترونية	d7b3ba9a96d03c78ae92b82cddbf0f59f22eb43848e622133bec372fb1eaa2a3	Dashboard Engine	3.1 الوضع السهل: لوحة بضغطة زر	2303
F-001697	- إنشاء مقترحات وعروض مبيعات وأوراق بيضاء	6967b019428b03c334759de617e1f5f0b5573609808a16bfb75e636dfa0f9f7e	Dashboard Engine	3.1 الوضع السهل: لوحة بضغطة زر	2304
F-001698	- إنشاء ملاحظات للمتحدث في العروض التقديمية	c3c615227332b88196b379021be608f39f74dc14ea0e476fc4f799406a95457c	Dashboard Engine	3.1 الوضع السهل: لوحة بضغطة زر	2305
F-001699	- اقتراح تغييرات في هيكل المستند لتحسين السرد	578d14ac1ecee1fd1f86dc5f4f0184456564c8ce73e9bd65762bc4402ff85824	Dashboard Engine	3.1 الوضع السهل: لوحة بضغطة زر	2306
F-001700	- اقتراح خطط مزايا للموظفين	8ef78af5e5dff892347d56812a7c31f0346065ceca1bd723d84451edca9b7607	Dashboard Engine	3.1 الوضع السهل: لوحة بضغطة زر	2307
F-001701	- اقتراح عناصر العمل من الاجتماعات	f770ffdb73e80343e32e75fe6d33d7792f61ed85bd64f1cc8ad01840a13eb473	Dashboard Engine	3.1 الوضع السهل: لوحة بضغطة زر	2308
F-001702	- المساعدة في صياغة توقعات مالية وخطط استراتيجية	e3e6a0d9522d7b1ebf1be4bef0f7abfa78de9fa95cc5a33c9bd75dd3276f5bcf	Dashboard Engine	3.1 الوضع السهل: لوحة بضغطة زر	2309
F-001703	- بناء سير عمل تقرير حقيقي مع قالب تقرير متسق	7b2e38036d747ac8b7d445208452ff9d8dbad17fa4b896351948f1e9d7c4da1e	Dashboard Engine	3.1 الوضع السهل: لوحة بضغطة زر	2310
F-001704	- بناء نماذج تعلم الآلة	4722f803ed6218ada806ced74d89e374bcc528c677ad6fc5a9f8adb76de7a2a5	Dashboard Engine	3.1 الوضع السهل: لوحة بضغطة زر	2311
F-001705	- بناء نماذج تعلم الآلة الأولية مباشرة في المحادثة	8e5fbd732e7513f4eb4fe2e3353130379c2da0d6cf31071c11bf2f7b7ccabcd3	Dashboard Engine	3.1 الوضع السهل: لوحة بضغطة زر	2312
F-001706	- بناء نموذج مالي لشركة ناشئة	c70424c50a1cd342533d977a8e7ffb482f12e1d3a8791b8048a633f7c0826255	Dashboard Engine	3.1 الوضع السهل: لوحة بضغطة زر	2313
F-001707	- تحليل SWOT الاستراتيجي	e11a383107c019ba71917535a6a016638c25f7a590c91eab50d1e14c496f2bd0	Dashboard Engine	3.1 الوضع السهل: لوحة بضغطة زر	2314
F-001708	- تحليل نقاط القوة والضعف والفرص والتهديدات	c76fcecf11d0dcc333e3c9cd75e5e7241c7f728896129d5d9ee7c90dca4323ec	Dashboard Engine	3.1 الوضع السهل: لوحة بضغطة زر	2315
F-001709	- تحويل الأفكار إلى مستندات مصممة بشكل احترافي تلقائيًا	70283fd590f842cb7d6103ad2ccecdd9c25fe94c271a6237c737ae8d4f8d3949	Dashboard Engine	3.1 الوضع السهل: لوحة بضغطة زر	2316
F-001710	- إنشاء لوحات مؤشرات الأداء الرئيسية	5edc5bce5d083b6df961986601a66408d7adef281e2cdd9f7290968ce063ff85	Dashboard Engine	3.1 الوضع السهل: لوحة بضغطة زر	2317
F-001711	- إنشاء لوحات معلومات تحليلية احترافية على الفور من خلال طرح الأسئلة باللغة الإنجليزية البسيطة	d4c07725a4af5ba4c61e60448a1fcbacaf99b579f0935a32c84840fd0fc544a9	Dashboard Engine	3.1 الوضع السهل: لوحة بضغطة زر	2318
F-001712	- إنشاء لوحات معلومات تلقائيًا من جداول البيانات	92dbe6b7e56a1209f666191c55c0408a43dcb38a1aed69313aea0b569ad466d4	Dashboard Engine	3.1 الوضع السهل: لوحة بضغطة زر	2319
F-001713	- بناء صفحات كاملة تلقائيًا (مكونات، ربط بيانات، فلاتر، أذونات)	bac16907cca2245570bb59c16500afeaa2db9eb6edd81938e80bb3b26a819cb3	Dashboard Engine	3.1 الوضع السهل: لوحة بضغطة زر	2320
F-001714	- تخصيص شكل اللوحة	53e6e61bcd58b7fe50e787e275973d9b5e08cf5cd4c36951c5b5b17c37c6877e	Dashboard Engine	3.1 الوضع السهل: لوحة بضغطة زر	2321
F-001715	- إنشاء داشبورد	5c16731772535c72484bbe6161896d58cea3ecf91d1a33d924ddfbac82c6fcd7	Dashboard Engine	3.1 الوضع السهل: لوحة بضغطة زر	2322
F-001716	- اختيار نوع الرسم وتحديد الأعمدة وطريقة التجميع	2ac1e9ed60947a46bc3da4685e44af119ffe5de816d616446964fafeccf29f97	Dashboard Engine	3.2 الوضع المتقدم: تحكم كامل	2328
F-001717	- تخصيص الألوان والخطوط والأحجام	127e8a76d71ac70613ad2aa365d754d33f0f37309f30065c71c2f25bc5d83cce	Dashboard Engine	3.2 الوضع المتقدم: تحكم كامل	2329
F-001718	- إنشاء علاقات ديناميكية بين الرسوم	a2b019c0dae06484a0a981234db1565edf127e9773894cf6c7daa24d5efc49f5	Dashboard Engine	3.2 الوضع المتقدم: تحكم كامل	2330
F-001719	- تخصيص التفاعلات	b3911733ae5ce5381c6abfcd780f903889bde27064eefa225e3bb95b3eedf946	Dashboard Engine	3.2 الوضع المتقدم: تحكم كامل	2331
F-001720	- الوضع المتقدم	c39e48fd5e5fc83e6e5412331235f22f8dbf7170285d091511ef00c2c33e2d79	Dashboard Engine	3.2 الوضع المتقدم: تحكم كامل	2332
F-001721	- إنشاء بطاقة مؤشر واحدة وسحبها لأي تقرير	8bf57cd6235541f4dd172ed59586ce35e898f97400c5cd496c92354fdf0f2898	Dashboard Engine	3.2 الوضع المتقدم: تحكم كامل	2333
F-001722	- تحكم كامل في كل خطوة	38ccce77bb2062c86722a85c2876893049b64f33adbc9d7b31290d908a147c4a	Dashboard Engine	3.2 الوضع المتقدم: تحكم كامل	2334
F-001723	- تخصيص الألوان والخطوط والأحجام بالكامل	b319577ba2e9ea20fa428bb0f8ad2cbb83dd563d2122b00a05b6ccef2589ca95	Dashboard Engine	3.2 الوضع المتقدم: تحكم كامل	2335
F-001724	- دعم الشاشات الكبيرة والعرض على التلفاز	f5e1a723ea795b5cfc5cd85fbef658149a55a9ce6dcefaaeaa42f6ef673921ec	Dashboard Engine	3.2 الوضع المتقدم: تحكم كامل	2336
F-001725	- الوضع الليلي والنهاري	a3e9d903e9dbfe1a22b6a3da948ede63b859cb565069cbef20f248c4b0e22fa4	Dashboard Engine	3.2 الوضع المتقدم: تحكم كامل	2337
F-001726	- إنشاء عدد غير محدود من لوحات المؤشرات لكل مستخدم	51f8c8614cf502acb35b1ea006574e2b3de6a5a0976ba8e43820a45a5b02b4da	Dashboard Engine	3.2 الوضع المتقدم: تحكم كامل	2338
F-001727	- لوحة افتراضية تظهر حسب دور المستخدم	374e2206dbe0eadc8fd197907425b3137b36f58b3b8043bbd67763d6b7140155	Dashboard Engine	3.2 الوضع المتقدم: تحكم كامل	2339
F-001728	- وضع العرض على الشاشات الكبيرة	ed11bdc89ad61d0f8b9d2211b6730231a13b3e713bed2cccbc666c4fa342f63d	Dashboard Engine	3.2 الوضع المتقدم: تحكم كامل	2340
F-001729	- استجابة كاملة للجوال	c5d71588dee2e60298b6197d99b98b419d919332ea873f80aa1fc2b6afa7d723	Dashboard Engine	3.2 الوضع المتقدم: تحكم كامل	2341
F-001730	- الحفاظ على هندسة العناصر المرئية في الوضع الصارم	1de83607c27bdb14b5fd74b8dbe7ce46a020523fcdf1a765f968abdd147e7a65	Dashboard Engine	3.2 الوضع المتقدم: تحكم كامل	2342
F-001731	- الحفاظ على التسلسل الهرمي المكاني لمؤشرات الأداء	b8810c81b39c5cb0879dda51f11e67227b0cd1134d43270e7b70b83e0203cfb5	Dashboard Engine	3.2 الوضع المتقدم: تحكم كامل	2343
F-001732	- إعادة بناء المخططات رياضيا وليس بصريا تقريبيا	8344e044a602fb81ae62aa37ff998012020639aa70df9a7e7b79085d9f619984	Dashboard Engine	3.2 الوضع المتقدم: تحكم كامل	2344
F-001733	- اكتشاف أفضل تخطيط لمؤشرات الأداء	1d62a2cf8a3de964833016fa1ec4c2a26f5f7f65d2619c4352edcaf466662460	Dashboard Engine	3.2 الوضع المتقدم: تحكم كامل	2345
F-001734	- تحسين تجميع العناصر المرئية	e1cacf631808ca3f8fa330fb2d1ae2912e7c41ad77fdc50c52dc0cc1ec20788b	Dashboard Engine	3.2 الوضع المتقدم: تحكم كامل	2346
F-001735	- اقتراح تسلسل هرمي للمؤشرات	7d9693c93c79afeeeecccc2987498808c575606904d1da40097f19f27e320c59	Dashboard Engine	3.2 الوضع المتقدم: تحكم كامل	2347
F-001736	- اكتشاف المقاييس المكررة تلقائيا	5c4b6495948a261b211c08defac185cbd61c92bb3f7b4a4f2e84c6134ef821c8	Dashboard Engine	3.2 الوضع المتقدم: تحكم كامل	2348
F-001737	- توليد بنية تصفية متقاطعة	8b7c288edccf534814288ec6ca2771eba829b1186a4f869a705c012b7bc58fea	Dashboard Engine	3.2 الوضع المتقدم: تحكم كامل	2349
F-001738	- اقتراح منطق التعمق في البيانات	63afdbd5c95365dea488b9798c817174e4fe676df157003ecbcfc82467362ee1	Dashboard Engine	3.2 الوضع المتقدم: تحكم كامل	2350
F-001739	- موازنة أرباع لوحة المؤشرات تلقائيا	a6c02917269d416fd220c2cd0fcd91557c74208e052ab04b763eccc9f1d0b4ad	Dashboard Engine	3.2 الوضع المتقدم: تحكم كامل	2351
F-001740	- تقليل الازدحام البصري	3f0eaf0e77afd097c095283f29c58611c1458eb39e7389c9dcdb0820011917c3	Dashboard Engine	3.2 الوضع المتقدم: تحكم كامل	2352
F-001741	- فرض التناسق البصري	4da40595746f274bd72c7788c75b04bf67aa74ae86ee6d922eafc5aaf4ef90c4	Dashboard Engine	3.2 الوضع المتقدم: تحكم كامل	2353
F-001742	- الحفاظ على استقرار التخطيط أثناء التحديثات الحية	9ff4b0ad6c7e1761e64d61a27f43d6dab0809df94558f3691d313f4c9ba10d76	Dashboard Engine	3.2 الوضع المتقدم: تحكم كامل	2354
F-001743	- منع تحرك العناصر المفاجئ	2a9891d12f09e89f0b3fc1a17ffba6ba0ad5c6bdfd661014341e7b6f86b8900d	Dashboard Engine	3.2 الوضع المتقدم: تحكم كامل	2355
F-001744	- انتقالات سلسة أثناء التحديث اللحظي	ba5fef8d8a33728bcd0822e73c599dc9146485c4c811028ac982a1777b5e4585	Dashboard Engine	3.2 الوضع المتقدم: تحكم كامل	2356
F-001745	- لوحات مؤشرات لحظية متدفقة	7dc74fc48ea43cc3c61ae233905c91a32ca9e715d708985094b31282b60c4984	Dashboard Engine	3.2 الوضع المتقدم: تحكم كامل	2357
F-001746	- تجميعات ضخمة في أقل من ثانية	af430eca085105959867d309d38a1c1c2bc8a5b19568c25b00c5e0c84019f9c0	Dashboard Engine	3.2 الوضع المتقدم: تحكم كامل	2358
F-001747	- التحقق التلقائي من إمكانية الوصول	6b57189a2b5e4dce04c69aefc385ba4c9ac57b54d13168974cffb9a431b062c5	Dashboard Engine	3.2 الوضع المتقدم: تحكم كامل	2359
F-001748	- الحفاظ على توقيت الانتقالات بين الشرائح	1192162a2c4ed4da7e681436b09caa3d3ff66359a8c16e2dd359de1da285f76a	Dashboard Engine	3.2 الوضع المتقدم: تحكم كامل	2360
F-001749	- الحفاظ على توقيت المؤثرات الحركية	2f9ee054b3633dea66915682060f4e7a06b2430fb402a2c597d1f629a0046b0e	Dashboard Engine	3.2 الوضع المتقدم: تحكم كامل	2361
F-001750	- الحفاظ على نسبة أبعاد الشرائح	12826d5c36bb99230dc2c10574513f22e6b21f914184bfc57d099e9978ab51b6	Dashboard Engine	3.2 الوضع المتقدم: تحكم كامل	2362
F-001751	- الحفاظ على ملاحظات المتحدث كما هي	42e2d713695ca402a6c1080290644f4d9bfe3b0f2b977771ab4fddb4691da471	Dashboard Engine	3.2 الوضع المتقدم: تحكم كامل	2363
F-001752	- الحفاظ على هندسة الأشكال الذكية وتوجيه الموصلات	90b37628f0c1c968b46377f3e7bd5fb424c3dfa6378b95700b4beb52bce7dec2	Dashboard Engine	3.2 الوضع المتقدم: تحكم كامل	2364
F-001753	- واجهة كاملة لخبراء التصميم	3ca16e2c4b327ee8b0ea6265a1e3a45dd6e79e2ba0182aadc4a30c8f8a50a058	Dashboard Engine	3.2 الوضع المتقدم: تحكم كامل	2365
F-001754	- إمكانية التبديل بين الوضعين دون فقد الإعدادات	482653533ad26255558b81153eee80f1c1cddcfd2d1058f5caa43354d11cad8f	Dashboard Engine	3.2 الوضع المتقدم: تحكم كامل	2366
F-001755	- تحكم كامل في تحرير اللوحات	5dbbe81448905e33ae50fcc48192cac6af3239852eec7ed8bcdba835f0ff5997	Dashboard Engine	3.2 الوضع المتقدم: تحكم كامل	2367
F-001756	- الوضع المتقدم: تحكم كامل	4303daf44a19370e354bf061f374e30f2b8b639e98bfb981f3e1e8dd4be3049d	Dashboard Engine	3.2 الوضع المتقدم: تحكم كامل	2368
F-001757	- تبسيط البيانات المعقدة في مرئيات واضحة ومؤثرة	39773ea6191607dcdaa4b5e91ba4ba377400f8893dfd9013ea698f860852ffcf	Dashboard Engine	3.2 الوضع المتقدم: تحكم كامل	2369
F-001758	- ينفذ الحل في الوضع السهل	741d10cf07fcffd8e3331e834c2c3aa97708ebe77ff1f58628f5e5d7b9f5c037	Dashboard Engine	3.2 الوضع المتقدم: تحكم كامل	2370
F-001759	- بطاقات مؤشرات رئيسية ورسوم خطية وأعمدة ودائرية وخرائط حرارية	b1207ba4ef18ac33ad7ccbc85fd1f22911209ac093bf778786bd2e003f47d959	Dashboard Engine	3.3 عناصر اللوحة القابلة للسحب	2376
F-001760	- جداول تفاعلية وخرائط جغرافية ومخططات مقارنة	8f529ea79830c3d91229ba0135d04fcbf398d3b5529a71e73284bca0f9459506	Dashboard Engine	3.3 عناصر اللوحة القابلة للسحب	2377
F-001761	- مؤشرات أعلى وأقل عشرة ومؤشرات نمو وفلاتر تفاعلية	bfc46c2c0477bbeec0d5d3673358a5a4e91b45a5ecb923e56e8e16703cd330af	Dashboard Engine	3.3 عناصر اللوحة القابلة للسحب	2378
F-001762	- سحب العنصر ثم إفلاته ثم اختيار العمود ويتم الربط فوراً	12a9525b9d938c0ec13e11b1894594894b4ff96a45a8fbeb1d78ec4bb2071d13	Dashboard Engine	3.3 عناصر اللوحة القابلة للسحب	2379
F-001763	- عناصر اللوحة قابلة للسحب لإعادة الترتيب والتعديل	268164a3f044ac5c7b38da67742cc48e872c468422601f4f659d9bc49839511e	Dashboard Engine	3.3 عناصر اللوحة القابلة للسحب	2380
F-001764	- إمكانية السحب والإفلات لبناء عمليات ولوحات مؤشرات	cd482f3eea258a0d7dea565ef0fb5b71321f6f5b4954131c9c0747e674134171	Dashboard Engine	3.3 عناصر اللوحة القابلة للسحب	2381
F-001765	- عناصر Dashboard القابلة للسحب	d8df6fa961dba0c992b5c5c83034d3d7698bc5ce8cad3510d6a6a4d4e0ae7b06	Dashboard Engine	3.3 عناصر اللوحة القابلة للسحب	2382
F-001766	- سحب عنصر → إفلاته → اختيار عمود → يتم الربط فورًا	0f0bf60f18aa96657414efd84b24dc5bc417d5236c728f4086d2782b16e80bd7	Dashboard Engine	3.3 عناصر اللوحة القابلة للسحب	2383
F-001767	- سحب العناصر بحرية	d473014bf65192895de0cdbacec355fc32628bfa56115b856b966894c9f13ff7	Dashboard Engine	3.3 عناصر اللوحة القابلة للسحب	2384
F-001768	- دعم الأجهزة: سطح المكتب (سحب مباشر)، الجوال/اللوحي (ضغط مطوّل + مؤشرات واضحة)	653daf415f74c547d1af35a32cf9eff22133fee96829ba67c268caf493de9df1	Dashboard Engine	3.3 عناصر اللوحة القابلة للسحب	2385
F-001769	- السحب والإفلات الموسّع: سحب Metric على بطاقة KPI لتبديل المقياس، سحب Dimension على محور لتغيير التجميع، سحب فلتر محفوظ على اللوحة لتطبيقه فوراً	f8ded72ebf4a8a383ccc3633f39e97de6b73db7a4e7c92ba305295a4954ac57a	Dashboard Engine	3.3 عناصر اللوحة القابلة للسحب	2386
F-001770	- السحب والإفلات: سحب KPI/Chart من لوحة وإفلاته في شريحة لتكوين عنصر حي	d86136fff4f1969e1034bf3d39fbc795e76ae89c49a73b648e65fbfca1020ad4	Dashboard Engine	3.3 عناصر اللوحة القابلة للسحب	2387
F-001771	- إضافة methods جديدة	7e59d404d38764dc36d152e86e0488ebfe56d91c11cb139968f1ffb19a543fbc	Dashboard Engine	3.3 عناصر اللوحة القابلة للسحب	2388
F-001772	- إعادة كتابة أي ملف من الصفر	142541942cdf18a98eadf64a55890cabb2637735ce126ddeded198f05fc81521	Dashboard Engine	3.3 عناصر اللوحة القابلة للسحب	2389
F-001773	- استبدال أي implementation بتنفيذ خاص بك	bee2dabff16098f27a504ab2b18b3c9b7a5ec47519428c67e548c08c5cfef78e	Dashboard Engine	3.3 عناصر اللوحة القابلة للسحب	2390
F-001774	- إنشاء لوحات مؤشرات تفاعلية بالسحب والإفلات	f3fa776af90ceb901174ed59f6e1f8b1bf8d4871f200c0235bf08ba88d50def7	Dashboard Engine	3.3 عناصر اللوحة القابلة للسحب	2391
F-001775	- مؤشرات أداء رئيسية قابلة للتخصيص	2c0567b6fdd33b18c74b66425e76127de2d055a3b56cdc3138aa84574005e05a	Dashboard Engine	3.3 عناصر اللوحة القابلة للسحب	2392
F-001776	- مرشحات تفاعلية تتحكم في جميع عناصر اللوحة	77b5bbbca9a54508380556f95a9aeeb9d3704c8809ac0377d46461f3c31ef682	Dashboard Engine	3.3 عناصر اللوحة القابلة للسحب	2393
F-001777	- ربط عناصر اللوحة ببعضها بحيث يؤثر النقر على أحدها في الباقي	b5255e179d586ae5d48344765ea6331cdf79555d041fb58cbeb511a586e4dca4	Dashboard Engine	3.3 عناصر اللوحة القابلة للسحب	2394
F-001778	- بطاقات إحصائيات تعرض رقم ومقارنة واتجاه	91eec36489cb6efc1e1f47fd77c84000fff501d178b3bd129d60136dd4074a2d	Dashboard Engine	3.3 عناصر اللوحة القابلة للسحب	2395
F-001779	- عنصر مرئي مخصص	dfe8a633b3f8352126a63c8808776f3f109e1e42f19ef4c2a92cb52b9cf35658	Dashboard Engine	3.3 عناصر اللوحة القابلة للسحب	2396
F-001780	- فلاتر عامة حسب التاريخ والقسم والحالة تصفي كل اللوحة	d7989939410488be8203738613ae8b303a0295df277e2cc1f9b6eb1b4aa5d338	Dashboard Engine	3.3 عناصر اللوحة القابلة للسحب	2397
F-001781	- تتبع مؤشرات الأداء مع أهداف وتنبيهات	5403f5faf2590898d199ba387dd57bc03817879e557dff9e7cb9a6d545c8adb8	Dashboard Engine	3.3 عناصر اللوحة القابلة للسحب	2398
F-001782	- التعمق بالضغط للوصول إلى تفاصيل البيانات	9a98e1ff68a4daa98f038ff688e54139e1f9ce87099a28227f61c5d2d4dce67f	Dashboard Engine	3.3 عناصر اللوحة القابلة للسحب	2399
F-001783	- الضغط على عنصر في لوحة يفلتر بقية العناصر المرئية	88d187ae08e489894fb64b99b4065af0589b3092fb4dc25aebf53b04565d816a	Dashboard Engine	3.3 عناصر اللوحة القابلة للسحب	2400
F-001784	- عنصر مرئي لتنبيهات مؤشرات الأداء والشذوذ	7c798ea2375bf842b287d7e7027b5cd812e47cf5deeacb8cc4d8bb20afb2605f	Dashboard Engine	3.3 عناصر اللوحة القابلة للسحب	2401
F-001785	- تنبيه عند تجاوز أو هبوط قيمة مؤشر عن الحد	d81ce61c6fd6a070cad83569b6e91375facacd1e1a33c75cc71b8323d1b1da7b	Dashboard Engine	3.3 عناصر اللوحة القابلة للسحب	2402
F-001786	- تنبيه ذكي عند اكتشاف شذوذ في البيانات	2e6976aca069cad5749cc2abde0cf2a9ecedc716ebd655cdd9f6c1ef9f930355	Dashboard Engine	3.3 عناصر اللوحة القابلة للسحب	2403
F-001787	- توجيه التنبيهات إلى إشعارات أو تصعيد أو تقرير	d650526cbfdca3e2af35d4713121bfe4c20d5809a1c11d7abe5e022834135dda	Dashboard Engine	3.3 عناصر اللوحة القابلة للسحب	2404
F-001788	- إعداد كل عنصر مرئي باختيار مجموعة البيانات والمقياس والفلتر والمظهر بدون كود	b846a98140bd5fda33a580281d7e977d8a868d476da3e567edae7e9d272bb34b	Dashboard Engine	3.3 عناصر اللوحة القابلة للسحب	2405
F-001789	- إمكانية بناء عناصر مرئية مخصصة للجهات المتقدمة	b5e8aea7d4301cb8ba2c5fbbe48b327bc8c6986223ab2efef5f2abc8f34464ad	Dashboard Engine	3.3 عناصر اللوحة القابلة للسحب	2406
F-001790	- تمرير المؤشر فوق مؤشر أداء يظهر التعريف والمالك والحساسية والمصدر	96d78f2e25dceaffc8fea70550c1521d3f6144b0e8dd792fe2f5b52f8c5fd12d	Dashboard Engine	3.3 عناصر اللوحة القابلة للسحب	2407
F-001791	- تكرار وإعادة ترتيب الشرائح بالسحب والإفلات	3aaeb3d27d13bb2e38a25da572fbee2fdff125645ecab99a2b8f7b77d2ca9d4c	Dashboard Engine	3.3 عناصر اللوحة القابلة للسحب	2408
F-001792	- مكونات ذكية مثل رسم بياني وجدول ومؤشر أداء كلها حية ومحدثة	253e5fbdbfea8c344457fb5455e54c6548f1dccef3e583e15d38624fc0013439	Dashboard Engine	3.3 عناصر اللوحة القابلة للسحب	2409
F-001793	- منشئ مرئي بالسحب والإفلات مع شبكة ونسخ ولصق المكونات	e47c7257a42688a6dd2b892a5504de8207529939e973117ed7b9122a2d347bf4	Dashboard Engine	3.3 عناصر اللوحة القابلة للسحب	2410
F-001794	- مكونات جاهزة تشمل جدول ورسم ونموذج ونص وصورة وفيديو وخريطة وبطاقات مؤشرات أداء	46bd9f8995f33918e8579d506d2f3aacb8ff8215b14fd2547f900be903110e12	Dashboard Engine	3.3 عناصر اللوحة القابلة للسحب	2411
F-001795	- منشئ مرئي بسحب وإفلات الحقول	f7ac5d786106c0a41571fed7982aa977c580198ff48f7d3fc58f8a1a417d9ad4	Dashboard Engine	3.3 عناصر اللوحة القابلة للسحب	2412
F-001796	- مصمم مرئي لرسم سير العمل بالسحب والإفلات	3be60a1988b61b30789224d4142b528ad072bc51cef6d8c41384dabb516a5694	Dashboard Engine	3.3 عناصر اللوحة القابلة للسحب	2413
F-001797	- إنشاء مهام بعنوان ووصف وأولوية وتاريخ ومسؤول	1c29fa0112bf26e29bf9a62e5d7b1c95d0d7dfa8292d25baa6d974500e98504d	Dashboard Engine	3.3 عناصر اللوحة القابلة للسحب	2414
F-001798	- لوحة كانبان بأعمدة حالات مع سحب وإفلات	836dc50b1163d9d3b94ba66e00a733c5ee4e03a2c0d37f289b6dcfa8655e6fa9	Dashboard Engine	3.3 عناصر اللوحة القابلة للسحب	2415
F-001799	- سحب وإفلات كامل في جميع أنحاء المنصة	088463973ee2d683a71e38246872e6af6d7e4a359995622f3bd8b7a98313b69f	Dashboard Engine	3.3 عناصر اللوحة القابلة للسحب	2416
F-001800	- نقل الأعمدة وإعادة ترتيبها بالسحب والإفلات	f6794004d4cde918b0de1de9589512dcbb649c64c44830f0c80edfa93d631a5e	Dashboard Engine	3.3 عناصر اللوحة القابلة للسحب	2417
F-001801	- ترتيب أوراق العمل بالسحب والإفلات	8b2b61ed609e4eb0ed1eb543741220ef9080a75521b4c4dc6ad7a66bf0c047ab	Dashboard Engine	3.3 عناصر اللوحة القابلة للسحب	2418
F-001802	- سحب وإفلات أعمدة من ملفات متعددة لبناء جدول هدف	9a8253c0121ed810c85e65121e1dcd377f1e66c82dc1b79ea7b2ee5335b8c6bf	Dashboard Engine	3.3 عناصر اللوحة القابلة للسحب	2419
F-001803	- منشئ شرائح كامل بالسحب والإفلات مع شرائح رئيسية	deac9bbbacf05d0c5bb24372e552b1a85d3287b61627dc96a71d426f76b062f5	Dashboard Engine	3.3 عناصر اللوحة القابلة للسحب	2420
F-001804	- محاذاة ذكية للشبكة أثناء السحب	7673b616bb9badcd2e0d926ada21eed1fd44a3e4596bc3593d7484a182291e62	Dashboard Engine	3.3 عناصر اللوحة القابلة للسحب	2421
F-001805	- سحب عبر الشرائح	d3ab82c9f6deb0dc37ff0b5ec5ee7a7f4b17a3654735195a18e712ba3a7135d9	Dashboard Engine	3.3 عناصر اللوحة القابلة للسحب	2422
F-001806	- سحب عبر لوحات المؤشرات	2e7553d0014016ef77d1607acb0516b0775e2d73de6153dd4ab10ff795e74b45	Dashboard Engine	3.3 عناصر اللوحة القابلة للسحب	2423
F-001807	- سحب عبر وحدات المنصة المختلفة	f7e35e5bcb2b792515ce6d84dd2de5702bf429c1effd156fb3375c6ec68bdd05	Dashboard Engine	3.3 عناصر اللوحة القابلة للسحب	2424
F-001808	- سحب حقل بيانات إلى مخطط يربطه تلقائيا	16cba57b3d53bbdf4403306758f2a09f6643e330c88bb85b68d567cfa6ddd932	Dashboard Engine	3.3 عناصر اللوحة القابلة للسحب	2425
F-001809	- سحب مؤشر أداء إلى شبكة لوحة مؤشرات يوزعه تلقائيا	384e630f2abb0335c73d9e0f4367d3627062e4ee628bc0bab22990713b6c3f9b	Dashboard Engine	3.3 عناصر اللوحة القابلة للسحب	2426
F-001810	- سحب جدول اكسل إلى عرض يحافظ على الهندسة	2507711380c5cd58f209ede21240601ddb760fc2d18d82722d66b1055d330647	Dashboard Engine	3.3 عناصر اللوحة القابلة للسحب	2427
F-001811	- سحب صورة إلى قالب يضعها ضمن القيود تلقائيا	587962d411ad01f8d5c86abd547b4384b3d6b4feaf3febd7311bac359ec7983d	Dashboard Engine	3.3 عناصر اللوحة القابلة للسحب	2428
F-001812	- سحب قسم من المكتبة إلى تقرير يرث السمة تلقائيا	458e6081b8a448efff2cacff7d8eeed61e95f19a807ec98d85c4b44100dc765a	Dashboard Engine	3.3 عناصر اللوحة القابلة للسحب	2429
F-001813	- سحب عدة عناصر دفعة واحدة	3e70c21fc158a0983438cacfaf42fd3feca50a2d0af57a17a38aeae8f35dc4c4	Dashboard Engine	3.3 عناصر اللوحة القابلة للسحب	2430
F-001814	- سحب حقل إلى فلتر أو محور تجميع داخل تقرير أو لوحة	1cc56d27313b15a925aa72ad21cc3f045c1e5590c0d66cb964b7a6f16e56d7a7	Dashboard Engine	3.3 عناصر اللوحة القابلة للسحب	2431
F-001815	- سحب قالب وإفلاته لإنشاء تقرير أو مراسلة أو لوحة جديدة	b8f425e617d2e9afe4454535c2562c82f16f3cd657cb9bbfe3cbc44e6aafdc98	Dashboard Engine	3.3 عناصر اللوحة القابلة للسحب	2432
F-001816	- عناصر التحكم ولوحات المعلومات	f349558bd51f5875ffd6fcd7015a5db465a38562cbc80fe1d0daf920411cad02	Dashboard Engine	3.3 عناصر اللوحة القابلة للسحب	2433
F-001817	- عناصر اللوحة القابلة للسحب.	d0f51084de1454ae07bb56efba130ce75f9472996ca35e0614a1831ff4ab65e4	Dashboard Engine	3.3 عناصر اللوحة القابلة للسحب	2434
F-001818	- عناصر اللوحة القابلة للسحب	98b8dc2755ae4200704cc5ec76f9dc4b5a1c4e54fb23bcb7535e81aebfed73e8	Dashboard Engine	3.3 عناصر اللوحة القابلة للسحب	2435
F-001819	- سحب أي عنصر من عناصر الداشبورد	ad51f60094c2957516729460a7b9c9f51005e803ef63fb260f03e73f1faf65a3	Dashboard Engine	3.3 عناصر اللوحة القابلة للسحب	2436
F-001820	- إعادة إنتاج مطابق حرفياً 1:1 دون أي اختلاف بصري	81474ee0e450d71fa7921c8c3e49d8bcd5024ff7cb1a8766e128a1b9a82f0cb1	Dashboard Engine	3.3 عناصر اللوحة القابلة للسحب	2437
F-001821	- مطابقة حرفية 1:1 من أي صيغة إلى أي صيغة	cfba49d9cfb373a1faceee3e18b9d47bd8ce7fb443aa805a647929235b7c8bc9	Dashboard Engine	3.3 عناصر اللوحة القابلة للسحب	2438
F-001822	- وضع نسخ صارم يضمن تطابقاً رياضياً كاملاً	8049ddef681bb5f21d7e1089affa624c92a866817cd71f68972fbc95df1786d8	Dashboard Engine	3.3 عناصر اللوحة القابلة للسحب	2439
F-001823	- رفض أي ناتج لا يحقق التطابق الحرفي	0f7ec266a35f5615b27ffedb901dfb1b321cde98d1ed3076eab1a9e9be749f86	Dashboard Engine	3.3 عناصر اللوحة القابلة للسحب	2440
F-001824	- تطابق صيغ المعادلات	49ca5bca11fce7d288b3eb73202d7794986a7d818f99f8083ed0a5c006954529	Dashboard Engine	3.3 عناصر اللوحة القابلة للسحب	2441
F-001825	- تطابق دقة الأرقام	99fc8abd0a4baa91434b1a43bd556ab337adbb9a49e3ec2f3ef36b11bbb11e27	Dashboard Engine	3.3 عناصر اللوحة القابلة للسحب	2442
F-001826	- تطابق البصمة الهندسية للمستند	8edaedb3eb1957f952eda8de98586bfe04284a6741ec9751a4837abf952afa9d	Dashboard Engine	3.3 عناصر اللوحة القابلة للسحب	2443
F-001827	- تطابق القيم اللونية الرقمية	63b8401525910d405ab3c9abbcec930bca084ebe5f1d82a304a9698ae78e67c5	Dashboard Engine	3.3 عناصر اللوحة القابلة للسحب	2444
F-001828	- تطابق جميع الروابط الداخلية	359a40efc5a854989c12c3ae861106283e8e9ad341a42de0e78b4e2db01486f5	Dashboard Engine	3.3 عناصر اللوحة القابلة للسحب	2445
F-001829	- Exact mode (1:1 strict replication)	8ed81ebb03d5c35185901daed4496f12c898961bbaf2143f77c956d7f6d4518f	Dashboard Engine	3.3 عناصر اللوحة القابلة للسحب	2446
F-001830	- Adaptive mode (data-fit intelligent)	1d0d05401cb131e15e1ead129b12ea2f12c6439833b8957863a8f722758e1131	Dashboard Engine	3.3 عناصر اللوحة القابلة للسحب	2447
F-001831	- Creative mode (AI-enhanced variation)	78c11107d64b956cca687d902b9eff33c7eacf246e053462300c6834a3d5c703	Dashboard Engine	3.3 عناصر اللوحة القابلة للسحب	2448
F-001832	- شبكة تصميم مرنة وسحب حر وإعادة تحجيم مباشر	db9e88440eeb960af6a57bee4f914de199ab87b2df53e32a477c6c48a43722b7	Dashboard Engine	3.4 محرر اللوحة الكامل	2454
F-001833	- ربط مباشر بين عنصر وعمود بيانات	00b452f9b76146f2d0aed574a868f25e30914cd28e4042cf903d4ddcd4b2d2d8	Dashboard Engine	3.4 محرر اللوحة الكامل	2455
F-001834	- تنقل عميق بين المستويات (Drill Down)	14f84e1b1382d61f5689907805b7f8a1bdeaac6ccaaafbbab24e0a02e71d7117	Dashboard Engine	3.4 محرر اللوحة الكامل	2456
F-001835	- ربط لوحات متعددة ومشاركة رابط تفاعلي	7e1d2cc6856b6b68c8dc053a69f58a996dc8c1211e5e554a2cf2ba8cb9758f43	Dashboard Engine	3.4 محرر اللوحة الكامل	2457
F-001836	- تصدير كصورة أو PDF	ccc3228fa22bf41ac490084e4298e6d4727cfc765909124283cf64007c48bd75	Dashboard Engine	3.4 محرر اللوحة الكامل	2458
F-001837	- استخدام Themes وثيمات جاهزة للداشبورد	233a3583d8f943d2b22ebbc1a709eb1f7866ced203c295a9cb4c209e28c23143	Dashboard Engine	3.4 محرر اللوحة الكامل	2459
F-001838	- اختيار قالب فارغ	2ea2e0fb636fb23422f412d777385f09bb18e3d18fbcd591e56497d8591b1ecd	Dashboard Engine	3.4 محرر اللوحة الكامل	2460
F-001839	- تحويل Dashboard إلى تقرير	344d87b9a0fc678a45b5e5b2b94e779882a31967c0a585cfb4f0abf7e0e2e6cb	Dashboard Engine	3.4 محرر اللوحة الكامل	2461
F-001840	- قوالب جاهزة للوحات المؤشرات	677697b12535f637711befeed13d5820c5dededf2d24c810c87c285fa68738a8	Dashboard Engine	3.4 محرر اللوحة الكامل	2462
F-001841	- قوالب جاهزة أمنية وتنفيذية وتشغيلية ومالية وامتثال	50349079f2e38337249416510ee97b44ffe6e12019e1d043ba94cbc27481874e	Dashboard Engine	3.4 محرر اللوحة الكامل	2463
F-001842	- منشئ شرائح كامل بالسحب والإفلات مع شرائح رئيسية	deac9bbbacf05d0c5bb24372e552b1a85d3287b61627dc96a71d426f76b062f5	Dashboard Engine	3.4 محرر اللوحة الكامل	2464
F-001843	- استنساخ القالب الرئيسي للشرائح بالكامل	8df6a9127401f814223466ce26a635a81ee3744499a69e07c9074a7ce481b410	Dashboard Engine	3.4 محرر اللوحة الكامل	2465
F-001844	- محرر اللوحة الكامل	4d15091000a07d11acab57754c64c7303b2c09be5bd933321e126e4d700a0333	Dashboard Engine	3.4 محرر اللوحة الكامل	2466
F-001845	- إنشاء صيغ في لوحة التحكم (Canvas Formulas)	4e09f95cc1071acf5428cea54db4d91280c70ae149c02d7c416bf4d36a537b3e	Dashboard Engine	3.4 محرر اللوحة الكامل	2467
F-001846	- إنشاء عروض PowerPoint التقديمية من المستندات	a1fe7734b3155b25879d107aeae1aac16d4d3c3a7bc5f4775f6008d0007f421d	Dashboard Engine	3.4 محرر اللوحة الكامل	2468
F-001847	- إنشاء عروض تقديمية احترافية	b892c08a37768165677516f8ddff27a6a9927e76469240c5583a291cf9e945d4	Dashboard Engine	3.4 محرر اللوحة الكامل	2469
F-001848	- إنشاء عروض تقديمية احترافية على الفور	08e91ed2b98bc6847bdfad4dde2b9ea830b118f7f742492eb6e3d1fe3f82b24e	Dashboard Engine	3.4 محرر اللوحة الكامل	2470
F-001849	- إنشاء عروض تقديمية تلقائيًا	906434b42ab710bb718af137f9991515dacbf9e8bf312666e826590494c03bac	Dashboard Engine	3.4 محرر اللوحة الكامل	2471
F-001850	- إنشاء عروض تقديمية تلقائيًا أثناء استكشاف البيانات	75a31c4db5d7fe02a707c0169824f2e67faa8a02a2e9280f3a3272c715960b27	Dashboard Engine	3.4 محرر اللوحة الكامل	2472
F-001851	- إنشاء عروض تقديمية كاملة مع بحث مباشر واستشهادات وملاحظات للمتحدث	0bca6d7fe1a5f2c0f415b69ac2c9e3545a8ffecaf9172b09cc6607c1c3b7b3dd	Dashboard Engine	3.4 محرر اللوحة الكامل	2473
F-001852	- إنشاء عروض تقديمية مع بحث مباشر واستشهادات وملاحظات للمتحدث	ab50a09f6a4a6801cc180b61839e380361480868481a233e96695df9e4080bf9	Dashboard Engine	3.4 محرر اللوحة الكامل	2474
F-001853	- إنشاء شرائح استراتيجية الذهاب إلى السوق وخارطة الطريق	5218168f1e26e44e072b4fc82a65c532f532a8d2d8d5b540de111d5f97d52061	Dashboard Engine	3.4 محرر اللوحة الكامل	2475
F-001854	- إنشاء شرائح ذكية من العناصر النائبة	5410d05faab3492312f50f9c5d5e30b66c10491d4a010b0403687546b38164bf	Dashboard Engine	3.4 محرر اللوحة الكامل	2476
F-001855	- تحويل الـ Pivot إلى لوحة تحكم	06a066d340257447750abfc6649e0899cfe7cc80c96107d37597d66871d1aba4	Dashboard Engine	3.4 محرر اللوحة الكامل	2477
F-001856	- المطابقة الدلالية (Semantic Matching)	d9b43a3eb25d0b46c27ce26c3a77df416cacbb7ea52e68a3b0f412965b1d0f88	Dashboard Engine	3.4 محرر اللوحة الكامل	2478
F-001857	- حذف أو تغيير أو إضافة أي عنصر بعد الإنشاء التلقائي	c880a71c4305fd5ed0f34d84e0b836661c99680772e272b43a2cdcacf78b8575	Dashboard Engine	3.5 التعديل الكامل بعد الإنشاء	2484
F-001858	- تغيير نوع الرسم والعمود المرتبط والألوان والأحجام والمواضع	64adb89656bcffdeaff5e237872bd5a230100870988b3f0b7d7c1fd1201e9926	Dashboard Engine	3.5 التعديل الكامل بعد الإنشاء	2485
F-001859	- إنشاء لوحة جديدة من الصفر	6f2119a473e27b7448b141b695bf11630b2d631685793d9352f57c3563935431	Dashboard Engine	3.5 التعديل الكامل بعد الإنشاء	2486
F-001860	- التعديل الكامل بعد الإنشاء مع version history مستقل	31c41e63addec204ab447afbefcb1eee7a66c301c143032016a971fadede2044	Dashboard Engine	3.5 التعديل الكامل بعد الإنشاء	2487
F-001861	- التعديل الكامل للوحة بعد الإنشاء	91da87ca28816041b0bd5e02852476f5611867a6333b10dc9f988b00a433df7f	Dashboard Engine	3.5 التعديل الكامل بعد الإنشاء	2488
F-001862	- تخصيص المؤشرات وإنشاء مؤشرات تلقائياً	277c4e0ef38aae881f4d51548d34c3a195aec777e51102f02dd2ea44a459176b	Dashboard Engine	3.5 التعديل الكامل بعد الإنشاء	2489
F-001863	- تعديل نسخة دون التأثير على الأصل	f7410e84ca5e1be99acb293b0a915c3a33ed4550e93a4c75c4e6aa98036e4c0b	Dashboard Engine	3.5 التعديل الكامل بعد الإنشاء	2490
F-001864	- تغيير نوع الرسم	2faf44bbb5f3a54b6abc811b184afcf4f129399b970827cc862157ed2700106a	Dashboard Engine	3.5 التعديل الكامل بعد الإنشاء	2491
F-001865	- تغيير العمود المرتبط	3139b99f2485402b957467f97cd0e55612432bfaa81ad3bd495182a6f21285c2	Dashboard Engine	3.5 التعديل الكامل بعد الإنشاء	2492
F-001866	- تعديل طريقة التجميع	baee0fccf85ca085ed4243f5fa314803c568723e6afd035a972e7970bfb79bcc	Dashboard Engine	3.5 التعديل الكامل بعد الإنشاء	2493
F-001867	- تغيير حجم العنصر	517bab81d97e44b09e6b9ce007d4ff9443942e49c104a746f78bda3140a83e08	Dashboard Engine	3.5 التعديل الكامل بعد الإنشاء	2494
F-001868	- إضافة عنصر جديد	103fa10e419ba4b024ff6b558936328ba27606be39c608360a0193990abb5546	Dashboard Engine	3.5 التعديل الكامل بعد الإنشاء	2495
F-001869	- محرر Dashboard كامل	0eae3a41c6f499f5ecdae2b137bc50a191c5868a1c8ae24c1449373fc571d68c	Dashboard Engine	3.5 التعديل الكامل بعد الإنشاء	2496
F-001870	- إعادة تحجيم مباشر	d744fe517dcbae501924ebbf47515ac4ea31b6ba78cd9eeb237f8f12b339c0dd	Dashboard Engine	3.5 التعديل الكامل بعد الإنشاء	2497
F-001871	- إنشاء لوحة من الصفر	6b67a49a8c913baa1bfa92a625b49411690cf7f01c24d892abd64b3f3f390a5e	Dashboard Engine	3.5 التعديل الكامل بعد الإنشاء	2498
F-001872	- بناء لوحة حسب رؤيتك	73fe115f1ebc42d1c7e1bb3180a38e283701b0e46fe0b3cacb3d2c5b54912306	Dashboard Engine	3.5 التعديل الكامل بعد الإنشاء	2499
F-001873	- إنشاء المخططات	7923c2b4134dd655668d4f4efa37cb1207f36809e4bd4f026638ccc58a07cbad	Dashboard Engine	3.5 التعديل الكامل بعد الإنشاء	2500
F-001874	- إنشاء Dashboards	fe468e175987a404e63682a1f2993ffd5a52e7cb7c9b0dfb736f697c7a9009cf	Dashboard Engine	3.5 التعديل الكامل بعد الإنشاء	2501
F-001875	- إنشاء تلقائي للمرئيات المعقدة من النصوص (مخططات زمنية، رسوم بيانية)	dbe6d9c96e4f877c49ee5517c560f82caa644c2a04a800659c9fc595ab0f6728	Dashboard Engine	3.5 التعديل الكامل بعد الإنشاء	2502
F-001876	- تعديل المخطط التفصيلي للعرض التقديمي	6784bb8f8be605fed97ac3942173c83226910bff9b9b74da653658f5db025a56	Dashboard Engine	3.5 التعديل الكامل بعد الإنشاء	2503
F-001877	- إعادة ترتيب الجداول والمخططات	1d587c90b5b7b8f8f046628f84d3eb35eb7d02d91865200f87c7d8abc9806b20	Dashboard Engine	3.5 التعديل الكامل بعد الإنشاء	2504
F-001878	- رسم مخططات عبر GPU	fbbd06e2c7753e6c7cb97b26479c4a0c481b39144835d1810c778fb2a1d0dd86	Dashboard Engine	3.5 التعديل الكامل بعد الإنشاء	2505
F-001879	- الحفاظ على نسب كثافة المخطط	0475abb5742da262376dd3413e2ccdf2d67cfa5522180b5e00aaf7e6fa5dc357	Dashboard Engine	3.5 التعديل الكامل بعد الإنشاء	2506
F-001880	- الحفاظ على مواضع وسوم الإيضاح	d246ac0520d529499725706acdb362a39dc6a938f6c8549b81aed0fb053e5085	Dashboard Engine	3.5 التعديل الكامل بعد الإنشاء	2507
F-001881	- رسم مخطط الحوكمة التنفيذي الكامل	a3fada13f6de58ba8fe962aa6deb4b8b8e656aacdfdf2e247b41a78aeb2f0a4a	Dashboard Engine	3.5 التعديل الكامل بعد الإنشاء	2508
F-001882	- اتجاه المخططات	e5afbc857e2b4bbe4174f8e9ba1ccc4cbc20b5cf599723bff697ea62b93f6933	Dashboard Engine	3.5 التعديل الكامل بعد الإنشاء	2509
F-001883	- اتجاه legend	0ed205d555e492eaf7111d738e48d89ae6955f7e669d381eec1862753912e144	Dashboard Engine	3.5 التعديل الكامل بعد الإنشاء	2510
F-001884	- تحويل هذا إلى مخطط هندسي تنفيذي قابل للتنفيذ فعلياً	8958c99b5060cbe9111f62a10131cd003e72af4bff8188f8506842f9be8356d6	Dashboard Engine	3.5 التعديل الكامل بعد الإنشاء	2511
F-001885	- حفظ حالة اللوحة مع الفلاتر والاختيارات ومشاركتها	1c44cd4ddaf5d92c3c8e7760aa2901db60dd382d361a007d31e48f43d7610a89	Dashboard Engine	3.5 التعديل الكامل بعد الإنشاء	2512
F-001886	- بناء لوحات مؤشرات قابلة للتحرير من صور بدقة واحد لواحد	f567f81e932344b2639eaed44d3ff2cc64f3375c4ec9660c970e9ea6628c61cb	Dashboard Engine	3.5 التعديل الكامل بعد الإنشاء	2513
F-001887	- ربط ديناميكي لأي مكون بمصدر بيانات	0947c30cc1836ffef4aaf6241cb7e480be3e1ba57870889278573940e804459a	Dashboard Engine	3.5 التعديل الكامل بعد الإنشاء	2514
F-001888	- مسودة ومعاينة ونشر مع نسخ وإصدارات	e529368393ad904fd5f4c970beeeec37da631be4dd50bce839c402edf6303b10	Dashboard Engine	3.5 التعديل الكامل بعد الإنشاء	2515
F-001889	- عنوان الصفحة ووصف ورابط مخصص	827c922518b2547898dcf60f2bc11c2e31052d14bfb6b8670ed1a9690a6b100a	Dashboard Engine	3.5 التعديل الكامل بعد الإنشاء	2516
F-001890	- الصفحة تدعم إجراءات الإنشاء والتحديث والموافقة والتصدير حسب الصلاحيات	b83d177b656b6c038d5b7153fb14545fabb931511ed08ee3e175582b425e1b33	Dashboard Engine	3.5 التعديل الكامل بعد الإنشاء	2517
F-001891	- إنشاء مراسلة بمحرر نصوص غني مع إرفاق ملفات واختيار الجهة	def92d888dcb4e6efc91248d1677a7fe2499c7bc018eb03930011f921fb58e86	Dashboard Engine	3.5 التعديل الكامل بعد الإنشاء	2518
F-001892	- محرر قوالب مرئي مع متغيرات ديناميكية مثل اسم الجهة والتاريخ والرقم المرجعي	3334d8ef248056f859a8bbe2575707a7020b56bc6f91a2789d0f8059fbf634e5	Dashboard Engine	3.5 التعديل الكامل بعد الإنشاء	2519
F-001893	- تعديل غير مدمر مع تاريخ تراجع متفرع	007e5a02d6fcf5d092e09fb2b49fd666e27b21f267b408e6c512f331ff05c9b6	Dashboard Engine	3.5 التعديل الكامل بعد الإنشاء	2520
F-001894	- تحويل أي تصميم ثابت إلى تصميم تفاعلي قابل للتعديل	f879f082d96ce21b72520d4291b9261b57cef44baf6b6f3dae00c6ff2af6332a	Dashboard Engine	3.5 التعديل الكامل بعد الإنشاء	2521
F-001895	- التعديل الكامل بعد الإنشاء.	291d5dd980a0a842b378a2c1960ae125ffa8ba0a7fd5fab81646bf3dc813b630	Dashboard Engine	3.5 التعديل الكامل بعد الإنشاء	2522
F-001896	- التعديل الكامل بعد الإنشاء	7593a2bcfe23f4d31012bb05ccafd22fb97bd6c10eef4a09eea98c31444f3e29	Dashboard Engine	3.5 التعديل الكامل بعد الإنشاء	2523
F-001897	- حفظ النتائج مباشرة في لوحات المعلومات أو التقارير	e1aa1c9e82d355df7a9d35f2848222bc0a919484c73d750698b2cbf96365e1f5	Dashboard Engine	3.5 التعديل الكامل بعد الإنشاء	2524
F-001898	- كل المخرجات قابلة لإعادة الفتح والتحرير والتصميم وإعادة الربط ببيانات جديدة	70af42fbfeac8b4cf3d378d0566e4fcfb3318d87199a221cc3cd31b494f89126	Dashboard Engine	3.5 التعديل الكامل بعد الإنشاء	2525
F-001899	- إعادة ربط البيانات ببيانات جديدة	69569852fb52bc6ae968652f19d5d27983bcfb9231323d9e7e6e50ec493c07c6	Dashboard Engine	3.5 التعديل الكامل بعد الإنشاء	2526
F-001900	- ربط البيانات الحقيقي	066842e553a000be29b97c3a1bb88d53a50feab8cf70c8ba957d85f80bb8409a	Dashboard Engine	3.5 التعديل الكامل بعد الإنشاء	2527
F-001901	- إنشاء نسخة جديدة من أي لوحة	c9907a6853afedf0585b707ec6a867f5625319fd7b848b79adb2f765c498f849	Dashboard Engine	3.5 التعديل الكامل بعد الإنشاء	2528
F-001902	- تخصيص طريقة عرض الرسوم	ea9a889f43a15d8e51706cad450b2deb386027a3b496e91fe7294fe0e0d91858	Dashboard Engine	3.5 التعديل الكامل بعد الإنشاء	2529
F-001903	- ذكاء عرض متقدم	147162502f37a5a67a55aae21f357450fccb049bdaef59671a24e081e1d5097a	Dashboard Engine	3.5 التعديل الكامل بعد الإنشاء	2530
F-001904	- مراجعة الكود التنفيذي مقابل الدستور بندًا بندًا (Audit تطابق كامل)	decad0b54a99665d245d091f70d39cfc4fe86c1830291931b4df5dce0c638de7	Dashboard Engine	3.5 التعديل الكامل بعد الإنشاء	2531
F-001905	- حفظ أي لوحة كنموذج مع تسميتها	6d8bce0fc29a5769079c7c954c40ada3b1c5da1dd74d81e202ddb26e3405abe5	Dashboard Engine	3.6 مكتبة النماذج	2537
F-001906	- إعادة استخدام النموذج مع بيانات جديدة	f0b222ab82a6dccbe2f282e20e739396df14a37c7390f4762d477c3f1ab38826	Dashboard Engine	3.6 مكتبة النماذج	2538
F-001907	- تصدير النموذج ومشاركته	e502a5edac35ed12274c10d8f3fec04c83ec48df064a3ae2690c441d3db2f003	Dashboard Engine	3.6 مكتبة النماذج	2539
F-001908	- مكتبة مؤشرات جاهزة لكل قطاع وإدارة	1699a40676dd548b7f1369f44fd1d43e1058b7414e9bb77dc6de0bd446b50aea	Dashboard Engine	3.6 مكتبة النماذج	2540
F-001909	- حفظ النماذج (Template Library)	5af0489906906d0a5c677f0eb22f7a471543b2d7a73cf627d3d358fe7d30fe0f	Dashboard Engine	3.6 مكتبة النماذج	2541
F-001910	- حفظ أي Dashboard كنموذج	f984dd3fcef8bd9fc91e781e8d56b108045070488185afd415d04d7d8225f88f	Dashboard Engine	3.6 مكتبة النماذج	2542
F-001911	- مقارنة بين Dashboards	865090ea7c3af13647d7975ae97cb47a08b5ba756a131727bb0162bc28773c89	Dashboard Engine	3.6 مكتبة النماذج	2543
F-001912	- مقارنة مؤشرات	a3ff9148e3993e41bf3bc60d3c18fc5a723620554f2864608f443b659699b4eb	Dashboard Engine	3.6 مكتبة النماذج	2544
F-001913	- كل شيء تفاعلي	34d31ca324ee3264ed6834062709151e4d27f2edc7c6e503526a25e4a63a1d58	Dashboard Engine	3.6 مكتبة النماذج	2545
F-001914	- تنتقل بسلاسة إلى Dashboard	f953ddbc9eafcee2d4b361b83861654688340886f601cc1172b502ee03ed2d26	Dashboard Engine	3.6 مكتبة النماذج	2546
F-001915	- شبكة تصميم مرنة	8cf267eb5060cdc25be6690ce8082b0ddbf1c2f1195452d07d88209bdc1ca6d6	Dashboard Engine	3.6 مكتبة النماذج	2547
F-001916	- ربط مباشر بين عنصر وعمود	b6db6eb8879bfe5507433c1d56296ba0b5d947a3ff842ff0dff66b10864613ed	Dashboard Engine	3.6 مكتبة النماذج	2548
F-001917	- إنشاء فلاتر مخصصة	a8b671c8759b91c7defb3532f201746884c7ee24df2ba3a629079b0f62424d57	Dashboard Engine	3.6 مكتبة النماذج	2549
F-001918	- إنشاء تفاعلات بين الرسوم	dd95832d64a348c8d5a83b4130596d9ac00e84d073a8b5112617527bc8fe38cd	Dashboard Engine	3.6 مكتبة النماذج	2550
F-001919	- اختيار أعمدة	4d863f7c464fbfb47ede37a42e46491d77cc4910eb91ee3c6176d4cc33efce4a	Dashboard Engine	3.6 مكتبة النماذج	2551
F-001920	- مكتبة Dashboards	3085b06e8fccd110e326a5e5589063773601947ee70b3c5e841af291e903f53c	Dashboard Engine	3.6 مكتبة النماذج	2552
F-001921	- تصميم عناصر تفاعلية (قوائم قابلة للنقر، سيناريوهات متفرعة)	8272179e895a7d62c48df674935a2d4f51fa39ca0a8db06aa3acd01648dc28ce	Dashboard Engine	3.6 مكتبة النماذج	2553
F-001922	- إنشاء تجارب تفاعلية (ألعاب مصغرة، آلات حاسبة)	309bcbb91ba1e170e25c1bf930bfa8416465163a478e11389fc6b9d4446553c3	Dashboard Engine	3.6 مكتبة النماذج	2554
F-001923	- تقييم أداء الفرق بناءً على مؤشرات متعددة	dbb0cad22069e6272ef5fe580af988fc098b6dd77545984172db0010e334c835	Dashboard Engine	3.6 مكتبة النماذج	2555
F-001924	- مؤشرات أداء رئيسية قابلة للتخصيص	2c0567b6fdd33b18c74b66425e76127de2d055a3b56cdc3138aa84574005e05a	Dashboard Engine	3.6 مكتبة النماذج	2556
F-001925	- تحليل تفاعلي عبر الفلاتر	b218ecc790239d57a542d6a4178999c7c137ebff38e409c95f19cef07d10aedd	Dashboard Engine	3.6 مكتبة النماذج	2557
F-001926	- تقييم أداء الفرق والمؤشرات الداخلية	4f4e3bab5cfc89c8c73385d4e274f2e492b215fb5113c2f505be337680e6c629	Dashboard Engine	3.6 مكتبة النماذج	2558
F-001927	- سجل دلالي موحد للمؤشرات	da0cd9707704514506137237510afa083eb9605e088fb6ecb651fb3496e8ed30	Dashboard Engine	3.6 مكتبة النماذج	2559
F-001928	- سجل دلالي مركزي للمؤشرات	e22c143190b09c72bb784f453211b93cf9ed77b47c823a5fe1cd5ee0604456df	Dashboard Engine	3.6 مكتبة النماذج	2560
F-001929	- إنشاء لوحة مؤشرات من صورة	e9ac6f92352dafe5c98fe863936e3662480bc6719aff3307bbd05c91e50d5ae1	Dashboard Engine	3.6 مكتبة النماذج	2561
F-001930	- إذا كان Bar chart → توقع dimension/measure	0cf8efd71da60672b9a288802c807de603660a99558f1a45c6542a935c237cd8	Dashboard Engine	3.6 مكتبة النماذج	2562
F-001931	- اكتشاف مؤشرات الأداء من البيانات	2b38228d6a8a902789e505d568e4580228e83eb99bfc904053ae6325b7258b59	Dashboard Engine	3.6 مكتبة النماذج	2563
F-001932	- توليد KPI تلقائي	b066bb9d2823eaeaeff773eafca1fe33898a4f4ebc4b1473fd4d9161e07b3979	Dashboard Engine	3.6 مكتبة النماذج	2564
F-001933	- تحسين ترتيب KPI حسب الأهمية	6927469a0b369ca3ce42dc336c34bc71cf84a6f65c7d34e97b21ef9c7ccb5e4a	Dashboard Engine	3.6 مكتبة النماذج	2565
F-001934	- اكتشاف نمط مشترك عبر مؤشرات	fde928c3734f121a3b4903accfd60c5d13ebd74c144fdabeb48cfd2e4b895793	Dashboard Engine	3.6 مكتبة النماذج	2566
F-001935	- تحليل ترابط مؤشرات متعددة	dba17a94df46867f850eb314e60c1ceea7563655aa47e1b84996dc59151ad9ae	Dashboard Engine	3.6 مكتبة النماذج	2567
F-001936	- استخدام قوالب مخصصة (POTX) عند الإنشاء	3a2e20adb420ea54889a8eb637f02b8424e622b96ab39b05da79eb443038eb42	Dashboard Engine	3.6 مكتبة النماذج	2568
F-001937	- مكتبة واسعة من عناصر العرض المرئي	d1c318beeb11783e7e9b8279cfe8ea3f186d674c3dd72b74e48ec51293ce0bae	Dashboard Engine	3.6 مكتبة النماذج	2569
F-001938	- رسوم بيانية متنوعة مثل الأعمدة والخطوط والدوائر والخرائط	fa0327aafdeeaf859e1becac7352ffb1db8e3f3086d974b611b204ffa49510ef	Dashboard Engine	3.6 مكتبة النماذج	2570
F-001939	- تحديث البيانات تلقائيا في الوقت الحقيقي	f3db3191882afe160497649eb1bc2f3c4a28cd021257746c7dba3726c49baf1a	Dashboard Engine	3.6 مكتبة النماذج	2571
F-001940	- دعم الخرائط الجغرافية التفاعلية	efbf1d43f092ac0e6550f736f179082227e687706e425811d83016a68ed893bd	Dashboard Engine	3.6 مكتبة النماذج	2572
F-001941	- دعم الرسوم البيانية ثلاثية الأبعاد	959de3e26108a3797b9b79a286d00aa825a8dbf5a794f53e950d2a73fa123b5c	Dashboard Engine	3.6 مكتبة النماذج	2573
F-001942	- خريطة بنقاط بيانات جغرافية	d81113b20a2117e240056e9e7b9bd163236da67350c2818e976e97dbaf52e00d	Dashboard Engine	3.6 مكتبة النماذج	2574
F-001943	- تحديث حي كل عدد محدد من الثواني أو عبر الأحداث	674d2d11eb9b7c4607ea888881daff02afce570dcbbcc3a1b701ce06108dfabc	Dashboard Engine	3.6 مكتبة النماذج	2575
F-001944	- قوالب صفحات للتفاصيل والقائمة واللوحة والتقرير	db42e678c6eb571907d86491d235c05901f491a7cb4a3bf8eb296e6d77a1abf0	Dashboard Engine	3.6 مكتبة النماذج	2576
F-001945	- كل مكون ينفذ إجراءات مثل زر موافقة أو تغيير حالة أو إنشاء مهمة	349546871eaa12c5e5da3547b23f9df07f334b63cf05c4d1d0c2322da846dda9	Dashboard Engine	3.6 مكتبة النماذج	2577
F-001946	- تضمين خطوات وموافقات داخل الصفحة	90a409f0f9a23ee211c06b6e5ef2b20774e518e8c1d95806545e5d63df26b5ae	Dashboard Engine	3.6 مكتبة النماذج	2578
F-001947	- قوالب نماذج للاستبيان والطلب والتقييم والتسجيل	a5dd863512faa7bb6fb811357053679cf4e58d5f31f91a0432da92eeed525799	Dashboard Engine	3.6 مكتبة النماذج	2579
F-001948	- نموذج خارجي برابط عام للتعبئة بدون تسجيل دخول	963da63a35e3b5fd332ddeb2d9a7d70492fd2df976666a96f5aad3f4fb30fd9e	Dashboard Engine	3.6 مكتبة النماذج	2580
F-001949	- قوالب مراسلات تشمل خطاب رسمي ومذكرة وتعميم وطلب ورد وكلها قابلة للتخصيص	8e8d862e0658ab78df1d15559fe6b25954202ee9b4f6f46c27a0fd2b4bb5328e	Dashboard Engine	3.6 مكتبة النماذج	2581
F-001950	- تعريف مراحل من البداية إلى النهاية مع خطوات وسيطة	53f4a6dd425f5078327820a534669744752cdb44812d6721a8ecf43814b18ae6	Dashboard Engine	3.6 مكتبة النماذج	2582
F-001951	- شروط انتقال تلقائية بين المراحل	66af357c887d52410976b0b4f49b3bdeef7ef35be224356a1f7a0a6b77fe01bf	Dashboard Engine	3.6 مكتبة النماذج	2583
F-001952	- إجراءات تلقائية مثل إرسال إشعار وتغيير حالة وتعيين مسؤول	a34320246679f0b70a5c4b9d37855c574b315ed9425b405ba5e213f1068af704	Dashboard Engine	3.6 مكتبة النماذج	2584
F-001953	- مؤقتات للتصعيد التلقائي إذا لم ينفذ خلال مدة محددة	eb4cd63fc53030a72143d3df9e0904637b509a8007dd191d470ed7ac848a281c	Dashboard Engine	3.6 مكتبة النماذج	2585
F-001954	- مسارات متعددة بناء على القرار	be4cac63b3eb2f693895b5b8dee1ee10b2189797c26f48a02271288ec60550e5	Dashboard Engine	3.6 مكتبة النماذج	2586
F-001955	- قوالب جاهزة للموافقة والمراجعة والتصعيد	f5f492adcdeb2af9baea094eea5e2ad49d0f829311f4ccd32064f29f29d28bfa	Dashboard Engine	3.6 مكتبة النماذج	2587
F-001956	- تصعيدات وتنبيهات تلقائية حسب سياسات الأداء	27b38fd806b9196b8f83b37e955921bbfb966c0e67b0294f6d55fffa7bae0fd3	Dashboard Engine	3.6 مكتبة النماذج	2588
F-001957	- محرك قواعد مع شروط وإجراءات وأولويات ومنع التكرار	d68dff71e3e32012454403ad64ce76217f4a5385f6b392164ec455cd3df93164	Dashboard Engine	3.6 مكتبة النماذج	2589
F-001958	- قواعد تصعيد تلقائية مثل إذا لم يرد خلال مدة محددة	9f1f12c987f1098a55e498141c89a29c16c7547c66ec4fec8e5690fa64fc05c8	Dashboard Engine	3.6 مكتبة النماذج	2590
F-001959	- مستويات تصعيد متعددة مع مؤقتات ومسارات بديلة	c81047223d7d1ba46de350083735ec2d3d40b147b34af4ea165b5d18c6e66801	Dashboard Engine	3.6 مكتبة النماذج	2591
F-001960	- لوحة تصعيد لرؤية شاملة لكل التصعيدات النشطة	0998988296dcb1739d16fc83ef332e0056efbb2c3760d78bbd41b2669cae64d1	Dashboard Engine	3.6 مكتبة النماذج	2592
F-001961	- توليد الصفحة كاملة بمكوناتها وربط البيانات والفلاتر والأذونات	e5ec4e4a81ca8e44a7e66b820d792cf86b60bad76dad1abb22524b56438bc149	Dashboard Engine	3.6 مكتبة النماذج	2593
F-001962	- أخذ صورة Dashboard وبنائها Editable 1:1	20d2a0c14cb65b6e2394f58af294eded3f65349dba6614e63b8463d8fff44845	Dashboard Engine	3.6 مكتبة النماذج	2594
F-001963	- إعادة بناء لوحة مؤشرات قابلة للتحرير من صورة بدقة واحد لواحد	821e4f0968438242a0bdc0fe825f1e192ef0ea1f50ac16e67f7f403a38d0a4b7	Dashboard Engine	3.6 مكتبة النماذج	2595
F-001964	- تحويل صورة إلى لوحة مؤشرات بنقرة واحدة	eac1ec82914de29ee55082e235f6bedd5cd978954792e8636f7118926afd4b68	Dashboard Engine	3.6 مكتبة النماذج	2596
F-001965	- تحويل ملفات اكسل إلى لوحات مؤشرات تفاعلية	fd4fde37b8d3ea0526252bda03e542ada2c5b778f8e7f854c1cbbf163c9c910a	Dashboard Engine	3.6 مكتبة النماذج	2597
F-001966	- تحويل جدول اكسل إلى كتلة في لوحة مؤشرات	ce5a773d6165ab2acb7e0db4c60041107500ad42e303e9a4b48c4b4fea7673b4	Dashboard Engine	3.6 مكتبة النماذج	2598
F-001967	- إعادة حساب بصمة التخطيط في الوقت الحقيقي أثناء السحب	a377c2ebbd4fbd465c165bf427a5d789fe273f7359ce96c408a0235b750092a9	Dashboard Engine	3.6 مكتبة النماذج	2599
F-001968	- عند إنشاء لوحة مؤشرات يقترح تقرير وعرض مطابقين	86c9891a72118c537b4ec68a8c54ce62f2aa1e0752c413ee82bdd6da58185995	Dashboard Engine	3.6 مكتبة النماذج	2600
F-001969	- إدارة الصفحات والمحتوى	d36be6d6b6960ae8e40733be6d8fd20e79cd74fe222cbf129cabe94605762eea	Dashboard Engine	3.6 مكتبة النماذج	2601
F-001970	- مكتبة النماذج.	7e50f47b78c3008a80476a327de64538de3e02adeefc013bf3be36955a80aaa7	Dashboard Engine	3.6 مكتبة النماذج	2602
F-001971	- مكتبة النماذج	f5c1f9707fab3d1c5592b48902625a213064963ea6cbfc4321beae58a2f99e43	Dashboard Engine	3.6 مكتبة النماذج	2603
F-001972	- تحويل جداول البيانات إلى شرائح متحركة	20ef5f5c6bee0ca59a434d4033beef1a2217198f5ac3ff60535ad5d75ca82cee	Dashboard Engine	3.6 مكتبة النماذج	2604
F-001973	- مكتبة كاملة من شرائح البيانات	32b846332f16f07692c9cd7b9274d59265393692bc70176ce1d1f54b121ff3e8	Dashboard Engine	3.6 مكتبة النماذج	2605
F-001974	- إنشاء لوحات مؤشرات الأداء الرئيسية	5edc5bce5d083b6df961986601a66408d7adef281e2cdd9f7290968ce063ff85	Dashboard Engine	3.6 مكتبة النماذج	2606
F-001975	- إنشاء لوحات معلومات تحليلية احترافية على الفور من خلال طرح الأسئلة باللغة الإنجليزية البسيطة	d4c07725a4af5ba4c61e60448a1fcbacaf99b579f0935a32c84840fd0fc544a9	Dashboard Engine	3.6 مكتبة النماذج	2607
F-001976	- إنشاء لوحات معلومات تلقائيًا من جداول البيانات	92dbe6b7e56a1209f666191c55c0408a43dcb38a1aed69313aea0b569ad466d4	Dashboard Engine	3.6 مكتبة النماذج	2608
F-001977	- قوالب عرض تقديمي جاهزة (تقرير مؤشرات الأداء الرئيسية للتسويق، تقرير التسويق ربع السنوي، إلخ)	c823dfe18a03daf95fb303f4ae58e279df4116118beeb48c923bcdecd8fff256	Dashboard Engine	3.6 مكتبة النماذج	2609
F-001978	- قوالب مسبقة الصنع	fbd3c822cff0705cad2539abf5d1680e6f21cb3b826b13febc40e475eaf53b5a	Dashboard Engine	3.6 مكتبة النماذج	2610
F-001979	- نماذج لوحات مؤشرات للمؤسسات	2fdc2fb652d9ed5848aeeda6b4216b3dd786e46d4e9b1d16ee76f48ae58c96c4	Dashboard Engine	3.6 مكتبة النماذج	2611
F-001980	- التحقق بصريًا من التطابق	150e5a558cc22f0b147c99256cf22f67b18aa6bfc206b5af904add8eb3b30f6c	Dashboard Engine	3.6 مكتبة النماذج	2612
F-001981	- تطابق بكسل-بكسل (Pixel-to-Pixel Matching)	dce9d987d55d4bd792ea8de2b4647bcadb684603b9735f7723a1795048ebe693	Dashboard Engine	3.6 مكتبة النماذج	2613
F-001982	- تطابق كامل في العناصر المتجهة والنقطية	448d9cfba7d6f30c16f8fa35816629e5cf528b0e05b43790b0fa91a072271875	Dashboard Engine	3.6 مكتبة النماذج	2614
F-001983	- تطابق مواضع العناصر بالإحداثيات الدقيقة	72fbad722a87b9af78abfc9c45b0239ed55bd6f79bdbbf9de642efb6186c3a66	Dashboard Engine	3.6 مكتبة النماذج	2615
F-001984	- تطابق ترتيب طبقات العناصر وترتيبها الأمامي والخلفي	e74db3f3dc1f5104cb28cebf9c373baefc0eadb5c99e754e0c0d2e5308a7c714	Dashboard Engine	3.6 مكتبة النماذج	2616
F-001985	- تطابق الهوامش والمسافات والفواصل الداخلية	2f99ca4cdbf6175d7cac0acc0b01670ec947d4dad9731306e20133b9cf453827	Dashboard Engine	3.6 مكتبة النماذج	2617
F-001986	- استخراج Layout	62a67dfb86f58075a5b5a973fab794432a6a97858199aea5950dd5ded98c5f07	Dashboard Engine	3.6 مكتبة النماذج	2618
F-001987	- استخراج عناصر	b1a11d0a1a4d914126d74c466310d324b7768bc9d06cea44cb16f40da075c5b5	Dashboard Engine	3.6 مكتبة النماذج	2619
F-001988	- إعادة بناء شكل مشابه	5dbeef1eda57f5472b0f2de88c7fc859fbcd031da679e9430064c2ae9c0ade69	Dashboard Engine	3.6 مكتبة النماذج	2620
F-001989	- Grid structure detection	a567e3d103936d5183eac588d4ae8303c37662223f97f0c24062efa46678cbd9	Dashboard Engine	3.6 مكتبة النماذج	2621
F-001990	- Spacing ratios detection	33dd8a873299d2c8ef0a8d2dbb0bd5db8feb2c03375db05643b7678cb6b6521d	Dashboard Engine	3.6 مكتبة النماذج	2622
F-001991	- Constraint inference	22b176b9593d9e186b9a29175b0bc08336cac81c2b0fb6fc88804ba8028a3a62	Dashboard Engine	3.6 مكتبة النماذج	2623
F-001992	- Layout tree extraction	a8a375118ebcca611d105b6e9dbcd528722dc4dde667b1f041fcae9fe3d043f2	Dashboard Engine	3.6 مكتبة النماذج	2624
F-001993	- Visual ratio capture	f76b0e5083cfe9867ce474e5fb88b0235c285bcaafc305c2f24468064fc5ffc5	Dashboard Engine	3.6 مكتبة النماذج	2625
F-001994	- Full Visual Intelligence & Structural Parity Engine	a78c815122e0d6cf74f4f295ebcbf7718bb3ea49611898ba6dfc329b8fa083e4	Dashboard Engine	3.6 مكتبة النماذج	2626
F-001995	- استخراج Grid	a5d200551ed1359cbe526a2e548cfc8c7f0f0264b874c237f6c370dbc83d27c2	Dashboard Engine	3.6 مكتبة النماذج	2627
F-001996	- إعادة بناءها 1:1	76d417039546e329633ff7e9753b7f832e50c6e705bab67ea8392095179256d0	Dashboard Engine	3.6 مكتبة النماذج	2628
F-001997	- Visual Parity + Layout Intelligence + Replication from Images/PDF	6042cbabb01a71921810442d4558fc5b10ff620f8f4d164bdcd2634255644c26	Dashboard Engine	3.6 مكتبة النماذج	2629
F-001998	- Achieving pixel-level structural replication	ee7747a961488c650685f28e2f3eeb1b1f59b7a7f6fe40aa1334021735f8920f	Dashboard Engine	3.6 مكتبة النماذج	2630
F-001999	إذا أعطى المستخدم صورة لوحة مؤشرات خارجية:	d0be7999321633be3df8db5790165ad24abf25e599a8b67b2e951c82eee0d53a	Dashboard Engine	3.7 محاكاة تصميم لوحة خارجية	2636
F-002000	- قراءة التصميم وتحليل توزيع العناصر	4d94edf37c8871c7d54f79f56934124ee3d3ac0a084ba23460247e41e8fc34ee	Dashboard Engine	3.7 محاكاة تصميم لوحة خارجية	2638
F-002001	- استخراج الألوان والخطوط	54102da34e9d62fe7fde077e9e40d1ac24c7ee068c295a898f98a3bc80c18ddd	Dashboard Engine	3.7 محاكاة تصميم لوحة خارجية	2639
F-002002	- إعادة بناء نفس الشكل والتخطيط بدقة	37db4b0d5069095bb4deeb47b6094286e161e66be56358ccfae86e82d9ce198f	Dashboard Engine	3.7 محاكاة تصميم لوحة خارجية	2640
F-002003	- ربط التصميم ببيانات المستخدم	3cc9026c9950f44cd7581b7959bd528058eae11c1e873ed90e4670967896728b	Dashboard Engine	3.7 محاكاة تصميم لوحة خارجية	2641
F-002004	- تحويل أي داشبورد إلى تقرير	0055a9fc56f212125441683888e793327885ddcd237e0c0cc37c899b863f4896	Dashboard Engine	3.7 محاكاة تصميم لوحة خارجية	2642
F-002005	- محاكاة تصميم خارجي	cda552ae9fd9456d17f92d4b86a9f5fa98b0223aa6317a11def260bebf004267	Dashboard Engine	3.7 محاكاة تصميم لوحة خارجية	2643
F-002006	- يقرأ التصميم	7ae9e0ccb7451dd297715395f8d73a93175754c36dd29081a1bac9f478210b55	Dashboard Engine	3.7 محاكاة تصميم لوحة خارجية	2644
F-002007	- يعيد بناء نفس الشكل	7f4f3e49b6f57b98b55f15c241bd4146aeb17605fa1488bf38cef2bba055e905	Dashboard Engine	3.7 محاكاة تصميم لوحة خارجية	2645
F-002008	- يربط التصميم ببياناتك	39a461b3120900773bf6e0ee2f8c6c0b8ea7d794ad397aabf7b336e6266e246a	Dashboard Engine	3.7 محاكاة تصميم لوحة خارجية	2646
F-002009	- دعم المحاكاة الكاملة لنماذج خارجية (تقارير، عروض، داشبورد)	87edecdf8c551f87e3ec2f937cada84703db48ecf41e2164e5c9910e0e39d2cf	Dashboard Engine	3.7 محاكاة تصميم لوحة خارجية	2647
F-002010	- إنشاء Dashboard مطابق من صورة	58a66cde1c540620197ba92d26e947e3b39ea94655c3893d360974d66425548a	Dashboard Engine	3.7 محاكاة تصميم لوحة خارجية	2648
F-002011	- جداول بيانات تفاعلية داخل اللوحة	1a15c4e8f06b9babfd8390b782125dc6210646cb073369df4e47cb4438ae4338	Dashboard Engine	3.7 محاكاة تصميم لوحة خارجية	2649
F-002012	- جداول سريعة مع فرز وفلترة	c33c853bd94d015db6d37b88c3c3fcb6ddde22487fc563610e0656ec0da538f2	Dashboard Engine	3.7 محاكاة تصميم لوحة خارجية	2650
F-002013	- تحويل صورة إلى لوحة مؤشرات بنقرة واحدة	eac1ec82914de29ee55082e235f6bedd5cd978954792e8636f7118926afd4b68	Dashboard Engine	3.7 محاكاة تصميم لوحة خارجية	2651
F-002014	- تحويل بيانات إلى إنفوجرافيك بنقرة واحدة	31ef98dadfd35a618fecf2b029baad61cb55b90b3704b18943e6c6447f768f39	Dashboard Engine	3.7 محاكاة تصميم لوحة خارجية	2652
F-002015	- تحويل مخطط تفصيلي إلى شرائح بنقرة واحدة	d610d2583b8488b0ef5c9228da14432c6c96ea69d483662a545cdb4b742a20b7	Dashboard Engine	3.7 محاكاة تصميم لوحة خارجية	2653
F-002016	- إعادة بناء لوحة مؤشرات قابلة للتحرير من صورة بدقة واحد لواحد	821e4f0968438242a0bdc0fe825f1e192ef0ea1f50ac16e67f7f403a38d0a4b7	Dashboard Engine	3.7 محاكاة تصميم لوحة خارجية	2654
F-002017	- صانع الرسوم البيانية بالذكاء الاصطناعي	d63f23f187fa43217c5c82b29c7a02ccfc94f22ca911d5586a87a76cac690621	Dashboard Engine	3.7 محاكاة تصميم لوحة خارجية	2655
F-002018	- منشئ المخططات بالذكاء الاصطناعي	05e62c15218bf5a8af026cff81ec807eb9e5ed9734a544d6bf15c1ff1f6a091d	Dashboard Engine	3.7 محاكاة تصميم لوحة خارجية	2656
F-002019	- منشئ الرسوم البيانية بالذكاء الاصطناعي	ed7072da7f20174ef6879eea1d8cd9fe9722bf143aa68f2e634d7cbe7dbc1038	Dashboard Engine	3.7 محاكاة تصميم لوحة خارجية	2657
F-002020	- منشئ المخططات الدائرية بالذكاء الاصطناعي	37ffea8ae0457e2f2248fd122bce0eba86fec34064b00e1452283fc527322300	Dashboard Engine	3.7 محاكاة تصميم لوحة خارجية	2658
F-002021	- منشئ المخططات الشريطية بالذكاء الاصطناعي	1fffb34639cc60a77cf45ccf060d037cc79809b21f61f55d5af6645e394a1c59	Dashboard Engine	3.7 محاكاة تصميم لوحة خارجية	2659
F-002022	- منشئ المخططات الانسيابية بالذكاء الاصطناعي	a4876aeb0738563015149252cf68c2f97baa7a519905e2b41f770e0fc1ce08e5	Dashboard Engine	3.7 محاكاة تصميم لوحة خارجية	2660
F-002023	- منشئ المخططات المبعثرة بالذكاء الاصطناعي	897e2c115c504e12d6d367d0b288254d4f219cd61e68cc4c567f46bb04419901	Dashboard Engine	3.7 محاكاة تصميم لوحة خارجية	2661
F-002024	- محاكاة تصميم لوحة خارجية	f9521c43e824be79fed4d23ad8dcf43749e848381166512746ec1a6520dd04d8	Dashboard Engine	3.7 محاكاة تصميم لوحة خارجية	2662
F-002025	- إنشاء لوحات مؤشرات الأداء الرئيسية	5edc5bce5d083b6df961986601a66408d7adef281e2cdd9f7290968ce063ff85	Dashboard Engine	3.7 محاكاة تصميم لوحة خارجية	2663
F-002026	- إنشاء لوحات معلومات تحليلية احترافية على الفور من خلال طرح الأسئلة باللغة الإنجليزية البسيطة	d4c07725a4af5ba4c61e60448a1fcbacaf99b579f0935a32c84840fd0fc544a9	Dashboard Engine	3.7 محاكاة تصميم لوحة خارجية	2664
F-002027	- إنشاء لوحات معلومات تلقائيًا من جداول البيانات	92dbe6b7e56a1209f666191c55c0408a43dcb38a1aed69313aea0b569ad466d4	Dashboard Engine	3.7 محاكاة تصميم لوحة خارجية	2665
F-002028	- إنشاء لوحات معلومات وتقارير تفاعلية	e656f9898d39c6533dffffd3b358180051f40c87caae395d6626d7383f572510	Dashboard Engine	3.7 محاكاة تصميم لوحة خارجية	2666
F-002029	- إنشاء لوحة معلومات لفريق المبيعات لتتبع الفرص	97374899ab705facd9e6c64d0f0e4943cb3f6c60bc2c5a437f1aa0ca1c70926d	Dashboard Engine	3.7 محاكاة تصميم لوحة خارجية	2667
F-002030	- إنشاء لوحة معلومات لمراقبة مؤشرات الأداء الرئيسية للمشروع	776fd004c131ab9d5eaea5da44059b5ce5defe94bac481df1b4f79475b11fa94	Dashboard Engine	3.7 محاكاة تصميم لوحة خارجية	2668
F-002031	- تتبع التقدم المحرز في تحقيق أهداف المبيعات	6f0840a7b932672fee82e74e5583b98179bde48c692b067bede85a50071fc2c6	Dashboard Engine	3.7 محاكاة تصميم لوحة خارجية	2669
F-002032	- تحديد المقاييس الرئيسية لتقييم أداء فريق	6dd4c7bca4c50af5cedcfbbb0e593c142b8c04425500cc7dcca53d8e8da0ca3e	Dashboard Engine	3.7 محاكاة تصميم لوحة خارجية	2670
F-002033	- تحديد مؤشرات الأداء الرئيسية (KPIs)	b940050e7ef2729618f60908d6320ed5becc5afc7d0911b9a351d14412fc618c	Dashboard Engine	3.7 محاكاة تصميم لوحة خارجية	2671
F-002034	- تحويل البيانات والمستندات إلى تحليلات ولوحات معلومات وتقارير	74a72fa7c2176f0d1b651e343bdb6bd8194c52041af4c54ee84f513140550fde	Dashboard Engine	3.7 محاكاة تصميم لوحة خارجية	2672
F-002035	- أخذ صورة عرض وإنشاء ملف PowerPoint قابل للتحرير منها	87dba987fa61abbb85c6b102e0848b38ca08653c510b68bddcfff809ef2d7246	Dashboard Engine	3.7 محاكاة تصميم لوحة خارجية	2673
F-002036	- إعادة بناء التصميم من صورة أو PDF أو PPTX مع القدرة على إعادة ربط البيانات وتغيير اللغة	49e6339ba595d92e75a573effca6b08d59a7f9cc7df0f7b24e14225f06129618	Dashboard Engine	3.7 محاكاة تصميم لوحة خارجية	2674
F-002037	- محاكاة التصاميم والنماذج الخارجية	16c17f5ee9532d75ad21f2600e028bc43ea5ee7d37ed360076cab47c10c8fc62	Dashboard Engine	3.7 محاكاة تصميم لوحة خارجية	2675
F-002038	- محاكاة عرض خارجي	6bfebf783d6ccf1d2ee0fe4ceb8ce9bfbebf06de3409756fdf306782a12014d5	Dashboard Engine	3.7 محاكاة تصميم لوحة خارجية	2676
F-002039	- محاكاة PDF خارجي	ed22ac6044c07ecce7560ac1cecd8c90a64e7bf28034587f80876784fe09ed57	Dashboard Engine	3.7 محاكاة تصميم لوحة خارجية	2677
F-002040	- محاكاة الحمل	a9568e280c314e6eb3e9e4dfa2e361e8a04d4b6e5c12d52fb1c917b117de3c2d	Dashboard Engine	3.7 محاكاة تصميم لوحة خارجية	2678
F-002041	- محاكاة تشبع قائمة انتظار الذكاء الاصطناعي	50a1c93d852a2e5bad1963919adb0f24a1719a14455e3ac6403554cc5e6205f8	Dashboard Engine	3.7 محاكاة تصميم لوحة خارجية	2679
F-002042	- محاكاة تحويل مليار صف	bcec0327e92f33d46437385a8497c4145f7a4649a524086b876b3048a03522e7	Dashboard Engine	3.7 محاكاة تصميم لوحة خارجية	2680
F-002043	- محاكاة أثر تعديل بند قبل اعتماده	e82a2a58b074f151ab2ecd37a167898c8cb0ea8c853de2bfcac7119d2faf1d1e	Dashboard Engine	3.7 محاكاة تصميم لوحة خارجية	2681
F-002044	- زر محاكاة القرار	34e190dbb819bd61d57d7aff44e1740daab7234efecd9699eb551b62948b9831	Dashboard Engine	3.7 محاكاة تصميم لوحة خارجية	2682
F-002045	- إعادة بناء هندسية رياضية كاملة من أي مصدر مع قدرة تعديل البيانات واللغة دون كسر المطابقة	f11a7b3aa175cf9ebf56aab5318c5ce1acb2368a3361bc140abeac7e3fb37b74	Dashboard Engine	3.7 محاكاة تصميم لوحة خارجية	2683
F-002046	- طبقة دلالية للمقاييس مع تعريفات وقواعد تجميع وتسلسلات هرمية	71dc1d9e1c7449b930e0165b913b4c73e51b47f52ea1a3cd8d498a3bad6e60d9	Dashboard Engine	3.8 تقنيات الأداء المتقدمة	2689
F-002047	- تجميعات مسبقة وعروض مادية مخزنة مؤقتاً	f94c321d4c439efd4c35f7060c3ae4bf96584f40933ee2128983f93eebb49fcf	Dashboard Engine	3.8 تقنيات الأداء المتقدمة	2690
F-002048	- عرض مسرع بتقنيات الرسوميات المتقدمة	5aab1f699c381c17916f1c4f19f2761238bfc94efc0b9aaa5f7cd791fdf60fd6	Dashboard Engine	3.8 تقنيات الأداء المتقدمة	2691
F-002049	- محرك رسوم بيانية تصريحي يسمح بمطابقة رياضية دقيقة	db4377f1d9aabb8625b7d49dad0a400660758777048c9be67b73abdcbb482095	Dashboard Engine	3.8 تقنيات الأداء المتقدمة	2692
F-002050	- دعم مئات الآلاف من نقاط البيانات دون تأخير	5e63bcd85eb26ef11245303fdbef1fe901610fc81a95d56d36de2a2976192a85	Dashboard Engine	3.8 تقنيات الأداء المتقدمة	2693
F-002051	- إنشاء لوحات أداء تنفيذية	7849a35f9625a1a64e343b7c0ab809c2a3cbb1701115e4dbd2d8ec0b1151668e	Dashboard Engine	3.8 تقنيات الأداء المتقدمة	2694
F-002052	- عزل أداء الوضع الصارم عن بقية الأنماط	ae1e61ce7bcecbc5a314c12de3da826dd8e680e0b70e31ad3f8b8b7e097ad06e	Dashboard Engine	3.8 تقنيات الأداء المتقدمة	2695
F-002053	- تشغيل ذاكرة عمودية عالية السرعة	cb0f41c7288b1ed9b14827159d19feddfa1f617a642638e0edacb6d22297dede	Dashboard Engine	3.8 تقنيات الأداء المتقدمة	2696
F-002054	- دعم 10,000 عملية تحويل متزامنة	a3552ab2f42901600614a99275bc29845e9e64f033c0b12cace17f1e32e72446	Dashboard Engine	3.8 تقنيات الأداء المتقدمة	2697
F-002055	- لوحات بمليار صف	fafaa526c9c14b7c3b5f4f2c36068f57348d3c56d0df5becdf324a3adf054b1b	Dashboard Engine	3.8 تقنيات الأداء المتقدمة	2698
F-002056	- عرض حتمي بالكامل في الوضع الصارم	79f9e99f1c4eb48a9552c755e77acf628704cb4773341f09d420af57e423228e	Dashboard Engine	3.8 تقنيات الأداء المتقدمة	2699
F-002057	- احتواء كامل للذكاء الاصطناعي	1d893f3a8984fc222e03fc43dd4b1fb01b21c3015fb6ad75849afbef64853a58	Dashboard Engine	3.8 تقنيات الأداء المتقدمة	2700
F-002058	- بناء تطبيقات الذكاء الاصطناعي.	723ea50233af298c6ac421798a01a3c11314974e6270ea78b87a338062a9dace	Dashboard Engine	3.8 تقنيات الأداء المتقدمة	2701
F-002059	- استخدام نماذج الذكاء الاصطناعي في مستودع البيانات السحابي الخاص بك لبناء تطبيقات الذكاء الاصطناعي في Sigma.	197d598fff6a10bcef84ce412ff17ff6f137deb2a24ed9c266c71e8d04574e18	Dashboard Engine	3.8 تقنيات الأداء المتقدمة	2702
F-002060	- بناء روبوت محادثة يعمل بالذكاء الاصطناعي للوحات المعلومات والتقارير في Sigma.	d45c3c3b9f8ef47baed78b74ba968e098ec254ee1abc8fc0e0788e1e6532d0e4	Dashboard Engine	3.8 تقنيات الأداء المتقدمة	2703
F-002061	- بناء مساعد صفقات يعمل بالذكاء الاصطناعي في Sigma.	b3b8ca68326ecbd8c0509d40268c9762d8642b44ee7e06473252d16b4e7bd819	Dashboard Engine	3.8 تقنيات الأداء المتقدمة	2704
F-002062	- بناء تطبيقات قوية تعتمد على الذكاء الاصطناعي على بياناتك السحابية.	1587ea0b06e9991e60660ef1ebfad15e514e3171aaf1aaec6f9f2da0390d8a38	Dashboard Engine	3.8 تقنيات الأداء المتقدمة	2705
F-002063	- إنشاء تطبيقات تحليلية قوية.	60b7fa243dbbbc1a1557672de4b1bfe02c86993e9e2c9687c6258dacc6bd8c6c	Dashboard Engine	3.8 تقنيات الأداء المتقدمة	2706
F-002064	- تقنيات الأداء المتقدمة	60d5b6d8a72758d26dd4bbe5da95d7e88a7531a08412e22cd11b01106477f9f4	Dashboard Engine	3.8 تقنيات الأداء المتقدمة	2707
F-002065	- محاكاة كاملة لـ: Array formulas, Volatile functions, Custom functions	9cfbd5486d6bf253d66720854717ecaff2f05c961cc451a65066469577342981	Dashboard Engine	3.8 تقنيات الأداء المتقدمة	2708
F-002066	- كتابة ملخص تنفيذي وإدراج جداول ورسوم	150793a4cdfe4c5f269ab3b518161fcf39537ffd49002e16129b8e2181778c31	Reporting Engine	4.1 الوضع السهل: تقرير بضغطة زر	2717
F-002067	- تنسيق احترافي وثيم مناسب وغلاف وفهرس وتوصيات	a06300b7dbfa098e6c614e7ba09724ed36b3582ad20318ea6a001c0dfd6faeb5	Reporting Engine	4.1 الوضع السهل: تقرير بضغطة زر	2718
F-002068	- إنشاء تقرير بضغطة زر باستخدام السحب والإفلات	01686478fed2b8bbae9b8a80c0ac6ec52742bf50ac78331bb5f588f86e5a5d29	Reporting Engine	4.1 الوضع السهل: تقرير بضغطة زر	2719
F-002069	- Generate Report PDF رسمي مع ملخص وملاحق بضغطة زر	f01ffbe2df8cd8949fe4e7dd0591b7b8d342b3055838b7e70923ee6587d68ff8	Reporting Engine	4.1 الوضع السهل: تقرير بضغطة زر	2720
F-002070	- توليد تقارير دورية	e656761f8aa4ea03edd5d9b6bc60e7f2f9d30e54dab7587720456c05c5207288	Reporting Engine	4.1 الوضع السهل: تقرير بضغطة زر	2721
F-002071	- مقارنة أداء فروع	ab439687f68c2312d63cef79726c89d16b6bb557df11677db56cb2ef32d34400	Reporting Engine	4.1 الوضع السهل: تقرير بضغطة زر	2722
F-002072	- تقرير تنفيذي خلال 30 ثانية	e51d5617b4de84ff742ca5f38eb1b2b99a83d3b35ecb1aa214df3a130357ae12	Reporting Engine	4.1 الوضع السهل: تقرير بضغطة زر	2723
F-002073	- جدولة التقارير (أسبوعي / شهري)	96d16c594aab3027f3c9d955707040f53b38110d0dedadf04986fed10fd08dc8	Reporting Engine	4.1 الوضع السهل: تقرير بضغطة زر	2724
F-002074	- إرسال تلقائي عبر البريد	e7a22a1bc03d5118397cadb26ba78246c2fbf8ea97d553c60e24e4991caf9ace	Reporting Engine	4.1 الوضع السهل: تقرير بضغطة زر	2725
F-002075	- تقرير شهري للإدارة العليا	50da00a0e52cc95972cfd6f98a527b4bdc0186f48a854a96688354de63746b11	Reporting Engine	4.1 الوضع السهل: تقرير بضغطة زر	2726
F-002076	- تقرير أداء ربع سنوي	de1d90d408ae444a300ef4117a1ea3df618601f0ed4ba4b5206abf6d5c3ff51b	Reporting Engine	4.1 الوضع السهل: تقرير بضغطة زر	2727
F-002077	- تقرير مقارنة سنوية	b7f96935296f0c318d9b7782eabfc0e1e0cc44c0ded8dbbf8c18abee5e5258f1	Reporting Engine	4.1 الوضع السهل: تقرير بضغطة زر	2728
F-002078	- إنشاء تقرير فروقات تلقائي	e164720d2c3435b49d69b485aeb67ffa688f4586726f82457c476553733ffca1	Reporting Engine	4.1 الوضع السهل: تقرير بضغطة زر	2729
F-002079	- تحليل الاتجاهات	8d15c55944249b214b3aa6d9339dd892ffa4e4407496661436bfa15421d987e1	Reporting Engine	4.1 الوضع السهل: تقرير بضغطة زر	2730
F-002080	- تصدير تقرير تنفيذي بنقرة	7bc59e4937630a6d83fe0589f6ce983ce531b44c55638d26b2df04dca29bb431	Reporting Engine	4.1 الوضع السهل: تقرير بضغطة زر	2731
F-002081	- إرسال تقرير تلقائي كل شهر	deb93ea8e59aaeec8de834367a395a80ef852a493f212a616b7cc42f546ce3e2	Reporting Engine	4.1 الوضع السهل: تقرير بضغطة زر	2732
F-002082	- كتابة تقارير تنفيذية احترافية	a639a96cb860a1ad104d72c370c3be2d9a8a19426cbeeb625f8de5c18e5dbb14	Reporting Engine	4.1 الوضع السهل: تقرير بضغطة زر	2733
F-002083	- يتم تذكر نوع التقارير المعتادة	bcc635b2484ae60c98e651ce1023cffb217c64d9157c90976ab493dcffc5673b	Reporting Engine	4.1 الوضع السهل: تقرير بضغطة زر	2734
F-002084	- تحديث التقارير	914919383498ed43fba1680d1971aaa7efd7ce19786a328a79bfb13c6a2473bd	Reporting Engine	4.1 الوضع السهل: تقرير بضغطة زر	2735
F-002085	- إنشاء تقارير جاهزة للتصدير	1e1e2048166658ece3cce7246e4723d850be347340c74c05fdace7878482baef	Reporting Engine	4.1 الوضع السهل: تقرير بضغطة زر	2736
F-002086	- تقرير PDF رسمي	00c727d4104419dc380e3b3bdbdc1633dbe2446c4ea3c3ae39f344eea883599b	Reporting Engine	4.1 الوضع السهل: تقرير بضغطة زر	2737
F-002087	- تقرير مقارنة بين مجموعات الملفات	83821620e2b5a2791f552f97efb7ad5c11c60dd6d60195236b16847e68b4136a	Reporting Engine	4.1 الوضع السهل: تقرير بضغطة زر	2738
F-002088	- تقرير رسمي للإدارة العليا	7999240a2c809d905d2f8fd0c85786a1af1af2de06c05b4ca93eee3965ceb0cc	Reporting Engine	4.1 الوضع السهل: تقرير بضغطة زر	2739
F-002089	- إصدار تقرير فجوات	59b5d7fd7586c52aaf521f17abf3ec63c638aff19b97d3b01dbf1984cb556d39	Reporting Engine	4.1 الوضع السهل: تقرير بضغطة زر	2740
F-002090	- كتابة تقرير احترافي تلقائيًا	0b503deb95109daeee43fba45318dfc8dc18beb25094946449cd9dc341bcf1e9	Reporting Engine	4.1 الوضع السهل: تقرير بضغطة زر	2741
F-002091	- إنشاء تقرير تلقائي	3bf0791786d1971aa2b9758d389a9c4ed5a61d95ae7e6a612f851da76aa21e5b	Reporting Engine	4.1 الوضع السهل: تقرير بضغطة زر	2742
F-002092	- تحويل تقارير مصورة إلى جداول	4bba4c2f460c6ef2e85f4e7f477e90fab407f12640f3890a5078e9cf4e21545f	Reporting Engine	4.1 الوضع السهل: تقرير بضغطة زر	2743
F-002093	- قراءة أرقام من صور تقارير قديمة	a173a9fdddd8ebb61f446a85d2a1c8001e09bd63ede06d1e64150eacdab9a4a2	Reporting Engine	4.1 الوضع السهل: تقرير بضغطة زر	2744
F-002094	- كتابة ملخص تنفيذي	ffa103c14535d55c968c2ebcb9d236a9a5b14d2da6e5a4c9abf28c79d1d9c562	Reporting Engine	4.1 الوضع السهل: تقرير بضغطة زر	2745
F-002095	- تصدير تقرير جاهز	d77272f3e64c111ee5f3f2ca1878809807aaa7dbc09a804ea3d0a936ab975132	Reporting Engine	4.1 الوضع السهل: تقرير بضغطة زر	2746
F-002096	- رفع صور تقارير قديمة	41ecbadda1f55b9a1ebdcff5bb4598939d3ca7fe6470ff9be6be9a4bb2802057	Reporting Engine	4.1 الوضع السهل: تقرير بضغطة زر	2747
F-002097	- تحويلها إلى تقرير	ed8256cbe44471015c82e7821d8468723bfdf60eba6f7e67f75c428f491dfac7	Reporting Engine	4.1 الوضع السهل: تقرير بضغطة زر	2748
F-002098	- وضع سهل (Auto Report)	5c4892c729a14630576e65be3bcb249e7899a731899a23d2b43c78ff8e279c51	Reporting Engine	4.1 الوضع السهل: تقرير بضغطة زر	2749
F-002099	- تحويل تقرير إلى عرض	6db0e5673f9cd616a2b00a7c85416f554695e74c32de1746aba0dafefbff2d31	Reporting Engine	4.1 الوضع السهل: تقرير بضغطة زر	2750
F-002100	- إنشاء تقرير	4bdbbfcb2ff52702399c6b469e4d24df65bfdd28281bec284f8d6e35ebf9599d	Reporting Engine	4.1 الوضع السهل: تقرير بضغطة زر	2751
F-002101	- تقارير احترافية	8997ce888827f02b1c9da60afa608b55e60deba2bc44a88cf498bd1dd6956870	Reporting Engine	4.1 الوضع السهل: تقرير بضغطة زر	2752
F-002102	- خدمة التقارير	10d1e5a21e3426ae165164604f676061421bfefde00f687f9e422b0d9bba25a5	Reporting Engine	4.1 الوضع السهل: تقرير بضغطة زر	2753
F-002103	- إنشاء تقارير تلقائي	df9f67b333acef6e617a065f7a4e82222b5ec1d326854dd9be51c62d139bb31b	Reporting Engine	4.1 الوضع السهل: تقرير بضغطة زر	2754
F-002104	- إعداد تقارير مجدولة أو عند الطلب	5bdbe779daeb60f433bd9a3b08aacad2f2c31cbefbb3d92184401a4ce32eac1a	Reporting Engine	4.1 الوضع السهل: تقرير بضغطة زر	2755
F-002105	- إعادة بناء التقارير من الأحداث المسجلة	354a28374dcc994e48d54c2858898d5d7876839542ae0ee69e75c9cdb7574dab	Reporting Engine	4.1 الوضع السهل: تقرير بضغطة زر	2756
F-002106	- استخراج تقارير دورية تلقائية	2945c26777d4fa575e119d720269157da9fc28fbf967e46701fc4f5ceb60f0dd	Reporting Engine	4.1 الوضع السهل: تقرير بضغطة زر	2757
F-002107	- تلخيص تقارير طويلة	c2e52612bba206ce59f397cfd314b618396585c8f800c7830d9ea27e4581887f	Reporting Engine	4.1 الوضع السهل: تقرير بضغطة زر	2758
F-002108	- إنشاء تقارير رقابية موجهة للجهات التنظيمية	0089a1fcfc40d582936d053f3069b4d628ee437d69cd3136f1c7ba57b0a6df4c	Reporting Engine	4.1 الوضع السهل: تقرير بضغطة زر	2759
F-002109	- تقارير تشغيلية تفصيلية	52c3b2be52cdc15ca1d45d66c7229acc0d0d1a719404b17ee98f607460846768	Reporting Engine	4.1 الوضع السهل: تقرير بضغطة زر	2760
F-002110	- تقارير مالية دورية	30acd2d6d0aab851e7b23e5c228fbbe5b27891cc4abed77c7c74ca207106c4ac	Reporting Engine	4.1 الوضع السهل: تقرير بضغطة زر	2761
F-002111	- تقارير امتثال تنظيمية جاهزة للتقديم	670cb1c9b1a2cba738cf5253c5b3897864497239d3260ef7376c4580a7f74465	Reporting Engine	4.1 الوضع السهل: تقرير بضغطة زر	2762
F-002112	- تحليلات تنبؤية مستقبلية	a4a90b9deba5648c0011686e884ee3459bc31d70b8917f35818368600d2ff27a	Reporting Engine	4.1 الوضع السهل: تقرير بضغطة زر	2763
F-002113	- مقارنة أداء بين فترات زمنية	92267c9f688c7a387836148548ac9bcb89962099e89464faa2242b6a5c1a5e67	Reporting Engine	4.1 الوضع السهل: تقرير بضغطة زر	2764
F-002114	- تحليل الاتجاهات طويلة المدى	d5f35f2b936bd64e8b5eb11c6ddf649bff5cdeca497281de8dff9c9cae393e9f	Reporting Engine	4.1 الوضع السهل: تقرير بضغطة زر	2765
F-002115	- تقارير حسب الإدارة/الفرع/المنتج	7ef15c36f11c4916b6c2db32b434db762966736fd4baca533107f613ae9330a7	Reporting Engine	4.1 الوضع السهل: تقرير بضغطة زر	2766
F-002116	- تقارير حسب الجهة أو العميل	29cb9b34ad04e799047c3c9cc6db57ccc31a9539a74c05e3435ed7f6748e4ea8	Reporting Engine	4.1 الوضع السهل: تقرير بضغطة زر	2767
F-002117	- جدولة التقارير وإرسالها تلقائياً	c6b11b658542cd7cce90d8ea702ce8e8caeb00620e09e82453092fffe560d801	Reporting Engine	4.1 الوضع السهل: تقرير بضغطة زر	2768
F-002118	- إنشاء تقارير من البيانات الضخمة	31d2538bd9122332bda48b0682e066f8c73cc31f78907d983b5097c0dde097b8	Reporting Engine	4.1 الوضع السهل: تقرير بضغطة زر	2769
F-002119	- إعادة بناء تقارير من سجل الأحداث	67fcd96dde0f260ccafe77eafeef7ca06ff8c5b0108d1bafc3bb1b0c0b481419	Reporting Engine	4.1 الوضع السهل: تقرير بضغطة زر	2770
F-002120	- مقارنة أداء بين جهات متعددة	522c3e87d1fd2439adb4b22da8b3a5e0c1f0cfaf357909a5fe293bb57059bf27	Reporting Engine	4.1 الوضع السهل: تقرير بضغطة زر	2771
F-002121	- مراقبة الالتزام بالميزانيات	9f41040a99d61341372177eac77a5faa3db90a102ff42f74ee42d54c3461f462	Reporting Engine	4.1 الوضع السهل: تقرير بضغطة زر	2772
F-002122	- تقارير استخدام الذكاء الاصطناعي	202e34adc73725418b980fb97b3902dee0d898f5147de33772db05ddc77a0c36	Reporting Engine	4.1 الوضع السهل: تقرير بضغطة زر	2773
F-002123	- تحليلات فورية أثناء الاجتماعات	4fe6c0ffead57fdc349e29277eea9369665bdb232549012ee475f84247712756	Reporting Engine	4.1 الوضع السهل: تقرير بضغطة زر	2774
F-002124	- تقارير مهيأة للطباعة القانونية	1a1e59be13d4cae9f09786972683c4f7a19367249909801b4cad72bca8be5f91	Reporting Engine	4.1 الوضع السهل: تقرير بضغطة زر	2775
F-002125	- تحليل دقة البيانات وجودتها	2b665807c72f2981a184b2a7af273bdc6430b48224f1a46ae00597eff48ea4dd	Reporting Engine	4.1 الوضع السهل: تقرير بضغطة زر	2776
F-002126	- تحليل تأثير القرارات السابقة	90c5a27abe7db0b966841b71157316b278a95d121126ed97fc4434817120b742	Reporting Engine	4.1 الوضع السهل: تقرير بضغطة زر	2777
F-002127	- تحويل مستند إلى تقرير رسمي منسق	df21dc88fd09a7d8f3d63794eb878fc65771524af5c3d9ed5ef1f9553a547b06	Reporting Engine	4.1 الوضع السهل: تقرير بضغطة زر	2778
F-002128	- تحويل تقرير طويل إلى ملخص تنفيذي	f61dd20e0fdcf149191de5d8d9d45d38754447c06a120fd33941ce2209f42450	Reporting Engine	4.1 الوضع السهل: تقرير بضغطة زر	2779
F-002129	- تقارير امتثال تنظيمية	4247775d8744c19a760da853eeca16e3776b52876e57325c7a6358891a72b214	Reporting Engine	4.1 الوضع السهل: تقرير بضغطة زر	2780
F-002130	- تقارير حسب الإدارة أو القسم	e347aa702363ce11fa44171fa6084fb8a0d4a804a532c49137f0aa31f0e88de8	Reporting Engine	4.1 الوضع السهل: تقرير بضغطة زر	2781
F-002131	- تقارير حسب الجهة أو المشروع	37efba51fe804fa82b6c7eaa1a2352240e2a1d56898bcd22e64d3bc786956ed0	Reporting Engine	4.1 الوضع السهل: تقرير بضغطة زر	2782
F-002132	- مراقبة الالتزام بالميزانيات التشغيلية	41db986cda69f1a70ff8199fd8e2b160495ef2524ce794e369183890c7f3dab5	Reporting Engine	4.1 الوضع السهل: تقرير بضغطة زر	2783
F-002133	- تقارير استخدام الموارد	e51703d8a75772f680e0e81c8aa40fd1127dc2a862ff1350b4a7e95dc52a16f9	Reporting Engine	4.1 الوضع السهل: تقرير بضغطة زر	2784
F-002134	- تقارير مهيأة للطباعة الرسمية	578e5b13045f2135166fdcda8db25a7177f8e4aa0803adb66bee6ab95da59d8c	Reporting Engine	4.1 الوضع السهل: تقرير بضغطة زر	2785
F-002135	- تحليل جودة البيانات	21f382fc556cb4453c7deb5fe889c0db374e82b3e9ef34c299751ebfa3093148	Reporting Engine	4.1 الوضع السهل: تقرير بضغطة زر	2786
F-002136	- مقارنة أداء بين لوحات مختلفة	1500c4cc424bed319a8f633e170a2535cfe28f93353d4b41fd9c0f21dc9c4f3b	Reporting Engine	4.1 الوضع السهل: تقرير بضغطة زر	2787
F-002137	- إدارة التقارير: إنشاء تقرير، حفظه قالباً، جدولة إرساله، إرسال SMS	f767f47e4a04d6d8de4295d1ff18e782e4f04963265b3671fc776df782f84781	Reporting Engine	4.1 الوضع السهل: تقرير بضغطة زر	2788
F-002138	- إنشاء تقارير تفصيلية باستخدام محركات التقارير.	f12a84668a5d63d4b9d7f7ea59f81e95b12d3b03f21bc00da954f19e0c2988ad	Reporting Engine	4.1 الوضع السهل: تقرير بضغطة زر	2789
F-002139	- توليد التقارير.	e1d49e25091a8f9c58ddb736c5496192e96378620fb1d7ae2c20493449372fb5	Reporting Engine	4.1 الوضع السهل: تقرير بضغطة زر	2790
F-002140	- توليد تقارير هيكلية.	e21af6c60ef1be60e05f184e21905cfa60e6d461e69b49e8638941a3c9cbdac4	Reporting Engine	4.1 الوضع السهل: تقرير بضغطة زر	2791
F-002141	- إصدار التقارير.	ac07428a19feba6dd8385007031fe15e93f26d8819a4cf264e2ac0ed2b15d7c0	Reporting Engine	4.1 الوضع السهل: تقرير بضغطة زر	2792
F-002142	- تحديث التقارير مباشرة بناءً على البيانات الحية.	e05c29121e4784b2f9345ca533f3b218d60a68096c7eccaad2730879a8603932	Reporting Engine	4.1 الوضع السهل: تقرير بضغطة زر	2793
F-002143	- توليد تقارير محدثة لحظة بلحظة.	f2e0a8e3f40373910917b14539c6b63ae4132a58937705f9a39f36e0c6945094	Reporting Engine	4.1 الوضع السهل: تقرير بضغطة زر	2794
F-002144	- إنشاء تقارير قابلة للتخصيص.	94613e31f660c1e8c9d3860e1472ad27901d1fffd4e598d6f526a91605416dab	Reporting Engine	4.1 الوضع السهل: تقرير بضغطة زر	2795
F-002145	- إنشاء تقارير ديناميكية تعتمد على الأداء.	6c50597a5abb697d564bf16a4f2f07e17caa79140033328001f455ee0f7f21a6	Reporting Engine	4.1 الوضع السهل: تقرير بضغطة زر	2796
F-002146	- إنشاء تقارير تنبؤية.	82e568476ef566f3edda39384e8b3da310761f26f724d531520e91686935094d	Reporting Engine	4.1 الوضع السهل: تقرير بضغطة زر	2797
F-002147	- إنشاء تقارير ديناميكية.	1607f324826fe8bee41e0896c55d5f030f28ec319ff340d53189ce5d19a6ede7	Reporting Engine	4.1 الوضع السهل: تقرير بضغطة زر	2798
F-002148	- ربط المحركات معًا لتوليد التقارير.	f52b1f2a0dab645f98d79333f75180f6f21539bf46d56c0f05e16a324dd9e845	Reporting Engine	4.1 الوضع السهل: تقرير بضغطة زر	2799
F-002149	- إنشاء تقارير قطاعية.	325f0c9d937b5cedb2baa81454a778dc73f273884b118e04cf675a533e434563	Reporting Engine	4.1 الوضع السهل: تقرير بضغطة زر	2800
F-002150	- إنشاء تقارير مجمعة.	ecb9dcf56b82276bce5949532cd0657152c108ae2353b22c2adbd5798d4907e0	Reporting Engine	4.1 الوضع السهل: تقرير بضغطة زر	2801
F-002151	- إنشاء تقارير تدريجية مبنية على زحف جزئي.	1c6a1bfd29af865a1c1041e3dec10439c3a50e485b52b9996a53f0ea526567e1	Reporting Engine	4.1 الوضع السهل: تقرير بضغطة زر	2802
F-002152	- إنشاء تقارير للمشرفين.	9b4345ee84993b1b19931194dd4ff44c9200821fe0bdad3743116eb348f9a003	Reporting Engine	4.1 الوضع السهل: تقرير بضغطة زر	2803
F-002153	- تحديث التقارير تلقائيًا.	6f86909d399748e906dc645353ae8fae812e2414e9065b4870ec0fe67ccf67a0	Reporting Engine	4.1 الوضع السهل: تقرير بضغطة زر	2804
F-002154	- إعادة توليد التقارير.	292100ce170ca342d45a7b343d63136a97d0e12a5e0886fe6d944447f55d3c6c	Reporting Engine	4.1 الوضع السهل: تقرير بضغطة زر	2805
F-002155	- إصدار تقارير دقيقة.	fb5a85810bdf3e325be5c06328d035cf6a90a28c3c5782b85d4c022eb86eaea2	Reporting Engine	4.1 الوضع السهل: تقرير بضغطة زر	2806
F-002156	- إنشاء تقارير قابلة للتوثيق.	b57aeba6f5e0c5f7134cdffad322f96fad24fc32eec82618be4c27f1aa02f71b	Reporting Engine	4.1 الوضع السهل: تقرير بضغطة زر	2807
F-002157	- إنشاء تقارير تنفيذية قابلة للتقديم.	5a6396249c395bdc75df47c8f543e1a5a0fc9e8a88db60886158a65489ffb50f	Reporting Engine	4.1 الوضع السهل: تقرير بضغطة زر	2808
F-002158	- اعتماد رسمي قبل النشر	1f7ad5788539a4c22e0a84a41cd4f07107f3adbb8815a2dc0ea76417b51ec836	Reporting Engine	4.1 الوضع السهل: تقرير بضغطة زر	2809
F-002159	- إنشاء تقارير احترافية بتصميم حر	e776dccacbba0c5cf4eae41c9dd784618ca009ead24673c5af0c314e1016994b	Reporting Engine	4.1 الوضع السهل: تقرير بضغطة زر	2810
F-002160	- إدراج رسوم بيانية وجداول داخل التقرير	6bfcd9de87b84568accf7b192d62e4625ab4e9a88d3ef9c8193a53c9b5073d99	Reporting Engine	4.1 الوضع السهل: تقرير بضغطة زر	2811
F-002161	- إدراج رسوم بيانية تلقائيا داخل التقرير	b5d0ad72f678320556012abcd528941bc5647d39b93df766fb16b7ed975995aa	Reporting Engine	4.1 الوضع السهل: تقرير بضغطة زر	2812
F-002162	- سرد تنفيذي مع مراجع ومصدر الأرقام	455caa212ca0690d29e96a44d3d94e59a983ef1abb24bd8e0172b2fd73dfe9a3	Reporting Engine	4.1 الوضع السهل: تقرير بضغطة زر	2813
F-002163	- ربط كل رقم بمصدره بحواشي ذكية	0265870b6aa92aa8414bed0c5c991565970f727c8d260499a16f44806e24ec48	Reporting Engine	4.1 الوضع السهل: تقرير بضغطة زر	2814
F-002164	- تقارير دقيقة بصفحات متعددة وفهرس ورؤوس وتذييلات وملاحق	c3d2c92f9a053155ec664a98a0fa8a225401fefbe75f02a81bf0fd088aa3fbe8	Reporting Engine	4.1 الوضع السهل: تقرير بضغطة زر	2815
F-002165	- سرد تحليلي مرفق بالتقرير	862708079abb0b260e89752f8919d734939541009eece87dc8c1263bd3c77a3e	Reporting Engine	4.1 الوضع السهل: تقرير بضغطة زر	2816
F-002166	- طبقة تعريفات موحدة للمقاييس والبيانات داخل التقارير	6bd50a1dd16954d1b01a46b78b49af767add7be27b98337b55d64801546a94ce	Reporting Engine	4.1 الوضع السهل: تقرير بضغطة زر	2817
F-002167	- مراسلات مجدولة ترسل في وقت أو تاريخ محدد	9e7934d010e94f362556ff14ebdae8b29e4ecdfcf54c71db94dc0898d4fb51d2	Reporting Engine	4.1 الوضع السهل: تقرير بضغطة زر	2818
F-002168	- مراسلات جماعية لعدة جهات مع تخصيص	493e3b35e78ee77e622c04ce76148bdba41c6df3f86c75fa9dbf7db9ac943a7f	Reporting Engine	4.1 الوضع السهل: تقرير بضغطة زر	2819
F-002169	- تقويم بعرض يومي وأسبوعي وشهري	9265a1bf1bfc92e10d88c3e068f155af0a23bc361f8ce0abb71ff0e1cb47e12b	Reporting Engine	4.1 الوضع السهل: تقرير بضغطة زر	2820
F-002170	- لقطات وتقارير	b150859b039d8f8be4d99590427f1ad446e7b7cc6fc151fe8a988cbfec4d5c8d	Reporting Engine	4.1 الوضع السهل: تقرير بضغطة زر	2821
F-002171	- ملخصات مع استشهادات مدمجة.	ab3a6692510ec23f7562a7944893803e1c3ab07ac59739820bf22c1c1471d524	Reporting Engine	4.1 الوضع السهل: تقرير بضغطة زر	2822
F-002172	- إنشاء تقارير منظمة مع أدلة وملخصات وتوصيات.	4b8e75d7ab8ffce6274b1bc5514a2a1a09f92bfe3de56631c3340d5ba7d2f671	Reporting Engine	4.1 الوضع السهل: تقرير بضغطة زر	2823
F-002173	- مسح المصادر ومقارنة المنافسين وتحويل البحث إلى ملخصات واضحة.	c7fac06579b063132737fe62c461392937265caf35acb9b226d5b0d2e54e6ba0	Reporting Engine	4.1 الوضع السهل: تقرير بضغطة زر	2824
F-002174	- إعطاء الهدف والسياق، ويقوم الذكاء الاصطناعي بصياغة تقارير منظمة مع أدلة وملخصات وتوصيات.	5773cae9a3d6de0a00b70480229027e3036d7da5117768a258bd45124f1b454f	Reporting Engine	4.1 الوضع السهل: تقرير بضغطة زر	2825
F-002175	- إنشاء تقارير ديناميكية وتصورات وملخصات.	f8d04aecd83c8e7480e9f86de76ec6f8052d11e677b3e28a4b85614a71c42c9c	Reporting Engine	4.1 الوضع السهل: تقرير بضغطة زر	2826
F-002176	- إنشاء ملخص مرئي على التقرير نفسه.	e47e90d37a5b63d218bde3cf0350acc9b2c47b9a120faabf91bfdc205bbfdbe3	Reporting Engine	4.1 الوضع السهل: تقرير بضغطة زر	2827
F-002177	- الحصول على ملخصات عند إعداد الاشتراكات في التقارير.	5fae584d97e71841ef6506771bd13eaf3ccdbfb1275aed602d629239502cf49e	Reporting Engine	4.1 الوضع السهل: تقرير بضغطة زر	2828
F-002178	- إنشاء ملخصات تلقائية للمخططات ورؤاها الرئيسية.	2c0cf585d76729696839a1f49d21933e28f74e7864e57487be42d65706c76862	Reporting Engine	4.1 الوضع السهل: تقرير بضغطة زر	2829
F-002179	- إنشاء تقارير تلقائي.	330205d69b266df1cb0bb04945b172137db17a7957355c4670e74749a3c4bf5b	Reporting Engine	4.1 الوضع السهل: تقرير بضغطة زر	2830
F-002180	- إنشاء تقرير بضغطة زر	420ee17dd06343f3b069e4d0338d79d9d3549a550365b4e482f435a328b4de37	Reporting Engine	4.1 الوضع السهل: تقرير بضغطة زر	2831
F-002181	- الوضع السهل: تقرير بضغطة زر	d5ca6d3f157fa1444001ccbc26a546ca309bf43dbb257d3024e7ad633d80337a	Reporting Engine	4.1 الوضع السهل: تقرير بضغطة زر	2832
F-002182	- تلخيص البيانات في لوحة التحكم (Canvas) بسرعة	e1ccf315130773a8a40a12e1f3dec3b4c779b583091eaac5b19ecb076142c262	Reporting Engine	4.1 الوضع السهل: تقرير بضغطة زر	2833
F-002183	- تلخيص الاجتماعات والمستندات	18f99e3d6837c7b86736b5c2c9d81275fc0f2690fb23fde82cf79401a0038d9c	Reporting Engine	4.1 الوضع السهل: تقرير بضغطة زر	2834
F-002184	- تلخيص العقود وتسليط الضوء على المخاطر	53ecd57a11f9ea9d5fa5f6dbe593f7720f3b439f32af70958e30afff63dc11ec	Reporting Engine	4.1 الوضع السهل: تقرير بضغطة زر	2835
F-002185	- تلخيص المحتوى الطويل (صفحات، تعليقات) للحصول على النقاط الرئيسية	2e0eff09a747f578264bb1a996abde17f8f77273c298d1fcfb9c2901f480bec1	Reporting Engine	4.1 الوضع السهل: تقرير بضغطة زر	2836
F-002186	- تلخيص بيانات المخططات في Atlassian Analytics	bdfe8b383ae1bdb5fcad71bd636947d32c27042320cb7a88f4736e423937ba36	Reporting Engine	4.1 الوضع السهل: تقرير بضغطة زر	2837
F-002187	- تلخيص عناصر عمل Jira Service Management وصفحات Confluence والتعليقات والمدونات	1fd090736a30dd36c677a0ec59c678fe0550a6d5489111f412e41f845c284e16	Reporting Engine	4.1 الوضع السهل: تقرير بضغطة زر	2838
F-002188	- تلخيص فوري للنقاط الرئيسية أو إنشاء ملخصات تنفيذية	f0f5a46226bf7f89a521a9cea0593e5a596f477954d44d652512f057fd776af5	Reporting Engine	4.1 الوضع السهل: تقرير بضغطة زر	2839
F-002189	- تلخيص محضر اجتماع طويل	e2f1af50163929748b3adbc67e7fca94aa22ed0bbebdce199515f7ba00f3115e	Reporting Engine	4.1 الوضع السهل: تقرير بضغطة زر	2840
F-002190	- تلخيص نقاط النقاش الرئيسية في الاجتماعات	b4c5b1f71e854e9699fb4d2313554e42ed63a796de6656407436f3ba3e831658	Reporting Engine	4.1 الوضع السهل: تقرير بضغطة زر	2841
F-002191	- تلخيص ومعاينة الروابط الذكية من Confluence و Jira و Google docs	b1b711420e9a55f4ea0cf498a135ef6b5213a29b5ffbd1148f3bf1131143a644	Reporting Engine	4.1 الوضع السهل: تقرير بضغطة زر	2842
F-002192	- تلخيصات مع استشهادات مدمجة	04b06c6b27df2dc40f6fd0ad50fc0ae699fe686011644a2ae641684112f8a376	Reporting Engine	4.1 الوضع السهل: تقرير بضغطة زر	2843
F-002193	- حل الحوادث بسرعة من خلال ملخصات المشكلات	c133895a04aa892afdec4a8c0aae862448190b6f0f4ac886373229cc4639bebd	Reporting Engine	4.1 الوضع السهل: تقرير بضغطة زر	2844
F-002194	- حل مشكلات العملاء بسرعة	77b3a6a209cbb3a1acce9ebd48b174ac6b31f7d9dcd8076a626a838d210a30ad	Reporting Engine	4.1 الوضع السهل: تقرير بضغطة زر	2845
F-002195	- مراجعة اتفاقيات مستوى الخدمة (SLAs)	7905c93a8747b4bb8310292bcefdd7305fd08e9f03bcb41536f2b4254a05574b	Reporting Engine	4.1 الوضع السهل: تقرير بضغطة زر	2846
F-002196	- مراجعة الأداء وتحليل النتائج ومشاركة الرؤى من العام الماضي	eb9b30da5f0f828c1b7924374d82e381c061ad68e32e04a4628b942aea6bbc5e	Reporting Engine	4.1 الوضع السهل: تقرير بضغطة زر	2847
F-002197	- مراجعة العقود القانونية وتلخيصها	6dd7cc3de50a6a06c4ddba04f1f434dc8dd0a362b675b52b8c88d64acded7f5d	Reporting Engine	4.1 الوضع السهل: تقرير بضغطة زر	2848
F-002198	- مسح المصادر ومقارنة المنافسين وتحويل البحث إلى موجزات واضحة	b55683ad7dd3ad179fc24d6eea3bbce714197ad0e12a3fdd989e5018ac45b125	Reporting Engine	4.1 الوضع السهل: تقرير بضغطة زر	2849
F-002199	- إنشاء صفحات تقرير كاملة باستخدام الأوامر النصية	55e61cde9081d96944a04a4e690b9fff73c37dd34d935483671e5bad5776311b	Reporting Engine	4.1 الوضع السهل: تقرير بضغطة زر	2850
F-002200	- إنشاء قوائم تحقق لضمان دقة التقارير	fceb6358de2ee4141bb9008ae37cba5cff81d367fdfed21a1392f958ce32fb5b	Reporting Engine	4.1 الوضع السهل: تقرير بضغطة زر	2851
F-002201	- إنشاء ملخص تنفيذي لتقرير أعمال مفصل	b35fc6e2c71f5a4d873af806e9cb8d9055a96992014837908f944f58940bdf66	Reporting Engine	4.1 الوضع السهل: تقرير بضغطة زر	2852
F-002202	- إنشاء ملخص تنفيذي لتقرير طويل	8c149717227b90c8a4d65d050d3731035c0d2b76b6826b5f5c3b6b17c9a3d8e7	Reporting Engine	4.1 الوضع السهل: تقرير بضغطة زر	2853
F-002203	- إنشاء ملخص سردي للتقرير أو لصفحات معينة	4267219a49be02fac4f7411d58976823a72b4066deeb10631450f89f7abfc824	Reporting Engine	4.1 الوضع السهل: تقرير بضغطة زر	2854
F-002204	- إنشاء ملخصات تشرح النتائج	3d36e34b531e6cb78e4a7623db8d7519dd120341c38a364a6c2392f38ff5547c	Reporting Engine	4.1 الوضع السهل: تقرير بضغطة زر	2855
F-002205	- إنشاء ملخصات تفسيرية للتحليلات والرسوم البيانية	d1a3b9566e27ac23e84153cd4780fd3945ded6d7a40c9c8d9a4bb2f349619ebf	Reporting Engine	4.1 الوضع السهل: تقرير بضغطة زر	2856
F-002206	- إنشاء ملخصات تلقائية للتقارير الطويلة	5a2401e58535b401b34970c3a0f9a4440ddc156111d763d9baddb2f27eec1212	Reporting Engine	4.1 الوضع السهل: تقرير بضغطة زر	2857
F-002207	- إنشاء ملخصات تنفيذية	d3d2696fd6989c720e32770186cc73e7cbf182e1ba81f3969d0a3d7032e00a0d	Reporting Engine	4.1 الوضع السهل: تقرير بضغطة زر	2858
F-002208	- إنشاء ملخصات تنفيذية وتقارير من صفحة واحدة	f781d0c73cba953f09c542f19ea1a4f79961f0291bb2bbeded361407ab15d9c3	Reporting Engine	4.1 الوضع السهل: تقرير بضغطة زر	2859
F-002209	- إنشاء ملخصات سردية ذكية تتكيف مع محتوى التقرير	1df027521d0b9af9b5ab05a85b15e445a5f29c26fc5b6939362de31612db3580	Reporting Engine	4.1 الوضع السهل: تقرير بضغطة زر	2860
F-002210	- إنشاء ملخصات وجداول باستخدام الذكاء الاصطناعي	eae246ca5212d0c6f8a6982b772ceebecf925654fc39b62d8895e2de02b7381f	Reporting Engine	4.1 الوضع السهل: تقرير بضغطة زر	2861
F-002211	- استخراج البيانات الرئيسية من تقرير مالي	526cb4d62800b9895c79a3f6bf08c44a722e06a8ca4fc4490ab80952c59c86aa	Reporting Engine	4.1 الوضع السهل: تقرير بضغطة زر	2862
F-002212	- الحصول على ملخص سريع لموضوع أو مشروع	36b6e5fd1ed641a76cfd588f962263bb37a98ae352b7eb5d2a9ad82e1f4363a7	Reporting Engine	4.1 الوضع السهل: تقرير بضغطة زر	2863
F-002213	- تحديد نبرة التقرير (غير رسمية، احترافية)	ea1edb3c07d58279927bc10649931b1c088044d50063c4ef85727cd45c814333	Reporting Engine	4.1 الوضع السهل: تقرير بضغطة زر	2864
F-002214	- تحديد نمط وتصميم التقرير (مباشر، هندسي، متطور)	bd6af4853d253884b02b592560e06fdd1175e26c2e47d51eca0292e05d34ed4a	Reporting Engine	4.1 الوضع السهل: تقرير بضغطة زر	2865
F-002215	- تحويل الأوامر النصية إلى تحليلات وتقارير	4ce7a9df1f77ee420a1a87ec259cf06bd00ca1a13c97f04349801d98161af18e	Reporting Engine	4.1 الوضع السهل: تقرير بضغطة زر	2866
F-002216	- تحويل الأوامر النصية البسيطة إلى تقارير مصممة بالكامل	4674e876374b70c7125d04085ace9539ab93fad9401957bd3373d390d74c42f7	Reporting Engine	4.1 الوضع السهل: تقرير بضغطة زر	2867
F-002217	- إنشاء التقارير المنظمة	d6380567eef906811df9f2316a978d75c9001fa4eaef1be10dea87bc08e6b019	Reporting Engine	4.1 الوضع السهل: تقرير بضغطة زر	2868
F-002218	- إنشاء تقارير أداء الأعمال	fab2b20f0eada55b9dc2538a83044d0b26fc0a72f2154ea0f2d3602848e38b04	Reporting Engine	4.1 الوضع السهل: تقرير بضغطة زر	2869
F-002219	- إنشاء تقارير أداء المبيعات السنوية	fef978faebb0d31503383e8658026658e9363b7c2ca49312fcb127a4b508c806	Reporting Engine	4.1 الوضع السهل: تقرير بضغطة زر	2870
F-002220	- إنشاء تقارير أداء المبيعات والملخصات المالية وتقارير التسويق	40cb85bd183bafa48ca0af499b777a75ba7da65455043704213a689ce98d2be8	Reporting Engine	4.1 الوضع السهل: تقرير بضغطة زر	2871
F-002221	- إنشاء تقارير الأداء	7e9e68b3ff5fb3f66642ce4b8a7e77970cfff46dd959ca01e6f30285c3e29674	Reporting Engine	4.1 الوضع السهل: تقرير بضغطة زر	2872
F-002222	- إنشاء تقارير السوق	944b767261e4e792350e9fdf3b2732286f3fdb01041084b76704ffafaaec2021	Reporting Engine	4.1 الوضع السهل: تقرير بضغطة زر	2873
F-002223	- إنشاء تقارير تشغيلية	44f79c6006b598d86f147328907db4e22a693f5249c41d785200b6c9218ef117	Reporting Engine	4.1 الوضع السهل: تقرير بضغطة زر	2874
F-002224	- إنشاء تقارير حالة المشروع	1ae5ec956101efaf90d6db77e8bcd5da2cb2a8fe3f885161679c2b5fb3d0b7cf	Reporting Engine	4.1 الوضع السهل: تقرير بضغطة زر	2875
F-002225	- إنشاء تقارير مالية	867d666079d24f088cefaa289f0c61fc41892fc01a254de25871dd167c05a5d0	Reporting Engine	4.1 الوضع السهل: تقرير بضغطة زر	2876
F-002226	- إنشاء تقارير متعمقة عن اتجاهات السوق وسلوك المستهلك	4335b635961dac2216dd9ebe3d26414dc97fd66a664cc8a84fa4865f4eeb246d	Reporting Engine	4.1 الوضع السهل: تقرير بضغطة زر	2877
F-002227	- إنشاء تقارير مجلس الإدارة	506589e79d9bd3d46e164592079b2943ba83901a0188b869896d4e3d47a44dd1	Reporting Engine	4.1 الوضع السهل: تقرير بضغطة زر	2878
F-002228	- إنشاء تقارير مخصصة باستخدام أوامر نصية بسيطة	34526882ade515b2419b3cbe3ac7dca32cdc271caa644240d056e1558f158489	Reporting Engine	4.1 الوضع السهل: تقرير بضغطة زر	2879
F-002229	- إنشاء تقارير مدعومة بالذكاء الاصطناعي من Excel و CSV و PDF أو موضوع معين	44b4dcbe5d5c39344490fdc475aaa33ec3b105f54ecc19b24153758b07462fac	Reporting Engine	4.1 الوضع السهل: تقرير بضغطة زر	2880
F-002230	- إنشاء تقارير معمقة حول اتجاهات السوق وسلوك المستهلك	bafc9f40f2750de272eee86cb148754a7fe8d46f53be78fc2980f6613294429b	Reporting Engine	4.1 الوضع السهل: تقرير بضغطة زر	2881
F-002231	- إنشاء تقارير منظمة مع الأدلة والملخصات والتوصيات	e03c4fb683022944a6a76d0077d12215baab801779951c049ce14d31e581eab4	Reporting Engine	4.1 الوضع السهل: تقرير بضغطة زر	2882
F-002232	- إنشاء تقارير ومقترحات	60e117d22cdb9b9d6a832ebc78850cb99d2354bf18cf230800456dda8d598f0a	Reporting Engine	4.1 الوضع السهل: تقرير بضغطة زر	2883
F-002233	- إنشاء تقرير أداء الحملات التسويقية	8460c71b26f654812c8fa820d8d2efb6cd42d1e87cb216b28e02f0eb33d95e74	Reporting Engine	4.1 الوضع السهل: تقرير بضغطة زر	2884
F-002234	- إنشاء تقرير أداء ربع سنوي للإدارة	adb6ec7146ab4605296aeb12a3e9ff6e501d1b647b3c5e7c564a58af70d2d210	Reporting Engine	4.1 الوضع السهل: تقرير بضغطة زر	2885
F-002235	- إنشاء تقرير أسبوعي عن أداء المبيعات	3af27aa4d69245bab2045e827d9988c5728cc8a5baa65d139dcdb2491a9b7ee8	Reporting Engine	4.1 الوضع السهل: تقرير بضغطة زر	2886
F-002236	- إنشاء تقرير بحثي مع تصورات بيانية للنتائج	588ccd15eae3f405a555a5b6721bafd49228305a48b1c1959bdd56eba818aa83	Reporting Engine	4.1 الوضع السهل: تقرير بضغطة زر	2887
F-002237	- إنشاء تقرير بحثي مع تصورات للبيانات الإحصائية	7a2bb860590a4c9877ab0c5a36caf7f1874a9e28ea8e1e48b304c2f8fbd5fdc9	Reporting Engine	4.1 الوضع السهل: تقرير بضغطة زر	2888
F-002238	- إنشاء تقرير تحليل SWOT لتقييم وضع الشركة	6e71a9bbbc717b171548e1807e9975d2ef51ab94e782b6a14d1023109e513aa6	Reporting Engine	4.1 الوضع السهل: تقرير بضغطة زر	2889
F-002239	- إنشاء تقرير تحليل المنافسين	d226b0b5b940c10f9ffac469c8a9bfc2c88707ca02d14c4b0b386054a2a486ab	Reporting Engine	4.1 الوضع السهل: تقرير بضغطة زر	2890
F-002240	- إنشاء تقرير حالة لمشروع معين	4f168baac611f3260cc7d1cbd2ddf90387fff830027199f92c2cef654833d820	Reporting Engine	4.1 الوضع السهل: تقرير بضغطة زر	2891
F-002241	- إنشاء تقرير ربع سنوي عن أداء التسويق	b6a1557b6a1edb5241896a297a2ef24842d5714a39a7d90e0afc0b2f2725bec1	Reporting Engine	4.1 الوضع السهل: تقرير بضغطة زر	2892
F-002242	- إنشاء تقرير ربع سنوي يوضح أداء الفريق	dbd3e9555bcc989f919c9522016c22cbafb9709e36e46ab5fd373a460384a019	Reporting Engine	4.1 الوضع السهل: تقرير بضغطة زر	2893
F-002243	- إنشاء تقرير سنوي للشركة	f9a996f41ab433f7350638b391f5cecbc5f57370a2b6feab63e33c94e0d8e5db	Reporting Engine	4.1 الوضع السهل: تقرير بضغطة زر	2894
F-002244	- إنشاء تقرير سنوي مالي للشركة	ae84888dd00172da3e6a05c07d732cd5fae0b2c7a5e15512f9f373e2fb34b1f4	Reporting Engine	4.1 الوضع السهل: تقرير بضغطة زر	2895
F-002245	- إنشاء تقرير عمليات يومي لقسم الخدمات اللوجستية	1b9c112f289e2bc3db33dfc0cd2c066ec407943af6dddc1c9fe02e41eb6bfc7e	Reporting Engine	4.1 الوضع السهل: تقرير بضغطة زر	2896
F-002246	- إنشاء تقرير مالي ربع سنوي مع تحليل مفصل	bf3bec0a26ab5e0f2ec81ba0e13873334cac516fd2b2ac1fc56b8d46bc5d5cb1	Reporting Engine	4.1 الوضع السهل: تقرير بضغطة زر	2897
F-002247	- إنشاء تقرير مالي سنوي	626a50b4a3c60183014d15f03edc8acd2e59c953641e161427d92a5e998ff288	Reporting Engine	4.1 الوضع السهل: تقرير بضغطة زر	2898
F-002248	- إنشاء تقرير مالي مع الرسوم البيانية التفاعلية	d9e78fc80581b56a7ebe76e9cafd5f2e7c8cc49081b5f57ce9b28be031cf5e79	Reporting Engine	4.1 الوضع السهل: تقرير بضغطة زر	2899
F-002249	- إنشاء تقرير مبيعات تفاعلي في Power BI	99081d3c62918f3790d011fec6fac8bff70cd51eb4f13ae5a4c96f4526568907	Reporting Engine	4.1 الوضع السهل: تقرير بضغطة زر	2900
F-002250	- إنشاء تقرير مبيعات من ملف Excel	b61fe79a06d323188f4c128847c228c72e2ae05a801489953e369a9c3e1490e2	Reporting Engine	4.1 الوضع السهل: تقرير بضغطة زر	2901
F-002251	- إنشاء تقرير مشروع للمدرسة أو الجامعة	425cd3b8b1e16b4979381f6a6aa042a21a0761c7995cd6c85426a47eb83bd71f	Reporting Engine	4.1 الوضع السهل: تقرير بضغطة زر	2902
F-002252	- إنشاء توقعات للإيرادات	ab536e951ed85a3401f0705f40a39af7ce22c97905394d751828e59e556a096c	Reporting Engine	4.1 الوضع السهل: تقرير بضغطة زر	2903
F-002253	- إنشاء حملات تسويقية وطلبات تقديم العروض (RFPs)	1c8622f7a3b3698decb6c65c3164de6b21104a470266fd83ca426113b4998fba	Reporting Engine	4.1 الوضع السهل: تقرير بضغطة زر	2904
F-002254	- إنشاء خطة عمل لمشروع جديد	46427eaa0bac58954235967d5b5393e33c647c4407787fa1576f5319b6508c55	Reporting Engine	4.1 الوضع السهل: تقرير بضغطة زر	2905
F-002255	- إنشاء دليل تدريبي للموظفين الجدد	204486ba0df74861130f6713c1f6d90bb4b0de03ade428953bd1168f0b76f790	Reporting Engine	4.1 الوضع السهل: تقرير بضغطة زر	2906
F-002256	- إنشاء رؤى مكتوبة تلقائيًا من البيانات	1345cd095ba8a5c45359e3a0b40ceb8abc5ee1d239edaa63624f8cdae8c6e644	Reporting Engine	4.1 الوضع السهل: تقرير بضغطة زر	2907
F-002257	- إنشاء كتيبات تدريبية وكتب إلكترونية	d7b3ba9a96d03c78ae92b82cddbf0f59f22eb43848e622133bec372fb1eaa2a3	Reporting Engine	4.1 الوضع السهل: تقرير بضغطة زر	2908
F-002258	- إنشاء مسودات أولى للمستندات	f44e127a5549314edb5838faa476643dab51cac1a8c0fe7e3e6148f5642bab04	Reporting Engine	4.1 الوضع السهل: تقرير بضغطة زر	2909
F-002259	- إنشاء مسودات مخصصة للاحتياجات المحددة	740d96106cd575c2766dd063d4f48eedac44048bdbf93b47514f60573c3a20e4	Reporting Engine	4.1 الوضع السهل: تقرير بضغطة زر	2910
F-002260	- إنشاء مسودة تقرير كاملة من بضع جمل	45f41cd5c45ddc0b9683f0e63446eb75359064fd129a3ff0460fa30e68ecd0ae	Reporting Engine	4.1 الوضع السهل: تقرير بضغطة زر	2911
F-002261	- إنشاء مسودة كاملة بناءً على تفاصيل أساسية	9d79c4612740ec88e58d73180c98158abc6ebd9ea64293bd4876c20ac2c7173d	Reporting Engine	4.1 الوضع السهل: تقرير بضغطة زر	2912
F-002262	- إنشاء مقترحات وعروض مبيعات وأوراق بيضاء	6967b019428b03c334759de617e1f5f0b5573609808a16bfb75e636dfa0f9f7e	Reporting Engine	4.1 الوضع السهل: تقرير بضغطة زر	2913
F-002263	- إنشاء هيكل تلقائي للملخصات والتقارير	7f63094e29dad2173df58958ec26db43ff1959d927f3bd7d9f45f4aba3e6c0ce	Reporting Engine	4.1 الوضع السهل: تقرير بضغطة زر	2914
F-002264	- اتخاذ قرارات أسرع ومستنيرة	29430fbc6ef55441239627c7d64057bdd030cacf5426698fa31d1d53d4d8efdb	Reporting Engine	4.1 الوضع السهل: تقرير بضغطة زر	2915
F-002265	- استخلاص الرؤى من مجموعات البيانات الكبيرة	886edb706cf3077bfcb601bf48b95dc259cc6b759960f41947d62f24423b0df6	Reporting Engine	4.1 الوضع السهل: تقرير بضغطة زر	2916
F-002266	- استكشاف البيانات باستخدام لغة إنجليزية بسيطة	e67a86867f15209cb7b447e6a0a3fe94daa40bd69b8992dd7958520427929459	Reporting Engine	4.1 الوضع السهل: تقرير بضغطة زر	2917
F-002267	- اقتراح تغييرات في هيكل المستند لتحسين السرد	578d14ac1ecee1fd1f86dc5f4f0184456564c8ce73e9bd65762bc4402ff85824	Reporting Engine	4.1 الوضع السهل: تقرير بضغطة زر	2918
F-002268	- اقتراح خطط مزايا للموظفين	8ef78af5e5dff892347d56812a7c31f0346065ceca1bd723d84451edca9b7607	Reporting Engine	4.1 الوضع السهل: تقرير بضغطة زر	2919
F-002269	- اقتراح عناصر العمل من الاجتماعات	f770ffdb73e80343e32e75fe6d33d7792f61ed85bd64f1cc8ad01840a13eb473	Reporting Engine	4.1 الوضع السهل: تقرير بضغطة زر	2920
F-002270	- الإجابة على أسئلة معقدة حول محتوى المستند	4458d348acb3c1d2a2367f924562d1f39590bfacb54888456bb418610f04c740	Reporting Engine	4.1 الوضع السهل: تقرير بضغطة زر	2921
F-002271	- الإجابة على الأسئلة في الوقت الفعلي أثناء الاجتماعات	e2546ce2f3633df80dfd2e2dad440aca10c40c8755447f2e50092189d07fb6bf	Reporting Engine	4.1 الوضع السهل: تقرير بضغطة زر	2922
F-002272	- التنبؤ بالاتجاهات المستقبلية بناءً على البيانات التاريخية	475f504ddaf1a6edc84e0df6eb5db0b077a7c50ab8197565fa0472fa69ca570c	Reporting Engine	4.1 الوضع السهل: تقرير بضغطة زر	2923
F-002273	- التنبؤ بالاتجاهات وإيجاد الفرص الخفية	2fe90340af06686ca9f3b8f3a453494ef76cfdc703d8b3a38fb8c981e0f6835f	Reporting Engine	4.1 الوضع السهل: تقرير بضغطة زر	2924
F-002274	- الجمع بين خبرة الفرق البشرية وأحدث تطورات الذكاء الاصطناعي	d4a9abe6459937c1d48ca3c61a1d80f751e83943ea96ed682d0fedc04e4ca95e	Reporting Engine	4.1 الوضع السهل: تقرير بضغطة زر	2925
F-002275	- القدرة على تحرير المسودة التي تم إنشاؤها لتلبية الاحتياجات بشكل أفضل	37c8d1b32d1232ee2026b24f1a5344de6587773c1dc48489c8e2cda27b9c59af	Reporting Engine	4.1 الوضع السهل: تقرير بضغطة زر	2926
F-002276	- المساعدة في إنشاء نماذج بيانات محسّنة	2e0ca5d1d1f18d31b7227bde9377e2ae7637dc73601dcefc76f0a56c16711321	Reporting Engine	4.1 الوضع السهل: تقرير بضغطة زر	2927
F-002277	- المساعدة في صياغة توقعات مالية وخطط استراتيجية	e3e6a0d9522d7b1ebf1be4bef0f7abfa78de9fa95cc5a33c9bd75dd3276f5bcf	Reporting Engine	4.1 الوضع السهل: تقرير بضغطة زر	2928
F-002278	- الملء التلقائي للقوالب بمحتوى ذي صلة ومتوافق مع العلامة التجارية	f8e769cb58b0d491925adddac7bf69b2b3e9aa6d8e4cdf1a3288668262664fc5	Reporting Engine	4.1 الوضع السهل: تقرير بضغطة زر	2929
F-002279	- بناء سير عمل تقرير حقيقي مع قالب تقرير متسق	7b2e38036d747ac8b7d445208452ff9d8dbad17fa4b896351948f1e9d7c4da1e	Reporting Engine	4.1 الوضع السهل: تقرير بضغطة زر	2930
F-002280	- بناء نماذج تعلم الآلة	4722f803ed6218ada806ced74d89e374bcc528c677ad6fc5a9f8adb76de7a2a5	Reporting Engine	4.1 الوضع السهل: تقرير بضغطة زر	2931
F-002281	- بناء نماذج تعلم الآلة الأولية مباشرة في المحادثة	8e5fbd732e7513f4eb4fe2e3353130379c2da0d6cf31071c11bf2f7b7ccabcd3	Reporting Engine	4.1 الوضع السهل: تقرير بضغطة زر	2932
F-002282	- بناء نموذج مالي لشركة ناشئة	c70424c50a1cd342533d977a8e7ffb482f12e1d3a8791b8048a633f7c0826255	Reporting Engine	4.1 الوضع السهل: تقرير بضغطة زر	2933
F-002283	- تبسيط البيانات المعقدة في مرئيات واضحة ومؤثرة	39773ea6191607dcdaa4b5e91ba4ba377400f8893dfd9013ea698f860852ffcf	Reporting Engine	4.1 الوضع السهل: تقرير بضغطة زر	2934
F-002284	- تتبع التفاصيل المحددة داخل المستند عبر طرح الأسئلة	5e3840f68145a1a47b940925159edb1b7c0bbf7c90741c6f19aaf51df5218dda	Reporting Engine	4.1 الوضع السهل: تقرير بضغطة زر	2935
F-002285	- تتبع التقدم المحرز في تحقيق أهداف المبيعات	6f0840a7b932672fee82e74e5583b98179bde48c692b067bede85a50071fc2c6	Reporting Engine	4.1 الوضع السهل: تقرير بضغطة زر	2936
F-002286	- تتبع رحلة الاستكشاف تلقائيًا (كل مخطط وسؤال ورؤية)	f92cfedf1e484dc94706c03809b60dacc04efa796bf350b20628ec4fa3fe29e6	Reporting Engine	4.1 الوضع السهل: تقرير بضغطة زر	2937
F-002287	- تجميع التنبيهات المتشابهة معًا لتحديد المشكلات بشكل أسرع	cdf0d090a7a2c869fc19644a9030cf77b4abb82e2492c751eb876cc698b33980	Reporting Engine	4.1 الوضع السهل: تقرير بضغطة زر	2938
F-002288	- تحديث أشرطة التقدم تلقائيًا أثناء العمل	664e2fde54b38122b07fbe64e53de9e2635bd3ec442e292cffaeec7dab906df7	Reporting Engine	4.1 الوضع السهل: تقرير بضغطة زر	2939
F-002289	- تحديث الأبحاث تلقائيًا مع تغير السوق	655de4bb61adce7434f80b7ff1fd36a77181f8e3dbe2c7707779fcf52256934a	Reporting Engine	4.1 الوضع السهل: تقرير بضغطة زر	2940
F-002290	- تحديث النص ديناميكيًا بناءً على معايير أو حسابات محددة	feb9d7704e37b9ed5fe0564f7d7b1e4ca12a2ccff99e1a9d5e06e6ac96191290	Reporting Engine	4.1 الوضع السهل: تقرير بضغطة زر	2941
F-002291	- تحديد المقاييس الرئيسية لتقييم أداء فريق	6dd4c7bca4c50af5cedcfbbb0e593c142b8c04425500cc7dcca53d8e8da0ca3e	Reporting Engine	4.1 الوضع السهل: تقرير بضغطة زر	2942
F-002292	- تحديد مؤشرات الأداء الرئيسية (KPIs)	b940050e7ef2729618f60908d6320ed5becc5afc7d0911b9a351d14412fc618c	Reporting Engine	4.1 الوضع السهل: تقرير بضغطة زر	2943
F-002293	- إنشاء تقرير تنفيذي خلال 10 ثوانٍ	40adc0be5c70f489f6fe1483fd76aa56c421161e71c9be270f36e978a6467c3b	Reporting Engine	4.1 الوضع السهل: تقرير بضغطة زر	2944
F-002294	- إنشاء تقرير فروقات تلقائي بين مجموعات الملفات	0667db37a8e23ed29fb4dffab7dd5206ad798d64189f37e01855a5657d1e232b	Reporting Engine	4.1 الوضع السهل: تقرير بضغطة زر	2945
F-002295	- يعرض تقرير بالمشاكل المكتشفة	1afe6224bcd2606e16d70b708b1a6cd8c65ff1aa2493864ac2a3bf8e7f4d689c	Reporting Engine	4.1 الوضع السهل: تقرير بضغطة زر	2946
F-002296	- إنشاء تقرير PDF رسمي	08ee416c3cae6eb79cad5070f75a361dfdc75bea79b95f239645b5283d4c9c95	Reporting Engine	4.1 الوضع السهل: تقرير بضغطة زر	2947
F-002297	- إنشاء تقارير الامتثال (Compliance Reports)	ea1e68f99042ee7aa62e1b38c7a185f24fa88fff1df1372833d5ab3d283301d7	Reporting Engine	4.1 الوضع السهل: تقرير بضغطة زر	2948
F-002298	- إنشاء تقارير الأداء والحالة (Performance and Status Reports)	793e6ae9293a98e4aeb3c7cf7aa3b01a792a48ad965e0453c76079c6eb1621bd	Reporting Engine	4.1 الوضع السهل: تقرير بضغطة زر	2949
F-002299	- إنشاء تقارير التحقق (Validation Reports)	3e88969ef886bb4e1201deb200639e4fa9f2f6dd4ac319f278a16c52da3d5865	Reporting Engine	4.1 الوضع السهل: تقرير بضغطة زر	2950
F-002300	- إنشاء تقارير التدقيق والتتبع (Audit and Tracking Reports)	ef2b506bd798b57a9d6f5e6ddaeef831c586aaed40afce9b4747398e1230be02	Reporting Engine	4.1 الوضع السهل: تقرير بضغطة زر	2951
F-002301	- إنشاء تقرير لكل موقع على حدة	5e628d0dc2a1f0fb7b2f23e63b187e1cb46d8899952e63ed6cc1da8659c100da	Reporting Engine	4.1 الوضع السهل: تقرير بضغطة زر	2952
F-002302	- التقرير النهائي تجميعي فقط بعد اكتمال جميع الدفعات	0722ef9c04845bf1584620e419217c5af2f2dfe7a79b88f5d9ec1bdb6a4a9bae	Reporting Engine	4.1 الوضع السهل: تقرير بضغطة زر	2953
F-002303	- يُبنى التقرير تدريجيًا ويتم تحديثه مع كل دفعة	d8ea29313432a1aef88888444113ddc2c01612f8d2638caa0c2db438c8f98473	Reporting Engine	4.1 الوضع السهل: تقرير بضغطة زر	2954
F-002304	- بدء توليد التقرير قبل انتهاء المهمة بالكامل	d86baa78f858a7df117335a946c985a8ba6e89940392794f7c62936692eac798	Reporting Engine	4.1 الوضع السهل: تقرير بضغطة زر	2955
F-002305	- محرك تقارير ديناميكي (Dynamic Reporting Engine)	c294b12ae9756ce0f38afaf26f3266dcd4f8e04dc6aa705147c4b9a25aac785a	Reporting Engine	4.1 الوضع السهل: تقرير بضغطة زر	2956
F-002306	- تحديث التقارير بشكل حيوي ومباشر (real-time)	bcad5bcbab697c4908e2d8e0d5bb36fe186faca4e2542f621fbbf3f15b563b2a	Reporting Engine	4.1 الوضع السهل: تقرير بضغطة زر	2957
F-002307	- التقارير تستهلك من الطبقة الدلالية فقط (Semantic Layer)	e978b214d88f03cfc699481a0022fdb1ef7c2890cb2119da7f2d73d2d3d70d9a	Reporting Engine	4.1 الوضع السهل: تقرير بضغطة زر	2958
F-002308	- تخزين تعريفات التقارير فقط وليس البيانات	a403a873b2e0cc36232e0f52292f1feedebc797d4d909e3671ef57f075ae6180	Reporting Engine	4.1 الوضع السهل: تقرير بضغطة زر	2959
F-002309	- تقارير دورية	29ccd88f66076bd37020b3534fc86a263f967cd108045e3fa2c1bbe1e7cfadfc	Reporting Engine	4.1 الوضع السهل: تقرير بضغطة زر	2960
F-002310	- اختيار الهيكل والأقسام والترتيب والخطوط والألوان	a771625b180b8fe8a04ffaa00c7f734a41dd48a4bdd14d8d6b6fdb25c47600f9	Reporting Engine	4.2 الوضع المتقدم	2966
F-002311	- أنماط: رسمي أو إداري أو تحليلي أو تنفيذي مختصر أو تفصيلي	6a516e4b27a69a96788687171fe0320112e6e53896bf2bc08b606ee4f2f491f3	Reporting Engine	4.2 الوضع المتقدم	2967
F-002312	- Scheduling للتقارير مع Digest	edbdf2f11fee8e0caf088ee42ace37ae2453fb56633bd8b11cc42dbb480bfd34	Reporting Engine	4.2 الوضع المتقدم	2968
F-002313	- إنشاء تقرير احترافي	ec633ed343a5d3c133a2e815c1c67cd3cf0176fffcf28332dbce1e3e033ffabf	Reporting Engine	4.2 الوضع المتقدم	2969
F-002314	- إدراج الجداول	4da0ce1f42fc37e9af834255e197ab3e2047c33da97614eaa34880d19422f218	Reporting Engine	4.2 الوضع المتقدم	2970
F-002315	- إدراج الرسوم	f16db110339a59b51794d47bcab9d2a100b908640b6d3a3031392ffc5fb3f620	Reporting Engine	4.2 الوضع المتقدم	2971
F-002316	- تنسيق احترافي	f09eca56777d199edaa3b1abdec0f5423c6061786bb203110034cab7db2b0e5e	Reporting Engine	4.2 الوضع المتقدم	2972
F-002317	- إضافة توصيات	425c67186e5897537a7dc0860392d7b520308b30f076261fd660c1384464055b	Reporting Engine	4.2 الوضع المتقدم	2973
F-002318	- اختيار هيكل التقرير	7ce50b064edc031eb8822fb74c731875fc366b4f32184d1b3ff4e8f3f2adb5b5	Reporting Engine	4.2 الوضع المتقدم	2974
F-002319	- اختيار الأقسام	5b51f4d5c40eb35483d51f28807262ce3f8de788be98d0f819b4f3469e694d5c	Reporting Engine	4.2 الوضع المتقدم	2975
F-002320	- اختيار ترتيب الصفحات	40815a7611720a6d81ff8a3692fbc734c88a5d4a359c692ba380ec2ea1a498c8	Reporting Engine	4.2 الوضع المتقدم	2976
F-002321	- تخصيص الجداول	821d9161fd6eefc335a21bf75d94b009f7cf1836135d912181eb76710e3d6973	Reporting Engine	4.2 الوضع المتقدم	2977
F-002322	- تخصيص طريقة عرض الرسوم	ea9a889f43a15d8e51706cad450b2deb386027a3b496e91fe7294fe0e0d91858	Reporting Engine	4.2 الوضع المتقدم	2978
F-002323	- تخصيص احترافي	3ad9ad7838d30d6e95f1d3794641b7784de4aa7e556f0cf85386302e8ee328c9	Reporting Engine	4.2 الوضع المتقدم	2979
F-002324	- اختيار نمط رسمي	4728c38bd4766f19bbf43e7ff21dde1f405529d761017acd5bcf8b9604de6d1a	Reporting Engine	4.2 الوضع المتقدم	2980
F-002325	- نمط تنفيذي مختصر	813d765d90a3d220b62ddf1a1a73fb4ac156dc4e1ebc5d3fe892bd46b50b7861	Reporting Engine	4.2 الوضع المتقدم	2981
F-002326	- نمط تفصيلي موسع	d5630f1cc82c32e9d0d176778e5c0d973f439c9043b1195ead0cd695820a318d	Reporting Engine	4.2 الوضع المتقدم	2982
F-002327	- إعادة تنسيق التقرير بالكامل	ef9505c9d02733f1350b385bfb1b497c7dbc726a3d95d6a3244463f543f4f91e	Reporting Engine	4.2 الوضع المتقدم	2983
F-002328	- إعادة تنسيق احترافي	77cd8bf70915b815e86fb40aefb3db65b49ec3a20b74a3a02308a75d9c744ea2	Reporting Engine	4.2 الوضع المتقدم	2984
F-002329	- تحسين توزيع النصوص	e4b9a613068f3bc32b198861b93d06d503f079c93ba5bf572596ab24ae834591	Reporting Engine	4.2 الوضع المتقدم	2985
F-002330	- إعادة تنسيق الجداول	b435937e65060dd7571bef27e4b8c424685c202f0c69a4f8e545cae0b47e4f9d	Reporting Engine	4.2 الوضع المتقدم	2986
F-002331	- تحسين المسافات	17f9f69e82798426f96d1c449c25dea754d420583df8eb4098040c35fc4eed87	Reporting Engine	4.2 الوضع المتقدم	2987
F-002332	- ضبط ألوان العناوين	af08c50d972ec16db9c3856c39bf36146f92071167866a471a99cd130a6c7942	Reporting Engine	4.2 الوضع المتقدم	2988
F-002333	- ترقيم الصفحات تلقائيا	c99b53c6978b1a3a5f6b8769715fb29c52b1dca2c15ce64baf8f043ef21dc2cb	Reporting Engine	4.2 الوضع المتقدم	2989
F-002334	- جدول محتويات تلقائي	9b3f2422ce25426c5961fa74516bc13a2cb82f098780089e78d592bd08736f76	Reporting Engine	4.2 الوضع المتقدم	2990
F-002335	- رؤوس وتذييلات قابلة للتخصيص	f21b6614871f611bfa3acc6f529f809442aee8c0e38d174c7589323ace98a5ca	Reporting Engine	4.2 الوضع المتقدم	2991
F-002336	- إنشاء تقارير دورية تلقائية مجدولة	5c0693d2370f2f03e12acf35da2e30bd5c1537a54f6ba8eae9da1e5e11f37b9f	Reporting Engine	4.2 الوضع المتقدم	2992
F-002337	- التحكم في مستوى التفصيل في التقرير	7c4cce1e642d72ee3d2a5bdf8d2215097bfd057cc1729aa3ada4e15e7e16fd7b	Reporting Engine	4.2 الوضع المتقدم	2993
F-002338	- جدولة تقارير يومية وأسبوعية وشهرية مع إرسال تلقائي بالبريد	aba3cbaa9aa2fbbe8d9acbb61bbefc29a75432ede23572c4ca346195e70e1f31	Reporting Engine	4.2 الوضع المتقدم	2994
F-002339	- جدولة التقارير وإرسالها تلقائيا	42841952ab7e5c54b36e3cdbd7264a0c54bcf477ab1ad3d87a0e6b6129d2af6f	Reporting Engine	4.2 الوضع المتقدم	2995
F-002340	- تقارير مهيأة للطباعة الرسمية	578e5b13045f2135166fdcda8db25a7177f8e4aa0803adb66bee6ab95da59d8c	Reporting Engine	4.2 الوضع المتقدم	2996
F-002341	- تحديث مجدول للشرائح قبل الاجتماع	8e0ba65bd85f60000d4b5f5fe04358651a6096ecbf0e3f555cb17df0d5003217	Reporting Engine	4.2 الوضع المتقدم	2997
F-002342	- وضع تثبيت الاجتماع	521a7458ec10a8f2f50122a22824ca8ebdd66e3227cde3bcf03e179de6c20ff9	Reporting Engine	4.2 الوضع المتقدم	2998
F-002343	- الوضع المتقدم لإنشاء التقارير	55812361dd581a0035697a569820e723120ca1ab9466fc5bda305224eb4658d6	Reporting Engine	4.2 الوضع المتقدم	2999
F-002344	- مراقبة المقاييس حتى عندما تكون بعيدًا عن لوحات المعلومات الخاصة بك مع تنبيهات عبر البريد الإلكتروني أو الرسائل القصيرة	7e67987cdf926b97a7405c8a924bafa15f94381ac83a0d9532a461e0616b765b	Reporting Engine	4.2 الوضع المتقدم	3000
F-002345	- الوضع المتقدم	c39e48fd5e5fc83e6e5412331235f22f8dbf7170285d091511ef00c2c33e2d79	Reporting Engine	4.2 الوضع المتقدم	3001
F-002346	- تحديد نبرة التقرير (غير رسمية، احترافية)	ea1edb3c07d58279927bc10649931b1c088044d50063c4ef85727cd45c814333	Reporting Engine	4.2 الوضع المتقدم	3002
F-002347	- تحديد نمط وتصميم التقرير (مباشر، هندسي، متطور)	bd6af4853d253884b02b592560e06fdd1175e26c2e47d51eca0292e05d34ed4a	Reporting Engine	4.2 الوضع المتقدم	3003
F-002348	- تحويل الأوامر النصية إلى تحليلات وتقارير	4ce7a9df1f77ee420a1a87ec259cf06bd00ca1a13c97f04349801d98161af18e	Reporting Engine	4.2 الوضع المتقدم	3004
F-002349	- تحويل الأوامر النصية البسيطة إلى تقارير مصممة بالكامل	4674e876374b70c7125d04085ace9539ab93fad9401957bd3373d390d74c42f7	Reporting Engine	4.2 الوضع المتقدم	3005
F-002350	- تحويل البيانات والمستندات إلى تحليلات ولوحات معلومات وتقارير	74a72fa7c2176f0d1b651e343bdb6bd8194c52041af4c54ee84f513140550fde	Reporting Engine	4.2 الوضع المتقدم	3006
F-002351	- تحويل التقارير بسهولة إلى شرائح PowerPoint	8522df0bc57b2ef2c3713b60c53f9964dd10c3dbd552afb81ea60010ba1fccb9	Reporting Engine	4.2 الوضع المتقدم	3007
F-002352	- تحويل المحادثات والاستكشافات إلى تقارير وشرائح منظمة	d298df3dbae8a3b699151218e411c1176e2080b93c438ad7f8d7c5158ae0d578	Reporting Engine	4.2 الوضع المتقدم	3008
F-002353	- تحويل الملفات أو الأفكار إلى تقارير واضحة وثاقبة على الفور	108673173fc903548706d4d8215eef573d21c0bc8a7c4afd8537666555fa4845	Reporting Engine	4.2 الوضع المتقدم	3009
F-002354	- تحويل تحديث حالة المشروع إلى عرض تقديمي أنيق واحترافي	6da257ee45fed01398c148d82c534990859825a6cd20f5dc0466f8c0746472f7	Reporting Engine	4.2 الوضع المتقدم	3010
F-002355	- تحويل مؤشرات الأداء الرئيسية والاتجاهات والنتائج إلى عروض تقديمية مرئية واضحة	36f7ff513ee2a786ee5e902bf3abfdcaeed9713c4d937d6e79408bf5ac635d0a	Reporting Engine	4.2 الوضع المتقدم	3011
F-002356	- تحويل مستند إلى عرض تقديمي في PowerPoint	178087f1b6ffb304b867950a9f898c71f7a2de2fe8854acab5d2a78f20f4855c	Reporting Engine	4.2 الوضع المتقدم	3012
F-002357	- تحويل ملاحظات غير رسمية إلى تقرير رسمي	521e2870bed3d7cb1abf938bf3a4191f2edccd041be74f359fbdb6f62e514ea5	Reporting Engine	4.2 الوضع المتقدم	3013
F-002358	- تعديل نبرة التقرير	5fc674c835e2086aadc1ee3f5ec0312a7c2e3bba84deb2fc73b10466ab319d4d	Reporting Engine	4.2 الوضع المتقدم	3014
F-002359	- جدولة التقارير	fb3ffea3f9184cd914fc563ccba2653a3de2a96828fc26d72c24508f9ab73f71	Reporting Engine	4.2 الوضع المتقدم	3015
F-002360	- اقتراح توصيات ذكية ودعم القرار	a29c249a865bdc00d847ee55f5d20426ee7eae3903bbaa522ff673bb32823408	Reporting Engine	4.2 الوضع المتقدم	3016
F-002361	- توصيات مخصصة لكل مستخدم	a67db5befb770765cd31491219f25b2f0e106f1a09d10a069bafa587d27252b1	Reporting Engine	4.2 الوضع المتقدم	3017
F-002362	- توصيات فورية أثناء العمل (ذكاء سياقي)	cbe90260a9eaa323a5b31660a3b9dacf3fb6dd4a45aa77a2dfb1d24a06f317d9	Reporting Engine	4.2 الوضع المتقدم	3018
F-002363	- توصيات بناءً على حدود الذاكرة (memory limits)	59054a130026285c75e7ac27696ef43bcb938f91652ab288007402f2fb3b6bc2	Reporting Engine	4.2 الوضع المتقدم	3019
F-002364	- تعديل أي فقرة أو جدول أو تنسيق أو ترتيب بعد الإنشاء	9a0b7f9194d2396b6508f15e251879d869de9c3dedb2528da8fbc6871f02fa25	Reporting Engine	4.3 التحرير الكامل بعد الإنشاء	3025
F-002365	- إضافة أو حذف فصول وإدراج رسوم جديدة	ff78decbaad945bf4e8b6692c07af8626542f9ca51c0f5d25e7075c9934530b2	Reporting Engine	4.3 التحرير الكامل بعد الإنشاء	3026
F-002366	- محرر تقارير مرئي بالسحب والإفلات	0af0d4b2af91d0925b8eef4f60c6b8d83dd067d2ad15b943f3821296d4249cfe	Reporting Engine	4.3 التحرير الكامل بعد الإنشاء	3027
F-002367	- التحرير الكامل للتقارير بعد الإنشاء	636560ecd40333f145e622204e6e975de669ebb80d7d9ee61f1ea917bacd4ef9	Reporting Engine	4.3 التحرير الكامل بعد الإنشاء	3028
F-002368	- الإنشاء التلقائي لا يلغي التحرير	26ed45f0fcc707e70e1b6cd3e6bfb9b3ebe907d61872e77abbc5f35092e1e28a	Reporting Engine	4.3 التحرير الكامل بعد الإنشاء	3029
F-002369	- يمكن تعديل أي فقرة	4bf238bbeaed2299b2cdb622ca6c8e89fa50b91f5a9eb97a8442a8c78e1950c6	Reporting Engine	4.3 التحرير الكامل بعد الإنشاء	3030
F-002370	- تعديل أي جدول	b1fc5e95ae3c9f4abdeb936ba54ed302812a861918ad4c849a172bcad807505f	Reporting Engine	4.3 التحرير الكامل بعد الإنشاء	3031
F-002371	- تغيير تنسيق أي صفحة	6113b53c3449265f83148e1c1f14182234b95b1e01ea6a1f7d510316be75caf0	Reporting Engine	4.3 التحرير الكامل بعد الإنشاء	3032
F-002372	- تغيير ترتيب الصفحات	74fc9ed55319f86324a997289bda3eab508dff306fc362c318065ae87a4b5070	Reporting Engine	4.3 التحرير الكامل بعد الإنشاء	3033
F-002373	- إضافة فصل جديد	992bba2ebdb57c51c25489306609a231021d4da2303c07f04abf160693bdb594	Reporting Engine	4.3 التحرير الكامل بعد الإنشاء	3034
F-002374	- إدراج رسم جديد	13634ac8dadbedc35728ea61e168a58fb4d72ea1c36871a92309738c763a4c73	Reporting Engine	4.3 التحرير الكامل بعد الإنشاء	3035
F-002375	- تعديل صياغة الملخص	36afacc75289a034617fc672aee476e14f4dc4ffb7a131753344f376190e372f	Reporting Engine	4.3 التحرير الكامل بعد الإنشاء	3036
F-002376	- محرر تقارير مرئي	ac41ef38242ede65095e15b420d64bddff166796872621504aeb6bc974a6397a	Reporting Engine	4.3 التحرير الكامل بعد الإنشاء	3037
F-002377	- سحب وإفلات أقسام	42792888d5f11e77cf01dcd126da52a5dbfe8d514688a3c2e6059fa656c2c339	Reporting Engine	4.3 التحرير الكامل بعد الإنشاء	3038
F-002378	- تقسيم الصفحة	665e307232b9577336f66bea61706d97543ed4534b499c2f5d9dbfc6dece412a	Reporting Engine	4.3 التحرير الكامل بعد الإنشاء	3039
F-002379	- إدراج أعمدة متعددة	19b1cd808783c5ee5af85e38fcab1eeb37f8c9fb242e952f3fe96d743e88ecc4	Reporting Engine	4.3 التحرير الكامل بعد الإنشاء	3040
F-002380	- إدراج جداول تفاعلية	a5b3da7e59a49604c1c128c5c9895dec7749fe9509959b6d81f3ca063a79d986	Reporting Engine	4.3 التحرير الكامل بعد الإنشاء	3041
F-002381	- تعديل تنسيق الجداول	6225d16ac4875bb9651354c41c616714a59e2ccef4990a82580bb3bbe93763b0	Reporting Engine	4.3 التحرير الكامل بعد الإنشاء	3042
F-002382	- تعديل رؤوس الأقسام	8dfa48ddd1fd11e178f5d3ed612f26fe7e6564ef3f7033a865956eef9d5547cd	Reporting Engine	4.3 التحرير الكامل بعد الإنشاء	3043
F-002383	- تغيير أنماط العناوين	95d3e4c617348b29b4359ca9e371046c7b881624b2d510a52fffab46fe1f6e02	Reporting Engine	4.3 التحرير الكامل بعد الإنشاء	3044
F-002384	- إنشاء نسخة جديدة من أي تقرير	7f61d4983f444338a6fd4953ea5d52e6e89e9584aa74d8038b415bfef8dba5a4	Reporting Engine	4.3 التحرير الكامل بعد الإنشاء	3045
F-002385	- محرر تقارير كامل	4e94d79e94c7c4e7c7b45cf0834a54322c687911dbff9778490d38806c66e348	Reporting Engine	4.3 التحرير الكامل بعد الإنشاء	3046
F-002386	- منشئ تقارير بواجهة بصرية لاختيار البيانات والأعمدة والفلاتر والتنسيق	18e9de27be24c68ba97342e33f457415812ba5378cca4311188674072de4001c	Reporting Engine	4.3 التحرير الكامل بعد الإنشاء	3047
F-002387	- فلاتر ديناميكية بحيث أي حقل يصبح فلتر مع فلاتر محفوظة ومترابطة	1631ab0d14e0cd261afb0a20a0b2d9ac4b7b8c12f82b7beb8d60207e2ef7022f	Reporting Engine	4.3 التحرير الكامل بعد الإنشاء	3048
F-002388	- تقرير يرسل تلقائيا عند تحقق شرط معين مثل ارتفاع مؤشر أداء أو فشل مزامنة	2d8e128f0e7c0dccfdea21675eca183e520dadd530bf77efac87905014b57a39	Reporting Engine	4.3 التحرير الكامل بعد الإنشاء	3049
F-002389	- تلخيص التقارير أو الموضوعات.	d454898d1092c5ff2d6909e158ca1c7fd16ffc5dbc5f2d5d2de3887887d1506b	Reporting Engine	4.3 التحرير الكامل بعد الإنشاء	3050
F-002390	- الإجابة على الأسئلة المتعلقة بالبيانات.	6cc3c678452342543656c4bf59b33765d5761b23e0efda943b9d393e969d8dcb	Reporting Engine	4.3 التحرير الكامل بعد الإنشاء	3051
F-002391	- إنشاء وتحرير التقارير.	606f9acbba5c082c79d5ac1fd24fcc683624c7798e10c788c48c3d718b054b86	Reporting Engine	4.3 التحرير الكامل بعد الإنشاء	3052
F-002392	- تلخيص النموذج الدلالي الأساسي.	221054aff05b62ade0d325c89d117f32468596c4aa11a945090025a60ccf642e	Reporting Engine	4.3 التحرير الكامل بعد الإنشاء	3053
F-002393	- الحصول على ملخصات للتقارير بأكملها.	74398f55d410c850076cf76f8089995a7aeb39607fc3f2fa64968dda9933a9aa	Reporting Engine	4.3 التحرير الكامل بعد الإنشاء	3054
F-002394	- التركيز على مواضيع محددة.	7d79d8a57b3f009f3684f30c06961e8bc3985487dc7ac87c1c4236c0cec60e39	Reporting Engine	4.3 التحرير الكامل بعد الإنشاء	3055
F-002395	- تسليم تقارير مجمعة عالية التنسيق وجاهزة للتدقيق لآلاف المستلمين.	d2e6418e2b60c9ba84ff28c86c5717c65101b559315b400a3d1b1e7aa7fa3bbc	Reporting Engine	4.3 التحرير الكامل بعد الإنشاء	3056
F-002396	- التحرير الكامل بعد الإنشاء.	38c2a80e9f0b659a1d6f1712681f97790ab6043c546280982ade00bf8c09ca9c	Reporting Engine	4.3 التحرير الكامل بعد الإنشاء	3057
F-002397	- التحرير الكامل بعد إنشاء التقارير	61b588663f231327f79969d9e9d5f5eeaa5cec9c787533163a8ad83ae561276a	Reporting Engine	4.3 التحرير الكامل بعد الإنشاء	3058
F-002398	- التحرير الكامل بعد الإنشاء	f25d0ba86d48c171da1ef681c95e8e1491142ff7f865f473fded49673bf31365	Reporting Engine	4.3 التحرير الكامل بعد الإنشاء	3059
F-002399	- تحديث أشرطة التقدم تلقائيًا أثناء العمل	664e2fde54b38122b07fbe64e53de9e2635bd3ec442e292cffaeec7dab906df7	Reporting Engine	4.3 التحرير الكامل بعد الإنشاء	3060
F-002400	- تحديث الأبحاث تلقائيًا مع تغير السوق	655de4bb61adce7434f80b7ff1fd36a77181f8e3dbe2c7707779fcf52256934a	Reporting Engine	4.3 التحرير الكامل بعد الإنشاء	3061
F-002401	- تحديث النص ديناميكيًا بناءً على معايير أو حسابات محددة	feb9d7704e37b9ed5fe0564f7d7b1e4ca12a2ccff99e1a9d5e06e6ac96191290	Reporting Engine	4.3 التحرير الكامل بعد الإنشاء	3062
F-002402	- صياغة التقارير والمذكرات والموجزات مع هيكل	3ecf123032b757c14c1fc12b0f170215d280bc0b6d6cf10cc412990a245fdcee	Reporting Engine	4.3 التحرير الكامل بعد الإنشاء	3063
F-002403	- صياغة تقارير منظمة مع أدلة وملخصات وتوصيات بناءً على الهدف والسياق	56cefa1f9458a9a64518fd9e087c41f6e30d2e99df81dadbba486c9c3ca6517e	Reporting Engine	4.3 التحرير الكامل بعد الإنشاء	3064
F-002404	- صياغة تقرير أداء ربع سنوي	c1c110ccefdd8dce189b567800f8f4d0e0e57330247db7c51d40554d835296d5	Reporting Engine	4.3 التحرير الكامل بعد الإنشاء	3065
F-002405	- صياغة رسائل البريد الإلكتروني والمقترحات والتقارير	c0dfa5c7f0f9a5cf978aef374c7e69798c5c66bffeccb94038ba95a80b4900f5	Reporting Engine	4.3 التحرير الكامل بعد الإنشاء	3066
F-002406	- صياغة محتوى مهم في ثوانٍ	8a04ec823467444ce8d5b03d81bce5f51c314bce827db516def5e2b76524cf2c	Reporting Engine	4.3 التحرير الكامل بعد الإنشاء	3067
F-002407	- صياغة مقترح مشروع بناءً على ملاحظات الاجتماع	fcc8ca758cab279930af3054ccb28faf388cdec70fe2fba5a5e8366bc3cda942	Reporting Engine	4.3 التحرير الكامل بعد الإنشاء	3068
F-002408	- كتابة تقارير أعمال من صفحة واحدة	62a180ad7cbd97e708ad2d0481f9c5aa2d4a46d7c1bd02c69e62106c2019becd	Reporting Engine	4.3 التحرير الكامل بعد الإنشاء	3069
F-002409	- كتابة تقارير الأداء	7856f9b8ae2130e8123a64bc741a92e9132c37a69a8f6b3a1f03848d3d358ee5	Reporting Engine	4.3 التحرير الكامل بعد الإنشاء	3070
F-002410	- كتابة تقرير موجز للمستثمرين العالميين	89b1f54ea0910d9d552af7926daf6668370a18b7e8e281ef532fbd9c7fed63e3	Reporting Engine	4.3 التحرير الكامل بعد الإنشاء	3071
F-002411	- كتابة مسودة أولى لتقرير بحثي	78ed757d269f2deda05200df958256e1a921c3f2fc313093d11c06c21c922163	Reporting Engine	4.3 التحرير الكامل بعد الإنشاء	3072
F-002412	- كتابة ملخص تنفيذي لتقرير بحثي	8adea5d0bdb2883da3fb3476bc41f49f12e1cf09fbfdb2fb20e90a8319bc26b4	Reporting Engine	4.3 التحرير الكامل بعد الإنشاء	3073
F-002413	- كتابة ملخصات تنفيذية	c30848f308e1e8288d739cb4a51d72ce3fb3b20786dde6365f6b872ffef82d33	Reporting Engine	4.3 التحرير الكامل بعد الإنشاء	3074
F-002414	- مراجعة اتفاقيات مستوى الخدمة (SLAs)	7905c93a8747b4bb8310292bcefdd7305fd08e9f03bcb41536f2b4254a05574b	Reporting Engine	4.3 التحرير الكامل بعد الإنشاء	3075
F-002415	- مراجعة الأداء وتحليل النتائج ومشاركة الرؤى من العام الماضي	eb9b30da5f0f828c1b7924374d82e381c061ad68e32e04a4628b942aea6bbc5e	Reporting Engine	4.3 التحرير الكامل بعد الإنشاء	3076
F-002416	- مراجعة العقود القانونية وتلخيصها	6dd7cc3de50a6a06c4ddba04f1f434dc8dd0a362b675b52b8c88d64acded7f5d	Reporting Engine	4.3 التحرير الكامل بعد الإنشاء	3077
F-002417	- مسح المصادر ومقارنة المنافسين وتحويل البحث إلى موجزات واضحة	b55683ad7dd3ad179fc24d6eea3bbce714197ad0e12a3fdd989e5018ac45b125	Reporting Engine	4.3 التحرير الكامل بعد الإنشاء	3078
F-002418	- هيكلة التقارير تلقائياً	e28986388b56e79c4a5258590ca06ae95aa93b3d838a929f7833e0ebe1d8a753	Reporting Engine	4.3 التحرير الكامل بعد الإنشاء	3079
F-002419	- إنتاج تقارير مع المخططات والتصورات	b977ba323db33eb74fafefa43483937623f191d90851c58114ea88e47fa2976c	Reporting Engine	4.3 التحرير الكامل بعد الإنشاء	3080
F-002420	- إنشاء تقارير منظمة	89bbda60b3aae0899a776692c505a71fb62ea7f32813b6a9bd68863f943d9f52	Reporting Engine	4.3 التحرير الكامل بعد الإنشاء	3081
F-002421	- إنشاء تقارير أداء الأعمال	fab2b20f0eada55b9dc2538a83044d0b26fc0a72f2154ea0f2d3602848e38b04	Reporting Engine	4.3 التحرير الكامل بعد الإنشاء	3082
F-002422	- إنشاء تقارير أداء المبيعات السنوية	fef978faebb0d31503383e8658026658e9363b7c2ca49312fcb127a4b508c806	Reporting Engine	4.3 التحرير الكامل بعد الإنشاء	3083
F-002423	- إنشاء تقارير أداء المبيعات والملخصات المالية وتقارير التسويق	40cb85bd183bafa48ca0af499b777a75ba7da65455043704213a689ce98d2be8	Reporting Engine	4.3 التحرير الكامل بعد الإنشاء	3084
F-002424	- إنشاء تقارير الأداء	7e9e68b3ff5fb3f66642ce4b8a7e77970cfff46dd959ca01e6f30285c3e29674	Reporting Engine	4.3 التحرير الكامل بعد الإنشاء	3085
F-002425	- إنشاء تقارير السوق	944b767261e4e792350e9fdf3b2732286f3fdb01041084b76704ffafaaec2021	Reporting Engine	4.3 التحرير الكامل بعد الإنشاء	3086
F-002426	- إنشاء تقارير تشغيلية	44f79c6006b598d86f147328907db4e22a693f5249c41d785200b6c9218ef117	Reporting Engine	4.3 التحرير الكامل بعد الإنشاء	3087
F-002427	- إنشاء تقارير حالة المشروع	1ae5ec956101efaf90d6db77e8bcd5da2cb2a8fe3f885161679c2b5fb3d0b7cf	Reporting Engine	4.3 التحرير الكامل بعد الإنشاء	3088
F-002428	- إنشاء تقارير مالية	867d666079d24f088cefaa289f0c61fc41892fc01a254de25871dd167c05a5d0	Reporting Engine	4.3 التحرير الكامل بعد الإنشاء	3089
F-002429	- إنشاء تقارير متعمقة عن اتجاهات السوق وسلوك المستهلك	4335b635961dac2216dd9ebe3d26414dc97fd66a664cc8a84fa4865f4eeb246d	Reporting Engine	4.3 التحرير الكامل بعد الإنشاء	3090
F-002430	- إنشاء تقارير مجلس الإدارة	506589e79d9bd3d46e164592079b2943ba83901a0188b869896d4e3d47a44dd1	Reporting Engine	4.3 التحرير الكامل بعد الإنشاء	3091
F-002431	- إنشاء تقارير مخصصة باستخدام أوامر نصية بسيطة	34526882ade515b2419b3cbe3ac7dca32cdc271caa644240d056e1558f158489	Reporting Engine	4.3 التحرير الكامل بعد الإنشاء	3092
F-002432	- إنشاء تقارير مدعومة بالذكاء الاصطناعي من Excel و CSV و PDF أو موضوع معين	44b4dcbe5d5c39344490fdc475aaa33ec3b105f54ecc19b24153758b07462fac	Reporting Engine	4.3 التحرير الكامل بعد الإنشاء	3093
F-002433	- إنشاء تقارير معمقة حول اتجاهات السوق وسلوك المستهلك	bafc9f40f2750de272eee86cb148754a7fe8d46f53be78fc2980f6613294429b	Reporting Engine	4.3 التحرير الكامل بعد الإنشاء	3094
F-002434	- إنشاء تقارير منظمة مع الأدلة والملخصات والتوصيات	e03c4fb683022944a6a76d0077d12215baab801779951c049ce14d31e581eab4	Reporting Engine	4.3 التحرير الكامل بعد الإنشاء	3095
F-002435	- إنشاء تقارير ومقترحات	60e117d22cdb9b9d6a832ebc78850cb99d2354bf18cf230800456dda8d598f0a	Reporting Engine	4.3 التحرير الكامل بعد الإنشاء	3096
F-002436	- إنشاء تقرير أداء الحملات التسويقية	8460c71b26f654812c8fa820d8d2efb6cd42d1e87cb216b28e02f0eb33d95e74	Reporting Engine	4.3 التحرير الكامل بعد الإنشاء	3097
F-002437	- إنشاء تقرير أداء ربع سنوي للإدارة	adb6ec7146ab4605296aeb12a3e9ff6e501d1b647b3c5e7c564a58af70d2d210	Reporting Engine	4.3 التحرير الكامل بعد الإنشاء	3098
F-002438	- إنشاء تقرير أسبوعي عن أداء المبيعات	3af27aa4d69245bab2045e827d9988c5728cc8a5baa65d139dcdb2491a9b7ee8	Reporting Engine	4.3 التحرير الكامل بعد الإنشاء	3099
F-002439	- إنشاء تقرير بحثي مع تصورات بيانية للنتائج	588ccd15eae3f405a555a5b6721bafd49228305a48b1c1959bdd56eba818aa83	Reporting Engine	4.3 التحرير الكامل بعد الإنشاء	3100
F-002440	- إنشاء تقرير بحثي مع تصورات للبيانات الإحصائية	7a2bb860590a4c9877ab0c5a36caf7f1874a9e28ea8e1e48b304c2f8fbd5fdc9	Reporting Engine	4.3 التحرير الكامل بعد الإنشاء	3101
F-002441	- إنشاء تقرير تحليل SWOT لتقييم وضع الشركة	6e71a9bbbc717b171548e1807e9975d2ef51ab94e782b6a14d1023109e513aa6	Reporting Engine	4.3 التحرير الكامل بعد الإنشاء	3102
F-002442	- إنشاء تقرير تحليل المنافسين	d226b0b5b940c10f9ffac469c8a9bfc2c88707ca02d14c4b0b386054a2a486ab	Reporting Engine	4.3 التحرير الكامل بعد الإنشاء	3103
F-002443	- إنشاء تقرير حالة لمشروع معين	4f168baac611f3260cc7d1cbd2ddf90387fff830027199f92c2cef654833d820	Reporting Engine	4.3 التحرير الكامل بعد الإنشاء	3104
F-002444	- إنشاء تقرير ربع سنوي عن أداء التسويق	b6a1557b6a1edb5241896a297a2ef24842d5714a39a7d90e0afc0b2f2725bec1	Reporting Engine	4.3 التحرير الكامل بعد الإنشاء	3105
F-002445	- إنشاء تقرير ربع سنوي يوضح أداء الفريق	dbd3e9555bcc989f919c9522016c22cbafb9709e36e46ab5fd373a460384a019	Reporting Engine	4.3 التحرير الكامل بعد الإنشاء	3106
F-002446	- إنشاء تقرير سنوي للشركة	f9a996f41ab433f7350638b391f5cecbc5f57370a2b6feab63e33c94e0d8e5db	Reporting Engine	4.3 التحرير الكامل بعد الإنشاء	3107
F-002447	- إنشاء تقرير سنوي مالي للشركة	ae84888dd00172da3e6a05c07d732cd5fae0b2c7a5e15512f9f373e2fb34b1f4	Reporting Engine	4.3 التحرير الكامل بعد الإنشاء	3108
F-002448	- إنشاء تقرير عمليات يومي لقسم الخدمات اللوجستية	1b9c112f289e2bc3db33dfc0cd2c066ec407943af6dddc1c9fe02e41eb6bfc7e	Reporting Engine	4.3 التحرير الكامل بعد الإنشاء	3109
F-002449	- إنشاء تقرير مالي ربع سنوي مع تحليل مفصل	bf3bec0a26ab5e0f2ec81ba0e13873334cac516fd2b2ac1fc56b8d46bc5d5cb1	Reporting Engine	4.3 التحرير الكامل بعد الإنشاء	3110
F-002450	- إنشاء تقرير مالي سنوي	626a50b4a3c60183014d15f03edc8acd2e59c953641e161427d92a5e998ff288	Reporting Engine	4.3 التحرير الكامل بعد الإنشاء	3111
F-002451	- إنشاء تقرير مالي مع الرسوم البيانية التفاعلية	d9e78fc80581b56a7ebe76e9cafd5f2e7c8cc49081b5f57ce9b28be031cf5e79	Reporting Engine	4.3 التحرير الكامل بعد الإنشاء	3112
F-002452	- إنشاء تقرير مبيعات تفاعلي في Power BI	99081d3c62918f3790d011fec6fac8bff70cd51eb4f13ae5a4c96f4526568907	Reporting Engine	4.3 التحرير الكامل بعد الإنشاء	3113
F-002453	- إنشاء تقرير مبيعات من ملف Excel	b61fe79a06d323188f4c128847c228c72e2ae05a801489953e369a9c3e1490e2	Reporting Engine	4.3 التحرير الكامل بعد الإنشاء	3114
F-002454	- إنشاء تقرير مشروع للمدرسة أو الجامعة	425cd3b8b1e16b4979381f6a6aa042a21a0761c7995cd6c85426a47eb83bd71f	Reporting Engine	4.3 التحرير الكامل بعد الإنشاء	3115
F-002455	- إنشاء توقعات للإيرادات	ab536e951ed85a3401f0705f40a39af7ce22c97905394d751828e59e556a096c	Reporting Engine	4.3 التحرير الكامل بعد الإنشاء	3116
F-002456	- إنشاء حملات تسويقية وطلبات تقديم العروض (RFPs)	1c8622f7a3b3698decb6c65c3164de6b21104a470266fd83ca426113b4998fba	Reporting Engine	4.3 التحرير الكامل بعد الإنشاء	3117
F-002457	- إنشاء خطة عمل لمشروع جديد	46427eaa0bac58954235967d5b5393e33c647c4407787fa1576f5319b6508c55	Reporting Engine	4.3 التحرير الكامل بعد الإنشاء	3118
F-002458	- إنشاء دليل تدريبي للموظفين الجدد	204486ba0df74861130f6713c1f6d90bb4b0de03ade428953bd1168f0b76f790	Reporting Engine	4.3 التحرير الكامل بعد الإنشاء	3119
F-002459	- إنشاء رؤى مكتوبة تلقائيًا من البيانات	1345cd095ba8a5c45359e3a0b40ceb8abc5ee1d239edaa63624f8cdae8c6e644	Reporting Engine	4.3 التحرير الكامل بعد الإنشاء	3120
F-002460	- إنشاء صفحات تقرير كاملة باستخدام الأوامر النصية	55e61cde9081d96944a04a4e690b9fff73c37dd34d935483671e5bad5776311b	Reporting Engine	4.3 التحرير الكامل بعد الإنشاء	3121
F-002461	- إنشاء استراتيجيات الذهاب إلى السوق	72dac70da39f06bb6cd6d6529f1d65b04b0aa7c8679c8ef1172d361e6e451c85	Reporting Engine	4.3 التحرير الكامل بعد الإنشاء	3122
F-002462	- إنشاء الرسوم البيانية ومشاركة الرؤى	ff426c53c76d1693eb23cb03d08f6b305c7be530cfe7753af1de132afe0bdf63	Reporting Engine	4.3 التحرير الكامل بعد الإنشاء	3123
F-002463	- إنشاء قوائم تحقق لضمان دقة التقارير	fceb6358de2ee4141bb9008ae37cba5cff81d367fdfed21a1392f958ce32fb5b	Reporting Engine	4.3 التحرير الكامل بعد الإنشاء	3124
F-002464	- إنشاء كتيبات تدريبية وكتب إلكترونية	d7b3ba9a96d03c78ae92b82cddbf0f59f22eb43848e622133bec372fb1eaa2a3	Reporting Engine	4.3 التحرير الكامل بعد الإنشاء	3125
F-002465	- حفظ النتائج مباشرة في لوحات المعلومات أو التقارير	e1aa1c9e82d355df7a9d35f2848222bc0a919484c73d750698b2cbf96365e1f5	Reporting Engine	4.3 التحرير الكامل بعد الإنشاء	3126
F-002466	- جدولة التقارير	fb3ffea3f9184cd914fc563ccba2653a3de2a96828fc26d72c24508f9ab73f71	Reporting Engine	4.3 التحرير الكامل بعد الإنشاء	3127
F-002467	- حل الحوادث بسرعة من خلال ملخصات المشكلات	c133895a04aa892afdec4a8c0aae862448190b6f0f4ac886373229cc4639bebd	Reporting Engine	4.3 التحرير الكامل بعد الإنشاء	3128
F-002468	- حل مشكلات العملاء بسرعة	77b3a6a209cbb3a1acce9ebd48b174ac6b31f7d9dcd8076a626a838d210a30ad	Reporting Engine	4.3 التحرير الكامل بعد الإنشاء	3129
F-002469	- تقرير تدقيق هندسي مفصل	06072dada751fab61b9bb3586972fa439cd3a6335aadcce9d4162c08ab4e9775	Reporting Engine	4.3 التحرير الكامل بعد الإنشاء	3130
F-002470	- تصدير تقرير تنفيذي بنقرة زر	7d99b9e368725f78199ace274c59b9d32c530ff2ded03dc6ca0e58778ad56257	Reporting Engine	4.3 التحرير الكامل بعد الإنشاء	3131
F-002471	- إضافة صفحة غلاف وفهرس للتقرير	8a0c8250bb4984ad3d17544efdd92883ce9c1b2a126e7a01dcb7be9b17c6550c	Reporting Engine	4.3 التحرير الكامل بعد الإنشاء	3132
F-002472	- اختيار هيكل التقرير	7ce50b064edc031eb8822fb74c731875fc366b4f32184d1b3ff4e8f3f2adb5b5	Reporting Engine	4.3 التحرير الكامل بعد الإنشاء	3133
F-002473	- إعادة استخدام هيكل التقرير مع بيانات جديدة	da85d0d6d4fa6434edea5bbe62eb6dab16d2b8b2aa8606eeb22c4862fd3628bf	Reporting Engine	4.3 التحرير الكامل بعد الإنشاء	3134
F-002474	- محرر تقارير مرئي متكامل	1af4e154c9339f0f5eb7de8cb5ef233dfc5b8ca8162d91a7612732c8b6416567	Reporting Engine	4.3 التحرير الكامل بعد الإنشاء	3135
F-002475	- إعادة تنسيق التقرير بالكامل	ef9505c9d02733f1350b385bfb1b497c7dbc726a3d95d6a3244463f543f4f91e	Reporting Engine	4.3 التحرير الكامل بعد الإنشاء	3136
F-002476	- تحويل التقرير إلى عرض تقديمي والعكس	d30b96bd4531faffca0014dc93d09a5c62dcfe214ac929687d396cc1310da88f	Reporting Engine	4.3 التحرير الكامل بعد الإنشاء	3137
F-002477	- إرسال تقرير التنفيذ	19987999fb79af5d42ce02fab89aa9a0025f6031ef8ccc3fa72d48ffec66b7a4	Reporting Engine	4.3 التحرير الكامل بعد الإنشاء	3138
F-002478	- مراجعة التقرير	658537cf0f9fd1d525cfee02253ada1fec7ae5ca7d2846af7018f63f70d66016	Reporting Engine	4.3 التحرير الكامل بعد الإنشاء	3139
F-002479	- سحب قسم من المكتبة إلى التقرير يرث التنسيق تلقائيًا	a484d903cd69c6b1e360fdd34acdb9ae9a3f5cd7f9e944127aaa7f850263282c	Reporting Engine	4.3 التحرير الكامل بعد الإنشاء	3140
F-002480	- تحويل مستند إلى تقرير رسمي منسق	df21dc88fd09a7d8f3d63794eb878fc65771524af5c3d9ed5ef1f9553a547b06	Reporting Engine	4.3 التحرير الكامل بعد الإنشاء	3141
F-002481	- تسجيل تقرير مطابقة رقمي	f2d7c8524e1a5823aafe1d0a96545bfd6c2bfd2df2dea6bfa8341722205edcbe	Reporting Engine	4.3 التحرير الكامل بعد الإنشاء	3142
F-002482	- توليد تقارير متعددة الصيغ (PDF, PPTX, Word)	faa1658af1f2591a3b7682b62558c9490c0ebfc43e7059e528984ccd96bf3650	Reporting Engine	4.3 التحرير الكامل بعد الإنشاء	3143
F-002483	- تضمين مسار تدقيق كامل وأدلة في التقارير	929c87a65d8e09a811e4424a9a1ed1f549ba03cbbbbd965e8c0a3598377424f5	Reporting Engine	4.3 التحرير الكامل بعد الإنشاء	3144
F-002484	- إصدار التقرير بتنسيق مخصص	45d5b3a4cf3f6b377d6470c0ef8635a24f268386d24df1d6cf0f3a77c14978e0	Reporting Engine	4.3 التحرير الكامل بعد الإنشاء	3145
F-002485	- يحدث التقارير	e9a29c46d60ac5d991bd97fc772339bc7abc6542e03d6c52c7859a8d3802157a	Reporting Engine	4.3 التحرير الكامل بعد الإنشاء	3146
F-002486	- يراجع البيانات الجديدة	92532fb6835b6646a69b18220c8d76e7d133fc94c172e80a1fadf7e2c17e09a9	Reporting Engine	4.3 التحرير الكامل بعد الإنشاء	3147
F-002487	- يقترح تحسينات استراتيجية	a4e538806700b19f45cfd702c48c8ab6a73e3a3e04025e57bb588cc423623a7a	Reporting Engine	4.3 التحرير الكامل بعد الإنشاء	3148
F-002488	- قوالب جاهزة: تنفيذي ومالي وتشغيلي	c3ac23c4a7ee00c73900cd7fa462f41c68b361ef589294a9b52ac928219e6f90	Reporting Engine	4.4 مكتبة التقارير والقوالب	3154
F-002489	- حفظ أي تقرير كنموذج وإعادة استخدامه	6814dfbfe673240fe53336ef6e18883590fa067e4a9c528954deb07c6a124a2c	Reporting Engine	4.4 مكتبة التقارير والقوالب	3155
F-002490	- استيراد PDF أو Excel كنموذج لمحاكاته	c743028acf91b6202cdeba4dce127a4d262c3f6411867e44fc9376dfe13a1208	Reporting Engine	4.4 مكتبة التقارير والقوالب	3156
F-002491	- Component Library موحّدة مع قوالب موسعة	69da18a8a93355b8f4dc0a0f28c7758292b7f6c6cbdb1b4ce035f9c645e2930c	Reporting Engine	4.4 مكتبة التقارير والقوالب	3157
F-002492	- تحويل تقرير إلى Dashboard	86a53c68c23222ac06b00b9f487a59b36d5defa70d26a27bf1f70b473467c2fa	Reporting Engine	4.4 مكتبة التقارير والقوالب	3158
F-002493	- مكتبة التقارير	516c964a0714c48a90ccc459f8390fd0164ec1a7d539fa9596afd81344688b41	Reporting Engine	4.4 مكتبة التقارير والقوالب	3159
F-002494	- مكتبة تقارير	7c3f380d1a580da2f32d87a7290928e51d975caaef187085aefca8fc89e07f89	Reporting Engine	4.4 مكتبة التقارير والقوالب	3160
F-002495	- قوالب تقارير جاهزة قابلة للتخصيص	c383c8a608b750778318e611df7796065d250dd44466b85a4da6effbea920b1b	Reporting Engine	4.4 مكتبة التقارير والقوالب	3161
F-002496	- التقارير التفاعلية التي تسمح بالتصفية والتنقل	74c4aa0600130f64eb3313ed6cbd7d216ad106e6843dfb749166e1d971bbd850	Reporting Engine	4.4 مكتبة التقارير والقوالب	3162
F-002497	- تقارير جاهزة لكل وحدة	87af83682e13893f1f67bd37f03600bc7b5a0a0c4e2ac4330c0d0e549cd970fe	Reporting Engine	4.4 مكتبة التقارير والقوالب	3163
F-002498	- قوالب تقارير تنفيذية وتفصيلية ومقارنة واتجاهات مع الهوية البصرية	dc08e55d588aa9fdfd47d18a9780446b4b7afa3c48ae4c9b1879d80b9d3cc73e	Reporting Engine	4.4 مكتبة التقارير والقوالب	3164
F-002499	- حفظ التقرير كقالب لإعادة الاستخدام	ff26a9866adac9f329540d5d80f6c73d06498975a08a3e395c072acff2ba84c7	Reporting Engine	4.4 مكتبة التقارير والقوالب	3165
F-002500	- تقارير امتثال تنظيمية جاهزة للتقديم	670cb1c9b1a2cba738cf5253c5b3897864497239d3260ef7376c4580a7f74465	Reporting Engine	4.4 مكتبة التقارير والقوالب	3166
F-002501	- تحليل تفاعلي عبر المرشحات	7ff26a48f41bba7f1444da7ac7f41ee4b8abfe302287a8ddeba65910828a18ca	Reporting Engine	4.4 مكتبة التقارير والقوالب	3167
F-002502	- تقارير المراسلات تشمل العدد ووقت الاستجابة وأداء الجهات	16e96ec3b971b07ff7c446c86f4cd0f063bf7927d80031377559e8a5dfabda67	Reporting Engine	4.4 مكتبة التقارير والقوالب	3168
F-002503	- تقارير عن وقت كل مرحلة والاختناقات والأداء	a896ff19daec1cd5a70f0838ece36e9426100b951c584027062e7ca545cd63bd	Reporting Engine	4.4 مكتبة التقارير والقوالب	3169
F-002504	- تتبع وقت الاستجابة والإغلاق مع تنبيهات عند تجاوز المدة المحددة	7fc17dc55ac19ec269d92ba2aaf9c8a4e5c9f7b1aed7fbba50b865fb8c7e5e3f	Reporting Engine	4.4 مكتبة التقارير والقوالب	3170
F-002505	- تقارير أداء تشمل وقت الحل ومعدل التصعيد وأداء الفرق وأسباب التأخير	45af0533c021b211afdd262a0c8408ad75a078d117cada6e439ba676fa782daf	Reporting Engine	4.4 مكتبة التقارير والقوالب	3171
F-002506	- مكتبة التقارير والقوالب.	497e34caf97853cb53d3bdcbde212a62b689238099cf3bf8a99d6f20b3949de5	Reporting Engine	4.4 مكتبة التقارير والقوالب	3172
F-002507	- مكتبة التقارير والقوالب	e9bc831db72bb362c0d771aef39cbe5b2f993cf28aeafd8ab09e8fc9f2c5b4e3	Reporting Engine	4.4 مكتبة التقارير والقوالب	3173
F-002508	- لقطات وتقارير	b150859b039d8f8be4d99590427f1ad446e7b7cc6fc151fe8a988cbfec4d5c8d	Reporting Engine	4.4 مكتبة التقارير والقوالب	3174
F-002509	- إنشاء نظرات عامة مكتوبة على مقاييسك الرئيسية	4a380f8e93d9b407229b094f4d4492d2dfdad82e0373469bf6e4b236f4ac4397	Reporting Engine	4.4 مكتبة التقارير والقوالب	3175
F-002510	- الحصول على شرح موجز: ما هو مرتفع، وما هو منخفض، وما الذي يحتاج إلى اهتمام	77f1b9b991753d3e505fc3fe4e61977144e1629da8e345c103ab61f31f1dc772	Reporting Engine	4.4 مكتبة التقارير والقوالب	3176
F-002511	- تنزيل أو جدولة تقارير البريد الإلكتروني التلقائية لبياناتك بتنسيقات PNG و JPEG و PDF و CSV	14ed48b800bed4b60226296d7e9ff2dd531d36066880d994cadc228bcde214ad	Reporting Engine	4.4 مكتبة التقارير والقوالب	3177
F-002512	- بناء سير عمل تقرير حقيقي مع قالب تقرير متسق	7b2e38036d747ac8b7d445208452ff9d8dbad17fa4b896351948f1e9d7c4da1e	Reporting Engine	4.4 مكتبة التقارير والقوالب	3178
F-002513	- قوالب مسبقة الصنع	fbd3c822cff0705cad2539abf5d1680e6f21cb3b826b13febc40e475eaf53b5a	Reporting Engine	4.4 مكتبة التقارير والقوالب	3179
F-002514	- قوالب عرض تقديمي جاهزة (تقرير مؤشرات الأداء الرئيسية للتسويق، تقرير التسويق ربع السنوي، إلخ)	c823dfe18a03daf95fb303f4ae58e279df4116118beeb48c923bcdecd8fff256	Reporting Engine	4.4 مكتبة التقارير والقوالب	3180
F-002515	- دعم قوالب التقارير	d2fd96c76be4a8a07aa3f2c259de14b0faaa9b3fce47718a86cd6133514ecbb6	Reporting Engine	4.4 مكتبة التقارير والقوالب	3181
F-002516	- وحدة إنشاء التقارير الدورية	049b81e8d547968154347849e2ec17a25994b0013108cad283f31c0091e6f745	Reporting Engine	4.4 مكتبة التقارير والقوالب	3182
F-002517	- تحليل التصميم واستخراج النمط والخطوط والألوان	62a0700eaf678e7494df2af5cb8202ef870b8613bba231f3bdcb8c2f108d7990	Reporting Engine	4.5 محاكاة تقرير خارجي	3188
F-002518	- إعادة إنتاج التقرير بنفس الشكل واستبدال البيانات	34939709de368f6eef05eeda155e653a5cb706024faa315e8b5f55b61eee85d4	Reporting Engine	4.5 محاكاة تقرير خارجي	3189
F-002519	- حفظ نموذج تقرير	b293e6486790bd363500cdd3c2dcef81b8f0db0089b2d755bd5fbbc5cdf911d9	Reporting Engine	4.5 محاكاة تقرير خارجي	3190
F-002520	- تحميل نموذج خارجي	e70dfc9a6daccd19a255992a833c325af3a696967d7263f49a2f6a16bd779a2e	Reporting Engine	4.5 محاكاة تقرير خارجي	3191
F-002521	- استيراد PDF كنموذج	5267e47dbd4b4f7fd689181382e45795cbd83e502ab113d5af19b19745faac71	Reporting Engine	4.5 محاكاة تقرير خارجي	3192
F-002522	- استيراد Excel كنموذج	8b43d7ae56b2dfa38bf603517544a78648f258df6db4dd9ee5de14d2a78543be	Reporting Engine	4.5 محاكاة تقرير خارجي	3193
F-002523	- إعادة استخدام التقرير مع بيانات جديدة	0872820a72b5f12fe227cf30295a4cfcaa995ed1c425ce751a79a95717f45f8c	Reporting Engine	4.5 محاكاة تقرير خارجي	3194
F-002524	- إصدار نسخ متعددة	95bc453132b3aebe5fdd9fc2262a98f8a97375f79096c81a35d4df45c44c7667	Reporting Engine	4.5 محاكاة تقرير خارجي	3195
F-002525	- محاكاة تقرير خارجي	ce79caee51eb07449cadb3caedaa176df34fbf872626b9da0213acd1590d22f6	Reporting Engine	4.5 محاكاة تقرير خارجي	3196
F-002526	- استبدال البيانات بمحتواك	66d30875240db4d7a5dcb72dd65ad2447528c8531e894ea11e7098d3287f8de6	Reporting Engine	4.5 محاكاة تقرير خارجي	3197
F-002527	- تحويل التقارير بسهولة إلى شرائح PowerPoint	8522df0bc57b2ef2c3713b60c53f9964dd10c3dbd552afb81ea60010ba1fccb9	Reporting Engine	4.5 محاكاة تقرير خارجي	3198
F-002528	- تحويل مستند إلى عرض تقديمي في PowerPoint	178087f1b6ffb304b867950a9f898c71f7a2de2fe8854acab5d2a78f20f4855c	Reporting Engine	4.5 محاكاة تقرير خارجي	3199
F-002529	- مقارنة نسختين من نفس التقرير وإبراز الفروقات	84e30972dcd67955341d134c45b2da9f5eab3f1a53b5a13c9e2786e65231b711	Reporting Engine	4.6 المقارنة والجدولة	3205
F-002530	- جدولة أسبوعية أو شهرية وإرسال تلقائي	5bc689fae9b835da6f6042099da4bad58c987828df3bf0331346727ced2f023e	Reporting Engine	4.6 المقارنة والجدولة	3206
F-002531	- تصدير PDF أو PowerPoint أو Excel	4f71d2ac2ae62c84eb007d9db1fd53495fe54a80c3720510bd67816c23cc9679	Reporting Engine	4.6 المقارنة والجدولة	3207
F-002532	- تحليل التصميم	613afc6d9512b2f26f8f495d391fdb740e4cde081a6c7ee6d5a44e5f140420e3	Reporting Engine	4.6 المقارنة والجدولة	3208
F-002533	- استخراج النمط	d83207f1b019309c0626c0a65c3547ab6a395c79d933298a85092575e9714aa3	Reporting Engine	4.6 المقارنة والجدولة	3209
F-002534	- استخراج تنسيق الجداول	17f3d3eff3696d08d1d23ef65eaef3cef5a535e384487144e2edc0adcc545760	Reporting Engine	4.6 المقارنة والجدولة	3210
F-002535	- إعادة إنتاجه بنفس الشكل	891e53048c62c40a51d5fb9eeeb71fb476f5c4be06a4a4405673c87d98dffef5	Reporting Engine	4.6 المقارنة والجدولة	3211
F-002536	- المقارنة بين التقارير	7073549484a486a3a0ffc208c689d8894e1c8474c81ced3d5322d4fa96666725	Reporting Engine	4.6 المقارنة والجدولة	3212
F-002537	- مقارنة نسختين	81694c4b786f81f32e8e19a8c784795913bb9dde330420d88c0526977e36abe1	Reporting Engine	4.6 المقارنة والجدولة	3213
F-002538	- مقارنة فترتين	64867dd7a0fd3c1696dd20dc9608524358bc55774a26971d6e414996acfa00b1	Reporting Engine	4.6 المقارنة والجدولة	3214
F-002539	- إظهار الفروقات	8c3bc9bf2d2ac7665c470bbd3911023cb8c56d2c3a174de6480dfde403cb7eb6	Reporting Engine	4.6 المقارنة والجدولة	3215
F-002540	- إبراز التغيرات	b1cc4a311363b7388c92a3eec462b75f860639a9e92ac1a59eab600d87ded3bd	Reporting Engine	4.6 المقارنة والجدولة	3216
F-002541	- إصدار تقرير فروقات	5d21ed23fe8b8839a9582953c0b9748b96bb4d7cfa13cf860da114ace68e9bfe	Reporting Engine	4.6 المقارنة والجدولة	3217
F-002542	- مقارنة بين تقارير	a19b1afe23e65657264e7017d68b2f53b791680c65c6716cb75be45b5d9a3321	Reporting Engine	4.6 المقارنة والجدولة	3218
F-002543	- مقارنة تقارير	440e9549d7f93130c1ee3fb09396c6d654ca7c01cc0ecc00a9139a3f28217e8b	Reporting Engine	4.6 المقارنة والجدولة	3219
F-002544	- مقارنة التقارير بين فترات مختلفة	f2d89bb34dba86d343055eef14541028d084e922b9e98d8f6d0d7523bd89cdf3	Reporting Engine	4.6 المقارنة والجدولة	3220
F-002545	- تقارير مقارنة بين فترات متعددة	71746d4fc91d0e6d0966c9f98b4f987acc05787b446dfe09359dd07df208ca83	Reporting Engine	4.6 المقارنة والجدولة	3221
F-002546	- تقارير تجميعية حسب اليوم والأسبوع والشهر والربع	7a5c03fcf20ccfce723ad08d75bc861e07b2b96d48f50b8df958044fcc7a1c6c	Reporting Engine	4.6 المقارنة والجدولة	3222
F-002547	- مقارنة أداء بين فترات زمنية	92267c9f688c7a387836148548ac9bcb89962099e89464faa2242b6a5c1a5e67	Reporting Engine	4.6 المقارنة والجدولة	3223
F-002548	- عرض بصري ديناميكي للبيانات	b6b0f1d6df50b4414da2cff635a297f9da88ecd787836966f426c7ec91a6edb6	Reporting Engine	4.6 المقارنة والجدولة	3224
F-002549	- عند إنشاء لوحة مؤشرات يقترح تقرير وعرض مطابقين	86c9891a72118c537b4ec68a8c54ce62f2aa1e0752c413ee82bdd6da58185995	Reporting Engine	4.6 المقارنة والجدولة	3225
F-002550	- عند قرب اجتماع أو نشر دوري يقترح تحديث النسخة الثابتة وتجهيز العرض	157803e2d4416f635f2c6f8c0fd80a637509e17ea836966a3443ce1fbc58e104	Reporting Engine	4.6 المقارنة والجدولة	3226
F-002551	- المقارنة والجدولة في التقارير	9c914e7276d687a1397b803eb77bc3ee15da218fddf9b09ceace6ba1f9c80d97	Reporting Engine	4.6 المقارنة والجدولة	3227
F-002552	- تحديد أهداف تستند إلى البيانات بدلاً من الشعور الغريزي	0102d7737190252d962bb6ef35cb67a7674529a2a666b79fdd236c9e765895d3	Reporting Engine	4.6 المقارنة والجدولة	3228
F-002553	- قياس المقاييس مقابل أهداف عملك للبقاء على المسار الصحيح وتحديد مجالات التحسين	8632abdf56eb82ec3517ff95f0f23e0b2a27a5504be1296c5f991514c61460ef	Reporting Engine	4.6 المقارنة والجدولة	3229
F-002554	- المقارنة والجدولة	3dff394aa4c33d5ec78af2189df76b6bd5c093263e6912041d3d3410e483ed32	Reporting Engine	4.6 المقارنة والجدولة	3230
F-002555	- جدولة التقارير	fb3ffea3f9184cd914fc563ccba2653a3de2a96828fc26d72c24508f9ab73f71	Reporting Engine	4.6 المقارنة والجدولة	3231
F-002556	- مصمم تقارير	ccf5034bafc5d72f3c00775a22b7641e292b543c3d83ec937582b8f903265bcd	Reporting Engine	4.6 المقارنة والجدولة	3232
F-002557	هذا المحرك مصمم ليتجاوز مستوى Gamma وأدوات العروض المتقدمة الحديثة في جميع القدرات.	056c40e3b3dccd480d595ad03da6661959827e8d8ee280effd55911526fbfb65	Presentation Engine	المحرك الخامس: محرك العروض التقديمية والإنفوجرافيك المتقدم	3238
F-002558	- إنشاء عرض من فكرة أو نص أو موجه نصي	da9249f6bafeb77e640cd652b54e63324474ef6f7ad50574a3bac805825fb055	Presentation Engine	5.1 مصادر إنشاء العرض المتعددة	3244
F-002559	- إنشاء عرض من ملف PDF أو Word أو TXT	17f5cd6867885fc9a62a891d8e5a1b10b0483cd0d4e2065b46a8b371a76fb741	Presentation Engine	5.1 مصادر إنشاء العرض المتعددة	3245
F-002560	- إنشاء عرض من رابط صفحة ويب	3108a6abe720062587e4df54d715d292050f858be85754f70c61d75173987843	Presentation Engine	5.1 مصادر إنشاء العرض المتعددة	3246
F-002561	- إنشاء عرض من بريد إلكتروني	88f4cb3adf6b2a7bf0fc0bc13304a4e1e93372e9824c41cf661e4dc86e561bf2	Presentation Engine	5.1 مصادر إنشاء العرض المتعددة	3247
F-002562	- إنشاء عرض من محادثات فريق العمل	aa4894ff7aca4b7c42bef6129f85cbea6854fad3ebe90784425a790b30c70bf0	Presentation Engine	5.1 مصادر إنشاء العرض المتعددة	3248
F-002563	- إنشاء عرض من مقاطع فيديو يوتيوب	1668b7212156cda16fd32c8905104dfe42899c28f6a996399525bf58d3d04e43	Presentation Engine	5.1 مصادر إنشاء العرض المتعددة	3249
F-002564	- إنشاء عرض من صور	865582ac6f4a92b86fc41696fd48c3d0323906487117b57f4d98876b72630b2d	Presentation Engine	5.1 مصادر إنشاء العرض المتعددة	3250
F-002565	- تحويل ملفات JSON إلى عروض تقديمية	bba39bb04de1d8b0ac467e1d2c82fa5ed8ef85b53e52751351b83e92de28a034	Presentation Engine	5.1 مصادر إنشاء العرض المتعددة	3251
F-002566	- بحث معمق تلقائي عبر مصادر متعددة لبناء المحتوى	707998e94db4e4a3579467c8be572afe3b164f20221d3d52b74f7fc744514188	Presentation Engine	5.1 مصادر إنشاء العرض المتعددة	3252
F-002567	- مصادر إنشاء العرض المتعددة مثل ملفات وتقارير ومراسلات	95ad1ce446ef60f6f253e143fa542221e033693d810f3199005c43cf0dd28dc5	Presentation Engine	5.1 مصادر إنشاء العرض المتعددة	3253
F-002568	- تحويل عرض إلى تقرير	b5a7360d79a293b7aedf0627a95c9f58d782f3ffe9cd8e39d21bd5c70b88303f	Presentation Engine	5.1 مصادر إنشاء العرض المتعددة	3254
F-002569	- توليد عروض تنفيذية تلقائياً من تقارير تشغيلية	2cfa541940abbfccf806f88c0344a793dc94e5da27f7ecbc63ab21bfa713ebe2	Presentation Engine	5.1 مصادر إنشاء العرض المتعددة	3255
F-002570	- إنشاء عروض تقديمية ذكية.	692431e700542c2fc776660b2bff1f980f85530fdff4be9431d556729a149f01	Presentation Engine	5.1 مصادر إنشاء العرض المتعددة	3256
F-002571	- إنشاء عرض من فكرة أو نص أو مطالبة	d84ff9f775365d1a09e649f07b88bd03a8791d3462cabad0c70664f2ed5a35ce	Presentation Engine	5.1 مصادر إنشاء العرض المتعددة	3257
F-002572	- إنشاء عرض من ملف PDF	f619ab65568bd86edd3e6200037de9112585b6cfd36661a8a2990f3a3b211e1d	Presentation Engine	5.1 مصادر إنشاء العرض المتعددة	3258
F-002573	- إنشاء عرض من بريد إلكتروني عبر Mail Manus	09202e715d15ca9a6311a0837eaae3466a698794c153f5943b4f953dd5e82047	Presentation Engine	5.1 مصادر إنشاء العرض المتعددة	3259
F-002574	- إنشاء عرض من محادثات Slack	1d99740523d60b49c36f56c56181052bb1dd0886214ebbd45eb8b39c5ae2165c	Presentation Engine	5.1 مصادر إنشاء العرض المتعددة	3260
F-002575	- إنشاء عرض تقديمي من موجه نصي	e6a2736f1da0beb3783cb476646b73641d72fc2e1e549eef9c5f21902611c96b	Presentation Engine	5.1 مصادر إنشاء العرض المتعددة	3261
F-002576	- إنشاء عرض تقديمي من موضوع	426a080d611204d4692c5a2d49fbda458cccb705d59179c0496ce0fa06bf4165	Presentation Engine	5.1 مصادر إنشاء العرض المتعددة	3262
F-002577	- إنشاء عرض تقديمي من ملف (PDF, Word, TXT)	fb4c4be21cddd4f6bf2fcaff883d9bdc2710ceacec52759a9e5d0cde540c683b	Presentation Engine	5.1 مصادر إنشاء العرض المتعددة	3263
F-002578	- إنشاء عرض تقديمي من رابط (URL)	e0fd1faf433e171da69d8ae0f33152be406e1e3bff1abe8ba9e8fa0c7e7d46e0	Presentation Engine	5.1 مصادر إنشاء العرض المتعددة	3264
F-002579	- إنشاء عرض تقديمي من مقاطع فيديو يوتيوب	2f4f86e631ab521d093eb3d929014c7fc34c726054376f2226995a2964940d22	Presentation Engine	5.1 مصادر إنشاء العرض المتعددة	3265
F-002580	- إنشاء عرض تقديمي من صور	5a9d1f9ac53df0503024870f8967d4dddf6a3f7fabc006092f8adeaffbb67147	Presentation Engine	5.1 مصادر إنشاء العرض المتعددة	3266
F-002581	- تحويل عرض PDF إلى عرض شرائح قابل للتحرير	274b348c0ea20555fe03ae9aa85161e5d7b64cf8578d488f07e43c7f58a7bb67	Presentation Engine	5.1 مصادر إنشاء العرض المتعددة	3267
F-002582	- تحويل موقع ويب إلى عرض تقديمي	19070fd607a81977669a53c9ff497a6c6f1d9ac364632ea22977bf8436945d4f	Presentation Engine	5.1 مصادر إنشاء العرض المتعددة	3268
F-002583	- إنشاء فيديو من عرض شرائح	fe1067f2f23c07966f95f98c6e2dcba45402edc0d928767f064ec8e82d0749bc	Presentation Engine	5.1 مصادر إنشاء العرض المتعددة	3269
F-002584	- تحويل Word إلى عرض تقديمي ملخص	a42a17b512e2019049d0d8ee42a23ede464b3352a7e6bb9de2f688e6a104fe01	Presentation Engine	5.1 مصادر إنشاء العرض المتعددة	3270
F-002585	- تحويل عرض شرائح إلى فيديو	185370af2cab82c5b95f77fcd862ccd083d406c2bac623ec512fe2a8f2e935bf	Presentation Engine	5.1 مصادر إنشاء العرض المتعددة	3271
F-002586	- تحويل بيانات خام إلى عرض تنفيذي	a94a051f824f07591f1fe4998d77d410cdceacc7b70ff393eb649fa2c26ab263	Presentation Engine	5.1 مصادر إنشاء العرض المتعددة	3272
F-002587	- استخراج شرائح رئيسية من فيديو	cd99de4741b739b945925a113258ffb7ef59c9830c880767a1ea75b6390cd6da	Presentation Engine	5.1 مصادر إنشاء العرض المتعددة	3273
F-002588	- إنشاء سرد بصري متكامل	bb033f280fbc6c6408a8040b19df5384808876ae89a46d22152fd8aa3a87b94f	Presentation Engine	5.1 مصادر إنشاء العرض المتعددة	3274
F-002589	- تحويل بيانات تشغيلية إلى عرض تنفيذي جاهز	57393cece555fe5407561e556d2e9e0f083491704704d520ad89202e3c5a9cd7	Presentation Engine	5.1 مصادر إنشاء العرض المتعددة	3275
F-002590	- توليد Storyline بصري	ea391a56e7284d15ddcdc0f535f2c3e0e0f15b226e95b8a3f52199718d9c0058	Presentation Engine	5.1 مصادر إنشاء العرض المتعددة	3276
F-002591	- تحويل عرض إلى محتوى تدريبي	1bf8429bb90fe03e8e1a3ed09fcb66214fd5022959fe8095fcb4b40128d60b92	Presentation Engine	5.1 مصادر إنشاء العرض المتعددة	3277
F-002592	- تحويل مستند إلى قالب قابل لإعادة الاستخدام	7eb0850a1f5ab9e80a294b5e14cd787c4c483634ff619f5e09e0803bcd798349	Presentation Engine	5.1 مصادر إنشاء العرض المتعددة	3278
F-002593	- إنشاء عروض تقديمية احترافية من البيانات	ae495463b798cf22b88f8415345822c09be4ebe3e5f7a56ced1b9afe3046c882	Presentation Engine	5.1 مصادر إنشاء العرض المتعددة	3279
F-002594	- تحويل البيانات إلى شرائح تلقائيا	7890248775a6af891c411ccde525c91cb58aced1c22c955c9bbf595b731ec11e	Presentation Engine	5.1 مصادر إنشاء العرض المتعددة	3280
F-002595	- المنصة تقترح تلقائيا المصادر ومؤشرات الأداء والتخطيط وسير العمل	61474c725cbfcd064e1112e47309fc13aca715acc7e9fd8cf5a4c077fb0afb8c	Presentation Engine	5.1 مصادر إنشاء العرض المتعددة	3281
F-002596	- إنشاء عروض تقديمية مع بحث مباشر واستشهادات وملاحظات المتحدث في دقائق.	20bbf58218c04dfa5a41b76a1009e66670db3278f12c2791038bd86f609b4a1d	Presentation Engine	5.1 مصادر إنشاء العرض المتعددة	3282
F-002597	- مصادر إنشاء العرض المتعددة	da80d7917cbc9cdb8763bc7c75e9d18f43ae2a1e6fc2d547009997e7ed1347f1	Presentation Engine	5.1 مصادر إنشاء العرض المتعددة	3283
F-002598	- بناء التحليلات من البداية إلى النهاية	6f4ea55895ed3cb6667407217829f5253317636e7d8d60a2c1fbaf62dec3f16b	Presentation Engine	5.1 مصادر إنشاء العرض المتعددة	3284
F-002599	- تحويل المهام المعقدة إلى محادثات بسيطة	d245a2df1d36b7b57671eac98dd7747f11a3e6e23f94a7ac1a16b504c33be7bd	Presentation Engine	5.1 مصادر إنشاء العرض المتعددة	3285
F-002600	- إنشاء تصورات	0eaca07d97d1c3137552ed0e04e5f5680da99cb5bbddb39d5693b1ed35dc8904	Presentation Engine	5.1 مصادر إنشاء العرض المتعددة	3286
F-002601	- طرح أسئلة خاصة بلوحة المعلومات	a1394d4502f0b5d0c4385434492d96250f6f653a90bab2691a2ec08a994d937e	Presentation Engine	5.1 مصادر إنشاء العرض المتعددة	3287
F-002602	- الحصول على رؤى في الوقت الفعلي	63a17ea54b430143b4b3067fcf48e4c810779cf33345deb02676a58c50a5862e	Presentation Engine	5.1 مصادر إنشاء العرض المتعددة	3288
F-002603	- إنشاء تحليلات غنية وسياقية تبدو أصلية لتطبيقك	d52ded7d48ea5066653daa6dfb495572e96c841913ff4f10a20fc3b298553a37	Presentation Engine	5.1 مصادر إنشاء العرض المتعددة	3289
F-002604	- إنشاء لوحة معلومات KPI ذات مظهر احترافي في دقائق	748c2e4d5f87f8460c993a8db396c5029ab06d38a6a081eb67778a1bc341403c	Presentation Engine	5.1 مصادر إنشاء العرض المتعددة	3290
F-002605	- إنشاء لوحات معلومات لتصور البيانات لإداراتك الفردية أو C-suite أو جميع عملائك	d0cdd3037f03cc565979a3a9ef7fcc55a68ce3f8e4e9213871fac53d6f3b4f02	Presentation Engine	5.1 مصادر إنشاء العرض المتعددة	3291
F-002606	- إنشاء محتوى لوسائل التواصل الاجتماعي	c4157fe3cca730666a8cbd8afca8d04f6f8c924a4a3558a6a7fbbcb6a6a6882f	Presentation Engine	5.1 مصادر إنشاء العرض المتعددة	3292
F-002607	- إنشاء عروض تقديمية	2db705ffb49ba14dfdd494856f3ae39b39b18c473cd2269278784bd3043e5425	Presentation Engine	5.1 مصادر إنشاء العرض المتعددة	3293
F-002608	- إنشاء ملصقات	babff7380222a17c37dd6e6138d9cf4fe8f17b6a1ebfe4c2064c83f5272bcb48	Presentation Engine	5.1 مصادر إنشاء العرض المتعددة	3294
F-002609	- إنشاء مقاطع فيديو	1cf02ce5334c6653d61dd6eefc0b53b77c4f38185a694db146a0bf12f7f0066a	Presentation Engine	5.1 مصادر إنشاء العرض المتعددة	3295
F-002610	- إنشاء شعارات	f811eb003701b61259c8a95d57a860da9408f351b5a179d451fbd739549c0b30	Presentation Engine	5.1 مصادر إنشاء العرض المتعددة	3296
F-002611	- إنشاء مواقع الويب	312fbf24414d1fd2b2642a6a59e94c4dff7dbccf9b00007c5c626260472de027	Presentation Engine	5.1 مصادر إنشاء العرض المتعددة	3297
F-002612	- تصميم وطباعة المواد	0f5cdf7ef3326fc1c5b948f762d3e0dcd995b7a6502ffd338048437690afd2fe	Presentation Engine	5.1 مصادر إنشاء العرض المتعددة	3298
F-002613	- تصور البيانات	16c4ffd4bd494630158db496865082fe83b16874e39f9d8949a306c3f83c6021	Presentation Engine	5.1 مصادر إنشاء العرض المتعددة	3299
F-002614	- إنشاء الإنفوجرافيك	edfe58a6ba19deb700e32bcdc32432c65c07b06c698092a3829581147212bc39	Presentation Engine	5.1 مصادر إنشاء العرض المتعددة	3300
F-002615	- إنشاء التقارير	d9a7286ed3d944d47f3bb3ae396c4ca758b79b27012cd4b371bfd1393e08fc20	Presentation Engine	5.1 مصادر إنشاء العرض المتعددة	3301
F-002616	- إنشاء الكتيبات	5b21265aa7f6921b8cd91a735bb79801fa622b17ec2f60971e0933fd196ae124	Presentation Engine	5.1 مصادر إنشاء العرض المتعددة	3302
F-002617	- إنشاء المخططات الانسيابية	4d7c6cfd12b18fe0093e7c9e45921e3654b655112dafb5498d5e0397bda87ad9	Presentation Engine	5.1 مصادر إنشاء العرض المتعددة	3303
F-002618	- إنشاء السير الذاتية	a75d054d203cf3744268591e3de376cdfafbd7f2bf3cb362c193f5e0d1255ee5	Presentation Engine	5.1 مصادر إنشاء العرض المتعددة	3304
F-002619	- إنشاء النشرات الإخبارية	85556454af03be0cb7a197eeb586a5a726e6d492e007889c1c2149b738aa4fec	Presentation Engine	5.1 مصادر إنشاء العرض المتعددة	3305
F-002620	- إنشاء اللافتات	f43bec8ce317fdf36db9dc96aba5077ada3eba285f98d4c777a68ebbbe559f24	Presentation Engine	5.1 مصادر إنشاء العرض المتعددة	3306
F-002621	- إنشاء أغلفة الكتب	7fd24e095f7cab41e6e7ead6c5c548d8b68812727526e213100918a2401d87a2	Presentation Engine	5.1 مصادر إنشاء العرض المتعددة	3307
F-002622	- إنشاء النماذج والاستطلاعات	c5bed91877f3a313c1c59ecc372f0fec604de3bcc73fcef42f3840d70410d01f	Presentation Engine	5.1 مصادر إنشاء العرض المتعددة	3308
F-002623	- إنشاء الإطارات السلكية والنماذج الأولية	adbe124907da740026c92ac31919e6cbc4b817d1649993418b278b02136c6a1c	Presentation Engine	5.1 مصادر إنشاء العرض المتعددة	3309
F-002624	- تحويل النص إلى مرئيات	6829b1b75cb26e1d7c3cf58c3d7e386ab7a1c77af2c08ddf059d7d45bf30a9d9	Presentation Engine	5.1 مصادر إنشاء العرض المتعددة	3310
F-002625	- تصدير المرئيات بصيغ مختلفة	5f8e5ffbabaac91449e79c96bff3663dc017d8165549ad509e66e0b236a78357	Presentation Engine	5.1 مصادر إنشاء العرض المتعددة	3311
F-002626	- إضافة نص إلى الصور	c5901f4ed201f731fc5d8d8eadf8f9c2de458c315125d0593ba12fa58d694ad2	Presentation Engine	5.1 مصادر إنشاء العرض المتعددة	3312
F-002627	- تعتيم الصور	22a5aef020d83d6618ec102b259ff2703ec2a349910afa01d835c3746f362deb	Presentation Engine	5.1 مصادر إنشاء العرض المتعددة	3313
F-002628	- قص الصور	811cba469d02764dc9b38c924edeadab66448749fa791198135e6a9733818a2b	Presentation Engine	5.1 مصادر إنشاء العرض المتعددة	3314
F-002629	- قلب الصور	7ea2d18ce7f8111f5ff348715eeca99ddf412d46c25283b08b93b5a0ed237d0c	Presentation Engine	5.1 مصادر إنشاء العرض المتعددة	3315
F-002630	- تدوير الصور	30af034485ac7c0db06c278973d8a72f9cd66b6dfcf1afe226a31c137debe342	Presentation Engine	5.1 مصادر إنشاء العرض المتعددة	3316
F-002631	- إنشاء فقاعات كلام	5deaefbdbe370e50ac81f0f46497130f99ee8dc55ed9e01c3e142ac47c6ecbcd	Presentation Engine	5.1 مصادر إنشاء العرض المتعددة	3317
F-002632	- إنشاء عروض أسعار للصور	6cfb4d53138bc05dee5483ccc6d32d266f3e9b625fe87ce55ac0fb75a662e6ca	Presentation Engine	5.1 مصادر إنشاء العرض المتعددة	3318
F-002633	- إنشاء قصص انستغرام	c674afff7971100cda5ce7a6179e8ebfcdbe6d9950ac4786a22702bca49c21bd	Presentation Engine	5.1 مصادر إنشاء العرض المتعددة	3319
F-002634	- إنشاء صور الملف الشخصي	472c37e698dc1ede0708e3e38930822f71b03fdbcfeccc4f7d782778e43b729f	Presentation Engine	5.1 مصادر إنشاء العرض المتعددة	3320
F-002635	- إنشاء لافتات SoundCloud	61b4f6db547bfbc20633cb96d3ee88b493d6205334845d94f340f147b8f12cb0	Presentation Engine	5.1 مصادر إنشاء العرض المتعددة	3321
F-002636	- إنشاء لافتات Twitch	b6dd9dfdd10157413934c01850e4b2a249d119eb3e0b3f177be335f23a40aa04	Presentation Engine	5.1 مصادر إنشاء العرض المتعددة	3322
F-002637	- إنشاء لوحات Twitch	4406f2497816cbc1c1c0275cae6dd08752cf8691369c51bd379e0e8b1eb0a9b5	Presentation Engine	5.1 مصادر إنشاء العرض المتعددة	3323
F-002638	- إنشاء رؤوس Twitter	4c705f6e40f764cc96c33344f986fab3ca5ac0a6b9749021b3dfd498d3876ba2	Presentation Engine	5.1 مصادر إنشاء العرض المتعددة	3324
F-002639	- إنشاء أغلفة Wattpad	9b2604b45f17c9fe4969411b91173e1f0126543f7efb4de4b89fa93736cd9b40	Presentation Engine	5.1 مصادر إنشاء العرض المتعددة	3325
F-002640	- إنشاء لافتات يوتيوب	fd98695246c13f919d8c592f6da42f6197ad5963ad09b623febde552a2c70730	Presentation Engine	5.1 مصادر إنشاء العرض المتعددة	3326
F-002641	- إنشاء خاتمة يوتيوب	95a8ff3e7464fda77d785f19421183b76f2b6405117c64b0f7a35d85dac18a25	Presentation Engine	5.1 مصادر إنشاء العرض المتعددة	3327
F-002642	- إنشاء صور مصغرة ليوتيوب	78d52e530cc854e4e376a0d3a3a3777c31b2fede365437ec8cc1601905e788bf	Presentation Engine	5.1 مصادر إنشاء العرض المتعددة	3328
F-002643	- إنشاء المخططات والرسوم البيانية	faa6d527e25cddbcfd764371a8d32f6d46c4da9efc3daa61127a5a596279078b	Presentation Engine	5.1 مصادر إنشاء العرض المتعددة	3329
F-002644	- إنشاء الخرائط	a88a835ccdf1e1b8ee11bc91ec2892fe4d8cb97262bb05837e44b97e1c5d671e	Presentation Engine	5.1 مصادر إنشاء العرض المتعددة	3330
F-002645	- تضمين المحتوى	59005d638cc76363e38229908ba86f11f91cf825495094b4f6168e8a02769fff	Presentation Engine	5.1 مصادر إنشاء العرض المتعددة	3331
F-002646	- إنشاء المحتوى التفاعلي	6df2d666476eb47fe5436c802d7c486e7b9e9d7362079ef69975057fb8c90601	Presentation Engine	5.1 مصادر إنشاء العرض المتعددة	3332
F-002647	- إنشاء القوائم	65e7e1843e38b1b86d2a6eef37d009dcfec0f8f07c7351b6b8d8769840c18c75	Presentation Engine	5.1 مصادر إنشاء العرض المتعددة	3333
F-002648	- إنشاء البطاقات	e78a2f67c5ca1e5d7c659aee0e231fb0eba2cf3c07586a7b622f8e0642a68385	Presentation Engine	5.1 مصادر إنشاء العرض المتعددة	3334
F-002649	- إنشاء الدعوات	dfdbe37474ed80e060df684f1fc55e6f264a2caccf5595a71bbde4a1ca95024c	Presentation Engine	5.1 مصادر إنشاء العرض المتعددة	3335
F-002650	- إنشاء بطاقات أعياد الميلاد	bd1bf97500c06f98fd6e71430bb5591f9311c56e28775c98a4debebaa55e6b6e	Presentation Engine	5.1 مصادر إنشاء العرض المتعددة	3336
F-002651	- إنشاء دعوات الزفاف	31515a9275542bca49e39d0068b8aae6730a6c27640e977c598d6222c27fea8f	Presentation Engine	5.1 مصادر إنشاء العرض المتعددة	3337
F-002652	- إنشاء أغلفة فيسبوك	918d8d02febfe0c2b681f1941f80be367ba0c3290303a116e5cab1819ebd3229	Presentation Engine	5.1 مصادر إنشاء العرض المتعددة	3338
F-002653	- إنشاء منشورات انستغرام	4de7a51800aaa1c73330f819a09bdc643095524b7b6e2f37258007ecab74fc5a	Presentation Engine	5.1 مصادر إنشاء العرض المتعددة	3339
F-002654	- إنشاء الرسوم البيانية	b4693aaafc43a45cc97c15d0b14ddf85bf2fe93bbc32ca49672550c3310f9d66	Presentation Engine	5.1 مصادر إنشاء العرض المتعددة	3340
F-002655	- إنشاء العروض التقديمية	aa45c86163e1e9ea06689f0c3b0a6c119b026b25039172a8aa16519d6054b971	Presentation Engine	5.1 مصادر إنشاء العرض المتعددة	3341
F-002656	- إنشاء الملصقات	e43716ec4ddbb5d70d32438392a63c1baf0727b53d39fcfd86ce37c6e91756f2	Presentation Engine	5.1 مصادر إنشاء العرض المتعددة	3342
F-002657	- إنشاء النشرات	43dd708a99c5213b1d009c969497a1bbffc99b8ba5b9067a644f867d207d03d3	Presentation Engine	5.1 مصادر إنشاء العرض المتعددة	3343
F-002658	- إنشاء رسومات الوسائط الاجتماعية	652096d8b8f0bdf5a7477e3dc60db3e8f14f12b0a227907eeacbe9e3e3535840	Presentation Engine	5.1 مصادر إنشاء العرض المتعددة	3344
F-002659	- تعديل الصور	5a637863c4ee6ab324347a5426cc118174beada8915cbe6eeef536c7ea253e52	Presentation Engine	5.1 مصادر إنشاء العرض المتعددة	3345
F-002660	- تكبير الصور	f12795358dc6e40564287e543d90046487b1ac5aa8dfeaa3dfe97d0b4ca2fe59	Presentation Engine	5.1 مصادر إنشاء العرض المتعددة	3346
F-002661	- إزالة خلفيات الصور	51e03af2387901f3a94e86c8a91f29bf91ac4347ef70f05a1702591794e53001	Presentation Engine	5.1 مصادر إنشاء العرض المتعددة	3347
F-002662	- استعادة الصور	39f922cd4efdae036a072e84f14706265f9df9791c13f1429060715d10fa6a0a	Presentation Engine	5.1 مصادر إنشاء العرض المتعددة	3348
F-002663	- إزالة النص من الصور	e968ccdd658f89cc02c50b19e25cb35207250428e208a25f4ad74921ea565466	Presentation Engine	5.1 مصادر إنشاء العرض المتعددة	3349
F-002664	- تحديد الصور	783132c2a04218af8b6d02d43b22d9e523a61bed5be2595bef4b60f161111108	Presentation Engine	5.1 مصادر إنشاء العرض المتعددة	3350
F-002665	- إنشاء الرموز	bda3f2c6f39a920310c649e47fe5c88b0030cb0e5df722d9d54b5479b22b7dd3	Presentation Engine	5.1 مصادر إنشاء العرض المتعددة	3351
F-002666	- تصميم اللافتات	5cd95f0fb3947ee340d2ca69d0397bebcf8ff07950214dde863bc19dca31e3a2	Presentation Engine	5.1 مصادر إنشاء العرض المتعددة	3352
F-002667	- تصميم أغلفة الكتب	4555e1b4561c878d067feca7a2222b5b5d74be7b923c5efa0c4cd584c0190460	Presentation Engine	5.1 مصادر إنشاء العرض المتعددة	3353
F-002668	- تصميم بطاقات العمل	0908b62cd06ffd2a8a713475013d9e2c28cf5d8487e3ccec55fd125827f34aee	Presentation Engine	5.1 مصادر إنشاء العرض المتعددة	3354
F-002669	- تصميم الشهادات	23291246da26d88be50b181da3032cf7245fb394cb64c8c0318385ae8feb83ed	Presentation Engine	5.1 مصادر إنشاء العرض المتعددة	3355
F-002670	- تصميم أغلفة الأقراص المدمجة	2490807263d34dd6c53449c827c6a3b3acd78897fb45c0d2f6e60c154c564450	Presentation Engine	5.1 مصادر إنشاء العرض المتعددة	3356
F-002671	- تصميم بطاقات الهدايا	88c98dea5755933c825661576c5a9f78f348e23677393ed64b9436acc3c062f5	Presentation Engine	5.1 مصادر إنشاء العرض المتعددة	3357
F-002672	- تصميم الملصقات	c0af9d9774e135e0838e12b136900c2f0a7d5e4380c832468caf53467ce72fb7	Presentation Engine	5.1 مصادر إنشاء العرض المتعددة	3358
F-002673	- تصميم بطاقات الأسعار	603caf254b7e0aecbfed4d297909bb6f7a4b4225a3bb9f89e715fddcc6bc0a7d	Presentation Engine	5.1 مصادر إنشاء العرض المتعددة	3359
F-002674	- تصميم الإعلانات	1c11cd8a3a6eda6e230b0dd0c46d9c4fc06ba443848789e0b9b75e65444f77f9	Presentation Engine	5.1 مصادر إنشاء العرض المتعددة	3360
F-002675	- تصميم الشعارات	66c17c3ce2c88c55fb86e54a732c5480d37ec7c64fb5903ce986b755650da693	Presentation Engine	5.1 مصادر إنشاء العرض المتعددة	3361
F-002676	- تصميم بطاقات الدعوة	0db9f0ec8008ede4edc8d0b98b4cd3de534eff55b91622a32fd1e6a2e1237daa	Presentation Engine	5.1 مصادر إنشاء العرض المتعددة	3362
F-002677	- تصميم النشرات الإعلانية	da054d6a87792453232bfb1df7ac24807aee7c31af3d708d61e53512940d5afd	Presentation Engine	5.1 مصادر إنشاء العرض المتعددة	3363
F-002678	- تصميم الرسوم البيانية	a8398f91448228f80eb9f81284d17eea88dbfcab3e4b3bf6660138dd038b8f48	Presentation Engine	5.1 مصادر إنشاء العرض المتعددة	3364
F-002679	- تصميم العروض التقديمية	049035d95b01b94f9eabb9e5d812856120c3feceade02e78da07400397db0cf1	Presentation Engine	5.1 مصادر إنشاء العرض المتعددة	3365
F-002680	- تصميم التقارير	0dddba18db045c2694391767b6b85e35a721716ca2ef944623cfdf1785f9e5d7	Presentation Engine	5.1 مصادر إنشاء العرض المتعددة	3366
F-002681	- تصميم السير الذاتية	48eb0ab8a45dd27fa73cc513fcaafaf65b94232fef741bfe00cf3f31ba37b3df	Presentation Engine	5.1 مصادر إنشاء العرض المتعددة	3367
F-002682	- تصميم الجداول الزمنية	31d8d89db46bf923842f462b794b8414a06de2f46beeb93d0aac085816a692b6	Presentation Engine	5.1 مصادر إنشاء العرض المتعددة	3368
F-002683	- تصميم المستندات	0a7ed785188845c69cdae9df20adad83576190c6f80be335b72ded62198ac2e7	Presentation Engine	5.1 مصادر إنشاء العرض المتعددة	3369
F-002684	- تصميم بطاقات المعايدة	9a1b7199245c5f5d7e0effbd90e1ed09dd731632137c6394bd45c5c5a9881f2a	Presentation Engine	5.1 مصادر إنشاء العرض المتعددة	3370
F-002685	- تصميم بطاقات الشكر	eee58883f5c611139d2a7c35cb675c0d09502dba2aace8d6055462404703d0f2	Presentation Engine	5.1 مصادر إنشاء العرض المتعددة	3371
F-002686	- تصميم بطاقات عيد الميلاد	8cd635df2a9453b4de50a2abe4cff8d86183b88661b9830782bfe072da834ea8	Presentation Engine	5.1 مصادر إنشاء العرض المتعددة	3372
F-002687	- تصميم بطاقات الزفاف	4b6b16139009578906085917cc73e87e1fc4ccaafec575ea978348e61ed6d114	Presentation Engine	5.1 مصادر إنشاء العرض المتعددة	3373
F-002688	- تصميم بطاقات العطلات	8a60f115df5ad759e8f9821b833159c9804eb5f3a5c9729991b28e186a5fdb78	Presentation Engine	5.1 مصادر إنشاء العرض المتعددة	3374
F-002689	- تصميم بطاقات الحفلات	fe72852bf8cb62913782e2e569d87a44b46b2167d9da6aba9fc5937de6a4739d	Presentation Engine	5.1 مصادر إنشاء العرض المتعددة	3375
F-002690	- تصميم بطاقات التخرج	711dbaed7659f2108cd2a238739f4c44c0fd2b824ffd4bc73d2e8b9ae1466d8d	Presentation Engine	5.1 مصادر إنشاء العرض المتعددة	3376
F-002691	- تصميم بطاقات الذكرى السنوية	339784c13cf0c26ca31f6f475392bbdd952bfbed59ffc1226e2c93a885f2c992	Presentation Engine	5.1 مصادر إنشاء العرض المتعددة	3377
F-002692	- تصميم بطاقات التعاطف	5c29b13151cc29c6d3ddddb2aa99a699604e2edf273f1674a6e61dd2c421f89a	Presentation Engine	5.1 مصادر إنشاء العرض المتعددة	3378
F-002693	- تصميم بطاقات التهنئة	32e02b041116da43817302477f0aeb2e70c505069668f1ab55f7a98c05a66c4f	Presentation Engine	5.1 مصادر إنشاء العرض المتعددة	3379
F-002694	- تصميم بطاقات الحب	a389c71cefffa9e1ad80956ac75a638db86096b7ee1f792d865e9af85ec0ab09	Presentation Engine	5.1 مصادر إنشاء العرض المتعددة	3380
F-002695	- تصميم بطاقات الصداقة	b8c89b238c1b6a30d4f5a676dd6ad9e7d3c3bd8686ecdcd4af98b325be4fdf98	Presentation Engine	5.1 مصادر إنشاء العرض المتعددة	3381
F-002696	- تصميم بطاقات الاعتذار	eff594c5ec07fbb68af3f2729d22c03745d85fccc9f3c5c47e80f05251c0bfd4	Presentation Engine	5.1 مصادر إنشاء العرض المتعددة	3382
F-002697	- تصميم بطاقات الحظ السعيد	7cdc3db81b9bf918fb63f5f321f694e1084bf0e9dfaaae228b2d557fdbc97f36	Presentation Engine	5.1 مصادر إنشاء العرض المتعددة	3383
F-002698	- تصميم بطاقات التفكير فيك	4d74f329a43b3138f621a8ae6b2372f095a5bec616968b560eb0b65fe10036f5	Presentation Engine	5.1 مصادر إنشاء العرض المتعددة	3384
F-002699	- تصميم بطاقات اشتقت لك	cbf1c3b50967a6ab172bc0a6ce024906daafd6973736a2f9e1b4f2f41e4af565	Presentation Engine	5.1 مصادر إنشاء العرض المتعددة	3385
F-002700	- تصميم بطاقات الشفاء العاجل	79c4ccc33e2b3128724fb52f32cddfd53885a9560261165309a37d5c007c5fea	Presentation Engine	5.1 مصادر إنشاء العرض المتعددة	3386
F-002701	- إنشاء صور أصلية بأنماط مختلفة	6bfffe3c2d7c91a8e41f9d7fd7c0a255ef31e6d4faa92dde319c393286221f73	Presentation Engine	5.1 مصادر إنشاء العرض المتعددة	3387
F-002702	- إنشاء صور توضيحية لتقرير تقني	c9a84a086de7ddb35c551773311d5058625ee2b2ce8033c2a2b35940fe58e8dc	Presentation Engine	5.1 مصادر إنشاء العرض المتعددة	3388
F-002703	- إنشاء صور فريدة بناءً على وصف نصي	2defa5e1133a9a1c6f3e23202a5814eb8b6721c3e1e64cec7f3caa84b0657c4f	Presentation Engine	5.1 مصادر إنشاء العرض المتعددة	3389
F-002704	- إنشاء صور مخصصة داخل المستندات	da57e9d560d8fccb476d6ffc6c94858bfd44e8095a93357c98a3687ebfdbccda	Presentation Engine	5.1 مصادر إنشاء العرض المتعددة	3390
F-002705	- إنشاء محتوى إبداعي من الصفر بناءً على أوامر بسيطة	bb2004275494171fccc7b5bedbff9157cd17baea964a8f28a3b9e5ad84156073	Presentation Engine	5.1 مصادر إنشاء العرض المتعددة	3391
F-002706	- إنشاء محتوى إبداعي وملهم لتقارير الأعمال	fe3e329a494c1ee77ffcba613b4c6f067eaa57c7fb607b79bfc0c5b1c1e4e138	Presentation Engine	5.1 مصادر إنشاء العرض المتعددة	3392
F-002707	- إنشاء محتوى إعلاني ومدونات ورسائل بريد إلكتروني	89ed183ca90780b219520e4d02a8444cbf03dfc52c755fe2bf4e813f48aba356	Presentation Engine	5.1 مصادر إنشاء العرض المتعددة	3393
F-002708	- إنشاء محتوى بناءً على ملفات أخرى في Google Drive	881eaa6e3a1e819a1a0811bd3a2cccd60dd4fb99692c29cfa8da4d4fb9caec6c	Presentation Engine	5.1 مصادر إنشاء العرض المتعددة	3394
F-002709	- إنشاء محتوى جديد (مقالات إرشادية، تقارير، خطط حملات) بسرعة	318a17b978652ebab6768c62693588e92a9b857e592e6c6250d19ce69bc4f36f	Presentation Engine	5.1 مصادر إنشاء العرض المتعددة	3395
F-002710	- إنشاء محتوى فوري	4e30f9ea3419f7e6abdfdf730b3270312d2e67e7b8b15f1d14b799811e1d274e	Presentation Engine	5.1 مصادر إنشاء العرض المتعددة	3396
F-002711	- إنشاء محتوى لوسائل التواصل الاجتماعي حول إطلاق منتج جديد	29c2cf803689b488e77736f204f617e4eea853c0efc07e0641239b003c610553	Presentation Engine	5.1 مصادر إنشاء العرض المتعددة	3397
F-002712	- إنشاء مساعدين رقميين لتمكين فرق المبيعات	65d79acb37d948cfda3ee2648fef2a939db0c0cbc5302071647b6d12db2d2592	Presentation Engine	5.1 مصادر إنشاء العرض المتعددة	3398
F-002713	- إنشاء نصوص إبداعية وجذابة لوسائل التواصل الاجتماعي	0251e7aa37698c80a0d2b0aa5fdfe715889aacb353490e39da8adf55a2ca88d7	Presentation Engine	5.1 مصادر إنشاء العرض المتعددة	3399
F-002714	- استخدام أوامر مخصصة لتوجيه الذكاء الاصطناعي	5bdfa18bd89b8133a166282df1aa44cb1a5e11cfce0fdd223cf52f9733c90e51	Presentation Engine	5.1 مصادر إنشاء العرض المتعددة	3400
F-002715	- استخدام لغة ومصطلحات خاصة بالصناعة	0e6df115ccc35b9127fb18085ebeb16180619e7be95ab27ef9bc3dde302f6e6c	Presentation Engine	5.1 مصادر إنشاء العرض المتعددة	3401
F-002716	- اقتراح أنواع الطلبات والحقول بناءً على السياق	ffda031dc06890fce32eb8062ee039a3355bf049543c2844223d0b5aa74aa4b5	Presentation Engine	5.1 مصادر إنشاء العرض المتعددة	3402
F-002717	- المساعدة في استخدام المصطلحات الخاصة بالصناعة بشكل صحيح	1b407350f17c8b6a4ce0007f676a89dcb30b757ab1fefeb53260726d4b310d19	Presentation Engine	5.1 مصادر إنشاء العرض المتعددة	3403
F-002718	- تحويل أي عرض أو مستند لموقع والعكس	cf88e8951713cbf3822311a2b820a57bb0977bcccfaae3be01e439a20112ae05	Presentation Engine	5.1 مصادر إنشاء العرض المتعددة	3404
F-002719	- إنشاء عرض تقديمي من فكرة أو نص أو مطالبة	bb3a4d3b9eff2075ab810b11633d90b28de6f14b3524d78093318b2b75bd6e69	Presentation Engine	5.1 مصادر إنشاء العرض المتعددة	3405
F-002720	- بناء عرض تقديمي احترافي وتلقائي بضغطة زر	316868deb04ba4fe8fbbd3a081c6fd248981b7987cb04490a49fface156c7b5c	Presentation Engine	5.1 مصادر إنشاء العرض المتعددة	3406
F-002721	- إدراج الرسوم في الشرائح	942fd3e0b9c1ab15662ff2a559c94ceaedd03a9b3814b838f2f9fd173e63f540	Presentation Engine	5.1 مصادر إنشاء العرض المتعددة	3407
F-002722	- إنشاء العروض التقديمية بسرعة فائقة (أقل من 8 ثوانٍ)	29c5a85e8edb688594437acc83d7e39aa06bcf7848f844ceb10ddb49d2e55bbc	Presentation Engine	5.1 مصادر إنشاء العرض المتعددة	3408
F-002723	- محرك عرض تقديمي متقدم	150ee1b9d3a8ec6363a02d289fbec752f5a7db9d4504baad72ae3f4911fc6860	Presentation Engine	5.1 مصادر إنشاء العرض المتعددة	3409
F-002724	- محرك تكوين الشرائح	7b3da5ce235fc84c4381b464c808732f30ac74326d259e8c17fb5eed5cb6c5ab	Presentation Engine	5.1 مصادر إنشاء العرض المتعددة	3410
F-002725	- بناء العروض التقديمية دون اتصال بالإنترنت	18dcebfb2e47475a664cdeff98e93fbbdf84cea0fc8d9fd8f11eae8131bf54f6	Presentation Engine	5.1 مصادر إنشاء العرض المتعددة	3411
F-002726	- عرض تقديمي متكيف مع الجهاز	cf3d435a8c8a277959696f1a9a2130f1e277ea1bcc5fa3153f7765e6716ba284	Presentation Engine	5.1 مصادر إنشاء العرض المتعددة	3412
F-002727	- وحدة إنشاء العروض التقديمية الذكية	616099306020c704389a1435b533d7b88e04c1074fa6d85974690bcc3ce422ba	Presentation Engine	5.1 مصادر إنشاء العرض المتعددة	3413
F-002728	- اختيار عدد الشرائح	48a717087e5932b5df41206b32e962868a2635a5e8d9abd972e9d1797b89f34d	Presentation Engine	5.1 مصادر إنشاء العرض المتعددة	3414
F-002729	- اختيار أسلوب العرض	34445cf133502c3a7cd50d9415c7f38f5c3704b9578c55a09255fe5986b8cc8a	Presentation Engine	5.1 مصادر إنشاء العرض المتعددة	3415
F-002730	- اختيار مستوى التفاصيل	e994f7df2e3395dd8f599350b19267d4b968afc1f673ddb75eb334280d1ace1a	Presentation Engine	5.1 مصادر إنشاء العرض المتعددة	3416
F-002731	- عروض تقديمية	dc5c670bfc217604e7bc71c808ded200fd894dda6b50f4314d6639cea7e2d847	Presentation Engine	5.1 مصادر إنشاء العرض المتعددة	3417
F-002732	- إنشاء عروض	fa9cb0d2eebbda1b71380a5743dd6f4afca642e2cacb3261cfe5dbb9fd18791e	Presentation Engine	5.1 مصادر إنشاء العرض المتعددة	3418
F-002733	- محرك العروض التقديمية	0ca379a062fb1de11d8da2ff6bdb03d2b6798a8e6a12d33e95be1150b8ab0d9f	Presentation Engine	5.1 مصادر إنشاء العرض المتعددة	3419
F-002734	- كتابة محتوى الشرائح تلقائياً بالذكاء الاصطناعي	b345bbcebb227508f42c89d8ba78334b12d01e01593b58725ccf837efa17a90e	Presentation Engine	5.2 توليد المحتوى بالذكاء الاصطناعي	3425
F-002735	- توليد ملاحظات المتحدث لكل شريحة	36dac1e1327e90cd8eae536d5c2df4205d87e56343ddd336daab2030844125f7	Presentation Engine	5.2 توليد المحتوى بالذكاء الاصطناعي	3426
F-002736	- توليد مسودة أولية مع محتوى ومخطط تفصيلي	65efa5c69062f06f813bff3b3b166049d3e9284bf6d276f8a82e584204e9bff7	Presentation Engine	5.2 توليد المحتوى بالذكاء الاصطناعي	3427
F-002737	- إعادة صياغة النصوص وتحسينها	ee4e8d8b250ea96b6a4dad546d9295d898a925d1ebd2957330bf50247419eb8a	Presentation Engine	5.2 توليد المحتوى بالذكاء الاصطناعي	3428
F-002738	- تلخيص النصوص أو توسيعها	ede6e0b1f6368a40968a7981c418f45c629142202b2c87ac00399563f9b8ae63	Presentation Engine	5.2 توليد المحتوى بالذكاء الاصطناعي	3429
F-002739	- تحديد وتعديل أسلوب ونبرة العرض	1e0414e53192ae06b11b2d76fd7e596047fbde76c3c81e0b6c1bfce06915e086	Presentation Engine	5.2 توليد المحتوى بالذكاء الاصطناعي	3430
F-002740	- اقتراحات ذكية للمواضيع والمحتوى	044f013d1d663626d4f6357554918192b21c9464b7e4e24f18518401d6adb22f	Presentation Engine	5.2 توليد المحتوى بالذكاء الاصطناعي	3431
F-002741	- أطر عمل العروض مع اقتراحات محتوى خطوة بخطوة	3f11b2c78427dab93ac488712b274695a5ac06c920b96355f392eb156b09cc4f	Presentation Engine	5.2 توليد المحتوى بالذكاء الاصطناعي	3432
F-002742	- ترجمة محتوى العرض إلى أكثر من مئة لغة	83c36522ffb56cf15415ca2bedd8f033e97461ee3695a4ba9bf9782654307dbb	Presentation Engine	5.2 توليد المحتوى بالذكاء الاصطناعي	3433
F-002743	- AI summaries للتقارير واللوحات مع توصيات	f9e4d16276aa3fe5311e81a2b10b3cf737786d4d669af4c08e50f3b2373eb537	Presentation Engine	5.2 توليد المحتوى بالذكاء الاصطناعي	3434
F-002744	- ذكاء اصطناعي يحول البيانات إلى عرض احترافي تلقائيًا.	051155eba65ea888d09585a1f1b970bbe08c408a2fc51664c3865550ea97e2f9	Presentation Engine	5.2 توليد المحتوى بالذكاء الاصطناعي	3435
F-002745	- ذكاء عرض متقدم.	a952ce37e840a1d203ec860996845b784a3e1641b8c424da2e4b0eed0586e781	Presentation Engine	5.2 توليد المحتوى بالذكاء الاصطناعي	3436
F-002746	- كتابة محتوى الشرائح تلقائيًا بالذكاء الاصطناعي	e3a2d34f1ccb66ab0e61cc29746dfa64d1801f02629674bdc4764974a3a3ca74	Presentation Engine	5.2 توليد المحتوى بالذكاء الاصطناعي	3437
F-002747	- توليد صور مخصصة بالذكاء الاصطناعي للشرائح	f38fd3e9cd6e339bd2ecec1de82982a32abbec7ce70ae399962b87c802af4e08	Presentation Engine	5.2 توليد المحتوى بالذكاء الاصطناعي	3438
F-002748	- توليد محتوى تدريبي مخصص حسب مستوى الموظف	7def433b1c03af74fb227df8863cc1a8771c74d6b5568e508f6c7805241fa6ec	Presentation Engine	5.2 توليد المحتوى بالذكاء الاصطناعي	3439
F-002749	- إعادة صياغة المحتوى ليناسب جمهوراً مختلفاً	b79c462d52c595603a40a37391d06b957e27654969a8a6dcd46306d3fd708e6f	Presentation Engine	5.2 توليد المحتوى بالذكاء الاصطناعي	3440
F-002750	- توليد نصوص احترافية متعددة الأنماط	981b651050c3a4f3792fdaf23fccae659efe35a56653acb0bc525aada5c3d049	Presentation Engine	5.2 توليد المحتوى بالذكاء الاصطناعي	3441
F-002751	- إعادة صياغة المحتوى وفق مستوى رسمي أو إبداعي أو تنفيذي	615cdc4ec21faa0e13eb0284d7402d91da3f36c56d327108b15970e916c1dbb7	Presentation Engine	5.2 توليد المحتوى بالذكاء الاصطناعي	3442
F-002752	- توليد صور ورسوم توضيحية	624976954f7258b75e11b4046f95a2026b8dd83bb49339e9c32afbe532328132	Presentation Engine	5.2 توليد المحتوى بالذكاء الاصطناعي	3443
F-002753	- توليد فيديوهات وعروض مرئية	22c387fa231cd372dc2abcb6321bdd4453c37ffa4a8adec7862a98e659134474	Presentation Engine	5.2 توليد المحتوى بالذكاء الاصطناعي	3444
F-002754	- إنشاء تعليق صوتي احترافي	99a8cb979d3d5832ee42fb507a5eaab1673fc7cfb306690dc93deea750de7b71	Presentation Engine	5.2 توليد المحتوى بالذكاء الاصطناعي	3445
F-002755	- تحويل الكلام إلى نص والعكس	47c9d158c6f521e0987d9b5eed6d721657c4c5edc7123ba61484b9cd693de8f5	Presentation Engine	5.2 توليد المحتوى بالذكاء الاصطناعي	3446
F-002756	- توليد محتوى تدريبي مخصص	b462ec66a0ee748d3ff02e63ba05894228aa89c7c52dd1430db5e1ac5fec7aa7	Presentation Engine	5.2 توليد المحتوى بالذكاء الاصطناعي	3447
F-002757	- إعادة صياغة المحتوى وفق جمهور محدد	1af1f9181dcb38b27c010d71f3d6cac89f4a2553e5bd2fe088e4e2d7557e87bf	Presentation Engine	5.2 توليد المحتوى بالذكاء الاصطناعي	3448
F-002758	- إعادة صياغة المحتوى بمستويات رسمية مختلفة	13b860b7cc93dff9ceb1d58863ec669f8472408bba6683032ec33ee8f2b6b9b7	Presentation Engine	5.2 توليد المحتوى بالذكاء الاصطناعي	3449
F-002759	- ضبط نبرة الخطاب	2ea4bc708af60878e337f533cebb0adba9474ef5a1bdd003f720434b4e506f38	Presentation Engine	5.2 توليد المحتوى بالذكاء الاصطناعي	3450
F-002760	- إعادة صياغة احترافية	2576a5114b5176998e582be93870cf85a3bc3f1d1daf5b1a2a804859f6f4d238	Presentation Engine	5.2 توليد المحتوى بالذكاء الاصطناعي	3451
F-002761	- ملخص تنفيذي يولده الذكاء الاصطناعي داخل اللوحة	02c91f5a703e8d0ca80f5c38d7aa534f14461c840c6468d531b3c3621c05fbcf	Presentation Engine	5.2 توليد المحتوى بالذكاء الاصطناعي	3452
F-002762	- تقارير ذكية تولد ملخصا تنفيذيا وتوصيات بالذكاء الاصطناعي	e19744f1a59c01169dc74810b5bfbacf908e33eae73d976730a153701730b5e0	Presentation Engine	5.2 توليد المحتوى بالذكاء الاصطناعي	3453
F-002763	- الذكاء الاصطناعي ينشئ عرضا كاملا من وصف الموضوع مع ملاحظات المقدم وأسئلة وأجوبة وملاحق	04fae70b68bfbb2660bb62899fdd47959caaf7b851a4c95b816457789a14768b	Presentation Engine	5.2 توليد المحتوى بالذكاء الاصطناعي	3454
F-002764	- ملخص تنفيذي تلقائي في الشريحة الأولى	d29b799ebfea22cfcde488f9b8b477f889b46a416bc207c671c60d9ee77942c9	Presentation Engine	5.2 توليد المحتوى بالذكاء الاصطناعي	3455
F-002765	- مساعد تقديم ذكي	98dab7d74812a10d02cee13249f3ca993a901b6b048616e000911c94a9af4de4	Presentation Engine	5.2 توليد المحتوى بالذكاء الاصطناعي	3456
F-002766	- الذكاء الاصطناعي يولد صفحة كاملة من وصف نصي مع حقول وعناصر مرئية وربط بيانات وأذونات ونشر	224ebddd3c513eccdb4b883c6866d9556caca279b7d3095450be259d8da64b70	Presentation Engine	5.2 توليد المحتوى بالذكاء الاصطناعي	3457
F-002767	- الذكاء الاصطناعي يكتشف إدخالات شاذة أو ناقصة ويقترح تصحيح	679888aacf5ff2cd8fd1f7dbcf8ffeaed0b833aeb0f4cb560cb89c346c97b825	Presentation Engine	5.2 توليد المحتوى بالذكاء الاصطناعي	3458
F-002768	- الذكاء الاصطناعي ينشئ مسودة المراسلة وفق القالب ويملأ المتغيرات ويقترح مسار الموافقات	5384acbe1e2ab7e451bfba55151849f8a8522891328e6ff49f02ebc30f1f2095	Presentation Engine	5.2 توليد المحتوى بالذكاء الاصطناعي	3459
F-002769	- تلخيص واردات الجهات واستخراج نقاط المتابعة وإنشاء مهام وتذكيرات تلقائية	a19bca5b0d707cda54076e47fb6b20a2b728d619e7efc296cd739069b7db7d46	Presentation Engine	5.2 توليد المحتوى بالذكاء الاصطناعي	3460
F-002770	- الذكاء الاصطناعي يقترح تصميم سير العمل من وصف نصي	7d4e3f0e30a34b2d562658d656eb45c03ed98f970bbbc81cd9c9961be8ba3001	Presentation Engine	5.2 توليد المحتوى بالذكاء الاصطناعي	3461
F-002771	- إجراءات مقترحة تلقائيا بحسب نوع المشكلة	5187a5d9bcccb6f811b1b9b7088855046bc3e80558ad0f66c8ed8c3eb5d3665f	Presentation Engine	5.2 توليد المحتوى بالذكاء الاصطناعي	3462
F-002772	- الذكاء الاصطناعي يصنف التصعيد ويقترح المالك والفريق المناسب	f35d00160771bd1f4af1bced9d034454bfc22869610f4c0afcda01e85c2a9c64	Presentation Engine	5.2 توليد المحتوى بالذكاء الاصطناعي	3463
F-002773	- الإثراء المدعوم بالذكاء الاصطناعي	8808fd0839ff15da43c7b8819ac51d480352a892bd7d0e4ef3fca398991508d9	Presentation Engine	5.2 توليد المحتوى بالذكاء الاصطناعي	3464
F-002774	- ميزات المساعد وإثراء الذكاء الاصطناعي	a1e28f1ae4bb29672597b834666f7f526635120ede2e1c9440eaaf43431808cf	Presentation Engine	5.2 توليد المحتوى بالذكاء الاصطناعي	3465
F-002775	- أدوات الذكاء الاصطناعي	3c7a93e9e9d3ab00840d2efc29733541210245ec8f8d1020532b62c4f39cfe59	Presentation Engine	5.2 توليد المحتوى بالذكاء الاصطناعي	3466
F-002776	- PowerMetrics AI	db752b967e95f245688129be5a441e584f92c9be804a03857c83a895c6836bb1	Presentation Engine	5.2 توليد المحتوى بالذكاء الاصطناعي	3467
F-002777	- الذكاء الاصطناعي في كل مكان	358499fcd6148f3eacb5cef0222507037d61aadc312270f8d2d0ae41f92dcecd	Presentation Engine	5.2 توليد المحتوى بالذكاء الاصطناعي	3468
F-002778	- تحليلات agentic	116d4bb013123c604920ba3c653a8f1abdc46ac14c2335b62c09969de3231e44	Presentation Engine	5.2 توليد المحتوى بالذكاء الاصطناعي	3469
F-002779	- رؤى مدعومة بالذكاء الاصطناعي	accb4970d3cb10178cea3e98793d73e3f540f2aa6ec93063cfcf3dcd998ce59f	Presentation Engine	5.2 توليد المحتوى بالذكاء الاصطناعي	3470
F-002780	- تكامل AI/ML	36eac05c2c12aad8bb8cec8727abc116633c7bada1a2d3e24552e757b6577e52	Presentation Engine	5.2 توليد المحتوى بالذكاء الاصطناعي	3471
F-002781	- معايرة Q&A	44185826f0973653695d3bef7441a37ff1ba396be8a3bd83cc419dd317c72b14	Presentation Engine	5.2 توليد المحتوى بالذكاء الاصطناعي	3472
F-002782	- روايات لوحة المعلومات	c50879d18d7bac2d8713d35193f822b9b167b3b82666160cb0bec0b3e96ecacc	Presentation Engine	5.2 توليد المحتوى بالذكاء الاصطناعي	3473
F-002783	- Copilot في Microsoft Fabric	176631f1af94b595aa98d7fdf1379621f51ade0547bfef482e4be6e13778f687	Presentation Engine	5.2 توليد المحتوى بالذكاء الاصطناعي	3474
F-002784	- تقارير تم إنشاؤها بواسطة الذكاء الاصطناعي	d30b96e09cf25fd66c18d436265604243b540fcfc0c881a7c2ef3f58c971e389	Presentation Engine	5.2 توليد المحتوى بالذكاء الاصطناعي	3475
F-002785	- إمكانات الذكاء الاصطناعي المتقدمة	e0232566eb4ab45cb7312b7c77525f4c6a231211d0687e350965371991146264	Presentation Engine	5.2 توليد المحتوى بالذكاء الاصطناعي	3476
F-002786	- رؤى مدفوعة بالذكاء الاصطناعي	dc90374b7069a286137eed05f7a1e99c8c7180e567b635494e9ea616a057f60b	Presentation Engine	5.2 توليد المحتوى بالذكاء الاصطناعي	3477
F-002787	- إنشاء مرئيات	23c5a87a16d9e8f5570f4750cf756fab5e13f484dc15bd4f1fe5b2f9d740935c	Presentation Engine	5.2 توليد المحتوى بالذكاء الاصطناعي	3478
F-002788	- اقتراح المخططات	e91715996146510ea9ae103ab05f439622b44664e512e8c6bc1ba1fe4cbbbfc9	Presentation Engine	5.2 توليد المحتوى بالذكاء الاصطناعي	3479
F-002789	- ضبط المحتوى	5994c32e19dd57a20a61969a2df42cad394d8f08434817c0dade568acb57d540	Presentation Engine	5.2 توليد المحتوى بالذكاء الاصطناعي	3480
F-002790	- بحث البيانات بالذكاء الاصطناعي	7207d8d637402be2a4cfcba14d7b668a92905a853a3be69dc265ea6b368af857	Presentation Engine	5.2 توليد المحتوى بالذكاء الاصطناعي	3481
F-002791	- محرك بيانات الذكاء الاصطناعي الذي يسلط الضوء على الرؤى	f3c58a59da22dfd01e321b8f9700c10dbbcc7ad71370c8d38312492d7d2a28c7	Presentation Engine	5.2 توليد المحتوى بالذكاء الاصطناعي	3482
F-002792	- الدردشة مع بياناتك	6fe05f7337ef4a81307491cd650b96a139752f09f7e9077a50223f253b6c7e4a	Presentation Engine	5.2 توليد المحتوى بالذكاء الاصطناعي	3483
F-002793	- يقوم الذكاء الاصطناعي بكل العمل الشاق	b2d196b7246b11309a4d8a78c3368075139b6870a553f1a4b2f6aef26168c68a	Presentation Engine	5.2 توليد المحتوى بالذكاء الاصطناعي	3484
F-002794	- مطالبة الذكاء الاصطناعي بتقديم رؤى وضبطها وإنشاء تصورات جميلة	2ee13eaa5ede63b7c1a93dba500ecf1541e96fd4e870b45467fd9f5cf528bcb1	Presentation Engine	5.2 توليد المحتوى بالذكاء الاصطناعي	3485
F-002795	- محرر صور مدعوم بالذكاء الاصطناعي	0a4b42d87b4fe1e897ce05cce65e9a82c25db73e6ee877c469bb8c449d37fe37	Presentation Engine	5.2 توليد المحتوى بالذكاء الاصطناعي	3486
F-002796	- Magic Edit (Pro)	d9c62a4f72d2e5d13aecb434d8ff7b7907792f2158608799f0d4cc9a3441c82a	Presentation Engine	5.2 توليد المحتوى بالذكاء الاصطناعي	3487
F-002797	- مغير الخلفية (Pro)	b04e0db0d2fc757189e06712a0957cf2fd6dcafb42f2ec8caba662aec330b2aa	Presentation Engine	5.2 توليد المحتوى بالذكاء الاصطناعي	3488
F-002798	- Magic Eraser (Pro)	a93c32abe3fcc0193a5cf64175fced37880ca546d6764ea5e76875c0f6a79965	Presentation Engine	5.2 توليد المحتوى بالذكاء الاصطناعي	3489
F-002799	- مزيل الخلفية	88d811cb56f62d42789f195d45514bc35d9e6dc564d3e2ace80d289053bcbf08	Presentation Engine	5.2 توليد المحتوى بالذكاء الاصطناعي	3490
F-002800	- أداة تنعيم الوجه عبر الإنترنت	c25e09bba20bf07afdd54d01250658a78ceb009adefc7fb709b2126b991a1efd	Presentation Engine	5.2 توليد المحتوى بالذكاء الاصطناعي	3491
F-002801	- Magic Grab	182ebe503c3dbfa6c2a291741b19aabf27aea5378ec63afca226f2fe6ab38730	Presentation Engine	5.2 توليد المحتوى بالذكاء الاصطناعي	3492
F-002802	- Grab Text	280a6ea438594bebe911444c08a4c2a181233a1d9e11f47c2f4087b7df9e9891	Presentation Engine	5.2 توليد المحتوى بالذكاء الاصطناعي	3493
F-002803	- موسع الصور بالذكاء الاصطناعي	5a19b63849841e2bc37ea6a45b0dbbaba5433e6e546d19c79f58e4d2a3b807c3	Presentation Engine	5.2 توليد المحتوى بالذكاء الاصطناعي	3494
F-002804	- الضبط التلقائي	07620f7aafc29cba811cc1eb25fc8511b25970fae5359d23e53e492e253fab21	Presentation Engine	5.2 توليد المحتوى بالذكاء الاصطناعي	3495
F-002805	- مجموعة واسعة من تصميمات المخططات	8d2c359ff94e2bf5e822922bed517740ceb940abb41ad58b9e347da13484c468	Presentation Engine	5.2 توليد المحتوى بالذكاء الاصطناعي	3496
F-002806	- مرئيات ديناميكية وعناصر تصميم ذكية	92e15d958c93a989d96ebed928a0ed0bd100b9713c19deecdadd6663bdba1315	Presentation Engine	5.2 توليد المحتوى بالذكاء الاصطناعي	3497
F-002807	- أتمتة العلامة التجارية بالذكاء الاصطناعي	8e93d4572e3a52ec5c9e7fa2f8761babc951bdc6527627f2ad198b124fbf155d	Presentation Engine	5.2 توليد المحتوى بالذكاء الاصطناعي	3498
F-002808	- منشئ DesignAI	b4cd3ede1dedc08a184f04925552a865e25198b0f0420052f665fe5c22a16604	Presentation Engine	5.2 توليد المحتوى بالذكاء الاصطناعي	3499
F-002809	- الملء التلقائي للمحتوى بالذكاء الاصطناعي	7d274d4472e59ff261a3af1747609e1ef68e0529f379c1dfc392e813a12e0328	Presentation Engine	5.2 توليد المحتوى بالذكاء الاصطناعي	3500
F-002810	- أيقونات وصور مُنشأة بالذكاء الاصطناعي	b290bf8b27a0dc2de40e7e11ab8673e747ae8d007e0f064d1fb407cba5d0e1ff	Presentation Engine	5.2 توليد المحتوى بالذكاء الاصطناعي	3501
F-002811	- كاتب ومترجم بالذكاء الاصطناعي	921eb75db841c69288c016bd266a80d08cd24b7c9e8661ec8faacd64565d56ec	Presentation Engine	5.2 توليد المحتوى بالذكاء الاصطناعي	3502
F-002812	- الذكاء الاصطناعي للوصول الذكي	ad93351ced025e24438e4465297f958fdff392a41849668fe50a988ec7f70be0	Presentation Engine	5.2 توليد المحتوى بالذكاء الاصطناعي	3503
F-002813	- تحليل معالجة اللغة الطبيعية ورؤية الكمبيوتر	0d3a0978bd05ddbc86712e78daa5923bd97fb73df1555a6054b46b2e59d780fb	Presentation Engine	5.2 توليد المحتوى بالذكاء الاصطناعي	3504
F-002814	- مرشح الذكاء الاصطناعي	4062cbd0eb0e94147718d834bea5e3d51231ac0f621752e61ed49108d331459a	Presentation Engine	5.2 توليد المحتوى بالذكاء الاصطناعي	3505
F-002815	- محسن الصور	893d6e355671b0e3812316be6c827b183c454bffd06b5133c610a7040ddc957f	Presentation Engine	5.2 توليد المحتوى بالذكاء الاصطناعي	3506
F-002816	- محسن الصور بالذكاء الاصطناعي	fef0d12859f339b8a48c19a047de380855e5ccda33ac28a1d858acd58f568e65	Presentation Engine	5.2 توليد المحتوى بالذكاء الاصطناعي	3507
F-002817	- تغيير لون الصورة	083d2fd01df43c3344d77550602363447ab079f1dd0b5d5a9b0c983aa3902d11	Presentation Engine	5.2 توليد المحتوى بالذكاء الاصطناعي	3508
F-002818	- تأثيرات الصور	a0e89ec8ed76c3af3fc9ad35e793b9eff83ec7d48cac8d786796e57b6d55a8b6	Presentation Engine	5.2 توليد المحتوى بالذكاء الاصطناعي	3509
F-002819	- مولد لقطات الرأس بالذكاء الاصطناعي	2d53b29398d101731cf830588e1b7a7005d268b01d0712a7f50c993ee4f09f28	Presentation Engine	5.2 توليد المحتوى بالذكاء الاصطناعي	3510
F-002820	- اقتصاص الصورة	1984d4cd530f3bb63eb385c5d94fc626a5ae944c5aa110cbf89397373c553178	Presentation Engine	5.2 توليد المحتوى بالذكاء الاصطناعي	3511
F-002821	- التعبئة التوليدية بالذكاء الاصطناعي	61ecfa369db8296f91a6253ce6f38ef5561741bbd1c648d764f47177227a4e3d	Presentation Engine	5.2 توليد المحتوى بالذكاء الاصطناعي	3512
F-002822	- تغيير حجم الصورة	b7bd4d364bc6b265adb6f90374ea83ea64309f3030328403e5d90b438f5689dd	Presentation Engine	5.2 توليد المحتوى بالذكاء الاصطناعي	3513
F-002823	- إزالة بكسلة الصورة	1055616d2b89db6a0a8585d581665d96c7acb52bd9f9d1a39714b6ff1bb04eda	Presentation Engine	5.2 توليد المحتوى بالذكاء الاصطناعي	3514
F-002824	- تحرير النص في الصورة	e94ace4d85d728c81cdc7c4c536745f2dc3f622e17cc81f2a187725cf5903a70	Presentation Engine	5.2 توليد المحتوى بالذكاء الاصطناعي	3515
F-002825	- مخططات مصممة بالذكاء الاصطناعي	e4ce37f9c9ec4430e6d448723c5539de8c18b5b557d82e42658e9f037a6c42d7	Presentation Engine	5.2 توليد المحتوى بالذكاء الاصطناعي	3516
F-002826	- أدوات التصور الذكية	27daccc0b0737830cfd872f8b62da0eb05a425e0192fad7d5328422d9405f5d2	Presentation Engine	5.2 توليد المحتوى بالذكاء الاصطناعي	3517
F-002827	- منصة ذكاء اصطناعي توليدية شاملة للتحليل ولوحات المعلومات والتقارير.	432ddaed519b24ec34f4903bf5fce2e9f031f8879ff865726c73f33766ca61e4	Presentation Engine	5.2 توليد المحتوى بالذكاء الاصطناعي	3518
F-002828	- أتمتة عمليات تعلم الآلة.	66ea6352a8cd225ef82a0af90f986792508237972cea8493da3a8f3124d40a4f	Presentation Engine	5.2 توليد المحتوى بالذكاء الاصطناعي	3519
F-002829	- تحليلات متقدمة.	c6915cba11d5d0000bea9406841ff8c7b27b4648215a02daad8536c7099c8f9c	Presentation Engine	5.2 توليد المحتوى بالذكاء الاصطناعي	3520
F-002830	- الاستفادة من الذكاء الاصطناعي التوليدي لتبسيط تحليلات البيانات لجمهور الأعمال.	fd3a13072eba01a321a7569da37d734c51f0be6e32772410a8ae8637dfd10bb9	Presentation Engine	5.2 توليد المحتوى بالذكاء الاصطناعي	3521
F-002831	- ذكاء اصطناعي ذكي مدعوم بأحدث نماذج الذكاء الاصطناعي من Google.	948465550f436d76ad2b44d3b9d6d3d033864a76d5cf9f07f63948df8c6e724e	Presentation Engine	5.2 توليد المحتوى بالذكاء الاصطناعي	3522
F-002832	- ذكاء اصطناعي قوي.	cc36358b1461ccd2e0ddb9ba6ad2be7e1432b4215da1234909fd52605f97877e	Presentation Engine	5.2 توليد المحتوى بالذكاء الاصطناعي	3523
F-002833	- ذكاء اصطناعي شفاف.	676dc97474b9d5f09578edc0262aed61853c2cf8e2aadb3b589d450f43f9ffc7	Presentation Engine	5.2 توليد المحتوى بالذكاء الاصطناعي	3524
F-002834	- ذكاء اصطناعي مؤسسي متكامل.	391d4a4d229793437bd482f2cdce281daef41fe0a9bff19b4aeedf10bbeb1e56	Presentation Engine	5.2 توليد المحتوى بالذكاء الاصطناعي	3525
F-002835	- منشئ الذكاء الاصطناعي.	192c5fe9676fd4f41173f6c9ca8974511e7321b01e2a06e22261d7f7bbcd529d	Presentation Engine	5.2 توليد المحتوى بالذكاء الاصطناعي	3526
F-002836	- أتمتة الذكاء الاصطناعي.	cbb135bcf289bfbae6094509565edd6019f50aba4b999c4725a7153188f45425	Presentation Engine	5.2 توليد المحتوى بالذكاء الاصطناعي	3527
F-002837	- ذكاء مضمن.	84aa089827042acd4a1ac1fef21e234ea65dc1370e1058416e4f22e5994fa9f6	Presentation Engine	5.2 توليد المحتوى بالذكاء الاصطناعي	3528
F-002838	- تحليلات نشطة.	e5d0ed14af748816ebbb298c7ebfb8d6cfe22cfda748aba3b36094d815b868b1	Presentation Engine	5.2 توليد المحتوى بالذكاء الاصطناعي	3529
F-002839	- قدرات التحليلات المعززة.	7025bae426c113cc7d87dcce3f34e49ba7e790fbe7fbc3f6e48ae341f31941c7	Presentation Engine	5.2 توليد المحتوى بالذكاء الاصطناعي	3530
F-002840	- تحليلات مضمنة.	956bacd31bc25cda29801d995c26d99e539a702855f404be210f6309b447e20b	Presentation Engine	5.2 توليد المحتوى بالذكاء الاصطناعي	3531
F-002841	- تحليلات الحوارية في Looker.	9da50cd5ee3ee352c2034148baa8251e38fc75b7979184ea9fbb43802fc9c06c	Presentation Engine	5.2 توليد المحتوى بالذكاء الاصطناعي	3532
F-002842	- تجربة الذكاء الاصطناعي الوكيلية الجديدة.	9961806483270df6d9b282670464c147e368dcce8d017d817842c67f8aa58dc0	Presentation Engine	5.2 توليد المحتوى بالذكاء الاصطناعي	3533
F-002843	- استخدام نماذج لغوية كبيرة (LLMs) من مجموعة غنية ومتنوعة من المصادر.	8be1941751f4a11a332235b5b906477046fc3cbd66d1454011a8a298ccfe8b3c	Presentation Engine	5.2 توليد المحتوى بالذكاء الاصطناعي	3534
F-002844	- تحليل تنبؤي.	d35172e4e351a9e08166fb32aa78cb2157aba7c9d4566a2ecbcbef2d4a2b4c75	Presentation Engine	5.2 توليد المحتوى بالذكاء الاصطناعي	3535
F-002845	- اكتشاف الشذوذ.	e0b8300aaad4d9863d14bf3ee996011183a27146752ce8efa5994e26b8737049	Presentation Engine	5.2 توليد المحتوى بالذكاء الاصطناعي	3536
F-002846	- رؤى آلية.	b229905e9760701fde45ce877cfe3ab436d4be607b38b1313b1b242c309d5891	Presentation Engine	5.2 توليد المحتوى بالذكاء الاصطناعي	3537
F-002847	- سرد تلقائي للرؤى.	636f9c37185fcb8532e4fccebfb7f912ce59b1316985d4f900534c1fad8d9e98	Presentation Engine	5.2 توليد المحتوى بالذكاء الاصطناعي	3538
F-002848	- إنشاء عروض تقديمية تلقائي.	8cf1aa448a8d3d9022385a2fd009aaa23aa5b235374db100da9244d235bf1e24	Presentation Engine	5.2 توليد المحتوى بالذكاء الاصطناعي	3539
F-002849	- إنشاء الشرائح تلقائيًا.	5d9fa2b840bb7cdd0d7e8d3b7d3d4d2bc7c6bb8c0cf17df08b1ba80c5a0e7f58	Presentation Engine	5.2 توليد المحتوى بالذكاء الاصطناعي	3540
F-002850	- مساعد الصيغة.	11f5f55e291c75e08667ccb4b1d784efaa137361d4d2951da6242ae995815e4a	Presentation Engine	5.2 توليد المحتوى بالذكاء الاصطناعي	3541
F-002851	- مساعد LookML.	7a0663ea6edaa7b054a54b49d430614742a0a76b3e8344403b3676ccf91bfa80	Presentation Engine	5.2 توليد المحتوى بالذكاء الاصطناعي	3542
F-002852	- مساعد التصور المتقدم.	0370211ca07459928659520bead389082819bc3a3a130a6c116596e94455532d	Presentation Engine	5.2 توليد المحتوى بالذكاء الاصطناعي	3543
F-002853	- Agentspace.	62114ff3a6592f95dc82d11af09d37e1c0cf5062d132745d37f5a959a9f6ccd3	Presentation Engine	5.2 توليد المحتوى بالذكاء الاصطناعي	3544
F-002854	- وكلاء الذكاء الاصطناعي.	8c5a4dae49646bc9348bffb45c98106f12c87fcf6a34dc9e81f4b01a83c5c6a5	Presentation Engine	5.2 توليد المحتوى بالذكاء الاصطناعي	3545
F-002855	- Spotter 3.	83aa6aa597d12f8fa7fe638b024c0675c7902165331555befff48f19f67e070e	Presentation Engine	5.2 توليد المحتوى بالذكاء الاصطناعي	3546
F-002856	- SpotterCode.	aec675f618d97442c87ab6f093ff692315885d060972dd48f4589975fec2b09c	Presentation Engine	5.2 توليد المحتوى بالذكاء الاصطناعي	3547
F-002857	- سجل دردشة Spotter.	2d0c9cca20d36d3b9b4e0397aeb48be64ff32b0df5612cc1791da62c42952426	Presentation Engine	5.2 توليد المحتوى بالذكاء الاصطناعي	3548
F-002858	- ترجمة تلقائية للوحات المعلومات الحية والإجابات.	7a5d6dc2560dc10502c4b32b0957e4d0e8c731fa49e4a4074152520df99d97d8	Presentation Engine	5.2 توليد المحتوى بالذكاء الاصطناعي	3549
F-002859	- نموذج دلالي.	aa5d7236e41ef007efa4154b4d10abd102238a5b62ca8dff933c6c4926c31d2f	Presentation Engine	5.2 توليد المحتوى بالذكاء الاصطناعي	3550
F-002860	- منصة تحليلات وكيلية.	9d864f8232086c83b528e1246718396754eec5ecf1875eb55e9a44c452b3817a	Presentation Engine	5.2 توليد المحتوى بالذكاء الاصطناعي	3551
F-002861	- منصة تحليلات مدعومة بالذكاء الاصطناعي.	613235b19cb419ab0bdfbd6cbda2179543694dc85ad32a5a320ea99cbbad21b8	Presentation Engine	5.2 توليد المحتوى بالذكاء الاصطناعي	3552
F-002862	- معالجة اللغة الطبيعية (NLP).	ca1b151b49be371c7ae85f8096fb6fd796c40f5d0ae9aa1d48b7765487e36c51	Presentation Engine	5.2 توليد المحتوى بالذكاء الاصطناعي	3553
F-002863	- استعلام اللغة الطبيعية (NLQ).	75bb0e27a577e6635ba951c1261f8b5d88c9fe5b663af2d980252b0a8f776811	Presentation Engine	5.2 توليد المحتوى بالذكاء الاصطناعي	3554
F-002864	- منصة تحليلات مدفوعة بالبحث والذكاء الاصطناعي للمؤسسات.	8f8057e508f0922b2583da18ba48d75205c1b03f270de9c1ccabc238c8db320c	Presentation Engine	5.2 توليد المحتوى بالذكاء الاصطناعي	3555
F-002865	- واجهة برمجة تطبيقات التحليلات الحوارية.	65b2f278fad62f184a0fdecf1087944012692b8ad7ffbc7567a4b0cc0f55b70e	Presentation Engine	5.2 توليد المحتوى بالذكاء الاصطناعي	3556
F-002866	- مترجم الكود للتحليلات الحوارية.	526516f5007353819c5d881f6920fd7b063d9e2b1c0e081ef74c0775feff9e51	Presentation Engine	5.2 توليد المحتوى بالذكاء الاصطناعي	3557
F-002867	- منصة تطبيقات وتحليلات الذكاء الاصطناعي متصلة بمستودع البيانات السحابي.	80e4cd3c3828d17e508434c7b338136fd825f9fd8e92cfeb3f6689e4ba68007f	Presentation Engine	5.2 توليد المحتوى بالذكاء الاصطناعي	3558
F-002868	- مجموعة أدوات الذكاء الاصطناعي.	0c109dbfdeb6b1386cdd45aa2b6b0286e8b43dac6d9023e253cf05637e52f3e7	Presentation Engine	5.2 توليد المحتوى بالذكاء الاصطناعي	3559
F-002869	- تجربة بيانات مُعاد تصورها للمستخدمين من رجال الأعمال.	1c449bcb130c50e2d2a7f791091e1418cb927a5011ea9598d218427f5c5c1c6d	Presentation Engine	5.2 توليد المحتوى بالذكاء الاصطناعي	3560
F-002870	- تمكين كل موظف برؤى ذكية وشخصية وسياقية.	519b211987175d82037631bc618cda26295032a5523ee7b4c6c838519f9a4e73	Presentation Engine	5.2 توليد المحتوى بالذكاء الاصطناعي	3561
F-002871	- أداة مبتكرة وتفاعلية وديناميكية.	ead69b7b0f2145579ee913f3b280bf388d240e09f8c4b81ea5b2246e63eb28ec	Presentation Engine	5.2 توليد المحتوى بالذكاء الاصطناعي	3562
F-002872	- إجابات تم التحقق منها من قبل مؤلفي التطبيق.	4a9b939103887b71c41d686517c9e62627f7368e4f405aad594bde9dc1b9af42	Presentation Engine	5.2 توليد المحتوى بالذكاء الاصطناعي	3563
F-002873	- تجربة محادثة قائمة على الدردشة.	9cca280437dfdee29b9408c2eed0afbaee0e2d72242b505a858543da1ab387fb	Presentation Engine	5.2 توليد المحتوى بالذكاء الاصطناعي	3564
F-002874	- تجربة مستقلة بملء الشاشة.	d3d46aa15a4efe5c026443aa3588d3317468169c604ea1c8d8481caea4ea373b	Presentation Engine	5.2 توليد المحتوى بالذكاء الاصطناعي	3565
F-002875	- جزء Copilot للتقارير.	0b6c567f88a72fbc859458734debb31a28a8be14a9178a923af26eb81705c11b	Presentation Engine	5.2 توليد المحتوى بالذكاء الاصطناعي	3566
F-002876	- Copilot في التطبيقات.	593d0f51f78a8e3a6cdb56d695051a79ec40970cf42b1deae32f96bc7be7a0bb	Presentation Engine	5.2 توليد المحتوى بالذكاء الاصطناعي	3567
F-002877	- إزالة محتويات المحادثة الحالية وأي سياق سابق تم تعيينه خلال المحادثة.	cea39aacf6a080bc89786a04c0cfe17fa3957b831bb4c162bb80311471493320	Presentation Engine	5.2 توليد المحتوى بالذكاء الاصطناعي	3568
F-002878	- الاستجابة من ذاكرة التخزين المؤقت للكفاءة.	c4763a360cfbead59160bc6410a5dcfe19c17befdc10a36c97bb1f99a97abafa	Presentation Engine	5.2 توليد المحتوى بالذكاء الاصطناعي	3569
F-002879	- تمكين مستخدمي الأعمال من طرح أسئلة باللغة الطبيعية.	54a6e64c8cb0f7f98a099003bf8a5c436949e2931ddc33f4711b40bbece9b6c4	Presentation Engine	5.2 توليد المحتوى بالذكاء الاصطناعي	3570
F-002880	- اكتشاف الرؤى من التقارير عن طريق طرح أسئلة حول مرئيات التقرير وبياناتها الأساسية.	7459ab629ca3fc3aa910938040d460d9f52dea22bd8d4c448be998a947953ef7	Presentation Engine	5.2 توليد المحتوى بالذكاء الاصطناعي	3571
F-002881	- رفع تجربة المستخدم الإجمالية بميزات مثل الرؤى التي يتم إنشاؤها تلقائيًا والتحليلات التنبؤية.	76aca9186f13d1279caf1336ee4cccc2abe56fa7e65ce1e1263d7693ad5114c2	Presentation Engine	5.2 توليد المحتوى بالذكاء الاصطناعي	3572
F-002882	- التنقل في السياق المنسق للتطبيق.	39efeb01707e18c5924d2e0913f18b1ef22bdd5aa469eb0bd77ae6aeeed8d005	Presentation Engine	5.2 توليد المحتوى بالذكاء الاصطناعي	3573
F-002883	- إرشادك إلى التقارير الصحيحة.	e829f798e54b1fdf5e29bce3411e476da01a1b5c09b9e768ba3dc32aa4e67483	Presentation Engine	5.2 توليد المحتوى بالذكاء الاصطناعي	3574
F-002884	- تلخيص التقارير والعثور على العناصر والإجابة على أسئلة البيانات.	72a8d40d45376ea774080424d20c5216e2b921dd35baae5ca2bb61e8567ebf86	Presentation Engine	5.2 توليد المحتوى بالذكاء الاصطناعي	3575
F-002885	- إنشاء صفحات تقرير كاملة في ثوانٍ.	9b9f2f3db1a29cc2e765dc0595eb4952b167e56d16f911d137905f0f6653920b	Presentation Engine	5.2 توليد المحتوى بالذكاء الاصطناعي	3576
F-002886	- التحكم والمرونة في إنشاء التقارير.	cf23672cb3664bd51f3912369f8502418a7d0c83ce8d2f4d2b71fe2021e75571	Presentation Engine	5.2 توليد المحتوى بالذكاء الاصطناعي	3577
F-002887	- اتخاذ قرارات أسرع.	cadd8d57426392f90b9e0cd2ee258351b2107b75c72bf566a237aa3f4ba127d9	Presentation Engine	5.2 توليد المحتوى بالذكاء الاصطناعي	3578
F-002888	- جعل ذكاء الأعمال أكثر ذكاءً باستخدام الذكاء الاصطناعي.	4ba472d6180ffd5d4f8ef0beb3c020249af5c44ceb2e15dbac46365fa6a5e555	Presentation Engine	5.2 توليد المحتوى بالذكاء الاصطناعي	3579
F-002889	- استبدال لوحات المعلومات التقليدية.	76fcdf1b0e60748c2a351ecbdd770cb7bd4fa9cf3d42891fdb8321008f0cd363	Presentation Engine	5.2 توليد المحتوى بالذكاء الاصطناعي	3580
F-002890	- تحليل البيانات الاستباقي باستخدام الذكاء الاصطناعي.	22f8089833d25c652fb5487c4b87208bced87285b5b3df80ed7a38747743a755	Presentation Engine	5.2 توليد المحتوى بالذكاء الاصطناعي	3581
F-002891	- تبسيط تحليل البيانات.	3aa285f7cb4a88bfefabef8692832d00be076404f9d667fe4f486b4c7f2a1e91	Presentation Engine	5.2 توليد المحتوى بالذكاء الاصطناعي	3582
F-002892	- تمكين كل فرد في مؤسستك برؤى ذكية وشخصية وسياقية.	8539e86fec4c99c83f1af34457b17ccc3800bffc308685147804fabc5ba2e17a	Presentation Engine	5.2 توليد المحتوى بالذكاء الاصطناعي	3583
F-002893	- إعادة تصور تجربة البيانات.	0daf6e9126bb4e25c04352229c0b5f5b7a04d4e520c7040f553893ff80a3b8c1	Presentation Engine	5.2 توليد المحتوى بالذكاء الاصطناعي	3584
F-002894	- توسيع نطاق الرؤى من خلال إنشاء أساس بيانات موثوق به.	9ed97aa34a25820b5612760d98cf1705b285754fedaf585e13f6b6bc4defab21	Presentation Engine	5.2 توليد المحتوى بالذكاء الاصطناعي	3585
F-002895	- استكشاف المقاييس والكشف عن رؤى قابلة للتنفيذ بشكل أسرع.	eb90ce1e20ef052513658626767428bdc253ecf7a2902ad3f5c77d0ffd0225a1	Presentation Engine	5.2 توليد المحتوى بالذكاء الاصطناعي	3586
F-002896	- التصرف بناءً على البيانات في تدفق العمل.	cc2eca6235df949d52de01007997bf9807d77d382843a83f7f65c61616a4f168	Presentation Engine	5.2 توليد المحتوى بالذكاء الاصطناعي	3587
F-002897	- الحصول على رؤى أثناء التنقل.	ad399b9f21caca28d501e4dbd502b5624dd361f05c426f9c670f851e81ab4116	Presentation Engine	5.2 توليد المحتوى بالذكاء الاصطناعي	3588
F-002898	- زيادة الإنتاجية باستخدام رؤى مدعومة بالذكاء الاصطناعي.	e637ce24fd76d61672dc4b2a4fc4a91d8840e341a0029dcccb002455d071ec2d	Presentation Engine	5.2 توليد المحتوى بالذكاء الاصطناعي	3589
F-002899	- مساعدة قادة التسويق.	51092a6d8182c8d435398a2836895a5d8f8696fe3c6787057c6445f8484c64fd	Presentation Engine	5.2 توليد المحتوى بالذكاء الاصطناعي	3590
F-002900	- إضفاء الطابع الديمقراطي على رؤى البيانات عبر المؤسسات.	2b83654194a8a459282866af11dc280d8c56162f61f6537a3410ebb9b71e78bf	Presentation Engine	5.2 توليد المحتوى بالذكاء الاصطناعي	3591
F-002901	- جعل استكشاف البيانات أكثر سهولة وبديهية.	39a881ae58a958230b2af9dfdb2364208d7a1af1c20566458933fc2349baebd9	Presentation Engine	5.2 توليد المحتوى بالذكاء الاصطناعي	3592
F-002902	- خفض الحواجز التقنية للوصول إلى المعلومات.	b1a1d23b865b3e4dd787d904e30a3332fe17da9fc4c5a98e75fde1989dcb906e	Presentation Engine	5.2 توليد المحتوى بالذكاء الاصطناعي	3593
F-002903	- تعزيز التعاون.	fc0dad94f5af29e85a1bd62544320664929941b9731a3b9e691901276265b02e	Presentation Engine	5.2 توليد المحتوى بالذكاء الاصطناعي	3594
F-002904	- تسريع عملية تحويل البيانات الأولية إلى رؤى قابلة للتنفيذ.	86b9c6a7c0ce0f0c3d89e68c8d65120e414ed272aaf040d1553aaac30015b4a9	Presentation Engine	5.2 توليد المحتوى بالذكاء الاصطناعي	3595
F-002905	- تحسين إنتاجية المحللين ومستخدمي الأعمال.	9d09f13bb8fa1e2b60031b13c590ea7d4906afdbcde0f3651bcb8048628d1358	Presentation Engine	5.2 توليد المحتوى بالذكاء الاصطناعي	3596
F-002906	- تبسيط إعداد البيانات والنماذج الدلالية لذكاء الأعمال.	d88b2cba404010708fe2480ed6e89476ba1729ffd5c7c1b187b1fa04d278e0f0	Presentation Engine	5.2 توليد المحتوى بالذكاء الاصطناعي	3597
F-002907	- تبسيط بناء تصورات وتقارير لوحة المعلومات.	f2e4fdc988dc22a85c1386a8e30203b672f18b759967a6fa314ffc95b732a7fc	Presentation Engine	5.2 توليد المحتوى بالذكاء الاصطناعي	3598
F-002908	- تحسين معرفة مستخدمي الأعمال بالبيانات وطلاقتهم.	869947c0e1e8a8541a83bf0e6a0a5ba82939bde3b87903c066bc876ecdc8111a	Presentation Engine	5.2 توليد المحتوى بالذكاء الاصطناعي	3599
F-002909	- تمكين مستخدمي الأعمال من سرد قصص البيانات في عروضهم التقديمية.	866a20d7b5f32a1e6291f7c600c2a7c68af0be817b8a673202d2b8e9f44ee20a	Presentation Engine	5.2 توليد المحتوى بالذكاء الاصطناعي	3600
F-002910	- استخدام لغة طبيعية لتجاوز لوحة المعلومات للحصول على إجابات لأسئلتهم.	22b123f1b73b7adc2ccb9fc6bb6dcb612d61506d9a91b36f75ce38ee8e9699c0	Presentation Engine	5.2 توليد المحتوى بالذكاء الاصطناعي	3601
F-002911	- جعل استكشاف البيانات بسيطًا مثل الدردشة مع خبير بيانات فريقك.	11ec2964ce9c70ce07a773461d63cc4166368ef8f416804edde3b24b52d7954f	Presentation Engine	5.2 توليد المحتوى بالذكاء الاصطناعي	3602
F-002912	- أتمتة إنشاء العروض التقديمية.	5b08d9ddeeb6632aa8cb9b7793a2acea6ac577099d7aaac817f7fff8c229c89a	Presentation Engine	5.2 توليد المحتوى بالذكاء الاصطناعي	3603
F-002913	- الحفاظ على حداثة العروض التقديمية وملاءمتها.	fa55196675a7e232f03353d2b3890a8e327f402d95812aeae991f3aa76e5215c	Presentation Engine	5.2 توليد المحتوى بالذكاء الاصطناعي	3604
F-002914	- توفير الوقت والجهد للمحللين ومنشئي التقارير.	3553fa13cbf1ba65508f4153b4942bee96ec4c67aa56bd9a7f62b27a6043417d	Presentation Engine	5.2 توليد المحتوى بالذكاء الاصطناعي	3605
F-002915	- تبسيط عملية إنشاء البيانات الخاضعة للحوكمة وصيانتها.	ac1681a080b533a9f488b67528577c8047b955011386c376f3d2ecacb4c67455	Presentation Engine	5.2 توليد المحتوى بالذكاء الاصطناعي	3606
F-002916	- تمكين مستخدمي الأعمال من إجراء تحليلات متقدمة دون الحاجة إلى خبرة متعمقة في Python.	04860415d597cd40d2cc297cf6dac5fe5d2692cfd5e63b8cdd5b13657c4c3155	Presentation Engine	5.2 توليد المحتوى بالذكاء الاصطناعي	3607
F-002917	- دمج التحليلات الحوارية في تطبيقات العملاء وتطبيقات الدردشة و Agentspace و BigQuery.	0dfc8b8e42d655bf7ba5eed806ee15d9c29e11934731f7a7f371c06d02f3ff7e	Presentation Engine	5.2 توليد المحتوى بالذكاء الاصطناعي	3608
F-002918	- الوصول المركزي والنشر الأسرع والتعاون الجماعي المعزز والحوكمة الآمنة.	9ab0e67753caf0b5695f98df644fbae53c8484e34706cdba6207930eae62160e	Presentation Engine	5.2 توليد المحتوى بالذكاء الاصطناعي	3609
F-002919	- إضفاء الطابع الديمقراطي على إنشاء LookML.	df76fb7e31adbc16b8f80eb59c7672395a6b5d57223f00b4670fda4cd4cfc06d	Presentation Engine	5.2 توليد المحتوى بالذكاء الاصطناعي	3610
F-002920	- تعزيز إنتاجية المطورين.	85b5c0af620948e0e4aefd76e8ccc0cf8283e387f3434f1b5133050627c90ef3	Presentation Engine	5.2 توليد المحتوى بالذكاء الاصطناعي	3611
F-002921	- إطلاق العنان لرؤى البيانات باستخدام مدخلات متعددة الوسائط.	f2102e378c60a65e7288a79b23155ca0999aedc8fad2a534449a92b11c0f362c	Presentation Engine	5.2 توليد المحتوى بالذكاء الاصطناعي	3612
F-002922	- تحويل الرؤى إلى إجراءات.	3d545fa7b7f776300b9f64eee1f3c1b3db2acc20b60a660a729fdb9a7280ae59	Presentation Engine	5.2 توليد المحتوى بالذكاء الاصطناعي	3613
F-002923	- تمكين كل قرار.	e3c2f6c1e4c663e58e8c3a883268c8cc980e87c5ca087e86955d8f701518ecb7	Presentation Engine	5.2 توليد المحتوى بالذكاء الاصطناعي	3614
F-002924	- تسريع إعداد البيانات.	ae2d3e388e9237c85cef3f8dd6fad7ec42dfdc31b04ef3a2f3973997d6d478b5	Presentation Engine	5.2 توليد المحتوى بالذكاء الاصطناعي	3615
F-002925	- التخلص من عنق الزجاجة في إعداد البيانات.	1cfcd39c411dab900a6a736840db0d8389910495a795196855eda0ac55c5edbb	Presentation Engine	5.2 توليد المحتوى بالذكاء الاصطناعي	3616
F-002926	- استكشاف البيانات بشكل حدسي.	0618a736df21a0d5bc6b249e962bdcbf32635ba36ed3616ad79df72ea51d3b82	Presentation Engine	5.2 توليد المحتوى بالذكاء الاصطناعي	3617
F-002927	- الحصول على رؤى فورية.	c3d9f605cdd43a83a901e7d886c45d94801700fa833d048d28b4f32bf995dce7	Presentation Engine	5.2 توليد المحتوى بالذكاء الاصطناعي	3618
F-002928	- الحصول على إجابات دقيقة.	20872bb2be99d7a18bf9e423e9635a05c2517b520eaea717744ae3ffa087452e	Presentation Engine	5.2 توليد المحتوى بالذكاء الاصطناعي	3619
F-002929	- الحصول على رؤى تنبؤية.	3315874f0f99d4357c341cf9747d315119fa0805b7ffa97300b4113cfe9e3842	Presentation Engine	5.2 توليد المحتوى بالذكاء الاصطناعي	3620
F-002930	- تتبع مؤشرات الأداء الرئيسية.	188c9ce84172fe6a9cc303bcffd42174be815b1a21940d5b42b38665835cedbb	Presentation Engine	5.2 توليد المحتوى بالذكاء الاصطناعي	3621
F-002931	- الحصول على تنبيهات في الوقت الفعلي.	684ad964a6252107242b608845a82345e44beb0bc342b5b420760e70ce648de9	Presentation Engine	5.2 توليد المحتوى بالذكاء الاصطناعي	3622
F-002932	- الحصول على تدفقات عمل موجهة.	adc9d86347133bde8479f6ec6d18d89617fb3ae93423c8e6d782c18bb6b90605	Presentation Engine	5.2 توليد المحتوى بالذكاء الاصطناعي	3623
F-002933	- البقاء على اطلاع بما يحدث ولماذا.	fff8067ba2911f5d861a2a2b0dc6c1d89e21f44584b897bf3462aed3e3c97ed7	Presentation Engine	5.2 توليد المحتوى بالذكاء الاصطناعي	3624
F-002934	- اتخاذ قرارات أذكى وأسرع.	29bda90f3070890a9790dbd2a6b9b814af52201d3c8d11d1961e2aef31ea739e	Presentation Engine	5.2 توليد المحتوى بالذكاء الاصطناعي	3625
F-002935	- إثراء البيانات.	1ea34217dab8a0f12969c24e5de67888aad9ecc8f12349188db9b90128544891	Presentation Engine	5.2 توليد المحتوى بالذكاء الاصطناعي	3626
F-002936	- تجميع تدفقات العمل بشكل أسرع.	469e88aeef9171c5a078b056c74a387856b3f9ab31356bf1718926bdf68bdc10	Presentation Engine	5.2 توليد المحتوى بالذكاء الاصطناعي	3627
F-002937	- اتخاذ إجراءات مخصصة لاحتياجات فريقك دون كتابة أي رمز.	90c3dc9770d3847f8517e8b7d7092e98bdca6e89c268b5e2a422b254db8e9175	Presentation Engine	5.2 توليد المحتوى بالذكاء الاصطناعي	3628
F-002938	- تلخيص البيانات وتحليلها.	27d4f0b7e498bd04737a0b5dc05cd1c53432b4a846bcc6935c00c4ef7f3ecb34	Presentation Engine	5.2 توليد المحتوى بالذكاء الاصطناعي	3629
F-002939	- تسريع رؤى البيانات الخاصة بك.	ef11a0bbe245904004dd742b8a2f719529abd51d3572960e9aaa7bb912176eeb	Presentation Engine	5.2 توليد المحتوى بالذكاء الاصطناعي	3630
F-002940	- تحليل مليارات السجلات.	7643a259344476d8739027fd4acad164f3afc30830c914820336e6028f4ee168	Presentation Engine	5.2 توليد المحتوى بالذكاء الاصطناعي	3631
F-002941	- تسليم تقارير مجمعة.	6462d6a668de3fb640a7e400b5e3d7c7b085bad0907af8bd6bc4c17854b2210e	Presentation Engine	5.2 توليد المحتوى بالذكاء الاصطناعي	3632
F-002942	- منح عملائك الرؤى التي يحتاجونها.	afeef8864837b6ea9cbd8e05a18e0183ef0b2f3ac609bb6c9110fbdc3edf2ba4	Presentation Engine	5.2 توليد المحتوى بالذكاء الاصطناعي	3633
F-002943	- دعم اتخاذ القرار.	159d9803d343c0ab2b8fd6157756ea6ae9fe99baf06be82feb47fdde727f01c4	Presentation Engine	5.2 توليد المحتوى بالذكاء الاصطناعي	3634
F-002944	- تقليل تكاليف الإنتاج.	17ad753cfcac6d90c8420f3fb85c5283ac679370ad0399de2d47e20e7877c68e	Presentation Engine	5.2 توليد المحتوى بالذكاء الاصطناعي	3635
F-002945	- توسيع الوصول العالمي إلى الأدوية والرعاية الصحية.	af03a82a7bf14350279e4c753bba52281e1120135ccc536c1d980a7961a428d2	Presentation Engine	5.2 توليد المحتوى بالذكاء الاصطناعي	3636
F-002946	- تصور البيانات واللوحات المعلوماتية.	af8bd4ec5305d4b16daf1127737650b729e7ab99e032b7d84b8a5ead9fbcd21c	Presentation Engine	5.2 توليد المحتوى بالذكاء الاصطناعي	3637
F-002947	- الكشف عن الرؤى الخفية.	5cbb2abaea6967451b037e01f906ce796294c2711925e04723e51d57054af83f	Presentation Engine	5.2 توليد المحتوى بالذكاء الاصطناعي	3638
F-002948	- محاذاة المستخدمين مع عملية عمل أو سير عمل قياسي.	066abff30ca81e7172377da1ad4b9a734ca9d4faef4e1d720fe4e4acb3ae6b40	Presentation Engine	5.2 توليد المحتوى بالذكاء الاصطناعي	3639
F-002949	- تضمين التحليلات في التطبيقات والعمليات وسير العمل.	5b6f71eedf91fb733015f88cfc574145f994bad895c851aace2108aa6ff5d60b	Presentation Engine	5.2 توليد المحتوى بالذكاء الاصطناعي	3640
F-002950	- تحليل مجموعات البيانات المعقدة وإنشاء تنبؤات.	bce4d0262a9e3d826ae84ec11cb94ab6a7c8b0ba343a129d12c7b54664cb2cc0	Presentation Engine	5.2 توليد المحتوى بالذكاء الاصطناعي	3641
F-002951	- استكشاف سيناريوهات ماذا لو.	c958736d61e021823d3108d10d28e568cd50800986e93237faeeed55080de3ba	Presentation Engine	5.2 توليد المحتوى بالذكاء الاصطناعي	3642
F-002952	- تكامل تنبؤات التعلم الآلي في الوقت الفعلي.	6df834a0ddcd6deac6ddb5bcdea631e68e8fc4d6bc65585ba65a49b5e8937256	Presentation Engine	5.2 توليد المحتوى بالذكاء الاصطناعي	3643
F-002953	- بناء نماذج التصنيف والانحدار والسلاسل الزمنية.	976623e7dbebc87e8e26f83e6c1e28bb6f92a5551e76bec679b803f866ea5086	Presentation Engine	5.2 توليد المحتوى بالذكاء الاصطناعي	3644
F-002954	- استخدام الذكاء الاصطناعي التوليدي لإنشاء المحتوى	6bb4a36f441df6684fb6dcbbd768d535bb3695ff73cc369e77aef4cd1aebc91b	Presentation Engine	5.2 توليد المحتوى بالذكاء الاصطناعي	3645
F-002955	- إنشاء محتوى تفاعلي للمقالات والمدونات ورواية القصص	2ef44cf2cf12fbe770e44c92e47534b7ffd09c40d6cb8a0a692808cb654effa3	Presentation Engine	5.2 توليد المحتوى بالذكاء الاصطناعي	3646
F-002956	- كتابة مستندات سهلة القراءة	657f0e27716c3f8a968b1a46bd8d03e3d181c0711bcd05d829c3f263df0a52fc	Presentation Engine	5.2 توليد المحتوى بالذكاء الاصطناعي	3647
F-002957	- الكتابة السحرية (Magic Write)	603d66e82ea6c10915aebcbb95158fb7a7f60d4026b7c6783be0754cba939565	Presentation Engine	5.2 توليد المحتوى بالذكاء الاصطناعي	3648
F-002958	- الممحاة السحرية (Magic Eraser)	be4e974add386bac65bd787a2f2d6eb77fd25fe9fb9f3c33bb75532963af7386	Presentation Engine	5.2 توليد المحتوى بالذكاء الاصطناعي	3649
F-002959	- الحجم السحري (Magic Resize)	a4c2e6e4a02b1df4b71dbd228fd11267ba4cef98eca96540b53ef7a46c68709e	Presentation Engine	5.2 توليد المحتوى بالذكاء الاصطناعي	3650
F-002960	- التصميم السحري (Magic Design)	ddeb3fe8a33675bf66d3012b1cce024a23ddb005211a96e7ea48282f2f52ec8f	Presentation Engine	5.2 توليد المحتوى بالذكاء الاصطناعي	3651
F-002961	- مولد الصور بالذكاء الاصطناعي (AI Image Generator)	a56d7b02ac8dc81f902a90c0dd78a66a5af9f9c77bd0d846e05d1dafdd32fbf8	Presentation Engine	5.2 توليد المحتوى بالذكاء الاصطناعي	3652
F-002962	- التسميات التوضيحية المدعومة بالذكاء الاصطناعي (AI-powered captions)	70d934b1b49099b7f10b9958127a734da8ac57cf75cba9dd55e276907df5f93a	Presentation Engine	5.2 توليد المحتوى بالذكاء الاصطناعي	3653
F-002963	- مولد الشعار بالذكاء الاصطناعي (AI logo generator)	f166b0da4ab1be114af97701ab4f480f8ca4890b79cd303f8b29780aa165dd5c	Presentation Engine	5.2 توليد المحتوى بالذكاء الاصطناعي	3654
F-002964	- مولد التصميم بالذكاء الاصطناعي (DesignAI Generator)	30978a3ccd5154990f5afc3defc6020ff54f4a953832af203fa2a25372dd1a7f	Presentation Engine	5.2 توليد المحتوى بالذكاء الاصطناعي	3655
F-002965	- التحرير المدعوم بالذكاء الاصطناعي (AI-Powered Editing)	6ce5ea4c45ca524efb735fd8b5ea7d691c7d928201f936e07361379fdca865e2	Presentation Engine	5.2 توليد المحتوى بالذكاء الاصطناعي	3656
F-002966	- الرموز والصور التي تم إنشاؤها بواسطة الذكاء الاصطناعي (AI Generated Icons and Images)	1c6588226ff041d760299d0c0f6b5065adee37b79817276ee508f8f7fbade947	Presentation Engine	5.2 توليد المحتوى بالذكاء الاصطناعي	3657
F-002967	- أدوات كتابة النصوص والترجمة بالذكاء الاصطناعي (AI Copywriting & Translation Tools)	116bc1742347b64e2815b8881291900dab372ea3b075d4592f1bfbdfb9f42836	Presentation Engine	5.2 توليد المحتوى بالذكاء الاصطناعي	3658
F-002968	- مدقق إمكانية الوصول بالذكاء الاصطناعي (AI Accessibility Checker)	6b31d70a3aa98228ccfd6a523aac3102df5e10a4a9811ddfc3e04aa025f865db	Presentation Engine	5.2 توليد المحتوى بالذكاء الاصطناعي	3659
F-002969	- عمليات تدقيق إمكانية الوصول بالذكاء الاصطناعي (AI Accessibility Audits)	20da570d9ed1b00fd3167a4059486f3b76ab40c153f4d902aac4b60a4a37cbca	Presentation Engine	5.2 توليد المحتوى بالذكاء الاصطناعي	3660
F-002970	- المخططات والخرائط الذهنية الذكية (Smart Diagrams & Mind Maps)	c6e893dc4276dc7f3e1ef0dd3c963f9f1a617a4799d9df848bb3004e2a1893a9	Presentation Engine	5.2 توليد المحتوى بالذكاء الاصطناعي	3661
F-002971	- استوديو Piktochart AI	f35f95e7441a769fe5b4100029aea6f03105aee44c0ae2a2dee1e121a7712e98	Presentation Engine	5.2 توليد المحتوى بالذكاء الاصطناعي	3662
F-002972	- معدل الصور بالذكاء الاصطناعي (AI Image Modifier)	24e844c107fd5f03cb7ffa1393152c72156134107750e8aa9cab94b8338f75e4	Presentation Engine	5.2 توليد المحتوى بالذكاء الاصطناعي	3663
F-002973	- مكبر الصور بالذكاء الاصطناعي (AI Image Upscaler)	24fd3204d1234f59c43c030e7fa9f9da72284ce6b1bcf077fd73e304f2e03cdb	Presentation Engine	5.2 توليد المحتوى بالذكاء الاصطناعي	3664
F-002974	- مزيل خلفية الصور بالذكاء الاصطناعي (AI Background Remover)	8ed04e96fd3883653f1b979b6a64f4dd63f6a17240f85a012065e134b4fa744b	Presentation Engine	5.2 توليد المحتوى بالذكاء الاصطناعي	3665
F-002975	- مرمم الصور بالذكاء الاصطناعي (AI Image Restorer)	a947304d56bab30c8a6a6422b1ec1c5e0f90a3ea334e8a246783360f5aa50969	Presentation Engine	5.2 توليد المحتوى بالذكاء الاصطناعي	3666
F-002976	- مزيل النص بالذكاء الاصطناعي (AI Text Remover)	dbf5a4bcb9f796cd6a8beba88becc56f448952f17254a6237072335da9988405	Presentation Engine	5.2 توليد المحتوى بالذكاء الاصطناعي	3667
F-002977	- الحفاظ على المحتوى بالذكاء الاصطناعي (AI Preserve Content)	da183fd24519aaa6e3063eeb1aac377ff7a463a640c1e1ac6c812f64b7d17fde	Presentation Engine	5.2 توليد المحتوى بالذكاء الاصطناعي	3668
F-002978	- المخطط التفصيلي بالذكاء الاصطناعي (AI Outline)	24a9dfcf1fe00c6c3e6547b87b9fd0c232e48f5ec6800bbf5d99cd1d39eec15f	Presentation Engine	5.2 توليد المحتوى بالذكاء الاصطناعي	3669
F-002979	- مولد الأيقونات بالذكاء الاصطناعي (AI Icon Generator)	ed7a0cfee2c0ec07a0591c7bc3b4aa70667af50341cb9d5c752f86fecd6f0e55	Presentation Engine	5.2 توليد المحتوى بالذكاء الاصطناعي	3670
F-002980	- مولد المستندات بالذكاء الاصطناعي (AI Document Generator)	86d14fa731cde9c3d7aa0401f48701d814e0e427c0a421c2cdb2e24cfc825162	Presentation Engine	5.2 توليد المحتوى بالذكاء الاصطناعي	3671
F-002981	- مولد الملخصات بالذكاء الاصطناعي (AI Summary Generator)	8cfc16910208d1ed2630e10a5cf7a1ffee1a58249375091cb8627e6804fa8497	Presentation Engine	5.2 توليد المحتوى بالذكاء الاصطناعي	3672
F-002982	- مصمم Visme AI	b86d9fd35db765b549d8f1f8a5f2c50b771b3ba05e7b45b121e1d545a87cf12d	Presentation Engine	5.2 توليد المحتوى بالذكاء الاصطناعي	3673
F-002983	- اقتراح المخططات بالذكاء الاصطناعي	a2e5facd0bbd85854b49d4d4c4e2c34445463efa8977ca189f1beb92eca8bb35	Presentation Engine	5.2 توليد المحتوى بالذكاء الاصطناعي	3674
F-002984	- ضبط المحتوى بالذكاء الاصطناعي	5b9c6116da886fbbb9a7b6f4ee8c867d0f2c3d4b617a7a5e3c07cd97f2d9c155	Presentation Engine	5.2 توليد المحتوى بالذكاء الاصطناعي	3675
F-002985	- تحويل الصور إلى بيانات بالذكاء الاصطناعي	3a7186579fdf5a410dae9a36459e12560df4fbaa53d478a9039922087f942e73	Presentation Engine	5.2 توليد المحتوى بالذكاء الاصطناعي	3676
F-002986	- الذكاء الاصطناعي التوليدي (Generative AI)	c836d027f3b88f0a4810040864a9a4a48db5cc09dee7457bfaec3c02dab90cd1	Presentation Engine	5.2 توليد المحتوى بالذكاء الاصطناعي	3677
F-002987	- إنشاء مرئي مدعوم بالذكاء الاصطناعي من النص	31af3e1576ef612953f32be846012f771312038f9e97205ff48ec6d1aebd5a41	Presentation Engine	5.2 توليد المحتوى بالذكاء الاصطناعي	3678
F-002988	- مزيل الخلفية السحري	36b8b5873e1be44b2c8302c0ed9b89e76d3f55274decde8208cdb565904d21a6	Presentation Engine	5.2 توليد المحتوى بالذكاء الاصطناعي	3679
F-002989	- ذكاء اصطناعي آمن تجاريًا	162d3acf031c31366b20e6cffea2534dacec74b2ad3f18c3bcd9ddc01079511c	Presentation Engine	5.2 توليد المحتوى بالذكاء الاصطناعي	3680
F-002990	- توليد المحتوى بالذكاء الاصطناعي	08c31c9cd41c5e688b4e4cf997fb86c5efcc38abbcb9c47e6138d6c2c1d7b8d1	Presentation Engine	5.2 توليد المحتوى بالذكاء الاصطناعي	3681
F-002991	- إنشاء نصوص إبداعية وجذابة لوسائل التواصل الاجتماعي	0251e7aa37698c80a0d2b0aa5fdfe715889aacb353490e39da8adf55a2ca88d7	Presentation Engine	5.2 توليد المحتوى بالذكاء الاصطناعي	3682
F-002992	- إنشاء هيكل تلقائي للملخصات والتقارير	7f63094e29dad2173df58958ec26db43ff1959d927f3bd7d9f45f4aba3e6c0ce	Presentation Engine	5.2 توليد المحتوى بالذكاء الاصطناعي	3683
F-002993	- اقتراحات ذكية للمحتوى	4e2e9f2386954d26283207e196a7964d7cfa3e6ea499fc9b57e8a8c6612dcbcd	Presentation Engine	5.2 توليد المحتوى بالذكاء الاصطناعي	3684
F-002994	- المساعدة في صياغة توقعات مالية وخطط استراتيجية	e3e6a0d9522d7b1ebf1be4bef0f7abfa78de9fa95cc5a33c9bd75dd3276f5bcf	Presentation Engine	5.2 توليد المحتوى بالذكاء الاصطناعي	3685
F-002995	- بناء نموذج مالي لشركة ناشئة	c70424c50a1cd342533d977a8e7ffb482f12e1d3a8791b8048a633f7c0826255	Presentation Engine	5.2 توليد المحتوى بالذكاء الاصطناعي	3686
F-002996	- تحسين المحتوى لمحركات البحث (SEO)	0f478466d72f442774cc78617fdc0cbb32567787141b7b73ad7f7d8e243e0cd4	Presentation Engine	5.2 توليد المحتوى بالذكاء الاصطناعي	3687
F-002997	- تحسين المحتوى ليحتل مرتبة أعلى في نتائج البحث	689cb5bed0314efad2b4e68b0c568568f2d58ca14a554b9671c31c99ad5e7b41	Presentation Engine	5.2 توليد المحتوى بالذكاء الاصطناعي	3688
F-002998	- تحسين المحتوى وإضافة الوضوح والحفاظ على العلامة التجارية	248c3ae285c6f3711ad101ab82418e42226f024872ea0d0c8b359961b93dbcaf	Presentation Engine	5.2 توليد المحتوى بالذكاء الاصطناعي	3689
F-002999	- تحسين وتعديل نبرة الكتابة (رسمية، ودية)	d698f34bae482472ba05f7a76c9bfc044a2792a4ed620190854c03dc9320dae9	Presentation Engine	5.2 توليد المحتوى بالذكاء الاصطناعي	3690
F-003000	- تحسين وضوح المحتوى وإعادة كتابته وترجمته	579eba910365fc7607073d66dc05fd70a54957bdd4fc7e5656153d58ed773160	Presentation Engine	5.2 توليد المحتوى بالذكاء الاصطناعي	3691
F-003001	- تحويل الأفكار إلى مستندات مصممة بشكل احترافي تلقائيًا	70283fd590f842cb7d6103ad2ccecdd9c25fe94c271a6237c737ae8d4f8d3949	Presentation Engine	5.2 توليد المحتوى بالذكاء الاصطناعي	3692
F-003002	- تصميم صفحات الهبوط ونسخ الويب	4c12c0fdaa9c4661c29a4f9d512030305edc1ee963912f832a878ee1d6f3360a	Presentation Engine	5.2 توليد المحتوى بالذكاء الاصطناعي	3693
F-003003	- تصميم صفحات الهبوط ونسخ الويب بكفاءة	ade46a4dfb8b581b1c381af26dbaf987e75555f3f2af345b4a512763d39966de	Presentation Engine	5.2 توليد المحتوى بالذكاء الاصطناعي	3694
F-003004	- تصميم مقترح مشروع للعميل	bccf4c6be3b58cf1cd93a1ddde87987fe2963c71e152221b78c77ccb12733a73	Presentation Engine	5.2 توليد المحتوى بالذكاء الاصطناعي	3695
F-003005	- تقديم اقتراحات ذكية لتحسين وضوح الكتابة وتأثيرها	3f728d65b29fdb77ad96c0543664856db3b1ea43df9c463e6cec6ad0944dcda4	Presentation Engine	5.2 توليد المحتوى بالذكاء الاصطناعي	3696
F-003006	- تقديم اقتراحات لضمان وضوح الكتابة وخلوها من الأخطاء	85145e98d5beb41866f4619e5b34ac2817dde5fb482ef875f54d00142ca3b70b	Presentation Engine	5.2 توليد المحتوى بالذكاء الاصطناعي	3697
F-003007	- تقصير الفقرات الطويلة أو التوسع في الموضوعات المعقدة	370a36124bb5c264b7a64b6f611badfee03b7cc32ffcf2f84f749e01db549f8a	Presentation Engine	5.2 توليد المحتوى بالذكاء الاصطناعي	3698
F-003008	- توقع الخطوة التالية واقتراح التخطيطات والتحسينات الذكية	0bf5d912a329293175ac278f8f3c2a82560629717a398eedccc62770401c93aa	Presentation Engine	5.2 توليد المحتوى بالذكاء الاصطناعي	3699
F-003009	- توليد أفكار جديدة للمحتوى	dcdbd9d3cc3af28553cb4c45956e7d02ee8b16d3df5c1eb256551ebc6882b226	Presentation Engine	5.2 توليد المحتوى بالذكاء الاصطناعي	3700
F-003010	- توليد محتوى إبداعي (نصوص، صور) للتقارير	a33e9f0395dfbc537d112433ea3bcb8ef04359872116920b044b51a2ccccd4c1	Presentation Engine	5.2 توليد المحتوى بالذكاء الاصطناعي	3701
F-003011	- ضبط نبرة الكتابة تلقائيًا لتناسب الجمهور المستهدف	280668da9900d852f92885285ab33316c1a3bcb95e863de724257c1cc74eb828	Presentation Engine	5.2 توليد المحتوى بالذكاء الاصطناعي	3702
F-003012	- ضمان كتابة واضحة وخالية من الأخطاء	a19c28db7dde685acc1172cb56f628e166385d13dc6d3a9d1d70e89c0b27bf04	Presentation Engine	5.2 توليد المحتوى بالذكاء الاصطناعي	3703
F-003013	- إنشاء محتوى إبداعي من الصفر بناءً على أوامر بسيطة	bb2004275494171fccc7b5bedbff9157cd17baea964a8f28a3b9e5ad84156073	Presentation Engine	5.2 توليد المحتوى بالذكاء الاصطناعي	3704
F-003014	- إنشاء محتوى إبداعي وملهم لتقارير الأعمال	fe3e329a494c1ee77ffcba613b4c6f067eaa57c7fb607b79bfc0c5b1c1e4e138	Presentation Engine	5.2 توليد المحتوى بالذكاء الاصطناعي	3705
F-003015	- إنشاء محتوى إعلاني ومدونات ورسائل بريد إلكتروني	89ed183ca90780b219520e4d02a8444cbf03dfc52c755fe2bf4e813f48aba356	Presentation Engine	5.2 توليد المحتوى بالذكاء الاصطناعي	3706
F-003016	- إنشاء محتوى بناءً على ملفات أخرى في Google Drive	881eaa6e3a1e819a1a0811bd3a2cccd60dd4fb99692c29cfa8da4d4fb9caec6c	Presentation Engine	5.2 توليد المحتوى بالذكاء الاصطناعي	3707
F-003017	- إنشاء محتوى جديد (مقالات إرشادية، تقارير، خطط حملات) بسرعة	318a17b978652ebab6768c62693588e92a9b857e592e6c6250d19ce69bc4f36f	Presentation Engine	5.2 توليد المحتوى بالذكاء الاصطناعي	3708
F-003018	- إنشاء محتوى فوري	4e30f9ea3419f7e6abdfdf730b3270312d2e67e7b8b15f1d14b799811e1d274e	Presentation Engine	5.2 توليد المحتوى بالذكاء الاصطناعي	3709
F-003019	- إنشاء محتوى لوسائل التواصل الاجتماعي حول إطلاق منتج جديد	29c2cf803689b488e77736f204f617e4eea853c0efc07e0641239b003c610553	Presentation Engine	5.2 توليد المحتوى بالذكاء الاصطناعي	3710
F-003020	- إنشاء محتوى مباشرة داخل الأعمدة (AI Column)	e438047b7fd387f80c38508478e2c746096d0fe92bf3a2acd60e8f839f674055	Presentation Engine	5.2 توليد المحتوى بالذكاء الاصطناعي	3711
F-003021	- إنشاء مخططات من الجداول	c9d4fb36a59f034362bdfa0580ad27c8d9e9249128f5a06e6318e591d45a02f3	Presentation Engine	5.2 توليد المحتوى بالذكاء الاصطناعي	3712
F-003022	- إنشاء مخططات ورسوم بيانية وجداول زمنية ورسوم بيانية	f09712da948073bf131e0067c7c1ab8e3f07249ae03cb1287b5de492ff380be1	Presentation Engine	5.2 توليد المحتوى بالذكاء الاصطناعي	3713
F-003023	- إنشاء مرئيات دقيقة وذات صلة تلقائيًا	7a6b4b7ab8ce6071bbf06e564d37ba07981b59b9ca5d602ad4cf646d8bab83f6	Presentation Engine	5.2 توليد المحتوى بالذكاء الاصطناعي	3714
F-003024	- إنشاء مساعدين رقميين لتمكين فرق المبيعات	65d79acb37d948cfda3ee2648fef2a939db0c0cbc5302071647b6d12db2d2592	Presentation Engine	5.2 توليد المحتوى بالذكاء الاصطناعي	3715
F-003025	- إنشاء مستندات Word وملفات PDF	ad11fc0f5204ffea1e3580a95fad0b1dbbac02ca0cac5b6301100457e3ebfd0e	Presentation Engine	5.2 توليد المحتوى بالذكاء الاصطناعي	3716
F-003026	- إنشاء مسودات أولى للمستندات	f44e127a5549314edb5838faa476643dab51cac1a8c0fe7e3e6148f5642bab04	Presentation Engine	5.2 توليد المحتوى بالذكاء الاصطناعي	3717
F-003027	- إنشاء مسودات مخصصة للاحتياجات المحددة	740d96106cd575c2766dd063d4f48eedac44048bdbf93b47514f60573c3a20e4	Presentation Engine	5.2 توليد المحتوى بالذكاء الاصطناعي	3718
F-003028	- إنشاء مسودة تقرير كاملة من بضع جمل	45f41cd5c45ddc0b9683f0e63446eb75359064fd129a3ff0460fa30e68ecd0ae	Presentation Engine	5.2 توليد المحتوى بالذكاء الاصطناعي	3719
F-003029	- إنشاء مسودة كاملة بناءً على تفاصيل أساسية	9d79c4612740ec88e58d73180c98158abc6ebd9ea64293bd4876c20ac2c7173d	Presentation Engine	5.2 توليد المحتوى بالذكاء الاصطناعي	3720
F-003030	- إنشاء مقترحات وعروض مبيعات وأوراق بيضاء	6967b019428b03c334759de617e1f5f0b5573609808a16bfb75e636dfa0f9f7e	Presentation Engine	5.2 توليد المحتوى بالذكاء الاصطناعي	3721
F-003031	- إنشاء ملاحظات للمتحدث في العروض التقديمية	c3c615227332b88196b379021be608f39f74dc14ea0e476fc4f799406a95457c	Presentation Engine	5.2 توليد المحتوى بالذكاء الاصطناعي	3722
F-003032	- إنشاء ملخص تنفيذي لتقرير أعمال مفصل	b35fc6e2c71f5a4d873af806e9cb8d9055a96992014837908f944f58940bdf66	Presentation Engine	5.2 توليد المحتوى بالذكاء الاصطناعي	3723
F-003033	- إنشاء ملخص تنفيذي لتقرير طويل	8c149717227b90c8a4d65d050d3731035c0d2b76b6826b5f5c3b6b17c9a3d8e7	Presentation Engine	5.2 توليد المحتوى بالذكاء الاصطناعي	3724
F-003034	- إنشاء ملخص سردي للتقرير أو لصفحات معينة	4267219a49be02fac4f7411d58976823a72b4066deeb10631450f89f7abfc824	Presentation Engine	5.2 توليد المحتوى بالذكاء الاصطناعي	3725
F-003035	- إنشاء ملخصات تشرح النتائج	3d36e34b531e6cb78e4a7623db8d7519dd120341c38a364a6c2392f38ff5547c	Presentation Engine	5.2 توليد المحتوى بالذكاء الاصطناعي	3726
F-003036	- إنشاء ملخصات تفسيرية للتحليلات والرسوم البيانية	d1a3b9566e27ac23e84153cd4780fd3945ded6d7a40c9c8d9a4bb2f349619ebf	Presentation Engine	5.2 توليد المحتوى بالذكاء الاصطناعي	3727
F-003037	- إنشاء ملخصات تلقائية للتقارير الطويلة	5a2401e58535b401b34970c3a0f9a4440ddc156111d763d9baddb2f27eec1212	Presentation Engine	5.2 توليد المحتوى بالذكاء الاصطناعي	3728
F-003038	- إنشاء ملخصات تنفيذية	d3d2696fd6989c720e32770186cc73e7cbf182e1ba81f3969d0a3d7032e00a0d	Presentation Engine	5.2 توليد المحتوى بالذكاء الاصطناعي	3729
F-003039	- إنشاء ملخصات تنفيذية وتقارير من صفحة واحدة	f781d0c73cba953f09c542f19ea1a4f79961f0291bb2bbeded361407ab15d9c3	Presentation Engine	5.2 توليد المحتوى بالذكاء الاصطناعي	3730
F-003040	- إنشاء ملخصات سردية ذكية تتكيف مع محتوى التقرير	1df027521d0b9af9b5ab05a85b15e445a5f29c26fc5b6939362de31612db3580	Presentation Engine	5.2 توليد المحتوى بالذكاء الاصطناعي	3731
F-003041	- إنشاء ملخصات وجداول باستخدام الذكاء الاصطناعي	eae246ca5212d0c6f8a6982b772ceebecf925654fc39b62d8895e2de02b7381f	Presentation Engine	5.2 توليد المحتوى بالذكاء الاصطناعي	3732
F-003042	- استخدام أوامر مخصصة لتوجيه الذكاء الاصطناعي	5bdfa18bd89b8133a166282df1aa44cb1a5e11cfce0fdd223cf52f9733c90e51	Presentation Engine	5.2 توليد المحتوى بالذكاء الاصطناعي	3733
F-003043	- استخدام لغة ومصطلحات خاصة بالصناعة	0e6df115ccc35b9127fb18085ebeb16180619e7be95ab27ef9bc3dde302f6e6c	Presentation Engine	5.2 توليد المحتوى بالذكاء الاصطناعي	3734
F-003044	- التكيف مع أسلوب كتابة المستخدم واقتراح تحسينات متسقة	87b4ebd4168a97c6a1d736cc1bd517d76a8e3978c52862d2fb16fa0e2f1f6b73	Presentation Engine	5.2 توليد المحتوى بالذكاء الاصطناعي	3735
F-003045	- الحصول على ملخص سريع لموضوع أو مشروع	36b6e5fd1ed641a76cfd588f962263bb37a98ae352b7eb5d2a9ad82e1f4363a7	Presentation Engine	5.2 توليد المحتوى بالذكاء الاصطناعي	3736
F-003046	- الحفاظ على طابع شخصي في التواصل مع العملاء على نطاق واسع	1290982b8c41ce312bfe91865de6d4336870b98bbd7bd635f7c810f8f721efdb	Presentation Engine	5.2 توليد المحتوى بالذكاء الاصطناعي	3737
F-003047	- المساعدة في استخدام المصطلحات الخاصة بالصناعة بشكل صحيح	1b407350f17c8b6a4ce0007f676a89dcb30b757ab1fefeb53260726d4b310d19	Presentation Engine	5.2 توليد المحتوى بالذكاء الاصطناعي	3738
F-003048	- تحديد نبرة التقرير (غير رسمية، احترافية)	ea1edb3c07d58279927bc10649931b1c088044d50063c4ef85727cd45c814333	Presentation Engine	5.2 توليد المحتوى بالذكاء الاصطناعي	3739
F-003049	- تحديد نمط وتصميم التقرير (مباشر، هندسي، متطور)	bd6af4853d253884b02b592560e06fdd1175e26c2e47d51eca0292e05d34ed4a	Presentation Engine	5.2 توليد المحتوى بالذكاء الاصطناعي	3740
F-003050	- تحويل الأوامر النصية إلى تحليلات وتقارير	4ce7a9df1f77ee420a1a87ec259cf06bd00ca1a13c97f04349801d98161af18e	Presentation Engine	5.2 توليد المحتوى بالذكاء الاصطناعي	3741
F-003051	- تحويل الأوامر النصية البسيطة إلى تقارير مصممة بالكامل	4674e876374b70c7125d04085ace9539ab93fad9401957bd3373d390d74c42f7	Presentation Engine	5.2 توليد المحتوى بالذكاء الاصطناعي	3742
F-003052	- تحويل البيانات إلى مخططات شريطية ودائرية وخطية احترافية	747b05475060b71103ffe3a603cadde3bc5b2274a8b0fa059a7a5b01245dc8ce	Presentation Engine	5.2 توليد المحتوى بالذكاء الاصطناعي	3743
F-003053	- تحويل البيانات الأولية إلى قصص جاهزة للعرض تلقائيًا	2e6388e232ab754545962c622b2f1eb0b98f547adcc8fda9708965b8be77bc98	Presentation Engine	5.2 توليد المحتوى بالذكاء الاصطناعي	3744
F-003054	- تحويل البيانات المملة إلى مرئيات جذابة تحكي قصة	838a6f7a8f7ed58b5f63f3a3578294387aa040a36e16cc3a7f4e21d0cb2fc6ec	Presentation Engine	5.2 توليد المحتوى بالذكاء الاصطناعي	3745
F-003055	- تحويل البيانات غير المنظمة إلى روايات منظمة ولوحة معلومات تفاعلية	3f00c85e96efa96c220053561bdf94e21511ea90da0d7039353e80150fc762fa	Presentation Engine	5.2 توليد المحتوى بالذكاء الاصطناعي	3746
F-003056	- تحويل البيانات والمستندات إلى تحليلات ولوحات معلومات وتقارير	74a72fa7c2176f0d1b651e343bdb6bd8194c52041af4c54ee84f513140550fde	Presentation Engine	5.2 توليد المحتوى بالذكاء الاصطناعي	3747
F-003057	- تحويل المحادثات والاستكشافات إلى تقارير وشرائح منظمة	d298df3dbae8a3b699151218e411c1176e2080b93c438ad7f8d7c5158ae0d578	Presentation Engine	5.2 توليد المحتوى بالذكاء الاصطناعي	3748
F-003058	- تحويل الملفات أو الأفكار إلى تقارير واضحة وثاقبة على الفور	108673173fc903548706d4d8215eef573d21c0bc8a7c4afd8537666555fa4845	Presentation Engine	5.2 توليد المحتوى بالذكاء الاصطناعي	3749
F-003059	- تحويل تحديث حالة المشروع إلى عرض تقديمي أنيق واحترافي	6da257ee45fed01398c148d82c534990859825a6cd20f5dc0466f8c0746472f7	Presentation Engine	5.2 توليد المحتوى بالذكاء الاصطناعي	3750
F-003060	- تحويل مؤشرات الأداء الرئيسية والاتجاهات والنتائج إلى عروض تقديمية مرئية واضحة	36f7ff513ee2a786ee5e902bf3abfdcaeed9713c4d937d6e79408bf5ac635d0a	Presentation Engine	5.2 توليد المحتوى بالذكاء الاصطناعي	3751
F-003061	- تحويل ملاحظات غير رسمية إلى تقرير رسمي	521e2870bed3d7cb1abf938bf3a4191f2edccd041be74f359fbdb6f62e514ea5	Presentation Engine	5.2 توليد المحتوى بالذكاء الاصطناعي	3752
F-003062	- تسريع وقت وصول الحملات التسويقية إلى السوق	89d43f7914e7e0d25e48c6d62f39467e1f4470a854af5774d495aa3f0ef65162	Presentation Engine	5.2 توليد المحتوى بالذكاء الاصطناعي	3753
F-003063	- إنشاء رؤى مكتوبة تلقائيًا من البيانات	1345cd095ba8a5c45359e3a0b40ceb8abc5ee1d239edaa63624f8cdae8c6e644	Presentation Engine	5.2 توليد المحتوى بالذكاء الاصطناعي	3754
F-003064	- إنشاء صور أصلية بأنماط مختلفة	6bfffe3c2d7c91a8e41f9d7fd7c0a255ef31e6d4faa92dde319c393286221f73	Presentation Engine	5.2 توليد المحتوى بالذكاء الاصطناعي	3755
F-003065	- إنشاء صور توضيحية لتقرير تقني	c9a84a086de7ddb35c551773311d5058625ee2b2ce8033c2a2b35940fe58e8dc	Presentation Engine	5.2 توليد المحتوى بالذكاء الاصطناعي	3756
F-003066	- إنشاء صور فريدة بناءً على وصف نصي	2defa5e1133a9a1c6f3e23202a5814eb8b6721c3e1e64cec7f3caa84b0657c4f	Presentation Engine	5.2 توليد المحتوى بالذكاء الاصطناعي	3757
F-003067	- إنشاء صور مخصصة داخل المستندات	da57e9d560d8fccb476d6ffc6c94858bfd44e8095a93357c98a3687ebfdbccda	Presentation Engine	5.2 توليد المحتوى بالذكاء الاصطناعي	3758
F-003068	- التوليد الكامل	dde1a9bf99f3e21fc7ffad4f9cb8a987d262c9f30afb625e9a36b97939cdcd9c	Presentation Engine	5.2 توليد المحتوى بالذكاء الاصطناعي	3759
F-003069	- تطبيق تصميم متناسق على الشرائح	43d2c0597546dae2448a8fad438beb6571df9668efb43ac0c85cdaadcb8e3956	Presentation Engine	5.2 توليد المحتوى بالذكاء الاصطناعي	3760
F-003070	- ذكاء اصطناعي لتحسين العروض التقديمية	e964bcc51220d78cf6dc2bcf38c6ae2f73a350b3702eb926c14661bf2144f85d	Presentation Engine	5.2 توليد المحتوى بالذكاء الاصطناعي	3761
F-003071	- توليد العروض التقديمية بالذكاء الاصطناعي	7e24c93ffe22ffdc999a9ac0cc6f18edb52e2fc2ea136667a4e9178c00d70e12	Presentation Engine	5.2 توليد المحتوى بالذكاء الاصطناعي	3762
F-003072	- توليد ملاحظات للمتحدث تلقائياً	f811c61964cda8dc7079990ea06ccd8bc3e8c43f18121cb3ed09ec27e8c02312	Presentation Engine	5.2 توليد المحتوى بالذكاء الاصطناعي	3763
F-003073	- ذكاء لصناعة التقارير والعروض	4edca911aedddd0501abd261df3520a3e9301c66918da5a66a105b1e559fde71	Presentation Engine	5.2 توليد المحتوى بالذكاء الاصطناعي	3764
F-003074	- توليد عروض تقديمية تلقائياً من بيانات خارجية	5210dac6a0ea83cd27c9621c9a701adc6c140924da0855baedb3794155e368e8	Presentation Engine	5.2 توليد المحتوى بالذكاء الاصطناعي	3765
F-003075	- توليد عروض مخصصة لكل عميل من بيانات crm	5ba20c45155c588672dcbfbc37d985daf15ebbd9c624a95243e4262a8047f620	Presentation Engine	5.2 توليد المحتوى بالذكاء الاصطناعي	3766
F-003076	- ملاحظات المتحدث	da1677a795766fca701f694075e4c97e966e221188c20becb2e5edabcdca85eb	Presentation Engine	5.2 توليد المحتوى بالذكاء الاصطناعي	3767
F-003077	- توليد رسومات وأيقونات مرئية تتناسب مع السرد وهوية العلامة التجارية	6c1bd5f0ce7eee3be9ebf18beb9c3100f94d000f51233039ddce8a515535e008	Presentation Engine	5.2 توليد المحتوى بالذكاء الاصطناعي	3768
F-003078	- إدراج أيقونات ورسوم	303e2b986ff09bec085972a126405717a737fda22719573c72165af0d341eea9	Presentation Engine	5.2 توليد المحتوى بالذكاء الاصطناعي	3769
F-003079	- مولد محتوى بصري احترافي	d44a4c920ec040a20a99ef6eae69de4e5b9147dc4fda58e3f6307aa90ceecb08	Presentation Engine	5.2 توليد المحتوى بالذكاء الاصطناعي	3770
F-003080	- توليد بطاقات صور كاملة بجودة سينمائية	7bae35f8647aa8faf7f15e46d122e097f475ae0af0d62bbffc3c3dde48e9614e	Presentation Engine	5.2 توليد المحتوى بالذكاء الاصطناعي	3771
F-003081	- يعمل بأحدث نماذج توليد الصور	b28944f231a78e2a2fe7a9ec0410aa9bfa40f73fcc5f15b459e8ebf509c4d442	Presentation Engine	5.2 توليد المحتوى بالذكاء الاصطناعي	3772
F-003082	- إعادة توليد الصورة بأسلوب مختلف	b4e2823251527a8d4a8df7c9ebf18b9785e4af4edecb34f3b889ba0649bd8969	Presentation Engine	5.2 توليد المحتوى بالذكاء الاصطناعي	3773
F-003083	- توليد صور بأساليب فنية مختلفة	57d03ac89d1d543443f6e94d6bca94ef1f98f9ca24c0d2f0f184bcf64f9eaa49	Presentation Engine	5.2 توليد المحتوى بالذكاء الاصطناعي	3774
F-003084	- توليد صور واقعية (فوتوغرافية)	7dc08499d3e69e0d7909e123c8bd4b7b13541b6b2ea76250e9ae105a2c0a78c4	Presentation Engine	5.2 توليد المحتوى بالذكاء الاصطناعي	3775
F-003085	- اختيار النموذج المفضل لكل صورة	fbe4bf15bb34c8a6d54a11c1e86627e67ce3bf0a85f64c3e593dc59432eb71da	Presentation Engine	5.2 توليد المحتوى بالذكاء الاصطناعي	3776
F-003086	- توليد رسوم توضيحية ورسوم كرتونية	8cca7599a97a4fdde2135455ad930d3db64e36048731067b7341b01fe5d9b2b7	Presentation Engine	5.2 توليد المحتوى بالذكاء الاصطناعي	3777
F-003087	- اختيار نوع الصور	794f94b68e9e0cb235568de01434a5c031b577d86a77c842fb599cc6a8054f43	Presentation Engine	5.2 توليد المحتوى بالذكاء الاصطناعي	3778
F-003088	- تحريك الصور (رسوم متحركة بسيطة)	c2965ee4d23769c8374412b748d70a2de3e4a9be4c2256837869d3310841bbda	Presentation Engine	5.2 توليد المحتوى بالذكاء الاصطناعي	3779
F-003089	- اختيار نوع المخرج	2fb9a814d1e7d73aeb72d66ed03ed278b4e28b0a822500e2637319a7c3695039	Presentation Engine	5.2 توليد المحتوى بالذكاء الاصطناعي	3780
F-003090	- رفع أو توليد صورة بالذكاء الاصطناعي أو من unsplash	37ac843fd0448558f49b654c5bb986434ee4ab10c30f72a0990e477825e5992e	Presentation Engine	5.2 توليد المحتوى بالذكاء الاصطناعي	3781
F-003091	- تعديل الصور الموجودة عبر الوصف النصي	e3d5c90b0f7441affa1dcbf7f0725c758efd4209949fcfbe0af14b09da65dd15	Presentation Engine	5.2 توليد المحتوى بالذكاء الاصطناعي	3782
F-003092	- تصميم تخطيطات احترافية بتسلسل بصري واضح	c04ab5ef828c0d5368f2b14d3c580529c31b38b46fc5ac6e136e0525a837a32a	Presentation Engine	5.3 التصميم والتخطيط الذكي	3788
F-003093	- شرائح ذكية تتكيف تلقائياً مع التخطيط والتباعد والخطوط والألوان	597267d6b40ccb7903c5da5600159b63856828e4e1f889ece4d4a98c5fe72576	Presentation Engine	5.3 التصميم والتخطيط الذكي	3789
F-003094	- توليد صور مخصصة بالذكاء الاصطناعي متناسقة مع نظام ألوان القالب	50ed61cb1cc0302a0adaef414480fb8dabda7065746c953e6d29c1e1f003bdd5	Presentation Engine	5.3 التصميم والتخطيط الذكي	3790
F-003095	- توليد رسومات وأيقونات مرئية تتناسب مع السرد والهوية	40218e3696b673f3d202b9089157b6dcb500ccb9982f336ece1dea1c3cca9852	Presentation Engine	5.3 التصميم والتخطيط الذكي	3791
F-003096	- توليد مقاطع فيديو بالذكاء الاصطناعي	94d86e0c25656627bb15160b5541408eb053c1aaebd3147aa968e0c4e2ec35ca	Presentation Engine	5.3 التصميم والتخطيط الذكي	3792
F-003097	- توليد عناصر ثلاثية الأبعاد	30013ff8bd6968aed7acdf21fabcc8ca1e04ac539be7c08a78c6d1177b904e38	Presentation Engine	5.3 التصميم والتخطيط الذكي	3793
F-003098	- إنشاء شخصيات رمزية ثلاثية الأبعاد متحركة ومخصصة	7d34b66957cbcf89ce8b3934f4fdb42f67eb482b1281e92aa82c1f342d415838	Presentation Engine	5.3 التصميم والتخطيط الذكي	3794
F-003099	- إنشاء صور شخصية احترافية بالذكاء الاصطناعي	47f2d660194396f40960845f943f5b40f8d867b04c3568ad6c72e38bbf89e1d6	Presentation Engine	5.3 التصميم والتخطيط الذكي	3795
F-003100	- اتساق فني عبر جميع الشرائح	679adeb110f918497f84c9a6c578ef9dad5f8fc91e85bfcec7ab182d50d521dd	Presentation Engine	5.3 التصميم والتخطيط الذكي	3796
F-003101	- تصور البيانات تلقائياً من ملفات CSV و Excel	161d74222b4c4ccc25639dd44da65bd1493d0b49ca74e8da0e607c6970d736da	Presentation Engine	5.3 التصميم والتخطيط الذكي	3797
F-003102	- تصور البيانات تلقائيًا من ملفات CSV وExcel	e5734f072dd029f480fcc9d42fe943ad67e3aca300814c9c9cfde74ee4d5c940	Presentation Engine	5.3 التصميم والتخطيط الذكي	3798
F-003103	- اقتراح Layout ذكي تلقائياً لإنشاء العروض	ff370fe90fc5426703dfbaccce62079706b5d8ff0d7e84d12bd65da9a547a689	Presentation Engine	5.3 التصميم والتخطيط الذكي	3799
F-003104	- اقتراح Workflow تلقائياً لإنشاء سير العمل	b22d999f202a6a8d604484a38e075e6898e7d1649ab089c53ebc6d0178cacd41	Presentation Engine	5.3 التصميم والتخطيط الذكي	3800
F-003105	- اقتراح KPIs تلقائياً بناءً على مصادر البيانات	24b13caefb38924ffbe97a842aec368eb7e7daa938e2a04306db06793eb5ee76	Presentation Engine	5.3 التصميم والتخطيط الذكي	3801
F-003106	- بناء عرض احترافي بضغطة زر.	5e0aa0f273475cdfae383a610120d6b36e3963f7130b77f30f26e220aa9fbf9c	Presentation Engine	5.3 التصميم والتخطيط الذكي	3802
F-003107	- ترتيب الشرائح منطقيًا.	be8c454f227566d420f2cd3bac1c2b6654571fb1d50a38bb4b28dcff82151c79	Presentation Engine	5.3 التصميم والتخطيط الذكي	3803
F-003108	- تقسيم الشرائح منطقيًا.	075a790217830f1f680ed3f5f72af2831394a4240b8fe7a400d3896df76af7d2	Presentation Engine	5.3 التصميم والتخطيط الذكي	3804
F-003109	- كتابة العناوين والنقاط.	824450c16ec86f328920ec5c0f45e8e0929cb3aca68e9a01a61a0143fc5f99cb	Presentation Engine	5.3 التصميم والتخطيط الذكي	3805
F-003110	- تطبيق تصميم متناسق.	a7894dd4ba57639bcf7f91b536c5800b5ab05ea67308924ef95c12d287ae73e6	Presentation Engine	5.3 التصميم والتخطيط الذكي	3806
F-003111	- إضافة انتقالات احترافية.	b18eba6b7d5f33fb8375c4f07cf69591a67dfdd6203f876202d567e5bfe7a4d0	Presentation Engine	5.3 التصميم والتخطيط الذكي	3807
F-003112	- اختيار عدد الشرائح وأسلوب العرض.	61321f230f3f97161b4e0646c38aad01d0ca204c5e269837f10c4f0a17938aec	Presentation Engine	5.3 التصميم والتخطيط الذكي	3808
F-003113	- التصميم والتخطيط الذكي	9231e6e53be4dae87469b78d37dc6d016a1fe8b5e3dca33b514e4608a08beb15	Presentation Engine	5.3 التصميم والتخطيط الذكي	3809
F-003114	- اقتراح أفضل Visualization	7c5515cac6517ac7f67939b0afe7ce2f074ce5f0dd010d0b865c848f4bfae31a	Presentation Engine	5.3 التصميم والتخطيط الذكي	3810
F-003115	- اقتراح إعادة توزيع العناصر	2fdbc3baa1a7ee91d9d14bc0543458591f5cc4e362d26bff38d06b83fcba407f	Presentation Engine	5.3 التصميم والتخطيط الذكي	3811
F-003116	- اقتراح تحسين قابلية القراءة	506012ea070e0752e8985f467233c9259f22d67e67c6778100d21e9be65d4467	Presentation Engine	5.3 التصميم والتخطيط الذكي	3812
F-003117	- كشف ازدحام بصري	e76845242521ca58ec94b453a53d9b67621b855cbf1aa17ccfeea9f718b6542a	Presentation Engine	5.3 التصميم والتخطيط الذكي	3813
F-003118	- الحفاظ على الاستقرار البصري عند تحديث البيانات	5998a11a5e489bc6947d710be3a608453ba5384c42101bf96f988f74323cad25	Presentation Engine	5.3 التصميم والتخطيط الذكي	3814
F-003119	- منع تحرك العناصر المفاجئ	2a9891d12f09e89f0b3fc1a17ffba6ba0ad5c6bdfd661014341e7b6f86b8900d	Presentation Engine	5.3 التصميم والتخطيط الذكي	3815
F-003120	- تثبيت مواقع الرسوم عند التحديث	827f21207be133fe282ff6ea13a690fe7eb925b3fc80b72f42da9ac9571d9b94	Presentation Engine	5.3 التصميم والتخطيط الذكي	3816
F-003121	- الحفاظ على نسبة الكثافة	79eecaceb3cb2d20e5791c03b915d036542f6dbf01e8e890cbfd4455b4550648	Presentation Engine	5.3 التصميم والتخطيط الذكي	3817
F-003122	- عكس المحاور دون تشويه التوزيع	a566ddfca7610d86dd419c285ca53508f77a5d4b7c0f090fc6618a41b4b64ce1	Presentation Engine	5.3 التصميم والتخطيط الذكي	3818
F-003123	- إعادة حساب المسافات	4404b35818639b142bbf2fdff520f1f91dd3d6a4e1ccb5f8973251e609964b2e	Presentation Engine	5.3 التصميم والتخطيط الذكي	3819
F-003124	- الحفاظ على توازن العناوين	b7870a0ff57b158d090d00414d62f80ff5233570a07aa31280e21937815e1afa	Presentation Engine	5.3 التصميم والتخطيط الذكي	3820
F-003125	- ضبط نسب العرض بعد التحويل	08a2bb50ff0bdd494439b2eb463bffb14a7dcbb7d2ba52b2a4e5bbd5c1029461	Presentation Engine	5.3 التصميم والتخطيط الذكي	3821
F-003126	- منع تشوه السطور	09e7d16a98f46d7c921375768565ebba70e95f10e9326312218e2ace55656f63	Presentation Engine	5.3 التصميم والتخطيط الذكي	3822
F-003127	- منع تداخل الحروف	6775a344952775a45a0ef6081ea0bbe5b58c5e64a549ee5473624a375906b0ff	Presentation Engine	5.3 التصميم والتخطيط الذكي	3823
F-003128	- ضبط baseline مزدوج	a7b1d6b7034b49122dba4905ca6accef453e548081206eee4a72758efff8dd1a	Presentation Engine	5.3 التصميم والتخطيط الذكي	3824
F-003129	- توزيع المعلومات عبر طبقات	b4ec2406472b12da8bd0af4d7edaa5bbca7abe779894a916ee6c4217782ef536	Presentation Engine	5.3 التصميم والتخطيط الذكي	3825
F-003130	- تحديد عناصر التركيز	3068bb03d9117f6a3959674236e2677bf6ddcb31d749ff0ef3ad24fe34152a6a	Presentation Engine	5.3 التصميم والتخطيط الذكي	3826
F-003131	- تصحيح عدم التماثل	ac00233e1fadf40429089f7793c1902ba887b886e6769bf9b171d7a147b92982	Presentation Engine	5.3 التصميم والتخطيط الذكي	3827
F-003132	- ضبط كثافة العناصر	5d7dca8b3d3cb026c70185b236b3e4d2fe3d7dcaf5f1ea2311ff8465319ac3f5	Presentation Engine	5.3 التصميم والتخطيط الذكي	3828
F-003133	- توزيع الفراغ	9abc5da700834e62dbbcc85cdd5e6006cc552151ad7d61602282226ee309ae08	Presentation Engine	5.3 التصميم والتخطيط الذكي	3829
F-003134	- منع ازدحام زاوية واحدة	03d7811ba3756c42330e8633fe0cabf898cd6bf9ddebb7c83053c32a510a1872	Presentation Engine	5.3 التصميم والتخطيط الذكي	3830
F-003135	- تحديد أهم عنصر بصري	226fa05642678c17d7de76023cdf71bb8b2ab66c4c0c483df13e955d8bd3decf	Presentation Engine	5.3 التصميم والتخطيط الذكي	3831
F-003136	- ضبط وزن العناصر	c177111614041777ab9ae7664b352dd23aa68c15540e80d9a9a8094619b10202	Presentation Engine	5.3 التصميم والتخطيط الذكي	3832
F-003137	- تقليل التشتيت	e6708b3c73220052b90cbcbeb779d9c4868a09a00ff885c9b3b21bbfe4254428	Presentation Engine	5.3 التصميم والتخطيط الذكي	3833
F-003138	- تحسين تخطيط اللوحة تلقائيا بواسطة الذكاء الاصطناعي	eabc9e0a6aa630f03ec8fcfce7a78850c95f6db32138141c4202ff066a9fcb01	Presentation Engine	5.3 التصميم والتخطيط الذكي	3834
F-003139	- توصيات قابلة للتحويل إلى إجراء أو تصعيد	a628b1951f66dc0f97afae2031fbd5fc18670e4d582670f82b50e65081ec654e	Presentation Engine	5.3 التصميم والتخطيط الذكي	3835
F-003140	- دعم التخطيطات المتعددة للشرائح	78c3c6f9a745e8537a39d3c6bbc1e233ba39eb170cdf5a5020f4b0401d72bebe	Presentation Engine	5.3 التصميم والتخطيط الذكي	3836
F-003141	- تفسير الأفكار الخام إلى هيكل عرض منظم	fb589b12acb09e098adcd3eef2dff02abd6dcf845fc1801549b073a7b3ec07ba	Presentation Engine	5.3 التصميم والتخطيط الذكي	3837
F-003142	- بناء تسلسل هرمي للشرائح من عنوان إلى استنتاج إلى دليل إلى خاتمة	c02eca3549db8bbbeb6dc8981162dc518ca2319367ccc5d6189ee331bfcbd0e8	Presentation Engine	5.3 التصميم والتخطيط الذكي	3838
F-003143	- اكتشاف عدم اتساق التدفق السردي	2040d2e4781fbb7a948ac3f08d37dd4e8d699dbbdb7bb2eb0b1efd4c3e3e9624	Presentation Engine	5.3 التصميم والتخطيط الذكي	3839
F-003144	- توزيع كثافة الشرائح تلقائيا	a3294c0d0dd1f941db6b3f4dbb631c5a7dda1d6e9fc432ba19d539d680505e70	Presentation Engine	5.3 التصميم والتخطيط الذكي	3840
F-003145	- التنبؤ بعدد الشرائح المطلوب حسب حجم المحتوى	36a65b0b443ec6f48024e28b2172979e0c3f4ec8a1113f9a710bfb19eabe08b6	Presentation Engine	5.3 التصميم والتخطيط الذكي	3841
F-003146	- توزيع المعلومات بتوازن عبر الشرائح	babbde54a0badc4b3cc15a54e1e3ca8bf08c1604ca9691b5abc84a6033385afd	Presentation Engine	5.3 التصميم والتخطيط الذكي	3842
F-003147	- اكتشاف التكرار بين الشرائح	8bd7324a04bc462d1878b752fc65217b8f9499f27c93446d7df2d5e928dcc85e	Presentation Engine	5.3 التصميم والتخطيط الذكي	3843
F-003148	- اقتراح إعادة ترتيب الشرائح	6956abb92b6412f29fe077f2b22c13d6113bd6c7978796d9b038fc40a031a9b1	Presentation Engine	5.3 التصميم والتخطيط الذكي	3844
F-003149	- تحسين وضوح العرض للمستوى التنفيذي	6662f383d9122bc0dcbd6f3913b76b9871bd235bc030a04021b876f66bf2c07a	Presentation Engine	5.3 التصميم والتخطيط الذكي	3845
F-003150	- فرض إيقاع بصري متسق	24212a09aa864d6913bf722fe78849b0de4297f14d68b5c401159ed1a1257cb2	Presentation Engine	5.3 التصميم والتخطيط الذكي	3846
F-003151	- تحويل البيانات إلى قوس سردي	4acfe6ef04660281c1e07cb0f5b1df1f5b4c07467a8cf49154963a0116403efd	Presentation Engine	5.3 التصميم والتخطيط الذكي	3847
F-003152	- توليد سرد مشكلة وحل	e0cad420db1cc1bf4833acc45ede621783f55bba68b44e3a87ff89f5078c1fee	Presentation Engine	5.3 التصميم والتخطيط الذكي	3848
F-003153	- بناء حجج منظمة	2b646e00afe78de9289f017de155f6d9dc73e8048ab9a6137be214e59ccc69be	Presentation Engine	5.3 التصميم والتخطيط الذكي	3849
F-003154	- اكتشاف الفجوات المنطقية	811ac4913cecc1ca6232c56d69eb413c5857d66f756452df1cf7d5ca42c3fb42	Presentation Engine	5.3 التصميم والتخطيط الذكي	3850
F-003155	- توليد شريحة ملخص تنفيذي تلقائيا	79f55f29e281dd9f68f9de33986da1e11a9385cd4ba385b86170286acd7e7b74	Presentation Engine	5.3 التصميم والتخطيط الذكي	3851
F-003156	- توليد شريحة خاتمة ذات أثر استراتيجي	39099ea7389e73d8468b9ac0f3600725a0138655cb9f439dc635b806a555d2cc	Presentation Engine	5.3 التصميم والتخطيط الذكي	3852
F-003157	- تحويل التحليل إلى قصة مقنعة	d969204a7dc62ecc2b55c0e92afaff8c6891df3ef171fe63d9ee122a48de02f5	Presentation Engine	5.3 التصميم والتخطيط الذكي	3853
F-003158	- تحويل مخطط تفصيلي إلى شرائح منظمة بنقرة واحدة	e5d9cf2d4463c24006427efc9428fadd0f491686110996479009ccba43870cd0	Presentation Engine	5.3 التصميم والتخطيط الذكي	3854
F-003159	- تحويل بيانات إلى حزمة شرائح تنفيذية	3f20a771dbdbe9382a78a9cf92d04f0a8933bbbe426bf0ce91954526c0265eb0	Presentation Engine	5.3 التصميم والتخطيط الذكي	3855
F-003160	- تحويل تقرير إلى عرض تقديمي	30e60399ab95ea81a2b0f57dbae833e650143af8352f19255018c386eb4a535b	Presentation Engine	5.3 التصميم والتخطيط الذكي	3856
F-003161	- تحويل جداول اكسل متعددة إلى مجموعة شرائح	ffa845e663008087d985ee29614f416f6171ad22ffb701a79f7c8f8efc859d14	Presentation Engine	5.3 التصميم والتخطيط الذكي	3857
F-003162	- تحويل لوحة مؤشرات إلى مرئيات جاهزة للعرض	34faf149380a15c24e27fbd0f04a3801617b7133be1ad6c3a3f7efdde7b25191	Presentation Engine	5.3 التصميم والتخطيط الذكي	3858
F-003163	- توليد صيغة جاهزة لمجلس الإدارة	782b0be1c366d8092281578d0a7ced15cc6d52c2869085f40fbec5a5d16a61b0	Presentation Engine	5.3 التصميم والتخطيط الذكي	3859
F-003164	- توليد صيغة جاهزة للمستثمرين	22d7fb4f66817c3765d3e1bcf409f30596359119a80d60839b340ef54b9b27b5	Presentation Engine	5.3 التصميم والتخطيط الذكي	3860
F-003165	- توليد صيغة إحاطة تقنية	54ab7dc296e0de90983d36a099f4885102969b61fa31e71a7453448bd0c6f2dd	Presentation Engine	5.3 التصميم والتخطيط الذكي	3861
F-003166	- الذكاء الاصطناعي التوليدي للتصميم والتخطيط والتنسيق	d41b527867fb2ce3ed80c816c700b478c48022834d87df8dbaf1390b05cd7084	Presentation Engine	5.3 التصميم والتخطيط الذكي	3862
F-003167	- التصميم والتخطيط الذكي للعرض	86cfd88fac527c41cb1017f334d64d85bd960f7b67e97326d7ffc430afede5fc	Presentation Engine	5.3 التصميم والتخطيط الذكي	3863
F-003168	- تصور البيانات المعقدة للحصول على رؤى واضحة ومشاركة سهلة	10ac02a9e749cd4bd72513fc770991adf6006cbb5f5142d8b0be41a4a22ca6fd	Presentation Engine	5.3 التصميم والتخطيط الذكي	3864
F-003169	- تصميم محتوى تفاعلي يحمل علامة تجارية	c8764981e08c4eec34beb68ddac0ef6e108596b394165e6adbecf4c842fe405e	Presentation Engine	5.3 التصميم والتخطيط الذكي	3865
F-003170	- صياغة مرئيات ديناميكية تزيد من المشاركة والوصول	1164e79e1783b130c12e4a34cda7aba20026c33048900a618daa2c0c9f9a85dd	Presentation Engine	5.3 التصميم والتخطيط الذكي	3866
F-003171	- تقديم رؤى الأعمال بوضوح وإقناع	2eb9af2de59d3c97f8226f8a83e253ccef1236832faf65fe2c99a68dfa6506d5	Presentation Engine	5.3 التصميم والتخطيط الذكي	3867
F-003172	- إنشاء محتوى للعلامة التجارية للفرق والمؤسسات	b5c5349f4f80f1c0bac35dec100d7243b6ccde9e534d5c4d3995cf9c7827de7c	Presentation Engine	5.3 التصميم والتخطيط الذكي	3868
F-003173	- إنشاء محتوى للفصول والنوادي والوظائف للطلاب	33ed97292a3ed7a02e9d80c48a559fd73bdc906417e225791cfec13098e3a069	Presentation Engine	5.3 التصميم والتخطيط الذكي	3869
F-003174	- إنشاء محتوى الوسائط الاجتماعية	3079e0368af51244d30515796ecd730404f50585f3558338652d6a9d7adea8db	Presentation Engine	5.3 التصميم والتخطيط الذكي	3870
F-003175	- إنشاء شرائح مؤثرة للعروض التقديمية	137aca9007a87a2df69d666ba896deb6ca022834dcbe333fc71f63e45d5079e7	Presentation Engine	5.3 التصميم والتخطيط الذكي	3871
F-003176	- إنشاء مرئيات لمنشورات المدونات	ecff2603f69db22a7c7a8a42002174b878a8308ec56c258f66509061ed795f98	Presentation Engine	5.3 التصميم والتخطيط الذكي	3872
F-003177	- إشراك الجماهير على وسائل التواصل الاجتماعي	71cefc2e3823cef4f2047bf01701007e694a695052cfb03bf3194961a045217c	Presentation Engine	5.3 التصميم والتخطيط الذكي	3873
F-003178	- إنشاء رسومات لوسائل التواصل الاجتماعي	515112ed169b9e2fa46d7df9fece05941b9ff8353c8db1a057e69bc41c36a1f2	Presentation Engine	5.3 التصميم والتخطيط الذكي	3874
F-003179	- إنشاء رسومات للإعلانات	b5f88064cc88e6d0dd7eab98ccc644ea5573fd0537e52c945958f9899613d2ba	Presentation Engine	5.3 التصميم والتخطيط الذكي	3875
F-003180	- إنشاء رسومات للمدونات	c279dbf6a75630a81cad2787de1f07310ba3ce10e4610bdd7ae035be633e48a6	Presentation Engine	5.3 التصميم والتخطيط الذكي	3876
F-003181	- إنشاء رسومات لرسائل البريد الإلكتروني	02a9fbb9b5f9ef1b4aeaca2ee1c1c0e524fa0dc6aca6c76cb0a55c7888d83a71	Presentation Engine	5.3 التصميم والتخطيط الذكي	3877
F-003182	- إنشاء رسوم بيانية	aa5156c66b6dd08f8688c2b6b8d6b0383f2a0e58f725c77846c00f0142a5b5e2	Presentation Engine	5.3 التصميم والتخطيط الذكي	3878
F-003183	- تصميم رسومات الأعمال	3fd4610ee45586b6ff40094ad52f92de0d4228807b241de01860a1fa6f9ab022	Presentation Engine	5.3 التصميم والتخطيط الذكي	3879
F-003184	- تصميم رسومات الأحداث	dbfb5f37e9ff27182ced8243429c69f83a6260d6dd1434e57ac95973543067d4	Presentation Engine	5.3 التصميم والتخطيط الذكي	3880
F-003185	- تصميم رسومات الوسائط الاجتماعية	065ec2af5be017557c2a8b0e49f9c916000b1eff89e1220450004273a5b47ff5	Presentation Engine	5.3 التصميم والتخطيط الذكي	3881
F-003186	- اختيار أفضل تمثيل مرئي للبيانات تلقائيًا	a87b43a62460b240b273fc6f83469e7e04c93a3a096d9a6a288e19420e648001	Presentation Engine	5.3 التصميم والتخطيط الذكي	3882
F-003187	- استجابة تلقائية لشاشات الجوال	3d2128a9046dfaf1c602418227b5bc346f00fb67c5f41fd37b357adcbe6edb1f	Presentation Engine	5.3 التصميم والتخطيط الذكي	3883
F-003188	- اقتراح أفضل الرسوم البيانية بناءً- على البيانات	f827d51d11e13e07227f01617ff8562a9f0dd3a40558d1f8f4e96c0009e12a8b	Presentation Engine	5.3 التصميم والتخطيط الذكي	3884
F-003189	- اقتراح أنواع الطلبات والحقول بناءً على السياق	ffda031dc06890fce32eb8062ee039a3355bf049543c2844223d0b5aa74aa4b5	Presentation Engine	5.3 التصميم والتخطيط الذكي	3885
F-003190	- اقتراح أنواع الطلبات والحقول في Jira Service Management	fb545aecf8339abc39c28721ae5f7a7e36c5643dd12269a93cf8a7ba299823fc	Presentation Engine	5.3 التصميم والتخطيط الذكي	3886
F-003191	- اقتراح تخطيطات محسّنة لتحقيق أقصى تأثير مرئي	4c13fafb61b8ce107ce4ed44630dc88b2414548b760875d4000c5947387126a4	Presentation Engine	5.3 التصميم والتخطيط الذكي	3887
F-003192	- اقتراح تخطيطات وتصميمات بناءً على محتوى المستند	fa679cf43fdb49bafef62608683d27795e7dc0418534595a3c02e5c10f2b1f5e	Presentation Engine	5.3 التصميم والتخطيط الذكي	3888
F-003193	- اقتراح تغييرات في هيكل المستند لتحسين السرد	578d14ac1ecee1fd1f86dc5f4f0184456564c8ce73e9bd65762bc4402ff85824	Presentation Engine	5.3 التصميم والتخطيط الذكي	3889
F-003194	- تحديد نوع المخطط المثالي لمجموعة البيانات تلقائيًا	e77d28fb549ebc44f5eb165fc8013afa5feabb1d2040f8432696b0084bfde408	Presentation Engine	5.3 التصميم والتخطيط الذكي	3890
F-003195	- تحويل البيانات إلى مخططات شريطية ودائرية وخطية احترافية	747b05475060b71103ffe3a603cadde3bc5b2274a8b0fa059a7a5b01245dc8ce	Presentation Engine	5.3 التصميم والتخطيط الذكي	3891
F-003196	- تحويل البيانات الأولية إلى قصص جاهزة للعرض تلقائيًا	2e6388e232ab754545962c622b2f1eb0b98f547adcc8fda9708965b8be77bc98	Presentation Engine	5.3 التصميم والتخطيط الذكي	3892
F-003197	- تحويل البيانات المملة إلى مرئيات جذابة تحكي قصة	838a6f7a8f7ed58b5f63f3a3578294387aa040a36e16cc3a7f4e21d0cb2fc6ec	Presentation Engine	5.3 التصميم والتخطيط الذكي	3893
F-003198	- تحويل البيانات غير المنظمة إلى روايات منظمة ولوحة معلومات تفاعلية	3f00c85e96efa96c220053561bdf94e21511ea90da0d7039353e80150fc762fa	Presentation Engine	5.3 التصميم والتخطيط الذكي	3894
F-003199	- تطبيق مبادئ التصميم الجيد في الوقت الفعلي	18f773987c87b05377c8ed2cda7182607514f1ca3aa5e303cc4baebd1dae67e6	Presentation Engine	5.3 التصميم والتخطيط الذكي	3895
F-003200	- تكييف التصميم ليتناسب مع أي جهاز عرض	311b23916e1c394a7a5bd19ca8366dbc517b21e93ef4e71b35707eabfc849f7a	Presentation Engine	5.3 التصميم والتخطيط الذكي	3896
F-003201	- دمج مجموعة أدوات العلامة التجارية (الألوان والخطوط والشعار) تلقائيًا	0aaebc8b5e9e6afc1b3768e257ad6a5209b60d90ece6aa99a21dc3e6ca490b6b	Presentation Engine	5.3 التصميم والتخطيط الذكي	3897
F-003202	- فرض هوية العلامة التجارية في التقارير والعروض	9a4db9b1b6532d5b29d67d11a54041687d1c1e5a06c94524d6cec82963a5df85	Presentation Engine	5.3 التصميم والتخطيط الذكي	3898
F-003203	- مخرجات متوافقة مع هوية العلامة التجارية	fe91f4346bbba66efebcbfbcaa9892f0841ca86e771981e26da9c3528eb11e75	Presentation Engine	5.3 التصميم والتخطيط الذكي	3899
F-003204	- ذاكرة صوت العلامة التجارية	8611e317a4e0148dedbe671445f7f82ec8dbde287393a1f21b498ab2574edddd	Presentation Engine	5.3 التصميم والتخطيط الذكي	3900
F-003205	- فهم المحتوى وإنشاء شرائح PowerPoint احترافية تلقائيًا	9a3bdb000bbf7af88107383c5680feefe50efb351e3fd6c365d027ab8cca751c	Presentation Engine	5.3 التصميم والتخطيط الذكي	3901
F-003206	- إنشاء أيقونات ورسوم توضيحية فريدة تتناسب مع المحتوى	087bd2a2497dd471003b4d759109e3b61f0ac0220ab68c1fc2d2bff45767c9d9	Presentation Engine	5.3 التصميم والتخطيط الذكي	3902
F-003207	- إنشاء أيقونات وصور مخصصة	fa70d38f6a3ea3932edaf68f9d4505f29c524c2f732deae4095c4b5b8902bb4e	Presentation Engine	5.3 التصميم والتخطيط الذكي	3903
F-003208	- إنشاء صور أصلية بأنماط مختلفة	6bfffe3c2d7c91a8e41f9d7fd7c0a255ef31e6d4faa92dde319c393286221f73	Presentation Engine	5.3 التصميم والتخطيط الذكي	3904
F-003209	- إنشاء صور توضيحية لتقرير تقني	c9a84a086de7ddb35c551773311d5058625ee2b2ce8033c2a2b35940fe58e8dc	Presentation Engine	5.3 التصميم والتخطيط الذكي	3905
F-003210	- إنشاء صور فريدة بناءً على وصف نصي	2defa5e1133a9a1c6f3e23202a5814eb8b6721c3e1e64cec7f3caa84b0657c4f	Presentation Engine	5.3 التصميم والتخطيط الذكي	3906
F-003211	- إنشاء صور مخصصة داخل المستندات	da57e9d560d8fccb476d6ffc6c94858bfd44e8095a93357c98a3687ebfdbccda	Presentation Engine	5.3 التصميم والتخطيط الذكي	3907
F-003212	- اقتراح خطط مزايا للموظفين	8ef78af5e5dff892347d56812a7c31f0346065ceca1bd723d84451edca9b7607	Presentation Engine	5.3 التصميم والتخطيط الذكي	3908
F-003213	- اقتراح عناصر العمل من الاجتماعات	f770ffdb73e80343e32e75fe6d33d7792f61ed85bd64f1cc8ad01840a13eb473	Presentation Engine	5.3 التصميم والتخطيط الذكي	3909
F-003214	- تنسيق وتصميم ذكي للمستندات	851498d93f370a5303cb6692b50fd71bef177e4e03825396dd20e474a8f52c40	Presentation Engine	5.3 التصميم والتخطيط الذكي	3910
F-003215	- توقع الخطوة التالية واقتراح التخطيطات والتحسينات الذكية	0bf5d912a329293175ac278f8f3c2a82560629717a398eedccc62770401c93aa	Presentation Engine	5.3 التصميم والتخطيط الذكي	3911
F-003216	- تبسيط البيانات المعقدة في مرئيات واضحة ومؤثرة	39773ea6191607dcdaa4b5e91ba4ba377400f8893dfd9013ea698f860852ffcf	Presentation Engine	5.3 التصميم والتخطيط الذكي	3912
F-003217	- تخطيطات ذكية وموضوعات مخصصة	c539154ec20c78046b689fcd0906e8a094e6d316e3f63f8845ddb58aec684de4	Presentation Engine	5.3 التصميم والتخطيط الذكي	3913
F-003218	- تخصيص العروض لجماهير مختلفة تلقائياً	76ec2240bd0d8b03055caef50e4cf5c3985619134ae72d7ab53f5c2b463f7633	Presentation Engine	5.3 التصميم والتخطيط الذكي	3914
F-003219	- تخطيط ذكي وتلقائي للشرائح	94671d448683540370fadf4cf84ae613be6b8f0e599bd704660345e757ee27ed	Presentation Engine	5.3 التصميم والتخطيط الذكي	3915
F-003220	- الاحتفاظ بنفس بنية الشرائح عند التحويل	34eaad1aef6c1bf09e3caa83127c854a86d58d82b60e18ef3168175be203d6ea	Presentation Engine	5.3 التصميم والتخطيط الذكي	3916
F-003221	- استنساخ دقيق للشريحة الرئيسية (Master Slide) في PPTX	d032ca7853edc18530a318c091a57a95c231c26a2b460dfbfba2eb0bca48313c	Presentation Engine	5.3 التصميم والتخطيط الذكي	3917
F-003222	- السحب من المكتبة إلى أي وحدة	c06393b4896893109a3ea64b02bdcf6dfc89e596250d2dfea2645bdb7d868912	Presentation Engine	5.3 التصميم والتخطيط الذكي	3918
F-003223	- تحويل البيانات إلى قصة	a448971c1a3622d8117d52f9bac8b865d143555efaf431a97e941d816bb09ba3	Presentation Engine	5.3 التصميم والتخطيط الذكي	3919
F-003224	- مستوى بسيط: شرح مبسط	e8a825a4dc99d630eb01c758689dc8bf1b29ef15d4a1d7dd279eb02dcae1345e	Presentation Engine	5.3 التصميم والتخطيط الذكي	3920
F-003225	- مستوى تقني: تفاصيل كاملة	2c23c4a371c2cdfc83d9feb36da0a5f613c6a90e0ce4a4b3203bab120ce4994a	Presentation Engine	5.3 التصميم والتخطيط الذكي	3921
F-003226	- مجموعة واسعة من القوالب المصممة مسبقاً	a039c1ff4065ab9f7cf31340f103389c2133e4ce666cbf08ded65d9fc01138b4	Template Engine	5.4 القوالب والثيمات	3927
F-003227	- قوالب ذكية تتكيف تلقائياً مع المحتوى	606f9eb65cecfffcc9c9e18505d236369e888a4f5b547b4ca7ae8c595fbebeaf	Template Engine	5.4 القوالب والثيمات	3928
F-003228	- تخطيطات شرائح منسقة لكل حالة عمل	ac37a84f505f3c6073d6b04797affdbadf3db6a1e9809013ff4c39bf94359ed6	Template Engine	5.4 القوالب والثيمات	3929
F-003229	- رفع قالب PowerPoint مخصص بالعلامة التجارية	b53ea39d369619723f1285b7b93392cb97d01b3824c75298a33ac34e9eaca2d0	Template Engine	5.4 القوالب والثيمات	3930
F-003230	- استيراد قالب خارجي	f3af38ae4b33b55ab16cb11168c07e7aab3ba4ce5f46caed89d61561d1179da5	Template Engine	5.4 القوالب والثيمات	3931
F-003231	- تطبيق مجموعة العلامة التجارية: ألوان وخطوط وشعارات	c3cdc4791590334ee078177790ee69b9108468cf33466857cc9ac925b333ef23	Template Engine	5.4 القوالب والثيمات	3932
F-003232	- مطابقة تصميم عرض مع تصميم آخر بنقرة واحدة	789857a6dc472654ccd6e7350d4b19d595af18a54b7e2b795ecbf007d1bd79f7	Template Engine	5.4 القوالب والثيمات	3933
F-003233	- تبديل أنظمة الألوان	bd1e7d6a23bd5234fd360726b610a5ed0da76e54c84e26424482ae2908c8667f	Template Engine	5.4 القوالب والثيمات	3934
F-003234	- سمات وتصميمات محددة مسبقاً	891f1109a5f6ac48ff9abca8876a8b2c67eb0f15253724e741d43ac85ba646a0	Template Engine	5.4 القوالب والثيمات	3935
F-003235	- استيراد الصور والشعارات والرموز الخاصة بالعلامة التجارية	6fe39d450161f565975bf17e8e52a27c2497d35691868e260ca29f97da6fc798	Template Engine	5.4 القوالب والثيمات	3936
F-003236	- إنشاء ثيم خاص وحفظ عدة هويات بصرية	0c6f1be0bd6b1cc5ded6233a66a6a9470a1310dd110dcefe68b450377d245126	Template Engine	5.4 القوالب والثيمات	3937
F-003237	- نمط رسمي أو عصري أو حكومي	c66edff3de9732e283f952a630b8f62936b9dbd42fbc0691ac05da5df84cae29	Template Engine	5.4 القوالب والثيمات	3938
F-003238	- الثيمات والستايل الشخصي.	e3e429bff8594374e757d7b7fbcb8466ecd477f66f63aebf305eb5075e553e9d	Template Engine	5.4 القوالب والثيمات	3939
F-003239	- مكتبة ثيمات جاهزة.	55f1f453ae2d851209f7ba09068c6aeddb79667b6c3d21a5709b0ef88f8e21b7	Template Engine	5.4 القوالب والثيمات	3940
F-003240	- إنشاء ثيم خاص وتحديد ألوان وخطوط وهوية بصرية.	16230f35c0670e5fa8d67cf4530f4687dd49f6a5c52a35007c7993030b5e83db	Template Engine	5.4 القوالب والثيمات	3941
F-003241	- حفظ هوية لكل مستخدم وتطبيق الثيم بضغطة زر.	69ebda7a2ff60912ea8effd114dcf5066f2dc33f734b06df0cf4b2986c1d28eb	Template Engine	5.4 القوالب والثيمات	3942
F-003242	- مكتبة النماذج	f5c1f9707fab3d1c5592b48902625a213064963ea6cbfc4321beae58a2f99e43	Template Engine	5.4 القوالب والثيمات	3943
F-003243	- القوالب والثيمات	c6949a035fc228916330af9955ecff6dc259e12cbc370941b3710ace6e3fc958	Template Engine	5.4 القوالب والثيمات	3944
F-003244	- استخدام قوالب مخصصة (POTX) عند الإنشاء	3a2e20adb420ea54889a8eb637f02b8424e622b96ab39b05da79eb443038eb42	Template Engine	5.4 القوالب والثيمات	3945
F-003245	- قوالب عروض جاهزة قابلة للتخصيص	355fc099a15c7f3a2a04213781b75f5b74fadc2b00dfe1dbe22f69a073eebe76	Template Engine	5.4 القوالب والثيمات	3946
F-003246	- قوالب عروض تنفيذية وتقنية وشهرية وربعية	640d545bcff42618640522cb70221177342e37d3da23c81ce8b75e2acde811dc	Template Engine	5.4 القوالب والثيمات	3947
F-003247	- تطبيق هوية المنظمة على كل شريحة من شعار وألوان وخطوط	3d3c962466f50f457debdec1ed84f3d82e4c3cf0daf40bb54e64517b7f69833a	Template Engine	5.4 القوالب والثيمات	3948
F-003248	- قوالب جاهزة للرسوم المعلوماتية	3441907e7549ad99e0cd21b658d32321651023e15b552d44f7e35f18325df35f	Template Engine	5.4 القوالب والثيمات	3949
F-003249	- دعم الأحجام المتعددة للمنصات المختلفة	73b3bec7a2e5c1ce49bfce583e658c6a7365da48b81829d85a4aa200a6ad8dc3	Template Engine	5.4 القوالب والثيمات	3950
F-003250	- تحديد هوية بصرية	f2c179d5fadc55b97f15c29e2573b14936715d528c35ab5d8bd441d3795defd8	Template Engine	5.4 القوالب والثيمات	3951
F-003251	- تطبيق الثيم بضغطة زر	e18c9af2683838683797387aba654e0d53ea31c02985b3ba4a879c9751ab2917	Template Engine	5.4 القوالب والثيمات	3952
F-003252	- استخراج الهوية البصرية	67ad8a69dad4d68a468987003355647b48428b270c84ad7f003e090aca0d54f0	Template Engine	5.4 القوالب والثيمات	3953
F-003253	- هوية بصرية لكل مستخدم	86fc97dad5e719a9c0c6e231b04c61e94519eaa93e4a0e544b0a6f591307184d	Template Engine	5.4 القوالب والثيمات	3954
F-003254	- موازنة الكثافة البصرية	6cd6557d8b0420ff6bce8579d9490af5e18d84a4a28e444244b0f4eb14e09d46	Template Engine	5.4 القوالب والثيمات	3955
F-003255	- إعادة تنسيق مستند ليتوافق مع هوية بصرية جديدة	86acd9c624b737522b26f8cbc7b3230f39c5cd0f396014f64da34071874eb01a	Template Engine	5.4 القوالب والثيمات	3956
F-003256	- ضبط الكثافة البصرية تلقائياً	f409acdef1956f6fe84fef2a7b2d2e49bfc953b3aafb1cfc4eca98c0d6c07578	Template Engine	5.4 القوالب والثيمات	3957
F-003257	- توحيد أنماط الخطوط	782993d63b3fd6c0535d027b7c9d4cbe163f19c4c1134fac429b9820838ea1ce	Template Engine	5.4 القوالب والثيمات	3958
F-003258	- اقتراح ألوان متناسقة	f2314d17e94a2f341bb8753984edd0e8437d26a641d561833830d71b161ef245	Template Engine	5.4 القوالب والثيمات	3959
F-003259	- تصحيح التباين لضمان الوضوح	26c827f84f23399c19f81cd2e568960973e7abdf132272e8c55d8ac95d132a34	Template Engine	5.4 القوالب والثيمات	3960
F-003260	- توليد تصاميم متعددة لنفس المحتوى	9e08b20a0c9e95a07f4737342cba6cf523aa6ca7d174df3eb9556d0fa21d39d1	Template Engine	5.4 القوالب والثيمات	3961
F-003261	- الحفاظ على الهوية البصرية	4d69a29fc3b56a2175a00c9179d040b94e505afb277d293e6fc259f211efd1b5	Template Engine	5.4 القوالب والثيمات	3962
F-003262	- تصميم متجاوب لمختلف الشاشات	395dc48c762203843579740390d540a8eb3e08db36377b3dbde13624e3ebddd0	Template Engine	5.4 القوالب والثيمات	3963
F-003263	- توليد تصميم متوافق مع العلامة التجارية	800fe393d89db43a8b6142d7d6c4bd7a30f059e89a836c130c95e7aecf726eeb	Template Engine	5.4 القوالب والثيمات	3964
F-003264	- تنسيق التواريخ حسب الثقافة	653c5ed96790f396c8c742e68728bbba4edfbccb1a23fb18cc7fb7f9fa945328	Template Engine	5.4 القوالب والثيمات	3965
F-003265	- تنسيق العملات حسب الدولة	57a2f8e7314db843caa7a1bcf9c8df8fbe44b1aa582bde2fdb1ebe61d0b8fadb	Template Engine	5.4 القوالب والثيمات	3966
F-003266	- الحفاظ على توازن الكثافة البصرية	2239153414274732f8a7ba78b2e1351f967cea5d01f3c6d022bc8254de4abc12	Template Engine	5.4 القوالب والثيمات	3967
F-003267	- فرض تكافؤ الكثافة البصرية	f9a795ead545baa86adb36d8184520d970f9d64d462ab7037bbcd350170a342d	Template Engine	5.4 القوالب والثيمات	3968
F-003268	- توحيد تنسيق التواريخ تلقائيا	ca83e833a9c40bd96f9d814f62881c833fe0de0dfb55ee3eaa58f07f730755c7	Template Engine	5.4 القوالب والثيمات	3969
F-003269	- تنسيق التواريخ بصيغ متعددة	fbc01315d1bc604845810b982dfacc108edc8ccc3f100af32ccb84511d62ae1b	Template Engine	5.4 القوالب والثيمات	3970
F-003270	- بناء لوحات مؤشرات قابلة للتحرير من صور بدقة واحد لواحد	f567f81e932344b2639eaed44d3ff2cc64f3375c4ec9660c970e9ea6628c61cb	Template Engine	5.4 القوالب والثيمات	3971
F-003271	- فرض إيقاع بصري متسق	24212a09aa864d6913bf722fe78849b0de4297f14d68b5c401159ed1a1257cb2	Template Engine	5.4 القوالب والثيمات	3972
F-003272	- إنشاء ثيمات غير محدودة مع تبديل فوري	9a8ec11e1a216ac9df1884c70a32abb4180ef3c1cfd5301b847471244ff59611	Template Engine	5.4 القوالب والثيمات	3973
F-003273	- محرر ألوان متقدم للألوان الأساسية والثانوية والخلفيات والنصوص والحدود	709ce4c27755389f6b9c102db70e4ae2f0d7e710bda27af2978f0f02e19dbc22	Template Engine	5.4 القوالب والثيمات	3974
F-003274	- أنماط المكونات تشمل الأزرار والبطاقات والجداول والنماذج والقوائم	ba065ddacf9289e845ee070e693c05d74d2ae326a0fa8eedb90efee72ab2a7b2	Template Engine	5.4 القوالب والثيمات	3975
F-003275	- وضع الألوان الفاتح والداكن والتلقائي مع وضع التباين العالي	9c64d702ab13bacc5839dd580680ccf053f4cf32ef3e792825c0bb8e6995dca3	Template Engine	5.4 القوالب والثيمات	3976
F-003276	- تصدير واستيراد الثيم ومشاركته بين منصات	1c0cd0ac67238ca9864a4276a62cca21f5ddc64559ad4da16a56915190b6ef7a	Template Engine	5.4 القوالب والثيمات	3977
F-003277	- ثيم مخصص لكل مستخدم ولكل قسم أو وحدة	694012df0e4954fddd6226167f94eed11109a75451df58b150d51274c4f3cf8e	Template Engine	5.4 القوالب والثيمات	3978
F-003278	- تطبيق هوية المنظمة تلقائيا على كل شيء من شعار وألوان وخطوط	6900cd3d9cd0c6fc2f80f9a06597ecf36219fdba77e89c081f1601a91991bb95	Template Engine	5.4 القوالب والثيمات	3979
F-003279	- مكتبة قوالب واسعة لجميع أنواع المخرجات	6ab4ffcb24d3857b945e34f3fa55c85f2df878cbde5c562f4ee55cff9340857b	Template Engine	5.4 القوالب والثيمات	3980
F-003280	- تخصيص القوالب وحفظها كقوالب شخصية	8d5512413ec7985f6497d681f426355dc85cc3a67fdea84f39264afa08de7e02	Template Engine	5.4 القوالب والثيمات	3981
F-003281	- مشاركة القوالب بين المستخدمين	2a1a53a608dc3423e632eee1eddf2f54264579b481b5acba65bdbfb5ff75595f	Template Engine	5.4 القوالب والثيمات	3982
F-003282	- استيراد أنماط التصميم من ملفات خارجية	56f6dea54d73cc6a9cc01659f6511987e9f7fe453dae5e0ee5a9ccd3a77c4863	Template Engine	5.4 القوالب والثيمات	3983
F-003283	- إدارة الألوان والخطوط المؤسسية	aa028120852e6f8d9f706ba9d2e441e6fdd08a44d84c993be4dd1e5ee9a70183	Template Engine	5.4 القوالب والثيمات	3984
F-003284	- حفظ أنماط التصميم المفضلة	d4e3b1cb41f0068ffd37610fba995a602cc25bc565fe2b0b6573dda8ca6fb56d	Template Engine	5.4 القوالب والثيمات	3985
F-003285	- رموز مسافات موحدة عبر المنصة	b6fa3c632eb48daa57316c9dfc112e841757e194685e9d354bf270a5090200d4	Template Engine	5.4 القوالب والثيمات	3986
F-003286	- رموز ألوان موحدة	d94e5e8f3edb1cac4e517c1d956c40b9c5107c2e65b3f7232aaf82cff1262b70	Template Engine	5.4 القوالب والثيمات	3987
F-003287	- انتشار رموز التصميم عبر لوحات المؤشرات والعروض والتقارير	7fa08956f394b1c2eccbbc72b2519a64b0f3264574986c74f35a006d3fbbf799	Template Engine	5.4 القوالب والثيمات	3988
F-003288	- إيقاع بصري محكم	9114f9d2768c92a5964b3f176fbfb14953ba147969c5d2a2322c4be3dd98834c	Template Engine	5.4 القوالب والثيمات	3989
F-003289	- تحليل التسلسل الهرمي البصري تلقائيا	d8aff1438e7433b825485f99849acdb1457f2c7517e45107bc4af27f1659de6a	Template Engine	5.4 القوالب والثيمات	3990
F-003290	- ضبط الكثافة البصرية تلقائيا	62d156b8d3beb8d622c3234a603bc8c1e87efb76b91cc736e882a9ebd2078905	Template Engine	5.4 القوالب والثيمات	3991
F-003291	- الحفاظ على خط الأساس متسقا عبر النص المختلط	c93b392420c50c3c2ff94b8e0415830e83c5174d9466570997f5679e892b0073	Template Engine	5.4 القوالب والثيمات	3992
F-003292	- خطوط إرشاد مغناطيسية للمحاذاة	09d4a2930431396dac40da66da1f85c4544b0df37b1fa16d1136f8be6d72159a	Template Engine	5.4 القوالب والثيمات	3993
F-003293	- ضمان التطابق البصري بنسبة عالية جدا	53cb4f0a03031f32581c8a54a0260f547c9113873cbe29078516985fb30af007	Template Engine	5.4 القوالب والثيمات	3994
F-003294	- قوالب عرض تقديمي جاهزة (تقرير مؤشرات الأداء الرئيسية للتسويق، تقرير التسويق ربع السنوي، إلخ)	c823dfe18a03daf95fb303f4ae58e279df4116118beeb48c923bcdecd8fff256	Template Engine	5.4 القوالب والثيمات	3995
F-003295	- تخطيطات ذكية وموضوعات مخصصة	c539154ec20c78046b689fcd0906e8a094e6d316e3f63f8845ddb58aec684de4	Template Engine	5.4 القوالب والثيمات	3996
F-003296	- محرر شرائح احترافي	32a41fefa2063c544d59ce5fe13da407dec42aacaf9820cc6502bbc757132ec0	Template Engine	5.4 القوالب والثيمات	3997
F-003297	- مكتبة ثيمات جاهزة	d54080efe3a72f63ee051deecac78627fafed13c44c365801079e1d6646d2e69	Template Engine	5.4 القوالب والثيمات	3998
F-003298	- إنشاء ثيم خاص وهوية بصرية للمستخدم	c0fe5df78bfa68a228ad5ece8da7121f90a727ed0f0062639d600c2de916d948	Template Engine	5.4 القوالب والثيمات	3999
F-003299	- تطبيق الهوية بضغطة زر	9b31808e03cfe00b2898c431bbf68fbb7f79d334b9504376ab18ccbd4d51f778	Template Engine	5.4 القوالب والثيمات	4000
F-003300	- محرك الثيمات والقوالب	a1c8890f9a6515d78ae17d004d39be5f60ee05d19d40f858dc0d97c7e4f3c85f	Template Engine	5.4 القوالب والثيمات	4001
F-003301	- إدارة الهوية البصرية للعلامة التجارية	39bfe689e5627e7d38984d82f50266c2f60d24a3135ecfed7fce3cf077eb5882	Template Engine	5.4 القوالب والثيمات	4002
F-003302	- فرض حزمة العلامة التجارية	dee280e79e38d722d87fddaf284f6fb97d35c014cd5d76b5b6d3421ff93ca7f4	Template Engine	5.4 القوالب والثيمات	4003
F-003303	- يجب أن تدعم المكتبة الشعارات	5d953d36cede055c5e7cfedea9d8f206eb95e802923d5174a68af8f8e3e8c8f3	Template Engine	5.4 القوالب والثيمات	4004
F-003304	- يجب أن تدعم المكتبة مجموعات العلامات التجارية للشركات	23a6f6042fb96463f96779f6d8bede905e644dc644b3145745aeb0125519975f	Template Engine	5.4 القوالب والثيمات	4005
F-003305	- ثيم لكل مستخدم يختاره بنفسه	f1f3f49a64ca12dd3c03fe699892ff93219e52c37730acc1831d301395b58b98	Template Engine	5.4 القوالب والثيمات	4006
F-003306	- ثيم مخصص لكل قسم أو وحدة	3388b481ced1c3bb46b274db472a4095a297c769e424991198b9f49b41eef20a	Template Engine	5.4 القوالب والثيمات	4007
F-003307	- وظيفة لإنشاء الثيمات (createTheme)	48bbe078735a406c6c90a9a9edc7452a70ffa8787b87ca957717e1980f562726	Template Engine	5.4 القوالب والثيمات	4008
F-003308	- وظيفة لجلب ثيم (getTheme)	4b2bbe971b83dfe682763f4cd184f573262d7ac15e74e8a801c8099efc1c1440	Template Engine	5.4 القوالب والثيمات	4009
F-003309	- وظيفة لجلب قائمة الثيمات (listThemes)	2f35dc88de7994c0ca640f3752743bfe0b39babd96ea3cc43421d5456ae29fe4	Template Engine	5.4 القوالب والثيمات	4010
F-003310	- وظيفة لتحديث ثيم (updateTheme)	b106c3b659c12cc23ba2e332befc4eecb7d0ffe9dae9bb3103051a108e7b14e6	Template Engine	5.4 القوالب والثيمات	4011
F-003311	- وظيفة لحذف ثيم (deleteTheme)	7a6a1b1174d789c95c1d8b2aef4a2e3ad8e10451bbf56d0585cd6af9a6cfac8c	Template Engine	5.4 القوالب والثيمات	4012
F-003312	- نظام ومحرك إعداد الثيمات	bbdcce8315d045689bcf5686f144da365a1dfef47a1f9190ecb999ab1313948d	Template Engine	5.4 القوالب والثيمات	4013
F-003313	- الهوية البصرية الشخصية	e9f3b4427875ed8a6fdb73b2150cff03f236b7b5445ed66695bef8889912ddcf	Template Engine	5.4 القوالب والثيمات	4014
F-003314	- User Personalization Engine	13e8c1d388a34f57a5472b2c866ce4175a190427d8564d3ce7001155cf5d0c66	Template Engine	5.4 القوالب والثيمات	4015
F-003315	- White-label support	dadb9869f211b9bbff25150798febfdee5d9c290446d34fdf72be0d64bae8c7c	Template Engine	5.4 القوالب والثيمات	4016
F-003316	- اختيار القالب البصري	94b83e8453238d11c35b9024951ede7e60a0ff8f06b8da9c0dbc691b07e088cd	Template Engine	5.4 القوالب والثيمات	4017
F-003317	- تغيير القالب بالكامل	22aab69309d36c6516bf6a2992cf89a2f7eb17dc4f2311c8e3e3e25d040dd0f5	Template Engine	5.4 القوالب والثيمات	4018
F-003318	- أنماط بصرية متعددة	171accaef6c015c6bef90ef149bb5c7c5ee1bb00b189499507d8a2ec57c3d559	Template Engine	5.4 القوالب والثيمات	4019
F-003319	- ضمان تناسق الهوية البصرية عبر كل المحتوى	963d76ae412e3c3a59fb51d6e95f39e87a36a59e5dec25a00f7c04ced0469f73	Template Engine	5.4 القوالب والثيمات	4020
F-003320	- قوالب مخصصة للعلامة التجارية	66bdb976c15e919aa33645ad6b8a1ab165ae9b83f077b8f14ca86dc39034418e	Template Engine	5.4 القوالب والثيمات	4021
F-003321	- قوالب موحدة للعلامة التجارية لكل أعضاء الفريق	c3b15f60c4b373998876ca1d0d55c24b9412f3f92268f21ab0dbb4079b09b131	Template Engine	5.4 القوالب والثيمات	4022
F-003322	- Layout Archetype Library	378459722b8e235c8607ab59076b46a6611a856610c050f5236bdbeb1ea64a62	Template Engine	5.4 القوالب والثيمات	4023
F-003323	- Template inheritance	d90aa565ee1f289d0ce34d7b8ae471781031f37f48081c5ca7293dcf70a6345a	Template Engine	5.4 القوالب والثيمات	4024
F-003324	- قوالب جاهزة: Vinyl، Whiteboard، Grove، Fresco، Easel، Diorama، Chromatic	c3bd47da55084e87cf2b14d9464a5f4fbca1b43ff2b8ff72929c4a844e7fd968	Template Engine	5.4 القوالب والثيمات	4025
F-003325	- قوالب تقارير جاهزة	c62ccbcece14112e03e11d5e9f0657e0da0a6f589d1b99d4c94388437b0890e2	Template Engine	5.4 القوالب والثيمات	4026
F-003326	- تحرير وتعديل النصوص والصور والرموز والرسوم البيانية	db7e62a1b0f7a75350062f94b95aa0c66be381d5defa369de5ce51fe52f96831	Presentation Engine	5.5 التحرير والتعديل المتقدم	4032
F-003327	- إضافة وتعديل الرسوم البيانية والمخططات	4ab617ec907e8d91673f0527ce69a17242cb3897b255b8999aeae1d5308571d3	Presentation Engine	5.5 التحرير والتعديل المتقدم	4033
F-003328	- إنشاء تلقائي للمرئيات المعقدة من النصوص: مخططات زمنية ورسوم بيانية	07d6e5ff7d08c1a8400afc54514671792549d185afd271286488449fff78077a	Presentation Engine	5.5 التحرير والتعديل المتقدم	4034
F-003329	- شرائح ذكية للمحتوى الديناميكي	fde5d608d372f648d53c54cbbf12105f5fdf63accedc9e84319edf780d356a05	Presentation Engine	5.5 التحرير والتعديل المتقدم	4035
F-003330	- تعديل المخطط التفصيلي للعرض	f3bb5280b360f36f65712e2d312f69137a15d20f941536457ff2b3ffcff393fb	Presentation Engine	5.5 التحرير والتعديل المتقدم	4036
F-003331	- التحكم في مستوى التفاصيل والجمهور المستهدف	1e905b71678c2811902bfb056cf304614d8a480d4431ddb70be94614088c3f83	Presentation Engine	5.5 التحرير والتعديل المتقدم	4037
F-003332	- تعديل أي شريحة بعد الإنشاء بالكامل	567b0762c2fe6548a6f163185de9bbee449a0ed515c4f1964795a957db7c85fa	Presentation Engine	5.5 التحرير والتعديل المتقدم	4038
F-003333	- إضافة وحذف ودمج وتقسيم الشرائح	cdcd53697af44f56122af20e59f115bb59e870f2695725bd6c7276f94bbecf5c	Presentation Engine	5.5 التحرير والتعديل المتقدم	4039
F-003334	- التحكم في الطبقات والمحاذاة والمسافات والشفافية	e1d4d3cf669254ed2df2f760400b073923c1e3d2585aaf5a1e91f7956f48d190	Presentation Engine	5.5 التحرير والتعديل المتقدم	4040
F-003335	- التحكم في الحركات الانتقالية	b238e43087653a223cb3cc3628cd202c98a1fe69871d7c44a934089ce7a21882	Presentation Engine	5.5 التحرير والتعديل المتقدم	4041
F-003336	- تخصيص النصوص والخطوط والألوان والأيقونات والخلفيات	abd92c894e0529827b6d040d40d3ab376c2d52de09f7463548f5aaff705f55fb	Presentation Engine	5.5 التحرير والتعديل المتقدم	4042
F-003337	- شرائح مقفلة لحماية المعلومات الأساسية	6b8d7db0030c06458feed8ef6eaed4f80f893f2a249cf522ee7fa576721b57af	Presentation Engine	5.5 التحرير والتعديل المتقدم	4043
F-003338	- تحويل عرض إلى صفحة ويب تفاعلية	6ddb300f38de26b604e33d6e7b89aeef8cd603003def684254f917a6ab2816eb	Presentation Engine	5.5 التحرير والتعديل المتقدم	4044
F-003339	- تحويل البيانات بين صيغ مختلفة	984e153f8b8265fde5c0616f9fb68ed5807d9efa7ddefde0745ee48a876a357b	Presentation Engine	5.5 التحرير والتعديل المتقدم	4045
F-003340	- تحويل جميع الصيغ إلى تمثيل موحد	66aef28a7feb8de78254f938f7fd4ee9f58b3ee3150f4cea478fbaf773ce44f6	Presentation Engine	5.5 التحرير والتعديل المتقدم	4046
F-003341	- التحرير والتعديل المتقدم للعناصر في العرض	de797106c3304fa8f6feb85bba1c97ce776bdb98ebbd97a25be18375505f1212	Presentation Engine	5.5 التحرير والتعديل المتقدم	4047
F-003342	- تخصيص النصوص والتصميم.	7c0a11e3c9272e5866b43a3c4deac5c4b49c8c14d51f7b47a0f533d1bbcc0875	Presentation Engine	5.5 التحرير والتعديل المتقدم	4048
F-003343	- تعديل كل عنصر يدويًا.	9f0904f025409ad057b0bb12a482f531480481197012c7f8acc4d727ea17309e	Presentation Engine	5.5 التحرير والتعديل المتقدم	4049
F-003344	- تحرير النصوص والعناوين والرسوم واستبدال البيانات وإعادة ترتيب الشرائح وإضافة شرائح جديدة.	fa8a8bbcbc20dc0ffaa11657c33e27ef6e23b9b9c967c881d6dd44b82b7574c0	Presentation Engine	5.5 التحرير والتعديل المتقدم	4050
F-003345	- التحكم بعدد الشرائح (8-12 افتراضيًا)	b4b6a277333da1bd71d6673d5065d59f0075e376e31bea1b9688cfd9fac552f2	Presentation Engine	5.5 التحرير والتعديل المتقدم	4051
F-003346	- وضع HTML: شرائح قابلة للتعديل والتحرير	074b3e9f9c0f5edeb7ba1d91d9ccfd3fe020e41cf11589d2fa573fd3dac7c460	Presentation Engine	5.5 التحرير والتعديل المتقدم	4052
F-003347	- وضع Nano Banana Pro: شرائح صور بجودة استوديو	eff4ac5da19fb5dd48b18cdcaec44110dd500d1bfea6309e7234e31a0eaf0d8f	Presentation Engine	5.5 التحرير والتعديل المتقدم	4053
F-003348	- إعادة ترتيب الشرائح تلقائياً	99d14222a40c42e4fc63ad574973171bbfdd0f73cde49d94276411ffaf28414b	Presentation Engine	5.5 التحرير والتعديل المتقدم	4054
F-003349	- التعديل الكامل بعد الإنشاء	7593a2bcfe23f4d31012bb05ccafd22fb97bd6c10eef4a09eea98c31444f3e29	Presentation Engine	5.5 التحرير والتعديل المتقدم	4055
F-003350	- التحرير والتعديل المتقدم	fc6ef1e7c2a8e75bd59069dac11ee3d0b9baacc70f692ad513297620b7ef283f	Presentation Engine	5.5 التحرير والتعديل المتقدم	4056
F-003351	- إدراج أيقونات ورسومات توضيحية	3b998d8b87d87b843e40a68c27caebacd67640c71f332d9c883b389f2cec4100	Presentation Engine	5.5 التحرير والتعديل المتقدم	4057
F-003352	- تخصيص كامل للألوان والتخطيط	19e506ddb7cf9547ff943cffad40580546fc13ec860584ba794eadbb44c0379b	Presentation Engine	5.5 التحرير والتعديل المتقدم	4058
F-003353	- إدراج إحصائيات ونسب مئوية بشكل بصري جذاب	a073b47715025628ecdae24bac675814deb4745cff18627045a8c479c41f9351	Presentation Engine	5.5 التحرير والتعديل المتقدم	4059
F-003354	- إرفاق ملفات متعددة مع معاينة وتنزيل	e14a84601133756286c19c63ef179651aa3aae3e23a562c0b568caee5b703537	Presentation Engine	5.5 التحرير والتعديل المتقدم	4060
F-003355	- التحرير والتعديل المتقدم للعروض	47048799533505280581f388981d1c510bc16b226748329b926aff919fb0215d	Presentation Engine	5.5 التحرير والتعديل المتقدم	4061
F-003356	- إنشاء وتحرير الملفات مباشرة في المحادثات	13a68e11fd239e927fb23e381c85af43b7751322c5c27bcb1e7e9592319468e4	Presentation Engine	5.5 التحرير والتعديل المتقدم	4062
F-003357	- التراجع والإعادة عن الإجراءات الأخيرة	408b8e5944aed42762d1b095a384d1719f9654fddb07a1b5dbaed43dcd15c691	Presentation Engine	5.5 التحرير والتعديل المتقدم	4063
F-003358	- القدرة على تحرير المسودة التي تم إنشاؤها لتلبية الاحتياجات بشكل أفضل	37c8d1b32d1232ee2026b24f1a5344de6587773c1dc48489c8e2cda27b9c59af	Presentation Engine	5.5 التحرير والتعديل المتقدم	4064
F-003359	- الملء التلقائي للقوالب بمحتوى ذي صلة ومتوافق مع العلامة التجارية	f8e769cb58b0d491925adddac7bf69b2b3e9aa6d8e4cdf1a3288668262664fc5	Presentation Engine	5.5 التحرير والتعديل المتقدم	4065
F-003360	- تضمين المخططات والمرفقات والمصادر الحية	394ef30fa8c0d1e1513a698d59b5f8b9b16990246f6cc5585aa9677bba4250e7	Presentation Engine	5.5 التحرير والتعديل المتقدم	4066
F-003361	- تضمين لوحات المعلومات في أي مكان	535fdfee905d84c5bf5cce076c29492f898cf483974f7a591093709426012f0f	Presentation Engine	5.5 التحرير والتعديل المتقدم	4067
F-003362	- تعديل النص ببضع نقرات فقط	9bd08674921c354842821d0f943b767b3dcf2e57edf881e85041d9f091721e93	Presentation Engine	5.5 التحرير والتعديل المتقدم	4068
F-003363	- تعديل النص لتحقيق الرسمية والنبرة والطول المناسب	51e7c64820a86be488d053665a76c0697ac49b33016fe3ec8dbfd6c8151fafd1	Presentation Engine	5.5 التحرير والتعديل المتقدم	4069
F-003364	- تعديل وتخصيص التخطيط والنص والعناصر المرئية	5e97c334f241d8fa7840b58bf4f0145515797a7279a7de2b85eae378d018ad67	Presentation Engine	5.5 التحرير والتعديل المتقدم	4070
F-003365	- واجهة بدون كود وتصورات تفاعلية	3caf091378ea40fd8c535226df941dc29128145983a106d374c330b716d75290	Presentation Engine	5.5 التحرير والتعديل المتقدم	4071
F-003366	- إنشاء وتحويل المحتوى في Confluence و Jira و Jira Service Management	771d090442fb90e714066fda02f5bb593591c11ff8585b82f193b670d8920917	Presentation Engine	5.5 التحرير والتعديل المتقدم	4072
F-003367	- تحديث النص ديناميكيًا بناءً على معايير أو حسابات محددة	feb9d7704e37b9ed5fe0564f7d7b1e4ca12a2ccff99e1a9d5e06e6ac96191290	Presentation Engine	5.5 التحرير والتعديل المتقدم	4073
F-003368	- تخصيص المحتوى للحملات التسويقية	bd0eefcf72ede4c911a820d833e12089b01c6285fd933a512a1a7425bf77e27e	Presentation Engine	5.5 التحرير والتعديل المتقدم	4074
F-003369	- تخصيص المحتوى ليناسب شرائح مختلفة من الجمهور	c3b0cc44e83657f453853fd77f2f5eadb267b8f32abc9eb76ee917833a7beb42	Presentation Engine	5.5 التحرير والتعديل المتقدم	4075
F-003370	- تخصيص رسومات المخططات التفاعلية	b749e803b76d264184150bffe72b96dca9fb3a5b54bea2f3f0c096a0d9974654	Presentation Engine	5.5 التحرير والتعديل المتقدم	4076
F-003371	- تحسين المحتوى لمحركات البحث (SEO)	0f478466d72f442774cc78617fdc0cbb32567787141b7b73ad7f7d8e243e0cd4	Presentation Engine	5.5 التحرير والتعديل المتقدم	4077
F-003372	- تحسين المحتوى ليحتل مرتبة أعلى في نتائج البحث	689cb5bed0314efad2b4e68b0c568568f2d58ca14a554b9671c31c99ad5e7b41	Presentation Engine	5.5 التحرير والتعديل المتقدم	4078
F-003373	- تحسين المحتوى وإضافة الوضوح والحفاظ على العلامة التجارية	248c3ae285c6f3711ad101ab82418e42226f024872ea0d0c8b359961b93dbcaf	Presentation Engine	5.5 التحرير والتعديل المتقدم	4079
F-003374	- تحسين وتعديل نبرة الكتابة (رسمية، ودية)	d698f34bae482472ba05f7a76c9bfc044a2792a4ed620190854c03dc9320dae9	Presentation Engine	5.5 التحرير والتعديل المتقدم	4080
F-003375	- تحسين وضوح المحتوى وإعادة كتابته وترجمته	579eba910365fc7607073d66dc05fd70a54957bdd4fc7e5656153d58ed773160	Presentation Engine	5.5 التحرير والتعديل المتقدم	4081
F-003376	- تعديل نبرة التقرير	5fc674c835e2086aadc1ee3f5ec0312a7c2e3bba84deb2fc73b10466ab319d4d	Presentation Engine	5.5 التحرير والتعديل المتقدم	4082
F-003377	- تعريف المصطلحات في Confluence	b91bc5f7268361e57f2baf319dd2eb853a0be682689b6d108481c934a7b35489	Presentation Engine	5.5 التحرير والتعديل المتقدم	4083
F-003378	- شرائح ذكية (مخطط جانت، مقياس حرارة، رقم كبير، لوحة معلومات، إلخ)	246d639f803b75d3fea5281c74e0dfc35b7844a1f16190751b4e50e54bdf8005	Presentation Engine	5.5 التحرير والتعديل المتقدم	4084
F-003379	- ضبط نبرة الكتابة تلقائيًا لتناسب الجمهور المستهدف	280668da9900d852f92885285ab33316c1a3bcb95e863de724257c1cc74eb828	Presentation Engine	5.5 التحرير والتعديل المتقدم	4085
F-003380	- فرض هوية العلامة التجارية في التقارير والعروض	9a4db9b1b6532d5b29d67d11a54041687d1c1e5a06c94524d6cec82963a5df85	Presentation Engine	5.5 التحرير والتعديل المتقدم	4086
F-003381	- مخرجات متوافقة مع هوية العلامة التجارية	fe91f4346bbba66efebcbfbcaa9892f0841ca86e771981e26da9c3528eb11e75	Presentation Engine	5.5 التحرير والتعديل المتقدم	4087
F-003382	- واجهة محادثة مخصصة للمسوقين	944aa0ae53818421b6865e411420d2be0e05320f7ee779a2a9a1df3ceef5979a	Presentation Engine	5.5 التحرير والتعديل المتقدم	4088
F-003383	- إنشاء محتوى مباشرة داخل الأعمدة (AI Column)	e438047b7fd387f80c38508478e2c746096d0fe92bf3a2acd60e8f839f674055	Presentation Engine	5.5 التحرير والتعديل المتقدم	4089
F-003384	- تعديل أي شريحة	c50387bc44f7105ddf01dcdcc716a1c1cc94ce8b932f3aa32e4e48e6c4f445ec	Presentation Engine	5.5 التحرير والتعديل المتقدم	4090
F-003385	- إضافة شريحة جديدة	71d1fe9671383aaacdee9b90009a17236709c35d177f0afe595cc48b6e0f70c8	Presentation Engine	5.5 التحرير والتعديل المتقدم	4091
F-003386	- حذف شريحة	cfab432670b0dbb554e6acb746e20d94d9fa9c34f1ef494c19d76b449789b293	Presentation Engine	5.5 التحرير والتعديل المتقدم	4092
F-003387	- إعادة ترتيب الشرائح	ef6af925c58da6e2f8bc1c4a832c1542116e032451283c0f6efde1d5fa6df9bd	Presentation Engine	5.5 التحرير والتعديل المتقدم	4093
F-003388	- تحويل مستند ممسوح ضوئياً إلى نسخة نصية منظمة	1d59a333e260ced52a151fd87c1be54378cffcd23e2bb5d3420e6295f386d259	Presentation Engine	5.5 التحرير والتعديل المتقدم	4094
F-003389	- تحويل مستند إلى قالب قابل لإعادة الاستخدام	7eb0850a1f5ab9e80a294b5e14cd787c4c483634ff619f5e09e0803bcd798349	Presentation Engine	5.5 التحرير والتعديل المتقدم	4095
F-003390	- اختيار أفضل نسخة	ade4c4e1769d506e25401b9296cf92272fbc1dd342c1bb043068ad06dcc27319	Presentation Engine	5.5 التحرير والتعديل المتقدم	4096
F-003391	- دعم Widgets قابلة لإعادة الاستخدام	1dc4b3a1e63de6c09f224ea35457b4f4a267319b724acd5b2c7c7515d75500b0	Presentation Engine	5.5 التحرير والتعديل المتقدم	4097
F-003392	- دعم مجموعات الأيقونات	5faab6a3ca5fff9e6c027ed77c169ed83af4bfbbf546a30412619fbc1aa95642	Presentation Engine	5.5 التحرير والتعديل المتقدم	4098
F-003393	- دعم أصول الصور	52260896240da62c7e95dba49daaf07ee0b75d69c5ece01664ec91e3c48df6b8	Presentation Engine	5.5 التحرير والتعديل المتقدم	4099
F-003394	- دعم مقتطفات المعادلات	bf31247a902d0e745e4214396b9d75f21b00bd7bd0d9fb4ca939582ca72b58f9	Presentation Engine	5.5 التحرير والتعديل المتقدم	4100
F-003395	- دعم نماذج البيانات	8a26d5dfdfd3dc301a736de2d7e7bd19d74fb6505c81dbc0d1c4e5f9bfd898b0	Presentation Engine	5.5 التحرير والتعديل المتقدم	4101
F-003396	- دعم تعريفات المقاييس الدلالية	46a6997ae71e60b13be9505e939ec0650b16d4e7d0c6705df54f569811087fd5	Presentation Engine	5.5 التحرير والتعديل المتقدم	4102
F-003397	- إعادة استخدام الأصول عبر الوحدات	a4de44a0191257f7ec5f36fce6146286226ddba5ae3ea811e7736f1cc1073eda	Presentation Engine	5.5 التحرير والتعديل المتقدم	4103
F-003398	- السحب والإفلات التلقائي للصور في القوالب	9117db0b881aab433bddbe02dcdf8bb3546be683da8d0ab1a661addf445f4edc	Presentation Engine	5.5 التحرير والتعديل المتقدم	4104
F-003399	- صياغة نسخة حكومية رسمية من البرومت	e88ae5c5f70d478cad3d129a21bbd1ca20e2cb0410a1704818633461009be0a3	Presentation Engine	5.5 التحرير والتعديل المتقدم	4105
F-003400	- صياغة نسخة موجهة لفريق هندسي داخلي	5564772bdcff24f89b64049194c965452065f5094612c2c5ab75964bb75c8118	Presentation Engine	5.5 التحرير والتعديل المتقدم	4106
F-003401	- نسخة معمارية مغلقة	d5e959cb0f327c1c40475ec5ab83a5746f2d221a855c86964bbe6862e7849a88	Presentation Engine	5.5 التحرير والتعديل المتقدم	4107
F-003402	- نسخة “Government Compliance Architecture Freeze”	bc9c1acded10e11349cc61a5043aad0a521421db89d591cddf4133e05cbaee40	Presentation Engine	5.5 التحرير والتعديل المتقدم	4108
F-003403	- نسخة “Investor Technical Due Diligence Mode”	a4db35af992c73461e6fed0bae76be77eef7ff39d197419fb15e103382f997fc	Presentation Engine	5.5 التحرير والتعديل المتقدم	4109
F-003404	- نسخة “Lean Kernel v0.9”	708c3a71d85a4a7f5e9a8289102a5dc3e9eb5659c63781e7bd58eee67ee43bb9	Presentation Engine	5.5 التحرير والتعديل المتقدم	4110
F-003405	- Reusable notification templates with status workflow	13bef30553c6505ca89a159b53c1aaf162740ea95eb550937adf13e41dfeb5a7	Presentation Engine	5.5 التحرير والتعديل المتقدم	4111
F-003406	- حفظ النتائج على دفعات (Batching)	3acb234269857fd8f3afbc17690d246976b816855071fccc278f1fc3451f939d	Presentation Engine	5.5 التحرير والتعديل المتقدم	4112
F-003407	- عناصر جاهزة قابلة للتخصيص	578cc5484489ab720e56bcc6bf65c0ad8b7d901d3c3ffe93aaeeccad8e78fa24	Presentation Engine	5.5 التحرير والتعديل المتقدم	4113
F-003408	- تسميته	24abd30763e8663927c661d822a6c75a48cbd5411e0705f3558c207529db6fac	Presentation Engine	5.5 التحرير والتعديل المتقدم	4114
F-003409	- استخدامه مع بيانات جديدة	a3a7ed067c0febff0fef51a24ed2f1a508a7b5929155054208a8685244638f5f	Presentation Engine	5.5 التحرير والتعديل المتقدم	4115
F-003410	- كل شيء قابل لإعادة الاستخدام	4ed9e2607774462ecc7734796b0bf39f7759117db3c68df01d8dabb98953290c	Presentation Engine	5.5 التحرير والتعديل المتقدم	4116
F-003411	- التحرير والتعديل بعد الإنشاء	b8dff64c85b674687c89997a58f2a643d90faa8817316ac3f72964e42b6306cf	Presentation Engine	5.5 التحرير والتعديل المتقدم	4117
F-003412	- كل مخرجات قابلة للتحرير الكامل بعد الإنشاء	611f37193014f7561fe660e0cb0b15fd9fb48ab117f8e78160fdb8023bee3fff	Presentation Engine	5.5 التحرير والتعديل المتقدم	4118
F-003413	- تغيير العناوين	c90182285c0f932f121d59b8e5f3c4d512417932829fb52caace62d6cdcff6cb	Presentation Engine	5.5 التحرير والتعديل المتقدم	4119
F-003414	- التعديل بعد الإصدار (Post-Generation Editing Framework)	f0636aead13c5b0446303d0ef96d161d59fb4ba346b2c0a06ed6a7965c585b14	Presentation Engine	5.5 التحرير والتعديل المتقدم	4120
F-003415	- إعادة إنشاء قابلة للتحرير	0e9da9552530ca991e900001457051950214e806b17bfdd5cdd27ef29de2e7a3	Presentation Engine	5.5 التحرير والتعديل المتقدم	4121
F-003416	- قابلة لإعادة الفتح	403d5e2927b50fed6b5184e9f0f9270f10be4023b875a77d94729e485d90ac21	Presentation Engine	5.5 التحرير والتعديل المتقدم	4122
F-003417	- توسيع النصوص	cab4dd1b612f73554ee8f32f026582366183a8a49b98e3aeac4fa6a59f4a9124	Presentation Engine	5.5 التحرير والتعديل المتقدم	4123
F-003418	- التحرير القائم على الويدجت	f49623d7b5bc5a05404306793043aa375bd126d1aca8075dbb943e6e4c4484a4	Presentation Engine	5.5 التحرير والتعديل المتقدم	4124
F-003419	- تعديل النتائج عند طلب المستخدم	7ac856b01068fa7d9586be6b151c8765c926aa9926457fd4c18f440b8586af83	Presentation Engine	5.5 التحرير والتعديل المتقدم	4125
F-003420	- تعديلها	8f4ed8952cc6ed65df0e0ec7c36155323a32939801f71b1c96a03a7dae25fb33	Presentation Engine	5.5 التحرير والتعديل المتقدم	4126
F-003421	- تعديل البيانات قبل الإصدار	79bda5610c060813f5c71ea503242f0ef7f09e29de06ba07a08aa5915735ffc6	Presentation Engine	5.5 التحرير والتعديل المتقدم	4127
F-003422	- استبدال البيانات بمحتواك	66d30875240db4d7a5dcb72dd65ad2447528c8531e894ea11e7098d3287f8de6	Presentation Engine	5.5 التحرير والتعديل المتقدم	4128
F-003423	- تخصيص النصوص	f2122ed10dcf7bb8fffd042c01e84f47f4246dbae627556cda940c1e92c82454	Presentation Engine	5.5 التحرير والتعديل المتقدم	4129
F-003424	- تعديل كل عنصر يدويًا	204778bffdf1da8d6a02d12a35f1ea5c4f544754846775499cf5c3842234d6b3	Presentation Engine	5.5 التحرير والتعديل المتقدم	4130
F-003425	- التحكم الكامل بعد الإنشاء	bd92514c16e3c24598eb47108c7ece1d92a4147a0167d7630046602ec0e60b1a	Presentation Engine	5.5 التحرير والتعديل المتقدم	4131
F-003426	- الإنشاء التلقائي لا يلغي التحرير	26ed45f0fcc707e70e1b6cd3e6bfb9b3ebe907d61872e77abbc5f35092e1e28a	Presentation Engine	5.5 التحرير والتعديل المتقدم	4132
F-003427	- تعديل صياغة الملخص	36afacc75289a034617fc672aee476e14f4dc4ffb7a131753344f376190e372f	Presentation Engine	5.5 التحرير والتعديل المتقدم	4133
F-003428	- تعديل رؤوس الأقسام	8dfa48ddd1fd11e178f5d3ed612f26fe7e6564ef3f7033a865956eef9d5547cd	Presentation Engine	5.5 التحرير والتعديل المتقدم	4134
F-003429	- حذف أي عنصر	a995afebed98dae9e75396dbcfa07b5c4c248185b23013136c28c675b80b8f07	Presentation Engine	5.5 التحرير والتعديل المتقدم	4135
F-003430	- تغيير حجم العنصر	517bab81d97e44b09e6b9ce007d4ff9443942e49c104a746f78bda3140a83e08	Presentation Engine	5.5 التحرير والتعديل المتقدم	4136
F-003431	- تغيير موضعه	2b90e9a07af052354bac4c37d04dec988f02ae637ee22cdaf21342123778ce45	Presentation Engine	5.5 التحرير والتعديل المتقدم	4137
F-003432	- إعادة تحجيم مباشر	d744fe517dcbae501924ebbf47515ac4ea31b6ba78cd9eeb237f8f12b339c0dd	Presentation Engine	5.5 التحرير والتعديل المتقدم	4138
F-003433	- لا يوجد “إغلاق نهائي”	f0762129bd24072d32e2813fddc611298cc136193867f8d55f1ae28b0410a06c	Presentation Engine	5.5 التحرير والتعديل المتقدم	4139
F-003434	- مع إمكانية تعديل كل تحويل يدويًا	0eb209112b9004d0d2917dd8f1087aab6426d28ac22239261134ecaf47dcd3b3	Presentation Engine	5.5 التحرير والتعديل المتقدم	4140
F-003435	- لا إغلاق نهائي لأي مخرجات	c5cd30308e8e9b8b711c430b04754680c6b13737d0e226cd605e5c52d7f385c5	Presentation Engine	5.5 التحرير والتعديل المتقدم	4141
F-003436	- التحسين والصقل	45229ff66e4ddd506075d114f49e1a1e528c456be7a4b9526bed00cf86eb74d4	Presentation Engine	5.5 التحرير والتعديل المتقدم	4142
F-003437	- تحديث الموقع فورياً عند تعديل المحتوى	b472b57631a0426b15b6322942c00b867cc60ce82f952b5be49908ae23f23cc5	Presentation Engine	5.5 التحرير والتعديل المتقدم	4143
F-003438	- التعديل أثناء العرض	c7bf3fbc47f4a15844ab09262b473fe6fd2b708baaafecd1917b97e66d574fb9	Presentation Engine	5.5 التحرير والتعديل المتقدم	4144
F-003439	- تعديل المخطط قبل التنفيذ	72aef24b3599f24b70dab8c1ce2c4c55136047de1078b517f75463f828cbe00a	Presentation Engine	5.5 التحرير والتعديل المتقدم	4145
F-003440	- مكونات إضافية لمتصفح Chrome	2c55ded3c0701c1943419f6d0c12298aa0bd43d556bf62e7ab82c98c4c3e8293	Presentation Engine	5.5 التحرير والتعديل المتقدم	4146
F-003441	- إضافة صفحة ملخص	ffc5b999dc29d7fa09927411fc8401cfff44eea061bca890f4ce4bb1584cb472	Presentation Engine	5.5 التحرير والتعديل المتقدم	4147
F-003442	- إضافة عنصر جديد	103fa10e419ba4b024ff6b558936328ba27606be39c608360a0193990abb5546	Presentation Engine	5.5 التحرير والتعديل المتقدم	4148
F-003443	- كتابة محتوى الشرائح تلقائيًا بالذكاء الاصطناعي	e3a2d34f1ccb66ab0e61cc29746dfa64d1801f02629674bdc4764974a3a3ca74	Presentation Engine	5.5 التحرير والتعديل المتقدم	4149
F-003444	- إنشاء عروض تقديمية ذكية	5cb5cb5f18f024f9c2920b76d14e949769f2644b71e27078fd26ac8d2264e165	Presentation Engine	5.5 التحرير والتعديل المتقدم	4150
F-003445	- إضافة الحركة والرسوم المتحركة إلى الشرائح	a8f207988be236f59e8f4de2ac532b3e049fab97a8c2e92232d45471e9ae604a	Presentation Engine	5.6 الحركة والتفاعل	4156
F-003446	- انتقالات سينمائية تلقائية بين الشرائح	8048a99c1fcba6d8f4d8586f1a9304d9b56d7e324b9adbfb7a44f1a1151e9c92	Presentation Engine	5.6 الحركة والتفاعل	4157
F-003447	- تصميم عناصر تفاعلية: قوائم قابلة للنقر وسيناريوهات متفرعة	1283da9ba4659f698fd91378c0f7ef56f1759a028d52a6d88f4be686a2351fb2	Presentation Engine	5.6 الحركة والتفاعل	4158
F-003448	- إنشاء تجارب تفاعلية: ألعاب مصغرة وآلات حاسبة	b0c8e889de3f87c5e3559fe925c185be135d253e6573d7d08b76246bff5e7eb6	Presentation Engine	5.6 الحركة والتفاعل	4159
F-003449	- عروض غير خطية قابلة للتقريب والتكبير	fb6a6c8c62906d920cccc4e85799b6125cdb97bd6fc77d63fb330abb4210d348	Presentation Engine	5.6 الحركة والتفاعل	4160
F-003450	- إضافة اختبارات واستطلاعات رأي تفاعلية	996859d5f79474d6ad261750ff010440d4ebffdb67a5f15bd15c898f2b988b70	Presentation Engine	5.6 الحركة والتفاعل	4161
F-003451	- إنشاء أسئلة مفتوحة أو متعددة الخيارات	54ff8b635be1b682bcb8ed006a9e08828e61f1cb60f50e2505b81175ec635588	Presentation Engine	5.6 الحركة والتفاعل	4162
F-003452	- إظهار النتائج بشكل مباشر على شاشة العرض	3f609a13e4c43476e739d6597c3f155036ea6daebbe8503c2c82d9ddafeecb44	Presentation Engine	5.6 الحركة والتفاعل	4163
F-003453	- تضمين التطبيقات وصفحات الويب داخل العروض	16469c4ad377555142ef41c551482dd65da045170dec5ca61eb8c8999fa62a0a	Presentation Engine	5.6 الحركة والتفاعل	4164
F-003454	- تضمين مقاطع الفيديو والصوت	1fea76080dbf152362827201f3726702cc98686db2b7d966f02daeef00f53658	Presentation Engine	5.6 الحركة والتفاعل	4165
F-003455	- التفاعل مع المحتوى المضمن أثناء العرض	bee8cd5ad8982ac719896207f5f902b5239593dd20a04e477e4a54b8d87d0475	Presentation Engine	5.6 الحركة والتفاعل	4166
F-003456	- التقاط صور كاملة للصفحات (Full-Page Screenshot) بشكل إلزامي لكل صفحة	2a379bddc92a4ec240e09f6791fe142f56935c69eb6090d95091d1ece0fa41b9	Presentation Engine	5.6 الحركة والتفاعل	4167
F-003457	- تحكم كامل في الحركات الانتقالية ومستوى التفصيل لكل شريحة.	c0c7c0be9f5cb0b464b5fc91c6269153f618d2192c3fb3b341f62c19dd6d2742	Presentation Engine	5.6 الحركة والتفاعل	4168
F-003458	- تحكم كامل بعد الإنشاء في العرض التقديمي.	14d18d7cb6d81718f6144fff83662ba8d0db41d14e19779f7d52e2363d02bf71	Presentation Engine	5.6 الحركة والتفاعل	4169
F-003459	- شرائح ذكية للمحتوى الديناميكي (مخططات شريطية، مخططات فن، رسوم توضيحية)	6a2737e4ea65ad355003d332a1eff6a59b3c1d13a8a79644e0b7b13baae88a46	Presentation Engine	5.6 الحركة والتفاعل	4170
F-003460	- عروض تقديمية غير خطية قابلة للتقريب والتكبير	feb06959a87f584ff4ef144dc5ba53d04951ad7bcf248df9c8adc216db13e450	Presentation Engine	5.6 الحركة والتفاعل	4171
F-003461	- اقتراح animation	0c9d7b5db452776ef0b947e8cadf1d020f354ad58e1d006034e7742079226b7f	Presentation Engine	5.6 الحركة والتفاعل	4172
F-003462	- الحركة والتفاعل	afba937532fc8221ee32611d0a96cc372ec5aa331b4525b7f8f5197038e7c346	Presentation Engine	5.6 الحركة والتفاعل	4173
F-003463	- إدراج رسوم بيانية تفاعلية في الشرائح	5a26cd189a81c63e40d26e607c0313531b85b67c91152fe66354aa45f8767962	Presentation Engine	5.6 الحركة والتفاعل	4174
F-003464	- تأثيرات انتقالية بين الشرائح	be60e8f1b6d01537de4111ef7f084c2bde9578a040631f6a6cfeffdb0993e9d7	Presentation Engine	5.6 الحركة والتفاعل	4175
F-003465	- دعم الرسوم المتحركة على العناصر	fa3be5e606ff4e25d921e690a288efa179c4db49c1b41ce6185efecbe643fbd5	Presentation Engine	5.6 الحركة والتفاعل	4176
F-003466	- الحصول على تدفقات عمل موجهة.	adc9d86347133bde8479f6ec6d18d89617fb3ae93423c8e6d782c18bb6b90605	Presentation Engine	5.6 الحركة والتفاعل	4177
F-003467	- الحركة والتفاعل في العروض	8165f26a6b08f0e4bc8ec60413651648bdc86d3ffac6814e8a770d51a10c1a47	Presentation Engine	5.6 الحركة والتفاعل	4178
F-003468	- إضفاء الحيوية على لوحات المعلومات الخاصة بك من خلال ملخصات ديناميكية باللغة العادية للمخططات والأدوات	547ef8b26e220e37636e6bcc61a64819ca256b0f7774c1c24487e6cb974c811f	Presentation Engine	5.6 الحركة والتفاعل	4179
F-003469	- إبراز النقاط الرئيسية تلقائيًا	d2cc6b9227d08a9b926547320c56838265f295bbac1a4f69c9e0a2b5369a562b	Presentation Engine	5.6 الحركة والتفاعل	4180
F-003470	- تسريع عمليات البناء باستخدام محررات كود الذكاء الاصطناعي مثل Cursor	a12a947b4c98ee98691d539f57584dd94f32beab78882199e614438c59ff8872	Presentation Engine	5.6 الحركة والتفاعل	4181
F-003471	- استخدام أي ذكاء اصطناعي متوافق مع MCP للاستعلام عن مقاييس عملك مباشرة	551a62a57d1f31821e1faeca40b6328edcd8c6d7725879a7c7c1ba51ff3828cd	Presentation Engine	5.6 الحركة والتفاعل	4182
F-003472	- الحصول على إجابات دون مغادرة المنصة	9f22060af4d55e2d24c6e0a50bb3cd503f5127eaea48fcbf2c40e7331b710e26	Presentation Engine	5.6 الحركة والتفاعل	4183
F-003473	- الحصول على تحليلات محادثة تفهم سياق عملك بالفعل	ef33a36418ccbf6b01d2802c7e7c0b998a96daec2f3d34cd77dcef1d6c790826	Presentation Engine	5.6 الحركة والتفاعل	4184
F-003474	- الحصول على كلا من الراحة والمرونة	e535cde4613e0e4945581686c0a6e812cd35f259903d507c2a81c0b2905c384d	Presentation Engine	5.6 الحركة والتفاعل	4185
F-003475	- إزالة الاحتكاك بين امتلاك البيانات واتخاذ القرارات	c24998f7fadcee8c1ffd327dac5dfd640e87b125454d3f322e9814c2ff7e681e	Presentation Engine	5.6 الحركة والتفاعل	4186
F-003476	- مساعدة النظام بنشاط على تحسين الأداء وتتبعه	fd633af47267602e3b71dce1294dc467759a373504f85b502a46010efd6e15fb	Presentation Engine	5.6 الحركة والتفاعل	4187
F-003477	- تبسيط سير العمل	89ea8558a27f03fb6311e7d950ea09f7fdf1b3b41a4d213e17dfa4751df33238	Presentation Engine	5.6 الحركة والتفاعل	4188
F-003478	- استجابة تلقائية لشاشات الجوال	3d2128a9046dfaf1c602418227b5bc346f00fb67c5f41fd37b357adcbe6edb1f	Presentation Engine	5.6 الحركة والتفاعل	4189
F-003479	- تحويل جداول البيانات إلى شرائح متحركة	20ef5f5c6bee0ca59a434d4033beef1a2217198f5ac3ff60535ad5d75ca82cee	Presentation Engine	5.6 الحركة والتفاعل	4190
F-003480	- مكتبة كاملة من شرائح البيانات	32b846332f16f07692c9cd7b9274d59265393692bc70176ce1d1f54b121ff3e8	Presentation Engine	5.6 الحركة والتفاعل	4191
F-003481	- تصميم عناصر تفاعلية (قوائم قابلة للنقر، سيناريوهات متفرعة)	8272179e895a7d62c48df674935a2d4f51fa39ca0a8db06aa3acd01648dc28ce	Presentation Engine	5.6 الحركة والتفاعل	4192
F-003482	- إضافة انتقالات سينمائية واحترافية بين الشرائح	aad1dee5c6284b2dd09306939b09c88d68e3590bb247ef3418c14fbdb75dff5b	Presentation Engine	5.6 الحركة والتفاعل	4193
F-003483	- التحكم في الحركات الانتقالية بين الشرائح	bf2d98551a81f47659c4ae932c05881615a294c141aa3bf66cb4c7a35c067ab1	Presentation Engine	5.6 الحركة والتفاعل	4194
F-003484	- التحكم في مستوى التفصيل لكل شريحة	200a0e7254a46d8a0bf2c9277ed1f9d926bf92138fc98c2c8577de299f438232	Presentation Engine	5.6 الحركة والتفاعل	4195
F-003485	- محرك إعادة بناء الهيكل البصري للمستندات	a29e6a912745eb78c2631877985a728e85cf69838883083dec81009af42f833a	Presentation Engine	5.6 الحركة والتفاعل	4196
F-003486	- التحكم في مستوى تفاصيل العرض وجمهوره المستهدف	a762b168332dfd129f65da0e73dd5cff4dee3f391fa131af38835571e20cc7a2	Presentation Engine	5.6 الحركة والتفاعل	4197
F-003487	- مكتبة على مستوى المستأجر (Tenant-scoped)	03beceab1f454d18ffe0132fa21759e39b500eb00890046c1a15f76c4e38534e	Presentation Engine	5.6 الحركة والتفاعل	4198
F-003488	- مكتبة عالمية مشتركة	d9296f70a84737aea6c9247426cf4e2299bccebe3df4dde806fc6dec5265010e	Presentation Engine	5.6 الحركة والتفاعل	4199
F-003489	- Component Library موحّدة + templates موسعة	88947221d230789a266266bf58fc80bc479b8e1313d724a4be7f550fe823220a	Presentation Engine	5.6 الحركة والتفاعل	4200
F-003490	- نسخة مخصصة لـ Multi-Tenant SaaS	0368ea462f25099f1707122103dd3c0fb3d7b7943f5158cd4c1cd1e7668235d8	Presentation Engine	5.6 الحركة والتفاعل	4201
F-003491	- نسخة تدعم Auto-Discovery	2e89b5a8a3da844b64f1b5c08c1c3a400575396f7eb7c559703a9abdbcec2e3e	Presentation Engine	5.6 الحركة والتفاعل	4202
F-003492	- نسخة تدعم Agent Studio	332609a334ce915f0158237266c337a7e5750f79bfb92121e555fca3d2ed1d3c	Presentation Engine	5.6 الحركة والتفاعل	4203
F-003493	- Rasid Tool Kit = Core + Modules Library	c91bdb5947c7cef275c5c855f9f1372a77f439f10ab5f41d12563ff75ed619c7	Presentation Engine	5.6 الحركة والتفاعل	4204
F-003494	- مكتبة قوالب	0f6042938b730bfa664d6bf59485d08dbe722acb9a27d0a38c7d42d7c0b164ef	Presentation Engine	5.6 الحركة والتفاعل	4205
F-003495	- إنشاء تجارب تفاعلية (ألعاب مصغرة، آلات حاسبة)	309bcbb91ba1e170e25c1bf930bfa8416465163a478e11389fc6b9d4446553c3	Presentation Engine	5.6 الحركة والتفاعل	4206
F-003496	- الذكاء الاصطناعي التفاعلي	5a683210b7c9aa875339cfb4385405df7ee24f265fd07b3314c3c9e6fdfcc512	Presentation Engine	5.6 الحركة والتفاعل	4207
F-003497	- إنشاء لوحات معلومات تفاعلية	74783e4375e12ad52a0f99efc521db58669447c9955a25851477d3539e010689	Presentation Engine	5.6 الحركة والتفاعل	4208
F-003498	- تحويل عرض إلى صفحة ويب تفاعلية	6ddb300f38de26b604e33d6e7b89aeef8cd603003def684254f917a6ab2816eb	Presentation Engine	5.6 الحركة والتفاعل	4209
F-003499	- توفير تقارير تفاعلية	562eab36ecb87ba38df77bb3ae431e4c1bae2a4c438c73f95a44af73bd363e60	Presentation Engine	5.6 الحركة والتفاعل	4210
F-003500	- إنشاء تفاعلات بين الرسوم	dd95832d64a348c8d5a83b4130596d9ac00e84d073a8b5112617527bc8fe38cd	Presentation Engine	5.6 الحركة والتفاعل	4211
F-003501	- تفاعل مباشر	da04a43d15565eae4b787424a7705b6c20f5d88d71a8067819989272b9e7461c	Presentation Engine	5.6 الحركة والتفاعل	4212
F-003502	- Real-time update capability	c84cb7e727081492aeccafc84b8ae853d131a90884213499f268157cda3e8e70	Presentation Engine	5.6 الحركة والتفاعل	4213
F-003503	- وضع العرض الكامل	15691e664a1a18114e28278aa14491fd217b18d0d6484381e1bf027dbe0af0b1	Presentation Engine	5.6 الحركة والتفاعل	4214
F-003504	- عناصر قابلة للطي (toggles)	82c84945b4647a677ccc79b4fc68bf721df9a4a385332f91c9b45f16919ed9b5	Presentation Engine	5.6 الحركة والتفاعل	4215
F-003505	- شريط التقدم	a1a8ff605b9d9b374bd016496f3500d6a50b6edb6ec48f57a2b481b7d194f36c	Presentation Engine	5.6 الحركة والتفاعل	4216
F-003506	- العرض في تبويب	c7180b4eeec846421bd20538133f10f4ca79db155f109f3bab5685f1ce3726c9	Presentation Engine	5.6 الحركة والتفاعل	4217
F-003507	- وضع التسليط (spotlight)	533c4234e08ce574d2c5e4d15b1ce1a402fd72a80031bea59983b2b57c9292fc	Presentation Engine	5.6 الحركة والتفاعل	4218
F-003508	- تحديد النص أثناء العرض	5a9c8318cae62175313e300eb5757019047f497e3ac47bb6920fa72ff10e3f1e	Presentation Engine	5.6 الحركة والتفاعل	4219
F-003509	- التفاعل مع البطاقات المتداخلة	640808f99b2e18b1a27b84f24b7aef3085cb64780ee5e73155fc0a37546130cf	Presentation Engine	5.6 الحركة والتفاعل	4220
F-003510	- بطاقات متداخلة (بطاقة داخل بطاقة)	ca5aa7eb661f4dd24dcddce0b57c88e7891a61006fd11d5f8e1795ac1c5395d2	Presentation Engine	5.6 الحركة والتفاعل	4221
F-003511	- أزرار تفاعلية	5176231f7ec72b87c8a7cd4920d8094c60492a9d1a3e83fbc54152723464538e	Presentation Engine	5.6 الحركة والتفاعل	4222
F-003512	- التنقل بالأسهم	a9d51f064fc2b17b1b49f6eb5630c517daf4a87dd4913a16da0b0bdd63ee04b1	Presentation Engine	5.6 الحركة والتفاعل	4223
F-003513	- مكتبة ضخمة من الصور ومقاطع الفيديو والأيقونات والخطوط	a20950493686c03177c92ebcfc03c9809c4c8a834d89490d53d27825352cfdee	Library Engine	5.7 مكتبة الوسائط	4229
F-003514	- استخدام صور حقيقية من مكتبات صور مجانية	cd00331a4ae10d0bdca03ad0356ac768d0364a2339b5b329b93701ef8b8e84a1	Library Engine	5.7 مكتبة الوسائط	4230
F-003515	- اختيار الأنماط المرئية عند إنشاء الصور	ce6b7d3a93348084d7bf53b180b58c864fc25c2144e9318076269855617867b7	Library Engine	5.7 مكتبة الوسائط	4231
F-003516	- إضافة مقاطع الفيديو والصوت إلى الشرائح	752b12a39eb4976eb4668ea0a39346bb47b8f038b4178867bf319ccd3ca47a58	Library Engine	5.7 مكتبة الوسائط	4232
F-003517	- مكتبة العروض وحفظ العروض كنماذج وإنشاء نسخ متعددة.	bec67dfe88a161c18a912dedaca07e21b26447f5ec8ca1ee4819758dcaf6623a	Library Engine	5.7 مكتبة الوسائط	4233
F-003518	- محاكاة عرض خارجي.	b246324c1ced87d3f8b198d854c5283b20a27b90cd8819e4cfd5fddbc1097a73	Library Engine	5.7 مكتبة الوسائط	4234
F-003519	- مكتبة الوسائط	ad57a81c3ce86880410c7d3d1cc7195bdd2703819916099a57246a5476f44127	Library Engine	5.7 مكتبة الوسائط	4235
F-003520	- إدراج صور وشعارات	d51f7b0d223fbc0386bd2e66bc43f2b716d5cf3405a1673cec0f335fd0368991	Library Engine	5.7 مكتبة الوسائط	4236
F-003521	- إدراج فيديو وصوت في الشرائح	0e64db0344b5eb38873e82f416a5587e1c89ee4cde6954526343ddb508a98447	Library Engine	5.7 مكتبة الوسائط	4237
F-003522	- صور متحركة gif (من giphy)	8f42bc8809ea535fb88a9e49a59cf160a33dfff521442228f4542cbedfa3427c	Library Engine	5.7 مكتبة الوسائط	4238
F-003523	- الاحتفاظ بسجل إصدارات مستقل لكل شريحة	ba8d0ddf18462c86fd63d19fc572de681534029aa8a6cf36d40643fb5e359af5	Library Engine	5.7 مكتبة الوسائط	4239
F-003524	- إنشاء تلقائي للمرئيات المعقدة من النصوص (مخططات زمنية، رسوم بيانية)	dbe6d9c96e4f877c49ee5517c560f82caa644c2a04a800659c9fc595ab0f6728	Library Engine	5.7 مكتبة الوسائط	4240
F-003525	- شرائح ذكية للمحتوى الديناميكي (مخططات شريطية، مخططات فن، رسوم توضيحية)	6a2737e4ea65ad355003d332a1eff6a59b3c1d13a8a79644e0b7b13baae88a46	Library Engine	5.7 مكتبة الوسائط	4241
F-003526	- تعديل المخطط التفصيلي للعرض التقديمي	6784bb8f8be605fed97ac3942173c83226910bff9b9b74da653658f5db025a56	Library Engine	5.7 مكتبة الوسائط	4242
F-003527	- عروض تقديمية غير خطية قابلة للتقريب والتكبير	feb06959a87f584ff4ef144dc5ba53d04951ad7bcf248df9c8adc216db13e450	Library Engine	5.7 مكتبة الوسائط	4243
F-003528	- مخطط استراتيجي	ee954cf64a36fe253e0ccc503445c07bb391a12e33568ec05bf271699facd4a5	Library Engine	5.7 مكتبة الوسائط	4244
F-003529	- رسوم خطية	c8c7141b4a5e6a3e304080dc623489132e5fe726790e848edf31b154b4cacc99	Library Engine	5.7 مكتبة الوسائط	4245
F-003530	- مخططات مقارنة	90850b23e6339b9a114373b6411b0fe544af9c33fbb26cd29395f8b04c671641	Library Engine	5.7 مكتبة الوسائط	4246
F-003531	- إنشاء تخطيط متوازن	327c25ada9528376827eae55730cbcf749e20771f7d94342f4ee40a8c36eb178	Library Engine	5.7 مكتبة الوسائط	4247
F-003532	- System Architecture Diagram	7f46b44b6be90607fe383975b46dcf1daedef9b470b30f12aa9797e44361aee2	Library Engine	5.7 مكتبة الوسائط	4248
F-003533	- Data Flow Diagram	04f11899749e05800fd325ca84d22625d06bb348fa93bcdd519cd4a2c7b5575a	Library Engine	5.7 مكتبة الوسائط	4249
F-003534	- إنشاء المخططات	7923c2b4134dd655668d4f4efa37cb1207f36809e4bd4f026638ccc58a07cbad	Library Engine	5.7 مكتبة الوسائط	4250
F-003535	- استخراج تخطيط العناصر	0187b1defc1c3952da42e9a714600cc9c9cb2b28dcff453dfcd909e8d6821b6a	Library Engine	5.7 مكتبة الوسائط	4251
F-003536	- High-Level Architecture Diagram	e233c22e722351147458afb55a2e79b201a9380b48464ccfdaaa8272fac98d0f	Library Engine	5.7 مكتبة الوسائط	4252
F-003537	- AI Model Architecture Diagram	29f1651b2576c4143e45b047f64b557dbaf8b5dfd45528388151c739fd17b67e	Library Engine	5.7 مكتبة الوسائط	4253
F-003538	- Deployment Architecture Diagram	eba43cdb7afdd8692a8925a2af767502e2626108baf32bd62699e8d2d59d8e88	Library Engine	5.7 مكتبة الوسائط	4254
F-003539	- جميع المخططات التفصيلية	cdc64926726e37c0985226833473d73e924b242c8122193d1eb30c1d9b92e3b2	Library Engine	5.7 مكتبة الوسائط	4255
F-003540	- جميع مخططات التوسع	c568c148b6834c36785d72424d982889f0b4e626f5aa8398bd16ffc59130f060	Library Engine	5.7 مكتبة الوسائط	4256
F-003541	- مخططات إثبات جديدة	88735308b291cb16842697ed5fcabc9b6ff1ff3d3e790f1e1f321178f06a14fa	Library Engine	5.7 مكتبة الوسائط	4257
F-003542	- إنشاء مخططات باستخدام Mermaid	25ff9cbd16323f122dbf370f6d511bde0820d4d684cdd8bc398970f45312bff5	Library Engine	5.7 مكتبة الوسائط	4258
F-003543	- قواعد منع التلوث عبر المراحل	91c4140f045c5c3859c121aed08d67d42a33e72f4caa866efbcc8f1fceeafe13	Library Engine	5.7 مكتبة الوسائط	4259
F-003544	- تفكيك المراحل الفرعية	8b8dac93b2e1a1fbb1a0edc45cd3aa9bcd1b8869af30260c50829e4d24a35ac8	Library Engine	5.7 مكتبة الوسائط	4260
F-003545	- حساب بصمة تخطيط للمستند	6e4b9a59651ff3c06842fea883632a78f0c2a66fa13b3c5db4ad3a811b767acd	Library Engine	5.7 مكتبة الوسائط	4261
F-003546	- إعادة إنتاج خطي مطابق	e81bc3925aed937e9bbb498808ec342472941fbd589f5b9feccb29ad418e4b94	Library Engine	5.7 مكتبة الوسائط	4262
F-003547	- عكس التخطيط يمين-يسار تلقائياً	93f8b38f7981f601b4285064635663048de603c21717eeba8325333a3fa4cf57	Library Engine	5.7 مكتبة الوسائط	4263
F-003548	- إعادة بناء المخططات البيانية	0479d59b6c4cd47f41a75bdd93065604c83fd95e9aa76a242c402814911e585a	Library Engine	5.7 مكتبة الوسائط	4264
F-003549	- اقتراح تخطيطات بديلة	3aada14843462492cad6ea10985c46ec066774cfbd2df3369d41b5826acd76a8	Library Engine	5.7 مكتبة الوسائط	4265
F-003550	- تطابق المخططات البيانية بكل محاورها وبياناتها وتسلسلها	79fff143cccbe22278c3baf0f3dc9b23be8458d782c904775c52330097bb0842	Library Engine	5.7 مكتبة الوسائط	4266
F-003551	- الحفاظ الكامل على الروابط الداخلية والبنية الهيكلية	8352fcc94e31d1448ea3f47f7c797b9e00b6abcd4465f330a162ee4f701afe7f	Library Engine	5.7 مكتبة الوسائط	4267
F-003552	- تطابق بصمة التخطيط الرقمية للمستند	a1d3163cbdb5719db6eceb01128cbc1b203fa5932a38e74e539eec5eed658c4d	Library Engine	5.7 مكتبة الوسائط	4268
F-003553	- الناتج يجب أن يكون مطابقاً هيكلياً وبصرياً ورياضياً	977dadf041fb1a7523419100ddb5789098807fe822f3b13bc1be25054b382473	Library Engine	5.7 مكتبة الوسائط	4269
F-003554	- تطابق 100% في التخطيط	4c63385d5a7b861a9a9710390a4f7828e32b2b243412114f7427ffd812993172	Library Engine	5.7 مكتبة الوسائط	4270
F-003555	- تطابق الهيكل الهرمي للعناوين	4a7391aedf9dba535d3f3aff1dce2f2b4e4efdc32acdafcfe82b9d6c920d2c11	Library Engine	5.7 مكتبة الوسائط	4271
F-003556	- مقارنة بصمة التخطيط	9e3323c06ae3c2d5fa43c5d2af3aab2a093d7733e561ef98fc5cbc9287ccf545	Library Engine	5.7 مكتبة الوسائط	4272
F-003557	- مقارنة هيكلية للعناصر	4292215dd92fe54187d15f5f1f68c4468a3dd49e8a3fb52bfb3b376cbb875f7f	Library Engine	5.7 مكتبة الوسائط	4273
F-003558	- رسم مخططات عبر GPU	fbbd06e2c7753e6c7cb97b26479c4a0c481b39144835d1810c778fb2a1d0dd86	Library Engine	5.7 مكتبة الوسائط	4274
F-003559	- الحفاظ على نسب كثافة المخطط	0475abb5742da262376dd3413e2ccdf2d67cfa5522180b5e00aaf7e6fa5dc357	Library Engine	5.7 مكتبة الوسائط	4275
F-003560	- خريطة حرارة للهرمية	0403b4450149e0adb71513f049e6fc9825722ae6e1f491de4a8efa19242fa14a	Library Engine	5.7 مكتبة الوسائط	4276
F-003561	- قفل قيود تخطيط	f359be968106396e8e54e816701b3aafab4ef7381f6798f52c64b73c51e7009b	Library Engine	5.7 مكتبة الوسائط	4277
F-003562	- هيكل حوكمة هرمي واضح يمنع الفوضى	76135060dc4e88661d49aae2cfff79d1eaa0852f19db679e78ea7dcf7ab7ba2c	Library Engine	5.7 مكتبة الوسائط	4278
F-003563	- رسم مخطط الحوكمة التنفيذي الكامل	a3fada13f6de58ba8fe962aa6deb4b8b8e656aacdfdf2e247b41a78aeb2f0a4a	Library Engine	5.7 مكتبة الوسائط	4279
F-003564	- Bar width ratio	dbda4cf038f5e8ee83e165ced12c478894e6d9356b03eb1c8ab2dba9bfb77cba	Library Engine	5.7 مكتبة الوسائط	4280
F-003565	- Pie slice angle	16c38b6bf7216eb506784bf39662de806aafceb6b1c19b2d16096c5ec8798fdc	Library Engine	5.7 مكتبة الوسائط	4281
F-003566	- تصدير بصيغة PowerPoint قابل للتعديل	84d833a180119ee8b7c89d8268596a21071afa6d142d2ad6af0bb09383e86d52	Presentation Engine	5.8 التصدير والمشاركة	4287
F-003567	- تصدير بصيغة PDF	993082f71b4ff28aa0789d006be4f795b3897a6a5447528d3e17c1354bf3fe46	Presentation Engine	5.8 التصدير والمشاركة	4288
F-003568	- تصدير بصيغة Google Slides	bc645912f6d6ebffef291fbe2acc1e6cb86d92f721b65a6ed033f4004a238d59	Presentation Engine	5.8 التصدير والمشاركة	4289
F-003569	- تصدير الشرائح كصور JPEG	2942eb6f0d65ec22326101d2830aed5745857710a14f7009430b6d56347d15d1	Presentation Engine	5.8 التصدير والمشاركة	4290
F-003570	- تحويل العروض إلى فيديو مع تعليق صوتي	37a43c5076c745e79fc15473112e6f6be79b7e704b41b00ab5f5ebdb59d6c999	Presentation Engine	5.8 التصدير والمشاركة	4291
F-003571	- تضمين العروض في صفحات الويب والتطبيقات	597c8edc1d2e0b0124fa02361386cfbb4fb384257c291790e1da47dfedf55cd8	Presentation Engine	5.8 التصدير والمشاركة	4292
F-003572	- تقديم كعرض ويب تفاعلي من المتصفح	e49b19ee7bdfa8db7a37b48e1709009e4a906f117ec1c5c2d730421972759e05	Presentation Engine	5.8 التصدير والمشاركة	4293
F-003573	- حفظ على Google Drive أو OneDrive	dce44883398ce18e0d43441754c8c0c6d6b86ec12f0ced489507f256ff1910bd	Presentation Engine	5.8 التصدير والمشاركة	4294
F-003574	- مشاركة عبر رابط مباشر	fc0c5390fcb4caf48b8212d6fb40d247fe3a96d3e6682bc0c37f3e47bb16541e	Presentation Engine	5.8 التصدير والمشاركة	4295
F-003575	- استخدام قوالب مخصصة عند الإنشاء	7d1e00004e59b37bdd8f0cea729bc0c2c8949d84d08d8f02b4cf9fe1035f795b	Presentation Engine	5.8 التصدير والمشاركة	4296
F-003576	- تصدير التقارير بصيغ متعددة	6e568eaa31d0397a6eafaac3279b0c7d398b70998375a7b0f068f7a817bc7f40	Presentation Engine	5.8 التصدير والمشاركة	4297
F-003577	- تصدير عرض تقديمي كامل.	3f1872d1c53d534c63ad50b5b79b3ca09adc6ce9089cbaed5081235bee773f4f	Presentation Engine	5.8 التصدير والمشاركة	4298
F-003578	- تصدير PowerPoint وعرض تفاعلي.	cf053b322dc389230d86f2f57dc51c6314333f5bce1526e1f27be86eec1c4f36	Presentation Engine	5.8 التصدير والمشاركة	4299
F-003579	- تصدير بصيغة PowerPoint (.pptx) قابل للتعديل	ef37246e3207d110330ec56adb44699fbca55f9e8ac6351db7e5af9ebf836901	Presentation Engine	5.8 التصدير والمشاركة	4300
F-003580	- التوافق مع Google Slides	f6fc2857b3aaa87347653e32999218f9cc70f8370989c607f82f54dbaef8a83a	Presentation Engine	5.8 التصدير والمشاركة	4301
F-003581	- تصدير إلى صيغة PowerPoint (PPTX)	985d4d7bae8f18e78d68d3b972e5853f956b915b19560d5543c036dc0bd6cd3e	Presentation Engine	5.8 التصدير والمشاركة	4302
F-003582	- تصدير إلى صيغة Google Slides	ea8c5fbcb6c4bf30df34b24d3e16b173cf79a901c001b3f7e887da34da7179c9	Presentation Engine	5.8 التصدير والمشاركة	4303
F-003583	- تصدير الشرائح كصور بصيغة JPEG	85b1632021ec3b3cf963b71123bcab4b02719cc8e952b1d77f6fd932238ad6a3	Presentation Engine	5.8 التصدير والمشاركة	4304
F-003584	- تصدير PDF / PPTX احترافي	5c57a5f183d2af0ba089c553bc8cfaf3e1bf19311d76d23d361bbd98f8789955	Presentation Engine	5.8 التصدير والمشاركة	4305
F-003585	- إنشاء تقرير PowerPoint	f6d27c26ffabc1e9ff00a834cbbff87c83386e9b37b61b3f49993324755ce530	Presentation Engine	5.8 التصدير والمشاركة	4306
F-003586	- تصدير متعدد الصيغ (PDF، PPTX، Word)	cc528072f7c166853badbd1a54b06ae36207521413b564259443ab28872b85f7	Presentation Engine	5.8 التصدير والمشاركة	4307
F-003587	- التصدير والمشاركة	0bb2fb05748c2fb26dc4eea522ecb2d6ff83a45ae0af805581aeeea42573a8d3	Presentation Engine	5.8 التصدير والمشاركة	4308
F-003588	- تصدير اللوحة كصورة أو مستند محمول	6fef61edafc09b08a6be74563dd7a4c559bfe5ab0d23fd23b064e3522b28791e	Presentation Engine	5.8 التصدير والمشاركة	4309
F-003589	- تصدير التقرير بعدة صيغ مثل المستند المحمول والوورد واكسل	5d4f930485621ad34e2595cf68bb26c40efe0bd59445c7b52fe4472290e136ae	Presentation Engine	5.8 التصدير والمشاركة	4310
F-003590	- إرسال ملخص قصير عبر رسالة نصية مع رابط التقرير	537f8438b3dd092a87bb04fb125e19cea543c2fa59e8b39670f6b52b8f6388c4	Presentation Engine	5.8 التصدير والمشاركة	4311
F-003591	- تصدير العرض بعدة صيغ	954378b9006998cf4099e7d0db3fbe9b1aeeee8fced95b210f851e456585da5e	Presentation Engine	5.8 التصدير والمشاركة	4312
F-003592	- تصدير بجودة عالية للطباعة	8223d7d6cf3043fbb2d5d048943fb47f972b69c290ebd54f55ff59a07bf478ff	Presentation Engine	5.8 التصدير والمشاركة	4313
F-003593	- تصدير المحادثة بصيغ مختلفة	88317efd130e4afb11a8b68318baf5e75d1974ffcef121f7d7c73e365e5db546	Presentation Engine	5.8 التصدير والمشاركة	4314
F-003594	- تصدير تقارير Looker إلى Google Slides.	cb8af5c17443fd79a6a1e4a175f8a0d8260070b6e0660394c4b8c73978c7d48f	Presentation Engine	5.8 التصدير والمشاركة	4315
F-003595	- جدولة لقطات من لوحة المعلومات الخاصة بك تلقائيًا للبريد الإلكتروني و Microsoft Teams و Slack	6cdfcd45b92723027ef9f576e69265b3b15aad8f4997ba3591a3361501815f79	Presentation Engine	5.8 التصدير والمشاركة	4316
F-003596	- تصدير التقارير كرسوم بيانية و PPT وصفحات Notion والمزيد	eefb7be2d52be632b0b71a7e9d05408cd1449aee611f642738ab446ab97756b8	Presentation Engine	5.8 التصدير والمشاركة	4317
F-003597	- تصدير التقارير كملف PDF	9aec1eb48dd8755d7ffc0faae83f3adc795e5a653cb99df60a9bca244aadcb30	Presentation Engine	5.8 التصدير والمشاركة	4318
F-003598	- تصدير المستندات كملف PDF	34281284b9956f9f18eb54b40a2d2017a8a5090f1a5db317542c0046bbaf8c59	Presentation Engine	5.8 التصدير والمشاركة	4319
F-003599	- تصدير مرئيات وملفات PDF متوافقة مع معايير WCAG	678e3cd79ae8fba9eba8f01d5193fa2c9fcb4143d928373f34d5223e768f9fc8	Presentation Engine	5.8 التصدير والمشاركة	4320
F-003600	- تصدير ومشاركة التقارير بتنسيقات متعددة	eff2dd3d63cf441c1249f4fd2b389a65639fc4f98fe9b3dc01a601a03cd812dd	Presentation Engine	5.8 التصدير والمشاركة	4321
F-003601	- تنزيل الملفات التي تم إنشاؤها أو حفظها مباشرة في Google Drive	2a955b52f1447961b0a646bd301a4a598c5ca6254ced27f0b2f414f41d008148	Presentation Engine	5.8 التصدير والمشاركة	4322
F-003602	- نشر المستندات كموقع ويب	1079c80c5371d0de3faafc38cde850821c0fe9de85c685cca82cbf3a02603bd0	Presentation Engine	5.8 التصدير والمشاركة	4323
F-003603	- تخزين التقارير في مساحة عمل Notion أو حفظها كمستندات Google	f47840c4cb92eab3dca5abac6b6e20988505f7e29ddc6e1175720ea05a09a735	Presentation Engine	5.8 التصدير والمشاركة	4324
F-003604	- نشر ورقة بيضاء حول اتجاهات الصناعة	b726aead87c8397274caac6a93b86a63dda9dd83fb3c445f6804f8203c1c8a78	Presentation Engine	5.8 التصدير والمشاركة	4325
F-003605	- مشاركة العروض عبر رابط مباشر	04347370417d7349838c7497bd5e5c6ba3bc88f0b5f7d2ff5b9847a90d7c4987	Presentation Engine	5.8 التصدير والمشاركة	4326
F-003606	- إشعارات بريد إلكتروني (قوالب HTML، توقيتات، سياسات إرسال)	464c7ec93b2463cabae2c10dc4ba760d636905f35e1cc0edc69b3a5a1286d7a1	Presentation Engine	5.8 التصدير والمشاركة	4327
F-003607	- تصدير المحادثة (PDF، Word، رابط)	3e7a86902a794dbf92c6197facb55c351594fd42436d2fd60f486d1c8b3a3fb1	Presentation Engine	5.8 التصدير والمشاركة	4328
F-003608	- نشر المخرجات (رابط لوحة، PDF، PPTX، نشر مجموعة بيانات لقاعدة البيانات)	af8784f2571bc49e2ca4d9d88158e4ce76f85ef1cc839e7fed693a519fc240ac	Presentation Engine	5.8 التصدير والمشاركة	4329
F-003609	- التوافق مع Google Slides وتصدير إليها	b3ac97bb498e2ca4b689db25f495743d652c1683d9c2da8e567b56736e5e97ec	Presentation Engine	5.8 التصدير والمشاركة	4330
F-003610	- تصدير عرض تقديمي كامل	5903ffba522b46e28569308fa7dc0a80ae810059060ddf3980c4a98a3ce4bfb2	Presentation Engine	5.8 التصدير والمشاركة	4331
F-003611	- تصدير عرض تفاعلي	d8183fd1b1b24305fec93ad71e440d1bafe7f95dc73502e999873352a59f87c6	Presentation Engine	5.8 التصدير والمشاركة	4332
F-003612	- تصدير متعدد الصيغ (PPTX, PDF, Google Slides, HTML, Word)	39aea5559ede3521101715f4bd790deae3e9590017e147c524512c23efafa9b0	Presentation Engine	5.8 التصدير والمشاركة	4333
F-003613	- تحويل بين صيغ الملفات (PDF, PPTX, DOCX, فيديو)	920a982ab986b287715507b1bd7e54f26a49d775343020e5e44f3f2d8f830230	Presentation Engine	5.8 التصدير والمشاركة	4334
F-003614	- تضمين مقاطع الفيديو أو مواقع الويب والتفاعل معها أثناء العرض	f95546573394cb47f77f5f0351cad803d580ff9e1fc4e522421f3dac304d185a	Presentation Engine	5.8 التصدير والمشاركة	4335
F-003615	- إرسال تلقائي عبر البريد	e7a22a1bc03d5118397cadb26ba78246c2fbf8ea97d553c60e24e4991caf9ace	Presentation Engine	5.8 التصدير والمشاركة	4336
F-003616	- قدرات تصدير متقدمة	ad7e91a93d886d29449ab3b0bbd14e561767ca18075ac7b0e12c2f7631f5a41c	Presentation Engine	5.8 التصدير والمشاركة	4337
F-003617	- إنشاء تقارير جاهزة للتصدير	1e1e2048166658ece3cce7246e4723d850be347340c74c05fdace7878482baef	Presentation Engine	5.8 التصدير والمشاركة	4338
F-003618	- يمكن نشر أجزاء مستقلة	4a2b9990fe4fe714bd63f1b24f09a23392509b182baa2b9973ec11b375dea21e	Presentation Engine	5.8 التصدير والمشاركة	4339
F-003619	- إعادة صياغتها كنص رسمي جاهز للإرسال إلى Cloud Provider	4b42f176001beea908ba8202973fd3ed4775b2d03759ac120497b0eadea66286	Presentation Engine	5.8 التصدير والمشاركة	4340
F-003620	- محرك للتجارب التفاعلية والمضمنة	b0869b1cf7fb6d71451d3488165c49fb632b544b8dc693da2e50a8874de4e880	Presentation Engine	5.8 التصدير والمشاركة	4341
F-003621	- تصدير إلى Canva	dcb441751c1c333bd87128e66765517b6ed587c288402e8fd0911d3c89c466b4	Presentation Engine	5.8 التصدير والمشاركة	4342
F-003622	- اختبار عزل الجهات تلقائياً عند كل نشر	9bdd831f6b280f201726f00f8e78ab364f78dacb3f66ae94ead532f6221dc79b	Presentation Engine	5.8 التصدير والمشاركة	4343
F-003623	- نشر المنصة داخل بيئة محلية مغلقة	9a7d84f1979e4dc38e3cd7166aea8fe67212884fd3f787d4050e85c744947ee4	Presentation Engine	5.8 التصدير والمشاركة	4344
F-003624	- فرض تضمين الخطوط	7184926a47326ff7db807273f300bf48aa04e5e30d9c01515f047f31711b717f	Presentation Engine	5.8 التصدير والمشاركة	4345
F-003625	- محرك تحليلي مضمن (من فئة DuckDB)	c3ab33f84f2a99fb88931d3400133bd2566fd038197645c1217a5a0b1ae0d2c6	Presentation Engine	5.8 التصدير والمشاركة	4346
F-003626	- إذا كان الخط الأصلي غير متوفر، يجب تضمينه، وإذا استحال التضمين، يجب تحويل الحروف إلى رسوم متجهة	2ad23801d43157737223fe347203f22983b1e0d0c8e4fc7ab176ca098dc99591	Presentation Engine	5.8 التصدير والمشاركة	4347
F-003627	- تضمين متعدد الصيغ	5deb7062a03fdee2021a0b67de261846a9b4ec4760071ba760d7a87b65c72716	Presentation Engine	5.8 التصدير والمشاركة	4348
F-003628	- مهمة نشر/تصدير	ff1e97e831ba97a4122ddf58f1d484af988b133e5bcf2020e5db524bcdafc199	Presentation Engine	5.8 التصدير والمشاركة	4349
F-003629	- مصادقة ثنائية (2FA) عبر تطبيق، SMS، وبريد مع سياسات إلزامية حسب الدور	ec42e422f201ae94f91493a1d38f125acb17c7c49742fe4b83fd06c3d0b69f3d	Presentation Engine	5.8 التصدير والمشاركة	4350
F-003630	- إعدادات البريد (SMTP، اختبار الإرسال، سجل الإرسال، قيود النطاق)	c3b06e88ec4e14a5d115434cff48b62ef815168275c67d1dc74b529bfaee0c83	Presentation Engine	5.8 التصدير والمشاركة	4351
F-003631	- عند قرب اجتماع أو نشر دوري، يقترح تحديث Snapshot وتجهيز العرض	521e176727ea92ad020f09ba8978e6a173c41be63637d8f80236d5d5553dae0e	Presentation Engine	5.8 التصدير والمشاركة	4352
F-003632	- تصدير السجلات بصيغ (PDF/CSV/JSON)	78b04b0aa7d79494e2b608a4964fd7e4694472d3ed4b3f3fdbb9a5d6b8421edd	Presentation Engine	5.8 التصدير والمشاركة	4353
F-003633	- التضمين في أنظمة أخرى	00df1e15e4c83c98e6dc64cbe23c33b94589098d292b8d4dfbb450d2c6b285a1	Presentation Engine	5.8 التصدير والمشاركة	4354
F-003634	- مركز النشر (Publish Hub)	3ab3f8cc23d94e14bcc1328eca3946b97587395f3c2430bc94005140b20fbf38	Presentation Engine	5.8 التصدير والمشاركة	4355
F-003635	- محرك تصدير (Export Engine)	a5c0b6d51b7bdce3a27c454ba98d8ca9275ae725392bbefa1e110d39728ac0e1	Presentation Engine	5.8 التصدير والمشاركة	4356
F-003636	- نظام نشر	ebaa77a5cad8b473d8a55b131dd24a4d98c4b12381563310d0db5ab5c17f6ae3	Presentation Engine	5.8 التصدير والمشاركة	4357
F-003637	- نموذج النشر (مسودة ← منشور)	2a5acdcd0e47546377aa9871787b8e74e845afa3688b32334a9b914525be3305	Presentation Engine	5.8 التصدير والمشاركة	4358
F-003638	- نشر وتحديث متزامن	ee638368d184d4a349babd9c4de3993b0ab176d192b2c9ada6711a8286a2b69c	Presentation Engine	5.8 التصدير والمشاركة	4359
F-003639	- تصدير مصفوفة الصلاحيات	645675ac60cb94691403a5d3cfd1e7556e81c46871084b72408471ec24b765b5	Presentation Engine	5.8 التصدير والمشاركة	4360
F-003640	- إنشاء Embeddings لأي مجموعة بيانات مسجلة	c757f0c9d76f48a309a2d6fb300d21f792457ea39481bd811866855060cd1dc8	Presentation Engine	5.8 التصدير والمشاركة	4361
F-003641	- تضمين الطابع الزمني	015da068840f44c3913eb9e2624fd5ac6ad8d4643c50a43764b8741bf49acea6	Presentation Engine	5.8 التصدير والمشاركة	4362
F-003642	- استخراج النص المضمن (إذا كان PDF نصيًا)	bd06e14407fb68fe6202c84514388b71679072810b2c1924e5fab18112dc5f58	Presentation Engine	5.8 التصدير والمشاركة	4363
F-003643	- نشر السياسة	bd6d4d41026e4fa8a3dc050564b7b517785ddd8942208693cb73a42b0e33d6f8	Presentation Engine	5.8 التصدير والمشاركة	4364
F-003644	- إصدار نسخ متعددة	95bc453132b3aebe5fdd9fc2262a98f8a97375f79096c81a35d4df45c44c7667	Presentation Engine	5.8 التصدير والمشاركة	4365
F-003645	- إنشاء نسخ متعددة	c9cda3887bee1a5ca513794968fb7bc78b48d947fc0defc852729d103139f7ef	Presentation Engine	5.8 التصدير والمشاركة	4366
F-003646	- ربط نطاق مخصص (yourbrand.com)	f493a4f4a4250645b5d2ac245b88507e17f7a35972e305d1b306bcd645b0bdaa	Presentation Engine	5.8 التصدير والمشاركة	4367
F-003647	- نشر فوري كموقع إلكتروني	83f805c896b82392fae7cb6be3a15c2e16d48b37f44916d79e302e4214419b02	Presentation Engine	5.8 التصدير والمشاركة	4368
F-003648	- نشر كموقع إلكتروني	f12d4967bbb70fd4fd68ab62a0f3cf1e56a3c5a5e243e0e88901314ba814c94e	Presentation Engine	5.8 التصدير والمشاركة	4369
F-003649	- نشر مباشر على لينكدإن	05bfbc52fbdc1751501b512ba230f2ded454baf2d258d4699f6fd9972803ed82	Presentation Engine	5.8 التصدير والمشاركة	4370
F-003650	- شراء نطاق جديد من داخل المنصة	74e9563da404fde2ed8e8ed0884c064d5c19b8a71a6dc261a900f201396401f5	Presentation Engine	5.8 التصدير والمشاركة	4371
F-003651	- شراء نطاق من داخل المنصة	69376dcaf805b10902422d0fc0f00947652951ecf1953c5809e7016f9e8e427d	Presentation Engine	5.8 التصدير والمشاركة	4372
F-003652	- نطاق فرعي مجاني (yourname.المنصة.site)	c0685ed47dde8a1f94e5263340e69bb966a205934a64ed7a54ef60e8e030504e	Presentation Engine	5.8 التصدير والمشاركة	4373
F-003653	- إنتاج منشورات اجتماعية كصور كاملة وليس شرائح	c43eadaacab72daf40eb6727053d0d2779c132c1382c6f52417efbb55a064095	Presentation Engine	5.8 التصدير والمشاركة	4374
F-003654	- تصدير powerpoint (pptx)	76e15f94a09d06bbed09895c64e88ed779a4a598777ae4e6f1fe104b3311c31d	Presentation Engine	5.8 التصدير والمشاركة	4375
F-003655	- نطاق مخصص	b23e87de26efed1224d37952e0a043d8cc68fbdc07bb37cdaa5b32a0131fdd98	Presentation Engine	5.8 التصدير والمشاركة	4376
F-003656	- تصدير png	7c990ceab44680fbfb17b6e6a2da1a9b848ee8148b19ec638ef80087819c16a2	Presentation Engine	5.8 التصدير والمشاركة	4377
F-003657	- التعاون في الوقت الفعلي على العروض	a8350cb39bf4b5685375e932dfe8a6d591a2480d6f03be8b4c65c99e083cadd2	Presentation Engine	5.9 التعاون والعرض	4383
F-003658	- إضافة تعليقات وملاحظات على الشرائح	1fe798425b26c4b4a6edf7d3bf81a625b7787f9d5e763ebab6ff53f307b4f57e	Presentation Engine	5.9 التعاون والعرض	4384
F-003659	- تسجيل العروض مع السرد الصوتي	2d05195f7c03b6f0ab8305ea73ce685c2969fda001571aea4a27ca92d7e8e40a	Presentation Engine	5.9 التعاون والعرض	4385
F-003660	- التعليق الصوتي المسجل بالذكاء الاصطناعي	8323d1c73adad4e78f3e0da564c75024b274c965a328fcdabb93a6a563648ab0	Presentation Engine	5.9 التعاون والعرض	4386
F-003661	- التحكم في العرض عن بعد باستخدام الهاتف	21dcca341942b88963c510e7f09ff031b86df83a16747f529ae136b326462119	Presentation Engine	5.9 التعاون والعرض	4387
F-003662	- وضع مقدم العرض	0f0b12dd1016dce26f30d3d2a8eb01e1270f6dbd7b102b55660d45d7651cf3c6	Presentation Engine	5.9 التعاون والعرض	4388
F-003663	- حماية العروض بكلمة مرور	043c6726d025622a9317ae99a12ab97076699f1d3e0de26ddd90ae5503c7e9bb	Presentation Engine	5.9 التعاون والعرض	4389
F-003664	- تتبع تفاعل الجمهور مع العروض المشتركة	a31e34a702a63a913928c0b8a8aeae80563278c6538ae66fe872cadd02816239	Presentation Engine	5.9 التعاون والعرض	4390
F-003665	- تحليلات لتتبع تفاعل المشاهدين	be0171765356f5ec79cc37c60a7adddb8d3480a69d5f16f64e412b643ae33111	Presentation Engine	5.9 التعاون والعرض	4391
F-003666	- إشعارات حول تقدم العمل	d0be464ddf5c478f59fa776af826164f021268e98424c0e77bdbd9766ab915c1	Presentation Engine	5.9 التعاون والعرض	4392
F-003667	- نشر لوحة مع رابط + PDF + PPTX + نشر Dataset لقاعدة البيانات	ba1ae4122423efc643a45049846330e8e57e5d93c7beb91c6aafb37e925c1104	Presentation Engine	5.9 التعاون والعرض	4393
F-003668	- التحقق من الصلاحيات عند النشر	cd84d0aa27ec386a0bebb2e84a3854d829aa058cb4858d32a4157d984768dd6d	Presentation Engine	5.9 التعاون والعرض	4394
F-003669	- التفاعل بدون ربط مباشر بين المكونات	13b7c2ea87fa93c673dac57585cf9c398aee02bef81efd543d9e4f1053689b5e	Presentation Engine	5.9 التعاون والعرض	4395
F-003670	- التعاون والعرض المشترك بين المستخدمين	72adb7cc9751a77593ddd80566655010cbec045ad35dd7267bb036b12dbdac4b	Presentation Engine	5.9 التعاون والعرض	4396
F-003671	- نشر وتصدير وجدولة ومشاركة المحتوى عبر Publish Hub	7b1dc0b98b1e9bede3d2dcaf7d3e5b537c50946864acb079b0ae1c4ac04924e2	Presentation Engine	5.9 التعاون والعرض	4397
F-003672	- دعم التعاون والعرض من خلال Workspaces لمشاريع وفِرق ووحدات أعمال	92f16c74a431976ce5c0067439f075aa0ca0be02ffa3e223c00bd252120bbc33	Presentation Engine	5.9 التعاون والعرض	4398
F-003673	- توفير مركز تحكم شامل (Universal Command Bar) لإدارة العمليات المختلفة	f9d99eef29abdc36c6fcf225b150fe4fbe3b605b0fd5e4f28997b8251f1e33b4	Presentation Engine	5.9 التعاون والعرض	4399
F-003674	- دعم مراحل العمل Plan → Preview → Approval → Execution → Audit	672134bda916f080f673db8dc5c3cba84b72080023bef231580c545a7b4eaabb	Presentation Engine	5.9 التعاون والعرض	4400
F-003675	- دعم نشر المحتوى مع جدولة تلقائية وتقارير متقدمة	0dc408d28bcd4963f17bb15d9db3e04ffaf5d28709701a1f67fb24533d983626	Presentation Engine	5.9 التعاون والعرض	4401
F-003676	- دعم أرشفة كاملة لكل صفحة حتى لو لم تتغير مع حفظ نسخة كاملة	8c7b9d9a5bb374c4ded38695fad5add4ed4185e7a43be31957bbe595038cd317	Presentation Engine	5.9 التعاون والعرض	4402
F-003677	- مشاركة التعاون والعرض عبر روابط تفاعلية	5ade9ddf003c339c0af86e950273bd9c5102f33266652c7746c5e72e6bdfd9a9	Presentation Engine	5.9 التعاون والعرض	4403
F-003678	- تكامل مع تطبيقات البيانات (Google Analytics، ChartMogul) لعرض إحصائيات محدثة	fa4b747df2559e1603f7c0af19aa49a57b770bf1b265fadf422517011d7983ed	Presentation Engine	5.9 التعاون والعرض	4404
F-003679	- كشف الشرائح المزدحمة	440573eb1f689bd1dc5d78959077a8622672f260b5a49092c46b455e6aedead4	Presentation Engine	5.9 التعاون والعرض	4405
F-003680	- التعاون والعرض	9dc11f6d1fab34c9449256d182ea90191c3e329dd7a55e2e835be7ab940ed03c	Presentation Engine	5.9 التعاون والعرض	4406
F-003681	- مشاركة اللوحة مع الآخرين برابط	cc3bbb83343c547d24891b25256663ed4b5f6194208f892720489cfc15ef0b7d	Presentation Engine	5.9 التعاون والعرض	4407
F-003682	- مشاركة التقارير برابط أو بريد أو طباعة	20b56ae9c2fe2232912cb75b219492d0dc5a624ead376da070d08ecbe8bd5aa7	Presentation Engine	5.9 التعاون والعرض	4408
F-003683	- مشاركة العرض مباشرة مع الآخرين	c7ccc4ce4f646501eda792ea38288bfc6e92604a1be20813cff26320f9c0d044	Presentation Engine	5.9 التعاون والعرض	4409
F-003684	- وضع العرض المباشر على الشاشة	ed54f1f4495c37724040b53e0d0d1d441eac53853e08fab709d540440630ad35	Presentation Engine	5.9 التعاون والعرض	4410
F-003685	- دعم ملاحظات المقدم	d02c8d4c72a79f427c943d24048fc22a2b3522a729e38e13031e3bfb5d2ddad3	Presentation Engine	5.9 التعاون والعرض	4411
F-003686	- تعاون فوري بين المستخدمين	8b1355470582abbb737c8013c10e10ac3bec466811d0a7ef3fe1abbe72465a2d	Presentation Engine	5.9 التعاون والعرض	4412
F-003687	- توصيات شخصية لكل مستخدم	b38b0ca4dddd9b6e4a0a106a8d9f2072bd57591205a0b93ce4cd6c062634c26f	Presentation Engine	5.9 التعاون والعرض	4413
F-003688	- مشاركة لوحات المعلومات الحية مع الفريق أو تضمينها في أي مكان.	d1758b73e6eec70221717efb4b90ef06a1dde083959a29292329fb032edb6b52	Presentation Engine	5.9 التعاون والعرض	4414
F-003689	- تحويل الأوامر النصية إلى تحليل ومذكرات وتقارير وعروض تقديمية.	096a047a02e846947e151ac741bbe956f568426b2fe0d2a9515879886dfae5c0	Presentation Engine	5.9 التعاون والعرض	4415
F-003690	- إرسال الرؤى مباشرة إلى المستخدمين في Slack والبريد الإلكتروني.	a03a498cee9ada8985057b26d0ea077e60f4f6bc625121bc898694f1c52a21b2	Presentation Engine	5.9 التعاون والعرض	4416
F-003691	- التعاون والعرض الجماعي	4365989a429feead3a62dcb33cb58dee16f481e222530652a69e25e234a45518	Presentation Engine	5.9 التعاون والعرض	4417
F-003692	- عرض لوحة المعلومات الخاصة بك على جهاز تلفزيون في مساحة العمل الخاصة بك	3097474813b6d24ee3fa8a3eb9e24917a6e58528895ad725ddc35d5558f10be8	Presentation Engine	5.9 التعاون والعرض	4418
F-003693	- مشاركة مقاييسك على نطاق واسع	427c275b83bbcdd05dd926956b64a4a166496c2ba30927114d87ef9ef493dbec	Presentation Engine	5.9 التعاون والعرض	4419
F-003694	- لوحات معلومات التلفزيون	8137bfcaa60777e19467c96aae623a0b2e7603b1cb1d4984db0f16fbddbfcf24	Presentation Engine	5.9 التعاون والعرض	4420
F-003695	- مشاركة لوحة المعلومات الخاصة بك	09e72bc93f5ae06e31704182a7ff4cc2f7872ac58e619d8f6d076f59fd4e49be	Presentation Engine	5.9 التعاون والعرض	4421
F-003696	- مشاركة لوحات المعلومات الثابتة أو الروابط الحية لأصحاب المصلحة والعملاء لإبقاء الجميع على نفس الصفحة	74c2bc69d02a4fe739f294bdb0dcdfe31bda07c2fccfe55f37cb9bf4f4769caf	Presentation Engine	5.9 التعاون والعرض	4422
F-003697	- الحفاظ على طابع شخصي في التواصل مع العملاء على نطاق واسع	1290982b8c41ce312bfe91865de6d4336870b98bbd7bd635f7c810f8f721efdb	Presentation Engine	5.9 التعاون والعرض	4423
F-003698	- واجهة محادثة مخصصة للمسوقين	944aa0ae53818421b6865e411420d2be0e05320f7ee779a2a9a1df3ceef5979a	Presentation Engine	5.9 التعاون والعرض	4424
F-003699	- عرض جميع المعلومات المهمة في مكان واحد	6463114c8a960ca2b6f7cc85a4ec07d42670ef6fdc1060d3cea55da65d08eb86	Presentation Engine	5.9 التعاون والعرض	4425
F-003700	- عرض مؤشرات الأداء الرئيسية في الوقت الفعلي	f4bd267d74d6057ec1a671ac9eca58cdfbb32b732e232c0676bf8cced875b11d	Presentation Engine	5.9 التعاون والعرض	4426
F-003701	- مشاركة المستندات عبر رابط مخصص	09d5125857a5838af6b837368e1f1726a8527e05d3b0e2886820c2e95b54c805	Presentation Engine	5.9 التعاون والعرض	4427
F-003702	- مشاركة لوحات المعلومات الحية مع الفريق	9ee7cdb3afece3dcc94e80c47d6d45a019231a0385c6095f1221d3d9c862d2d4	Presentation Engine	5.9 التعاون والعرض	4428
F-003703	- مشاركة لوحات المؤشرات (رابط، تضمين، وضع التلفزيون)	6bffc80d6d3b5fa3431da0d0d2b1fbb0cd87f884ba4dbcc50553b1859afc6427	Presentation Engine	5.9 التعاون والعرض	4429
F-003704	- وكيل مقدم العروض (Presenter Agent) مع ملاحظات وجلسة أسئلة وأجوبة	f9d458e1afec9f3a511263c2e7de617aab9cfa98e975bbbc1f60623dca0f8d6c	Presentation Engine	5.9 التعاون والعرض	4430
F-003705	- خدمة العروض	eb9ec2f71951f5414c22223b70dfbf2737a4a9f23a1ad5b0f167c95a491f38d3	Presentation Engine	5.9 التعاون والعرض	4431
F-003706	- إدارة الإشعارات والقوالب وقنوات الإرسال	56ffb04879330fa2277e4569cd5d401886959a7dcdd73a2737b00ec1c2c53ad5	Presentation Engine	5.9 التعاون والعرض	4432
F-003707	- مركز إشعارات للمستخدم	b86846da0a83adf1859b365d48db38588077f4e14ea3110ed4aa937af58ea45e	Presentation Engine	5.9 التعاون والعرض	4433
F-003708	- تخصيص واجهة تسجيل الدخول (شعار، خلفية، رسالة، لغات)	0115667beed97d10af9819d8a7c9c1366d25fbb85bc81df13fa22e3109cc1610	Presentation Engine	5.9 التعاون والعرض	4434
F-003709	- إشعارات فورية عبر WebSocket / SSE	d39ac0b3fd4948b95c93a0de2262fbf2b63485d1cebb7d3a96cb6063ac061722	Presentation Engine	5.9 التعاون والعرض	4435
F-003710	- ملخص يومي/أسبوعي للإشعارات (Digest)	c43e3c768c306d8a37d4a625cff6f3c2a4cc18c356e22dc8ebd584d45cfc0048	Presentation Engine	5.9 التعاون والعرض	4436
F-003711	- قوالب إشعارات متعددة اللغات لكل نوع إشعار	0ce569f72df6af3a333f5e25b8cee5128a33c8c2e212754231b14eaa88bf6584	Presentation Engine	5.9 التعاون والعرض	4437
F-003712	- إشعارات مخصصة للفرق والأقسام	90e0c244b95b39964de6841e4cca1934298e574f137bfdd8ca0b79f7d66f1d59	Presentation Engine	5.9 التعاون والعرض	4438
F-003713	- إصدار إشعار يحدد موعد المراجعة	a66df992ea1721cdaa159b0f43693e6c05055a449c4016d5858e428680b1fd67	Presentation Engine	5.9 التعاون والعرض	4439
F-003714	- قياس أثر الإشعار	962d56192b6a3a81ef1f6e6d80d5419c28c3216f6ed7d918f2d19c7e619c03f0	Presentation Engine	5.9 التعاون والعرض	4440
F-003715	- إشعار عند تسرب البيانات الشخصية	9108cdb937d4348b3336be8dfe201c4eee968a405c70eef1441ffe831945cbbf	Presentation Engine	5.9 التعاون والعرض	4441
F-003716	الوضع السهل	60a010f6e7107c136b5f191c5f0698dae095af281a75c8e4af3651ebde44eee1	Infographic Engine	5.10 الإنفوجرافيك الاحترافي	4447
F-003717	- زر واحد: تحويل البيانات إلى إنفوجرافيك	794e06b93e898df7545e66219c015c31ceff3a43865da396d49ca63ff2a79b16	Infographic Engine	5.10 الإنفوجرافيك الاحترافي	4449
F-003718	- اختيار أفضل نمط بصري تلقائياً	bdcc785e922261e149781ed15593ab7487d4a26a56f0e5fd47f2bf63edb6bf3f	Infographic Engine	5.10 الإنفوجرافيك الاحترافي	4450
F-003719	- تلخيص المعلومات بصرياً وإنشاء تخطيط متوازن	04b7400a772cb33159de8d5f871b40f88551784b3adaacb139350e7d32f7ea22	Infographic Engine	5.10 الإنفوجرافيك الاحترافي	4451
F-003720	الوضع المتقدم	1d7b1a01862876389876f47422cbe9feda8505f28f6821b5475a093bcd772e0a	Infographic Engine	5.10 الإنفوجرافيك الاحترافي	4453
F-003721	- إنفوجرافيك زمني ومقارنة وهيكلي ومراحل وإحصائي وجغرافي	e6131bed00faf0f859cd2a0d03c4ddec22feeef7a0aa0fe729f604171d3e552a	Infographic Engine	5.10 الإنفوجرافيك الاحترافي	4455
F-003722	- لوحة ضبط وزن التسلسل الهرمي البصري	32a84b3f4baa43c59b83310299935e5b96087d364d390fc10362109183dd6eb3	Infographic Engine	5.10 الإنفوجرافيك الاحترافي	4456
F-003723	- خريطة حرارية للكثافة	ba23f26513bb35cd604c879e6b20a5c98e39aa9ea8c16e244b9184566399b21d	Infographic Engine	5.10 الإنفوجرافيك الاحترافي	4457
F-003724	- محلل المساحات البيضاء	e157d3c3a5f7214e6aca3bfe0fdbaf62b8d1d49e139153703ff4d4416ce16f8d	Infographic Engine	5.10 الإنفوجرافيك الاحترافي	4458
F-003725	- أدوات تحكم في خريطة التأكيد	a8a30cf2451ecf160c73409541276b73db738d391f149f00d61e6760dbe43f83	Infographic Engine	5.10 الإنفوجرافيك الاحترافي	4459
F-003726	- اقتراحات تناغم الألوان	4c809542f16aeb6691cded7a83cc9a29f4a828bbb1b74a4b66d4e84a23379fb6	Infographic Engine	5.10 الإنفوجرافيك الاحترافي	4460
F-003727	- رسم بياني لتدفق السرد	7d8ffb744d4f36cfefb2ed486aad7f95a71f41658fc17c068e3e60d797c48d78	Infographic Engine	5.10 الإنفوجرافيك الاحترافي	4461
F-003728	- قفل أجزاء من الشبكة والتعديل الرياضي للمسافات	83f2abba6608a16933496e8e0fbfc727e4d915ab257433f2a3dfb60fa635e990	Infographic Engine	5.10 الإنفوجرافيك الاحترافي	4462
F-003729	- محاذاة بنسب تصميمية: النسبة الذهبية والشبكة المعيارية	7a0846e1a32e5c3293f7c9fecffcdfdefe5c0d9f59614bef45cf7447345f2f02	Infographic Engine	5.10 الإنفوجرافيك الاحترافي	4463
F-003730	- تحسين صانع العروض وصانع لوحات المؤشرات لإنشاء انفوجرافيك احترافي	9b688364186a922e95f2af5f80c019338b38a322d3105e4a762f7057191b1397	Infographic Engine	5.10 الإنفوجرافيك الاحترافي	4464
F-003731	- الإنفوجرافيك الاحترافي	eade25db4424147db134c9bbb14c26065508c4fc26995217dabca511d8dd4f71	Infographic Engine	5.10 الإنفوجرافيك الاحترافي	4465
F-003732	- إنشاء رسوم بيانية معلوماتية احترافية من البيانات	4b9bcc63a8fb8592f653b4f64dc076db31069aee665cfae245d39d91fa8e2237	Infographic Engine	5.10 الإنفوجرافيك الاحترافي	4466
F-003733	- توليد إنفوجرافيك تلقائيا من البيانات	926917b5c7f8a2a428dbf78eca55c2d33df74a605dbbe68e2763ea9614506a36	Infographic Engine	5.10 الإنفوجرافيك الاحترافي	4467
F-003734	- إنشاء إنفوجرافيك قائم على لوحة قصة	57ccf5f19306a9c62ae6d0def00c51745f9553b613c43c92053cbd6e365de237	Infographic Engine	5.10 الإنفوجرافيك الاحترافي	4468
F-003735	- إنشاء تدفقات إنفوجرافيك متعددة الأقسام	e2dcd3f5dedfdee89e5170941b6efcd2a8962135628b7be989c69faf25e28df3	Infographic Engine	5.10 الإنفوجرافيك الاحترافي	4469
F-003736	- محرك تصور المخططات الزمنية	b3257c0c5ccd5914ae32b964b81b224543ef3d5034e39fc72362549c5f0e2459	Infographic Engine	5.10 الإنفوجرافيك الاحترافي	4470
F-003737	- بناء إنفوجرافيك مقارنات	2682b1abed6c2b2dae3602016fe81befa1baab13987fbd6e9b6170346293edec	Infographic Engine	5.10 الإنفوجرافيك الاحترافي	4471
F-003738	- توليد مخططات عمليات	c8c301a7d14d5ca8e7e69c1acfdbc611b918aaaa2add9a35f909c9444a3563f4	Infographic Engine	5.10 الإنفوجرافيك الاحترافي	4472
F-003739	- عرض مؤشرات أداء بشكل شعاعي	3801c56408d206e23243c51e7aa1f255f1356901fe2e407aca0d5a89c4f483e0	Infographic Engine	5.10 الإنفوجرافيك الاحترافي	4473
F-003740	- بناء خرائط حرارية للبيانات	a4ff0178fdc92d9dda82a9a80ec9f8a07027cd53522a2d6eba7a4029f553eb6f	Infographic Engine	5.10 الإنفوجرافيك الاحترافي	4474
F-003741	- دعم إنفوجرافيك جغرافي	4ce3a6ce217dedae744d30ff1f5f6934c84a60a66ca3737b8a5208a86093e8a0	Infographic Engine	5.10 الإنفوجرافيك الاحترافي	4475
F-003742	- توليد صور ورسوم توضيحية	624976954f7258b75e11b4046f95a2026b8dd83bb49339e9c32afbe532328132	Infographic Engine	5.10 الإنفوجرافيك الاحترافي	4476
F-003743	- توليد فيديوهات وعروض مرئية	22c387fa231cd372dc2abcb6321bdd4453c37ffa4a8adec7862a98e659134474	Infographic Engine	5.10 الإنفوجرافيك الاحترافي	4477
F-003744	- إنشاء تعليق صوتي احترافي	99a8cb979d3d5832ee42fb507a5eaab1673fc7cfb306690dc93deea750de7b71	Infographic Engine	5.10 الإنفوجرافيك الاحترافي	4478
F-003745	- إنشاء إنفوجرافيك قائم على لوحة القصة	d37dae1b3d1cd1bea4c9b219a267920bc327134babc88835da1467b7d03462b3	Infographic Engine	5.10 الإنفوجرافيك الاحترافي	4479
F-003746	- إنشاء تلقائي للإنفوجرافيك من البيانات	cd21d1751eb684ad84501f143594fd7f82e0070d46a4a4b23ba87ed166363f67	Infographic Engine	5.10 الإنفوجرافيك الاحترافي	4480
F-003747	- تحويل الرسم البياني إلى إنفوجرافيك	326ef7d7ba727f90443fe6f9eabea6c0adb0f65fb4d22f5d82e31ed306f69c61	Infographic Engine	5.10 الإنفوجرافيك الاحترافي	4481
F-003748	- إنشاء عروض تقديمية متحركة للرسوم البيانية	279816df0096d0f018890d412f447d624204e9be23bc4e9759036a347abb3179	Infographic Engine	5.10 الإنفوجرافيك الاحترافي	4482
F-003749	- دعم الإنفوجرافيك الجغرافي المكاني	7c1f343c5af11cdd21a9d1ada543ef88f4e68f3594cde0b45826d66089c18198	Infographic Engine	5.10 الإنفوجرافيك الاحترافي	4483
F-003750	- تدفقات إنفوجرافيك متعددة الأقسام	9335bbb651c4902163cdd5a16dc4de411fc4c722a38f728e638849e7549d4887	Infographic Engine	5.10 الإنفوجرافيك الاحترافي	4484
F-003751	- باني إنفوجرافيك المقارنة	b4b30d30ec6431c8dcd9d01679b9d07449b2a17dc23c54c9b8f4ff3cca3fcd12	Infographic Engine	5.10 الإنفوجرافيك الاحترافي	4485
F-003752	- باني خريطة البيانات الحرارية	9d4e9fc60c2ce959915805c0c25a50b125ff9c37931a661068e64c755885b713	Infographic Engine	5.10 الإنفوجرافيك الاحترافي	4486
F-003753	- اقتراح منطق التنقل لأسفل (drill-down)	c88be10e060442905a9f6d8fab5953b3c3170cb9d14259576ba04b22ffde9063	Infographic Engine	5.10 الإنفوجرافيك الاحترافي	4487
F-003754	- موازنة تلقائية لأرباع الداشبورد	41c3ffa4ebb5bc14ec93ceedae9fee0300b2b136628ddf2a1c6a9f765a0e4c1d	Infographic Engine	5.10 الإنفوجرافيك الاحترافي	4488
F-003755	- انعكاس الإنفوجرافيك من اليمين إلى اليسار دون تشويه	d2da3aac22743a2d01e4e17a28a8eb95266e6d38ee3fe099fd71a6a8cc192c07	Infographic Engine	5.10 الإنفوجرافيك الاحترافي	4489
F-003756	- إنشاء أنظمة إنفوجرافيك تنافس منصات التصميم العالمية	845f6994708834a1db5b730490490422891c8a2f3f6cc4f0a54f51ad600ab556	Infographic Engine	5.10 الإنفوجرافيك الاحترافي	4490
F-003757	- محرك تكوين الإنفوجرافيك (Infographic Composition Engine)	5cc2c5691d81077a611215af62ae23c88c3e69bed57a2e575001b56802cce9e2	Infographic Engine	5.10 الإنفوجرافيك الاحترافي	4491
F-003758	- ذكاء الإنفوجرافيك (Infographic Intelligence)	691844ecb86176eeaf8a79182d0d627a0e11464fd286c4b0d94bfd173bf825dd	Infographic Engine	5.10 الإنفوجرافيك الاحترافي	4492
F-003759	- ذكاء تكوين الإنفوجرافيك	39c942c2d060a33943f51b16485bd2a0c7cb0541231d4f6fe8658478eb15a611	Infographic Engine	5.10 الإنفوجرافيك الاحترافي	4493
F-003760	- محرك إتقان الإنفوجرافيك	d2a4a44a57ad4836e077e79b2491873fa7da9e6683849617d6735a7e702ddfc0	Infographic Engine	5.10 الإنفوجرافيك الاحترافي	4494
F-003761	- محرك الإنفوجرافيك: محلل قيود + ذكاء اصطناعي لتقييم التصميم	ba889409482348cc35658838fbb5c3cad229bdbdeeb506b7238d0cef55f15eab	Infographic Engine	5.10 الإنفوجرافيك الاحترافي	4495
F-003762	- اقتراح متغيرات للإنفوجرافيك	bf76bd3737aa38d8f2731cbddf9c642954ee141cfddff5a3f21d5eacc20b927a	Infographic Engine	5.10 الإنفوجرافيك الاحترافي	4496
F-003763	- لوحات تدفق البيانات في الوقت الحقيقي	0fb49ad98b92fc1231624675534acb8040cfb511966fad1bb0fff75730298904	Infographic Engine	5.10 الإنفوجرافيك الاحترافي	4497
F-003764	- تمكين الإنفوجرافيك والعروض التقديمية بما يتجاوز المنصة	36118de9c31bf877e449fe5578a24f5a93775805eed5d9bb3ea71e5acfaa6f94	Infographic Engine	5.10 الإنفوجرافيك الاحترافي	4498
F-003765	- تمكين العروض التقديمية والإنفوجرافيك	ddec02a2ad299b28a1497289a95d1d7ab4c31cdb460227c61f10f5ac0f9355ce	Infographic Engine	5.10 الإنفوجرافيك الاحترافي	4499
F-003766	- مرونة محرر الإنفوجرافيك تتجاوز مستوى المنصة	7b4e2971543a03cb5c4636d16891bc4c625cc709adaabd6db0d0adbad8df5b0c	Infographic Engine	5.10 الإنفوجرافيك الاحترافي	4500
F-003767	- إدراج أي قسم إنفوجرافيك في تقرير	caf01c876d576a1589f3382831c1dc4743e5897e1d3a9d06606f960a32146de6	Infographic Engine	5.10 الإنفوجرافيك الاحترافي	4501
F-003768	- سحب مجموعة بيانات إلى إنفوجرافيك للسرد التلقائي	adfe4051452499dc49086660d7b9f163be9ad7a29f6c2a8c5743903846e859ab	Infographic Engine	5.10 الإنفوجرافيك الاحترافي	4502
F-003769	- سحب أي أداة داشبورد إلى عرض تقديمي	fe906b708f648ff3bf95a1ea031cc2101ae26ac796fdf80244c9c07eb43467ff	Infographic Engine	5.10 الإنفوجرافيك الاحترافي	4503
F-003770	- سحب رسم بياني إلى داشبورد مع الحفاظ على الهندسة	ac8b8e71f89ef9748c35eb54f55db2b2c15395501992fd6f37bcae8a6bc2bb51	Infographic Engine	5.10 الإنفوجرافيك الاحترافي	4504
F-003771	- تحويل اللوحات إلى شرائح بسلاسة	acf5f72908353e0895a97bedeb2d7ce02da643755694b6905de70ae1246573d9	Infographic Engine	5.10 الإنفوجرافيك الاحترافي	4505
F-003772	- لوحات المؤشرات المعاد بناؤها من الصور يجب أن تكتشف أنواع الرسوم البيانية، عناصر التحكم في الفلترة، علاقات وسيلة الإيضاح، التسلسل الهرمي لتجميع البيانات، تحافظ على الهندسة بدقة، تعيد ربط البيانات الحقيقية، وتحافظ على استقرار الكثافة	33432e99a60569726c6687d2febdf47b98e5503ddcf10dbcf42fefb32ea35225	Infographic Engine	5.10 الإنفوجرافيك الاحترافي	4506
F-003773	- سجل إصدارات مستقل لكل إنفوجرافيك	bd3d3f66917ae1c36deab3a5c24d48d50c5684b1afc3f3672bb5018b2a8c7164	Infographic Engine	5.10 الإنفوجرافيك الاحترافي	4507
F-003774	- استنساخ مستقل لأقسام الإنفوجرافيك	b724f2724c420c8ce88eab86be4cda3e3b5f98de9383361c55475eb774d2039b	Infographic Engine	5.10 الإنفوجرافيك الاحترافي	4508
F-003775	- النماذج الأولية للإنفوجرافيك	d3d2d0d4e14e1bd012836551c117519d79c237b77efc48d2ac1c22601b832fc8	Infographic Engine	5.10 الإنفوجرافيك الاحترافي	4509
F-003776	- اقتراح تحسين وضوح الرسم البياني	05725d8939a9e2d73d1ae3ce87f854c5e5e8176c9b0977cca18774c7c492c80e	Infographic Engine	5.10 الإنفوجرافيك الاحترافي	4510
F-003777	- فرض تناغم أسلوب الطباعة	552c69ebde470ed09ac0e5764cee80a1e92c93f4bcc4bb118f2740271b51b039	Infographic Engine	5.10 الإنفوجرافيك الاحترافي	4511
F-003778	- محرك مقارنة أسلوب الطباعة (Typography diff engine)	0a5667ccd7ee619d1a687bdfbe099d42a2d7b12f7e36be8ba982c22640e16c55	Infographic Engine	5.10 الإنفوجرافيك الاحترافي	4512
F-003779	- محرك تكييف أسلوب الطباعة (Typography Adaptation Engine)	99d6e08c6270b15973a801522d4c1936deed311d246d51d1d3372497d7269f3f	Infographic Engine	5.10 الإنفوجرافيك الاحترافي	4513
F-003780	- محرك أسلوب الطباعة (Typography Engine)	24c7fa00ad06a583490e5592925f81d89f5e71eb97e73864c47b803e168b928a	Infographic Engine	5.10 الإنفوجرافيك الاحترافي	4514
F-003781	- قياس تناغم أسلوب الطباعة	5520a9ca635bf43b54fb0671d9b30bb343829c4f4d97cb1f150909cb9173adaf	Infographic Engine	5.10 الإنفوجرافيك الاحترافي	4515
F-003782	- إعادة توازن أسلوب الطباعة	fb8688adbcd58851200f8929a975f609a60759038f7c013273b3fc3d3d310a50	Infographic Engine	5.10 الإنفوجرافيك الاحترافي	4516
F-003783	- إعادة تدفق أسلوب الطباعة (كشيدة + خط أساسي)	7990349d935107bb559e820bc4a12ce09a0c9224cda30f98fd37e6395299f25f	Infographic Engine	5.10 الإنفوجرافيك الاحترافي	4517
F-003784	- تحديد أسلوب الطباعة الأساسي (baseline typography)	a56c3527b6996663ea345ab669b07ad50c3fa4eb8dc3f6e401acdcfc55278ad9	Infographic Engine	5.10 الإنفوجرافيك الاحترافي	4518
F-003785	- استنتاج خط الأساس للطباعة	bfa859b8ffd35a0785fbbac9c6f0a0df464e5ca725ef4fabc25bca885bf3fc4e	Infographic Engine	5.10 الإنفوجرافيك الاحترافي	4519
F-003786	- ترميز علاقات خط الأساس للطباعة	ced52107ee95b848638f3d986da8c95aa33f94b6ca39fc6726ad0d14099e1414	Infographic Engine	5.10 الإنفوجرافيك الاحترافي	4520
F-003787	- ترميز تعيينات تناسب الرسوم البيانية	ea89639173833f59e03cb90c50ae6dd0a27f24c7ba1f8125e012d4595d2cbbda	Infographic Engine	5.10 الإنفوجرافيك الاحترافي	4521
F-003788	- محرك رياضيات لعكس المحاور في الرسوم البيانية من اليمين لليسار	4290ea9db0d35b43fe2c2b56e994f39e5d23469366f453fce544520f88373c33	Infographic Engine	5.10 الإنفوجرافيك الاحترافي	4522
F-003789	- عكس محور الرسم البياني	f1446d50f700752933c4b9686cd27ea61c43f3c131ea1874ee3799b474c70bc7	Infographic Engine	5.10 الإنفوجرافيك الاحترافي	4523
F-003790	- الحفاظ على التسلسل الهرمي للطباعة	09b2168bd47f6d1cded546744e39e79ccb8e262011fa9a0b0c8181e253250b81	Infographic Engine	5.10 الإنفوجرافيك الاحترافي	4524
F-003791	- الحفاظ على كثافة الرسوم البيانية	26a257977084f1babb8f4e38096a1fc04e94ca7667fe6963b221c20c8c3c4eed	Infographic Engine	5.10 الإنفوجرافيك الاحترافي	4525
F-003792	- الحفاظ على نسبة كثافة الرسوم البيانية	d4bb04bbaaac8e078566e58df134a08aec725d6045082c7fb87f30b8e6c5b733	Infographic Engine	5.10 الإنفوجرافيك الاحترافي	4526
F-003793	- الحفاظ على سلامة محاور اللوحة	e147b3f440f314f3bc55ffdecf1730468bed45d87b8e8c3ac09ae940e1aec54d	Infographic Engine	5.10 الإنفوجرافيك الاحترافي	4527
F-003794	- الحفاظ على إحداثيات مرساة الرسم البياني	220ee9fa9bfc159260e5f3a545502e67fb91e6cf3f643aaabcec49b7e4a6b462	Infographic Engine	5.10 الإنفوجرافيك الاحترافي	4528
F-003795	- قفل مرساة الرسم البياني	c47e460b546451345991f1f4c70361966581d64fa7566fd653dcea8993c588c9	Infographic Engine	5.10 الإنفوجرافيك الاحترافي	4529
F-003796	- يجب أن يسمح تجريد القوالب على مستوى الشريحة والإنفوجرافيك بعزل المكونات، استنساخ الأقسام، وراثة القيود، المزامنة عبر المستندات	c37d9918b2fa5f3c709a1d3249eb15c80f5814e1703da0a48c80cf830f96cde1	Infographic Engine	5.10 الإنفوجرافيك الاحترافي	4530
F-003797	- يجب أن يوفر النظام لوحة ضبط بصري للتسلسل الهرمي، تراكب خريطة حرارية للكثافة، محلل للمساحات البيضاء، ضوابط لتعيين التركيز، اقتراحات لتناغم الألوان، رسم بياني لتدفق السرد	5d0ff0010684142c4b4ce933aa5339c0496a39c79f6d4d2b232bbe8abe240086	Infographic Engine	5.10 الإنفوجرافيك الاحترافي	4531
F-003798	- يجب أن يوفر النظام خريطة حرارية للتسلسل الهرمي، محلل للكثافة، متخيل للمساحات البيضاء، ضوابط للتركيز، محرر للرسم البياني السردي، قفل للقيود، نظام شبكي معياري	b44a50a6c30f7ea4b3e694d9b6bae98bd3e9205496dd135ffd72dcde74c76f62	Infographic Engine	5.10 الإنفوجرافيك الاحترافي	4532
F-003799	- محرك الرسم البياني للتخطيط (Layout Graph Engine)	b572127fba1d77368769a6e185e762fe62c0d268460709c2b36ca5a7f25fb661	Infographic Engine	5.10 الإنفوجرافيك الاحترافي	4533
F-003800	- باني الرسم البياني للتخطيط (Layout Graph Builder)	e6407a70e0791ff8faf977f02930d5bac736da868d7c310e009698cc92bd2bba	Infographic Engine	5.10 الإنفوجرافيك الاحترافي	4534
F-003801	- الرسم البياني الهرمي للمكونات	4a4e6b4a24eead08c47c89ce32f2a610bfd2b4821b0fdf2d66ad34da828c55a8	Infographic Engine	5.10 الإنفوجرافيك الاحترافي	4535
F-003802	- الرسم البياني للمحتوى الدلالي (Semantic Content Graph)	423610345182efefae0d0a610a5eddee0714394c22286ad66b6d8126a3679224	Infographic Engine	5.10 الإنفوجرافيك الاحترافي	4536
F-003803	- الرسم البياني للقيود البصرية (Visual Constraint Graph)	1be773e783889ddba6d799b2e895af4b6ddffe0e67df46cd1cbcd0a1e3a87320	Infographic Engine	5.10 الإنفوجرافيك الاحترافي	4537
F-003804	- الرسم البياني للقيود الرياضية	e4271ac0977f4cfaf1c504b0afe45ed4668b55b018e2d1d60a991034613686f3	Infographic Engine	5.10 الإنفوجرافيك الاحترافي	4538
F-003805	- محرك الرسم البياني للقيود الرياضية (MCGE)	7b6b9e9e9e4e965a96741c97dd71691104e255b6b2d2fce03edd2370e34f211e	Infographic Engine	5.10 الإنفوجرافيك الاحترافي	4539
F-003806	- تمثيل كل قطعة أثرية بصرية كرسم بياني للتبعيات والقيود	9a22deddbb39e730575b640863a582d78c984ed4e9347f842fe4e05ca37ac446	Infographic Engine	5.10 الإنفوجرافيك الاحترافي	4540
F-003807	- إعادة بناء رياضية 1:1 للوحات المؤشرات وملفات Excel والعروض التقديمية وملفات PDF والصور	aa14b2f227b0651f18650a552bbb4702ef0608730607f604191f57fe4b7d9470	Infographic Engine	5.10 الإنفوجرافيك الاحترافي	4541
F-003808	- إعادة بناء مطلقة 1:1 من الصور وملفات PDF والعروض التقديمية واللوحات و Excel	af888af4168d72c372925a696ebd8529eac59f4791f5af1fa36e458c5eba3343	Infographic Engine	5.10 الإنفوجرافيك الاحترافي	4542
F-003809	- إعادة بناء داشبورد 1:1 من Excel	36de37d2b996aba975c3944b85cb0b480792aea4a895bf87542591b1f746403e	Infographic Engine	5.10 الإنفوجرافيك الاحترافي	4543
F-003810	- إعادة بناء هندسية مطلقة من أي مدخل (صورة / PDF / عرض / لوحة / Excel)	35b4126bebfca0ad7644114efcd2541b1b7ef9f5badaa91ff60febeb8d367cf2	Infographic Engine	5.10 الإنفوجرافيك الاحترافي	4544
F-003811	- إعادة بناء استنتاجية للداشبورد	d23ae008e75bddf9a6b14df2068747275f3fe8fbde01697373efe5fef72dc7cc	Infographic Engine	5.10 الإنفوجرافيك الاحترافي	4545
F-003812	- محرك داشبورد من فئة ذكاء الأعمال (BI-grade)	40d0d9fefeaea01d755b53b6439cb418758aee596e6cc43036d060cafa565a7c	Infographic Engine	5.10 الإنفوجرافيك الاحترافي	4546
F-003813	- إنشاء داشبورد (تنفيذي + تشغيلي)	7de4158228dc0a4ee22662634216634b613ac3149b0059011fad33034092d713	Infographic Engine	5.10 الإنفوجرافيك الاحترافي	4547
F-003814	- لوحات في الوقت الحقيقي + تنبيهات	25268c37c186999d36cab3d68e6d2f063a93bb5ebe366b08dac854735c0d7d96	Infographic Engine	5.10 الإنفوجرافيك الاحترافي	4548
F-003815	- تحديث تلقائي للداشبورد في الوقت الحقيقي	24c173ff72b8cd4e0fe892eea4933262379d9ec422b91c8f9939d93c1ebef38f	Infographic Engine	5.10 الإنفوجرافيك الاحترافي	4549
F-003816	- تحويل مجموعة البيانات إلى داشبورد (اقتراح مرئيات + تخطيط)	b7059aa1b5f265de6d0d9a62aff3e1a9b18f2c4c37eb32405b47d02aa4dedd8f	Infographic Engine	5.10 الإنفوجرافيك الاحترافي	4550
F-003817	- تحويل الداشبورد إلى تقرير (دقة بكسل مثالية + سرد تنفيذي)	4e11d93e1603db525cda37590a92dd08debf1ab82230702f35e044a321738821	Infographic Engine	5.10 الإنفوجرافيك الاحترافي	4551
F-003818	- سحب حقل بيانات إلى رسم بياني للتعيين التلقائي	b94aa7593756d5164440d0a3e7045ade63dcb0396dd8529be9992445fc1f0123	Infographic Engine	5.10 الإنفوجرافيك الاحترافي	4552
F-003819	- اكتشاف نوع الرسم البياني الأمثل	d098ff5f82569506f8ff27d844e1082b1c97efa8f9943fef1c0ad7561db3c413	Infographic Engine	5.10 الإنفوجرافيك الاحترافي	4553
F-003820	- اكتشاف أنواع الرسوم البيانية (أعمدة، خطي، دائري)	ad51308531bff9fe45fc3271fd4586fd3a2890bb843efd8d70a8898dddb2daa5	Infographic Engine	5.10 الإنفوجرافيك الاحترافي	4554
F-003821	- تحديد إصدارات مستقل لكل داشبورد	a3224bbcd2975208153ff1d58796548f3ad3cf95d126f37c3b6e09b380c79aa2	Infographic Engine	5.10 الإنفوجرافيك الاحترافي	4555
F-003822	- اقتراح لوحات وسير عمل وتقارير وتخطيطات بصرية جديدة	bb854fccb30237455f820af2f40331d73a71220cd4625212c122644d3418de22	Infographic Engine	5.10 الإنفوجرافيك الاحترافي	4556
F-003823	- بناة اللوحات والتقارير والعروض (الربط المباشر أساسي)	32d947618b378bd30772dfc4aa3e88d9bd749dcfa4cba4a44ffb298d7cb21b94	Infographic Engine	5.10 الإنفوجرافيك الاحترافي	4557
F-003824	- سحب قالب وإفلاته لإنشاء تقرير/مراسلة/لوحة جديدة	cb07d75d6631c27faca038229eb2df919f30c9d2c4c91967a7b5aa6780a5977d	Infographic Engine	5.10 الإنفوجرافيك الاحترافي	4558
F-003825	- سحب حقل إلى فلتر أو محور تجميع داخل تقرير/لوحة	ebba7cf74cdddfbba39878ec9bf8c1b7138d3d9fa8aea3de628f3d2cb22aa416	Infographic Engine	5.10 الإنفوجرافيك الاحترافي	4559
F-003826	- لوحة تشغيل يومية	373d1044e9a82f45f415ad16ff00e058cbc1dd8642291f1e948758747b40d6d0	Infographic Engine	5.10 الإنفوجرافيك الاحترافي	4560
F-003827	- الاستعلام باللغة الطبيعية للبيانات (اسأل التقرير/اللوحة)	39630e7e08110fd893f2a180c127107ba307898eeecddc40d654465fe1993f23	Infographic Engine	5.10 الإنفوجرافيك الاحترافي	4561
F-003828	- مركز الإشعارات: قائمة + فلترة (مقروء/غير مقروء/نوع/تاريخ)	6e7551a02a5196ecbefc85b81a6f3fe8714d1ff7fdcd821852989f9f90e667e9	Infographic Engine	5.10 الإنفوجرافيك الاحترافي	4562
F-003829	- إمكانية الوصول: اختصارات لوحة مفاتيح + تباين ألوان + نص بديل	c61dc4b7d4b0dc1941f9f7de2dd55f9137cc3dc67643645664c0852185860741	Infographic Engine	5.10 الإنفوجرافيك الاحترافي	4563
F-003830	- تصنيف: مكون (رسم بياني / بطاقة)، قطعة أثرية (داشبورد / تقرير / عرض)	cfae9f1ad8f608e69c509e0d442b96a39de7405b0147b3044a5ed5b4fde315ee	Infographic Engine	5.10 الإنفوجرافيك الاحترافي	4564
F-003831	- عند إنشاء لوحة، يقترح تقرير وعرض مطابقين	4430c80cdb3367e2cca6f339d088b7d3b361c858a777515a5c68578d22f40f9f	Infographic Engine	5.10 الإنفوجرافيك الاحترافي	4565
F-003832	- الداشبورد يجب أن يكون للقراءة فقط	88c0d53090135e35fa483f0171c86eb0263e4a762df09b175e9d3d5ee44dd1c9	Infographic Engine	5.10 الإنفوجرافيك الاحترافي	4566
F-003833	- الداشبورد يستهلك البيانات عبر الطبقة الدلالية فقط	89291c805095ae84c0f236a6079bc65d0660a6b508cfce41474c49a1dfdd56f4	Infographic Engine	5.10 الإنفوجرافيك الاحترافي	4567
F-003834	- يمكن للداشبورد استهلاك التقارير	bf157fe7d2b624bdbf375d5a3ae96fd4cba408468d4eed8dd3bfb2589516fc29	Infographic Engine	5.10 الإنفوجرافيك الاحترافي	4568
F-003835	- الصفحات تشير إلى اللوحات	bc30d632d4f5b43187753b75b4b8fae64cc73dadd89cbac521e29ebfc0880246	Infographic Engine	5.10 الإنفوجرافيك الاحترافي	4569
F-003836	- الإشارة إلى اللوحات أو التقارير بالمعرف فقط	f72c16529514c031bd46733172b142d3c89b0cb0a11348d86432231e6509f811	Infographic Engine	5.10 الإنفوجرافيك الاحترافي	4570
F-003837	- تدقيق الرسم البياني للتبعيات	7f0d1928dfed4f3db2d42149a5b27a124543a4471e716a24e49906ff9377a229	Infographic Engine	5.10 الإنفوجرافيك الاحترافي	4571
F-003838	- استخراج الرسم البياني الكامل للتبعيات	26669c8dc856d0dc007abb1beed576140f53db066b83b55fdfb3bb9e0a9bcf79	Infographic Engine	5.10 الإنفوجرافيك الاحترافي	4572
F-003839	- محرك مقارنة بنية الرسوم البيانية (Chart structure diff)	8346e9cf3b03319ba220b3b2e52d6f7b99522bf28cf690b3aaeaa0caacb70c94	Infographic Engine	5.10 الإنفوجرافيك الاحترافي	4573
F-003840	- التحقق من سلامة الإنفوجرافيك	33015c8a3f8c71839118c1aabb6c2fc792466e40261292768c595de9b7260b6c	Infographic Engine	5.10 الإنفوجرافيك الاحترافي	4574
F-003841	- التقاط صورة للداشبورد	a218fe073972a44f8d80d75b4ccc7179956eb86f09cf2aa1f1ecb3ff16107e7d	Infographic Engine	5.10 الإنفوجرافيك الاحترافي	4575
F-003842	- عرض تفاعلي للداشبورد	eb2c1ead8a5047510e22f09a8aa179eadaacb50ad207001a0d10e6b6639fad19	Infographic Engine	5.10 الإنفوجرافيك الاحترافي	4576
F-003843	- محرك تصميم يجب أن يحسب تناغم أسلوب الطباعة	31f4b9461cb0395ac9f50ab2b2b042b17bec1dae80b65d0418a80ddc24bb0986	Infographic Engine	5.10 الإنفوجرافيك الاحترافي	4577
F-003844	- محرك الرسم البياني للتبعيات الموجهة	e99e7d60bd918df73fda5c2fa75c2bd35742d41bf8c453ebfd5a30a9ecee183e	Infographic Engine	5.10 الإنفوجرافيك الاحترافي	4578
F-003845	- محرك الرسم البياني للتنفيذ المرتب (Ordered Execution Graph)	4a636141701d36d2f614c207eadcb3e7fbaa74501bb2291a108558911928e4df	Infographic Engine	5.10 الإنفوجرافيك الاحترافي	4579
F-003846	- تحويل إنفوجرافيك إلى شريحة عرض	797978c309871cca932beca95cf967dde1e82ab9f4b6d8b0c978e52e7c58e081	Infographic Engine	5.10 الإنفوجرافيك الاحترافي	4580
F-003847	- إنشاء الإنفوجرافيك الاحترافي	ee3ffdc7ad07c56a930a498ad81848ad3093311be56e72985e4c515dd9ba3abd	Infographic Engine	5.10 الإنفوجرافيك الاحترافي	4581
F-003848	- دعم إنشاء إنفوجرافيك احترافي	6414e05c689132ef3a0d28e046926570e30e515d1f5ba2686078da6c34da34b6	Infographic Engine	5.10 الإنفوجرافيك الاحترافي	4582
F-003849	- تحويل البيانات إلى إنفوجرافيك	b282eb9f7cc2f09640aa0e44aaaffd1546136a886f6af129fec9baa0a0a72173	Infographic Engine	5.10 الإنفوجرافيك الاحترافي	4583
F-003850	- اختيار نوع الإنفوجرافيك: زمني, مقارنة, هيكلي, مراحل عملية, إحصائي, جغرافي	a31bd534d1e1f7ea5d43c2bf6e474d3a4ede6acd7c59cd9f334bf5b6a098a79b	Infographic Engine	5.10 الإنفوجرافيك الاحترافي	4584
F-003851	- حوّل هذا إلى إنفوجرافيك	379eaaa356bd158b04011ea583e626ea7864b386107bfddeb313bf01ff8f1316	Infographic Engine	5.10 الإنفوجرافيك الاحترافي	4585
F-003852	- إنشاء إنفوجرافيك	f9f0f988d457c91d323e8505b85e5db217639aacc84b3c16edd32622308a79e2	Infographic Engine	5.10 الإنفوجرافيك الاحترافي	4586
F-003853	- مكتبة إنفوجرافيك	0e076958826fa6b35aafae51219fb002fa8fbc99059d04e36d376a380faff864	Infographic Engine	5.10 الإنفوجرافيك الاحترافي	4587
F-003854	- إنشاء عروض تقديمية وإنفوجرافيك	ae255686d2ac9e656647213f39d211da85cfff862a86aa60d0f36b828603c3d1	Infographic Engine	5.10 الإنفوجرافيك الاحترافي	4588
F-003855	- مطابقة حرفية + تكيف ذكي + احترافية إنفوجرافيك	d2f18cffaee23bf4c775a3c388af6114149deb13643edc4e50fea3ffe41e9339	Infographic Engine	5.10 الإنفوجرافيك الاحترافي	4589
F-003856	- إنفوجرافيك عالمي المستوى	41e21dee7eee364990ad0359274cdbeb29abb7b87799f43491ec77c404dd0cc9	Infographic Engine	5.10 الإنفوجرافيك الاحترافي	4590
F-003857	- ذكاء إنفوجرافيك	f586c6340d0abbdc7671c7e875248f51665c48d26f6b6f7dca3d0ed738e643bd	Infographic Engine	5.10 الإنفوجرافيك الاحترافي	4591
F-003858	- بيانات JSON ↔ إنفوجرافيك	89efbaa917b4349a44bd003827198fb282895a5b63592c5f646ed79c533849ee	Infographic Engine	5.10 الإنفوجرافيك الاحترافي	4592
F-003859	- إنشاء إنفوجرافيك من بيانات	1c7fd9ca6c8f11ec94702709097fabc6e5b6bdf707bdb7537cb4115d0eeff76c	Infographic Engine	5.10 الإنفوجرافيك الاحترافي	4593
F-003860	- تحويل بيانات JSON إلى إنفوجرافيك	e218ca6f01d727c027499879c6841bdc5d1eacd51bb507ddce507d2579e2f615	Infographic Engine	5.10 الإنفوجرافيك الاحترافي	4594
F-003861	- إنشاء إنفوجرافيك احترافي تلقائياً	b307ea6ead8cd4aba483cc8ab1c54bfc0c4e9feaa661e72bb350df49624f26bc	Infographic Engine	5.10 الإنفوجرافيك الاحترافي	4595
F-003862	- تمكين العروض والإنفوجرافيك بمستوى احترافي	92351abd886e450e796ad4034b5ccbffacadffd89cb1e1240f23ed169af05b12	Infographic Engine	5.10 الإنفوجرافيك الاحترافي	4596
F-003863	- محرر الإنفوجرافيك يتجاوز مرونة المنصة	427b79844fbd21c1677e34a616da6a22ebc3b0c4f0b3d1f25ef7b388ed9c9148	Infographic Engine	5.10 الإنفوجرافيك الاحترافي	4597
F-003864	- تمكين صانع العروض والإنفوجرافيك	04d975f299ef859683f15ea1f3a88ac48d416ce7de7d349f5d3c86baeecb9be0	Infographic Engine	5.10 الإنفوجرافيك الاحترافي	4598
F-003865	- تحويل استنتاجات البيانات إلى إنفوجرافيك	56812dc8f234856c405746119bd2d384f6a738684b0b36a554c834bf74985842	Infographic Engine	5.10 الإنفوجرافيك الاحترافي	4599
F-003866	- توليد إنفوجرافيك مصور	d92d6bb363e4fe8ad165627747fe75f759780de5c3ed165511609efaadc9a2c0	Infographic Engine	5.10 الإنفوجرافيك الاحترافي	4600
F-003867	- إنفوجرافيك تعليمي	99313eb42d3b9928f77d17452c25931e1b0121e47fa48bfb6c58f4b315cb00b2	Infographic Engine	5.10 الإنفوجرافيك الاحترافي	4601
F-003868	- نشرات إخبارية بصرية	3acd176b8fd70fe368488ccabe4ef54d267bffe07a55982d7a6125f80ee72a01	Infographic Engine	5.10 الإنفوجرافيك الاحترافي	4602
F-003869	- التكامل المباشر مع Google Slides و PowerPoint كإضافة	2d5cc9a863827b5f3e333f185eda5a9df448ad1fe6876acc28ad12f872cfc71f	Presentation Engine	5.11 التكامل والأتمتة	4608
F-003870	- استيراد العروض من PowerPoint و Google Slides و Canva	8287f649df46d9cb2b5f55ad968981783c3ac9bfde2e38de589611d0ff409ab2	Presentation Engine	5.11 التكامل والأتمتة	4609
F-003871	- واجهة برمجية لإنشاء وتعديل العروض برمجياً	1054bb5eb8346ca381d6455aae01e09f86f676c7a609103732ae3afd3159cb24	Presentation Engine	5.11 التكامل والأتمتة	4610
F-003872	- تكامل مع أدوات الأتمتة	ac92f474686f1df0cb9085a953ab092bc0fca254d348ff8b78a08b2f11c1ca0b	Presentation Engine	5.11 التكامل والأتمتة	4611
F-003873	- تكامل مع تطبيقات البيانات لعرض إحصائيات محدثة	dfd4c5cbda7d253bdc03f11a647b86cbd85ba4374cc2231f3854993cb1f697f4	Presentation Engine	5.11 التكامل والأتمتة	4612
F-003874	- حفظ سير العمل كمهارة قابلة لإعادة الاستخدام	9f432e7ee049bdd694715d9eb89937bd1fd42aa3bdaa3419c218211fc6311e6f	Presentation Engine	5.11 التكامل والأتمتة	4613
F-003875	- إنشاء صفحات هبوط ومستندات من العروض	4faa9086da92e75c7e604b2984a16c7f20cb8b9bc386a40a6531a102528c9d6e	Presentation Engine	5.11 التكامل والأتمتة	4614
F-003876	- نصائح تصميم عبر الدردشة مع الذكاء الاصطناعي	8a0b5b844cd0f33d8941d208f69d19691236b32707e4e36228883e0424a7b54d	Presentation Engine	5.11 التكامل والأتمتة	4615
F-003877	- التكامل المباشر مع Google Slides وPowerPoint كإضافة	ce7cfb1d240feb2b5f016f0f168a105c85f793f8fcae4751942522a7623c3035	Presentation Engine	5.11 التكامل والأتمتة	4616
F-003878	- التكامل والأتمتة	665d4107d3c668382a7f996645fe1ffc4dd94dfc1d5808b47255fd77d4f8b2dd	Presentation Engine	5.11 التكامل والأتمتة	4617
F-003879	- أتمتة المهام.	c0f866cbd460ebb6ef8c041fa08bb0ffd9f3672885e1b148a6f1a7dd27610221	Presentation Engine	5.11 التكامل والأتمتة	4618
F-003880	- تجميع تدفقات العمل بشكل أسرع.	469e88aeef9171c5a078b056c74a387856b3f9ab31356bf1718926bdf68bdc10	Presentation Engine	5.11 التكامل والأتمتة	4619
F-003881	- اتخاذ إجراءات مخصصة لاحتياجات فريقك دون كتابة أي رمز.	90c3dc9770d3847f8517e8b7d7092e98bdca6e89c268b5e2a422b254db8e9175	Presentation Engine	5.11 التكامل والأتمتة	4620
F-003882	- أتمتة تدفقات العمل.	0d8cdaf9ab49ed2de93fbbedd141cc7d1d22eea11d38ecab99bb82118fbc91db	Presentation Engine	5.11 التكامل والأتمتة	4621
F-003883	- أتمتة تدفقات العمل بمنطق مدعوم بالذكاء الاصطناعي.	37b3198463039736a434071b943f7467e6795f0c2e080a6b8c73d68ba0f11ec5	Presentation Engine	5.11 التكامل والأتمتة	4622
F-003884	- تضمين التحليلات في أي تطبيق أو عملية أو سير عمل.	04354b031ad86d725435727c3f23d5bf7d5cdfe485051a17e67dc4d6cea395cf	Presentation Engine	5.11 التكامل والأتمتة	4623
F-003885	- تنبيهات ذكية.	1e60463ee5801b2bb9fed357ad55e0d30f636e5596b19828a2bfaf064e169a4b	Presentation Engine	5.11 التكامل والأتمتة	4624
F-003886	- بدء الإجراءات تلقائيًا.	43904fc6e413e98cc94474e7f3f17a808e4cd13005c6b65b85f694657a52f0ae	Presentation Engine	5.11 التكامل والأتمتة	4625
F-003887	- تنبيه المستخدمين إلى التغييرات المهمة في البيانات.	b5551257f7180d57494f2fe398dab11b1174ee929fffe2e4b6e83dd309300881	Presentation Engine	5.11 التكامل والأتمتة	4626
F-003888	هذا المحرك يضمن إعادة بناء أي تصميم من صورة أو ملف بدقة رياضية كاملة واحد لواحد. لا يوجد تقريب ولا تحسين ولا تفسير. إما تطابق رياضي كامل أو رفض التنفيذ.	d19f954ec67e96c78200347311619146887eecb9e7aca7284fb2583575516e3a	Replication Engine	المحرك السادس: محرك المطابقة الحرفية الهندسية الدقيقة	4632
F-003889	عند تفعيل وضع المطابقة الحرفية:	7f035d26a8dc98184ec5e492aba4059bf1756887e01c69cdcfbc58a9b60254ed	Replication Engine	6.1 المبدأ الأساسي	4638
F-003890	- جميع محركات التحسين التلقائي تُعطل	dec0c27d63e7c1f9756eacff9cf320b85944f2c64b21afd3c0eb566fdde28aee	Replication Engine	6.1 المبدأ الأساسي	4640
F-003891	- لا يُسمح بأي تحسين أو تجميل أو إعادة توزيع أو تقريب	d3d4c96b7ace3820465c8bd478aafd13bd736d7ed3179c01aaa55d61180c6dd4	Replication Engine	6.1 المبدأ الأساسي	4641
F-003892	- يتم إعادة بناء العلاقات الرياضية الأصلية بدقة هندسية	874036aa58f836b8dae63be3264da800258e53b409b61f28aa345eb19f95b54c	Replication Engine	6.1 المبدأ الأساسي	4642
F-003893	- المخرجات تُقبل فقط إذا بلغت درجة الدقة تسع وتسعين فاصلة تسعة من مئة	f37bcc089243e1dbcd56441ff7b6bd6cd51549e7574eb4627b2076a8b523708e	Replication Engine	6.1 المبدأ الأساسي	4643
F-003894	- إذا كانت الدقة أقل يُرفض التنفيذ ولا يوجد قبول جزئي	df52c71120b674b6529914359758cb5eaa3d899ff702af7919bb0b86a65640b1	Replication Engine	6.1 المبدأ الأساسي	4644
F-003895	- مبدأ منع دمج مراحل بدون موافقة	269e7cd3261510d0c8b46d926dc132e29725159f9604e978b3cb3188d17b505b	Replication Engine	6.1 المبدأ الأساسي	4645
F-003896	- عدم السماح بدمج مراحل بدون PASS	85ca167b7250133570c56d0b3401dceb6c3e1cbd5c5a468e8a44599706e474d0	Replication Engine	6.1 المبدأ الأساسي	4646
F-003897	- منع دمج كل شيء دفعة واحدة	020ae2b578cd34b489f4d83c837485b7229cf0b7d3090e852050c89005d7af9f	Replication Engine	6.1 المبدأ الأساسي	4647
F-003898	- عدم السماح بدمج مسبق بدون ضبط قواعد	5f923bde1b8cdad786141bcaf056a7cf245e8ac22d5dc73dae5c0d5879380682	Replication Engine	6.1 المبدأ الأساسي	4648
F-003899	- منع تدهور الأداء وعدم كسر الحتمية وعدم خرق العزل	4e00e76547b05959944146991abc02e0f6718af76a3eb93e5f2b186313896115	Replication Engine	6.1 المبدأ الأساسي	4649
F-003900	- تحكم دقيق تشغيلي لمنع تجاوز الموارد	e71b5ce38ef49979b623bd899d7ff242325fa1947546bb2093018197f2150f74	Replication Engine	6.1 المبدأ الأساسي	4650
F-003901	- هيكل حوكمة هرمي واضح يمنع الفوضى	76135060dc4e88661d49aae2cfff79d1eaa0852f19db679e78ea7dcf7ab7ba2c	Replication Engine	6.1 المبدأ الأساسي	4651
F-003902	- نموذج دستوري للتحكم في التنفيذ	68ce84054cc3332b247fc297eca080083f289a6c0a13512da8a7c9dc609f88f5	Replication Engine	6.1 المبدأ الأساسي	4652
F-003903	- تحديد سقف أعلى للموارد لكل Tenant	0eea6381c196eaac05bbe5d7c7829c91278a7729f73372ace65cef061d19fd5e	Replication Engine	6.1 المبدأ الأساسي	4653
F-003904	- دعم وضع HYBRID وOFF وPROFESSIONAL للتحكم في الموارد	4c65991cb6bf1d5c178388d9dba7f4ae656be8b4fd9813ac339faba5c6139b93	Replication Engine	6.1 المبدأ الأساسي	4654
F-003905	- إدارة الصلاحيات عبر السحب والإفلات لمنح الأدوار	f0b6b4b4366920273fa8311bc84ce5ce1554d65bbe84981bf3c6fb01e688752b	Replication Engine	6.1 المبدأ الأساسي	4655
F-003906	- تفعيل سياسات رؤية بيانات الأقسام عبر السحب والإفلات	816f16683eb627f0d4bc8b8c1a0f6f72d1928203ef90eeb5bec8fa49c8a04989	Replication Engine	6.1 المبدأ الأساسي	4656
F-003907	- نظام كشف الانحرافات المعمارية تلقائياً	f6eb5b3fb21790fe974a24af2855ec5b4f478ca87bce3118b7612c211775103a	Replication Engine	6.1 المبدأ الأساسي	4657
F-003908	- كشف الانحرافات البصرية تلقائياً	8f12ceda2c97860950c80c40c51277a8663980eda7b8beaf17549c3c545a1ce2	Replication Engine	6.1 المبدأ الأساسي	4658
F-003909	- قفل الطباعة	8768a3d58a1557f62d7f03e6c38ad2cfcbe1e4ad2bb482aaa20e2ff3a5c29d7d	Replication Engine	6.1 المبدأ الأساسي	4659
F-003910	- المبدأ الأساسي	c4c21283aa2bcdc237a8e373056472cf17d234c070bdc91236c68027059548e8	Replication Engine	6.1 المبدأ الأساسي	4660
F-003911	- المبدأ الأساسي لقفل الطباعة	999e8371da90e0a663b65acfead07894056ea9fe552b87f87511a1a882985f60	Replication Engine	6.1 المبدأ الأساسي	4661
F-003912	- منافس لـ PowerPoint	17f1ed29244312ef9b97e6ab05025c4d8f48ebea6e32b3957bd6de456b85c52c	Replication Engine	6.1 المبدأ الأساسي	4662
F-003913	المطابقة الحرفية تشمل جميع أنواع المخرجات:	ca8a9735fe2a8564e45e6a81654700b8dcfc8600ee00839e7650ca37b151431a	Replication Engine	6.2 نطاق المطابقة	4668
F-003914	- لوحات المؤشرات: إعادة بناء لوحة مطابقة من صورة	082143c0ac19c4f7da7dd5f2e1c9dd5cbb6cd18e7af7e4ec51c36d9c8c043e21	Replication Engine	6.2 نطاق المطابقة	4670
F-003915	- ملفات Excel: إعادة إنتاج بدقة البكسل	6c99cc1dd047e47d064479ccf4b52fcde20d0ad2e6e50c5246b185bd55b4247f	Replication Engine	6.2 نطاق المطابقة	4671
F-003916	- العروض التقديمية: نسخ هندسي لكل شريحة	cd64079ecc00daffba336d40e323f17aa807f3a8e1ab80368c5e5d136214a18d	Replication Engine	6.2 نطاق المطابقة	4672
F-003917	- التقارير PDF: إعادة إنتاج بنفس التخطيط والألوان	e5a9fe19bbecfb2736f363bad8f75a891d9d325f790ab7baf2f382870ff8d2bd	Replication Engine	6.2 نطاق المطابقة	4673
F-003918	- الإنفوجرافيك: مطابقة كاملة للتوزيع والألوان	060832369d70d81a88a519f3313ebe6baa1af3628279a4e208a336631c713ccf	Replication Engine	6.2 نطاق المطابقة	4674
F-003919	- نطاق المطابقة	f8a395db03bfcf22e6f762030e99c786e01fc5518ef157a33842a28fb7de614f	Replication Engine	6.2 نطاق المطابقة	4675
F-003920	المرحلة الأولى: الالتقاط البصري	bdcc8f9db7fcf8777b428f1d2c25eff967df37c997257705b6e8558f3e12e9b6	Replication Engine	6.3 مراحل المطابقة	4681
F-003921	- استخراج خريطة البكسل الكاملة بدقة بكسل واحد	7ef9a95e67f5db7ebbee23e94a66f20853cd9e2ce8ab6c1874b3b1cd4092c2fc	Replication Engine	6.3 مراحل المطابقة	4683
F-003922	- إنشاء بصمة بكسل	9dca32beee74ce7c6bdfc9ce5eb06adaed05713986f4c6cd2e56a9921c582644	Replication Engine	6.3 مراحل المطابقة	4684
F-003923	- كشف الحدود والمناطق وخطوط الشبكة	b41428d22b22ba305fbc068c29c7171a6b600d072d82721eaef9632dc933e97a	Replication Engine	6.3 مراحل المطابقة	4685
F-003924	- فصل العناصر: نص وصورة وأيقونة وجدول ورسم بياني وشكل	e99733d315cfbe3f5a262e1549c1c0665fc6994758910ff18e12b3061ac5c337	Replication Engine	6.3 مراحل المطابقة	4686
F-003925	- تحديد الحدود فقط دون تفسير	0a2bec3aab1a4660c1da1f9413fa7dd2d66d6fcb9ecd2cb2588d6ef45b6e6161	Replication Engine	6.3 مراحل المطابقة	4687
F-003926	المرحلة الثانية: إعادة البناء الهيكلي	469b3b25f2a864af68b7f5891139453054b0ad1abff0a62ea38ce29895200522	Replication Engine	6.3 مراحل المطابقة	4689
F-003927	لكل عنصر يتم تسجيل:	b53a186ae20d9decbbe4b3911a37eb91e8947a27b45192eaa883385efc1fe6d8	Replication Engine	6.3 مراحل المطابقة	4692
F-003928	- الإحداثيات المطلقة والأبعاد والطبقة والدوران والشفافية	0efa77b3439919611ba7127aaf65b01cc6a71fe2aa4abfefe89b6c70d81a264d	Replication Engine	6.3 مراحل المطابقة	4694
F-003929	- سمك الحدود ونصف قطر الزوايا وظل العنصر	1e35019ac8875fb67cfc416a235ebf0f79cfeb16fecc4f4fb34f01c8f1b790ed	Replication Engine	6.3 مراحل المطابقة	4695
F-003930	- الحشو والهامش وارتفاع السطر وتباعد الأحرف	2b92dd80d6e60e5dbc5ee0d94085236ac4a42fd01e428c1efd53a0955fb35bde	Replication Engine	6.3 مراحل المطابقة	4696
F-003931	- وزن الخط ونسبة حجم الخط إلى الحاوية	94d2d649b8aa0e771926aff111e4027074016c0820d4c43e7ddcd1a9ca6fd0b7	Replication Engine	6.3 مراحل المطابقة	4697
F-003932	ثم يتم إنشاء مصفوفة قيود مكانية تمثل العلاقات الرياضية بين جميع العناصر. أي فرق لاحق يعني فشل المطابقة.	700549ccd15a4db74a5972ea30861531b21e538bc6e6d6090fc0de166d882409	Replication Engine	6.3 مراحل المطابقة	4699
F-003933	المرحلة الثالثة: البصمة التخطيطية الرياضية	6c343f4746292186c910b8dea9ed27eb0dfd0464394cd0800926adc59e8d370f	Replication Engine	6.3 مراحل المطابقة	4702
F-003934	- حساب نسب الأعمدة والمسافات النسبية	56ad4a56e88f10df607979ceaaae1db7b0bbe1d1b69ea76ab4f724fca42d1f43	Replication Engine	6.3 مراحل المطابقة	4704
F-003935	- حساب نسبة المساحات البيضاء وتوزيع التباين	f7f4cb9a98e150b629aea31cfd1b9f965839cba3a018caee9af2ebef6fa6f9e0	Replication Engine	6.3 مراحل المطابقة	4705
F-003936	- حساب وزن الخطوط ومحاذاة كل عنصر بالنسبة للصفحة	13aec730c2c47c9eabacb6b7e5ee2ebed6cf333346dc78982c81332b75c72cc2	Replication Engine	6.3 مراحل المطابقة	4706
F-003937	- تخزين البصمة كمعادلات رياضية تُستخدم لضمان المطابقة	970440d04c0cb8e38b186925af4ad0035b0210cb317f1227900c9f1274b04d5f	Replication Engine	6.3 مراحل المطابقة	4707
F-003938	- وضع نسخ صارم مطابق رياضياً	186773bdf251c37f041dc42653dd957b897dab4e2a964d238fa8ba33d81fc083	Replication Engine	6.3 مراحل المطابقة	4708
F-003939	- دعم وضع نسخ صارم مطابق رياضياً	483fd6aae349915f53a9ac4aa1f57ec9944b8fc3777d0cc7f5225fde8068ad29	Replication Engine	6.3 مراحل المطابقة	4709
F-003940	- دعم وضع نسخ احترافي محسّن	d8eabba155b3708b6709d4f885bf8a49883db0d5ac47a316afef3db54e1a0114	Replication Engine	6.3 مراحل المطابقة	4710
F-003941	- الوضع الصارم اختياري ويخضع لسياسة الجهة	9b1964f97be334cfc01c911939f984079819314c078fb258f83d56337ce7abb3	Replication Engine	6.3 مراحل المطابقة	4711
F-003942	- تشغيل وضع STRICT أو PROFESSIONAL	6f9260982a77f8ac73d18d1fd145e3c19a330d31e1f2cbf695cabb7317056dc2	Replication Engine	6.3 مراحل المطابقة	4712
F-003943	- اختيار STRICT أو PROFESSIONAL أو HYBRID	4b875a4c40499dd0caf2317fa2b1cf4fe49ed7b2b9e1ca0d303f9cba923a74e8	Replication Engine	6.3 مراحل المطابقة	4713
F-003944	- تنفيذ STRICT أو PROFESSIONAL بذكاء	5bb19426a58e3c1026cf69b030b3f69a81e358f489ca082420f3d6a9b00518d1	Replication Engine	6.3 مراحل المطابقة	4714
F-003945	- مساعد وربط MCP	73940436fc70284a10fd13370a0c0d05e2dea626d0dbf4b5a7d53e3587d57aab	Replication Engine	6.3 مراحل المطابقة	4715
F-003946	- مراحل المطابقة	a72e0716100ce0e65bf6df965a9757546de5c0cf6d4d8b7a6e32f73bee3cd830	Replication Engine	6.3 مراحل المطابقة	4716
F-003947	- اكتشاف نوع كل عنصر: بطاقة مؤشر أو رسم أعمدة أو جدول أو فلتر	43951afb6d86903cefbf429a95dae37df3904f2852099df4c17276774fe640dc	Replication Engine	6.4 مطابقة لوحات المؤشرات من صورة	4722
F-003948	- استخراج محاور الرسوم ونقاط البيانات وخطوط الشبكة	779720f2bb52ad016034f6d4d7c53a40a57554c0fb3583bc34e0751b04ddb7cf	Replication Engine	6.4 مطابقة لوحات المؤشرات من صورة	4723
F-003949	- الحفاظ على أبعاد حاويات العناصر ونفس الحشو	077782988fb7baff40efc6a63136aaad9904d6cc35eb1d6259bc8e91d712e170	Replication Engine	6.4 مطابقة لوحات المؤشرات من صورة	4724
F-003950	- الحفاظ على نسب عرض الأعمدة وزاوية بداية المخطط الدائري	2c468372e9eb548fe4612068d50e4f02c0ede70396c63310935dd59550b25fd5	Replication Engine	6.4 مطابقة لوحات المؤشرات من صورة	4725
F-003951	- إعادة ربط البيانات الحقيقية بالهيكل المستخرج	80def4482b692ec97953596447b539fceed4620acd1777112f7d761a2a768d73	Replication Engine	6.4 مطابقة لوحات المؤشرات من صورة	4726
F-003952	- تعطيل أي تجميل تلقائي للرسوم	c0a45080c1f975361b9884d393504aa618234e47dbcb4a0fb2f383e3776b5c98	Replication Engine	6.4 مطابقة لوحات المؤشرات من صورة	4727
F-003953	- مطابقة لوحات المؤشرات من صورة	297aa1cf6bd37a8a1016c5e542bbaab373b4b4a08155259b74f2a41f2eef5e7f	Replication Engine	6.4 مطابقة لوحات المؤشرات من صورة	4728
F-003954	- استبدال الخط ممنوع في وضع المطابقة	22975616850e81200d5f3831f023c128759f89edb08c96a729fc4e9ee43ab83b	Replication Engine	6.5 قفل الطباعة	4734
F-003955	- إذا لم يتوفر الخط الأصلي يُضمن أو تُحول الحروف إلى مسارات متجهة	72f70fa8d35d27ceb0e3b2b9ed0c3ac1f53853fb17946d6e30406bfd401f1405	Replication Engine	6.5 قفل الطباعة	4735
F-003956	- الحفاظ على جداول المسافات بين الحروف وخط الأساس وارتفاع السطر	ef8684da013a3b2b2d9d43d44c6792ded476f7747d8b60a48d5b4b52a6d24678	Replication Engine	6.5 قفل الطباعة	4736
F-003957	- قفل الشرائح لحماية المحتوى من التعديل	69d9d36e21601d2567ef1f99a28d5c5d90e622b53413babfb8e7c83541b1b014	Replication Engine	6.5 قفل الطباعة	4737
F-003958	- شرائح مقفلة لحماية المعلومات الأساسية وتحديثها مركزياً	49705a1eee665e2db5529f8173c03c22e963d6611260dcfa67f89fb160d3e99d	Replication Engine	6.5 قفل الطباعة	4738
F-003959	- قفل الإحداثيات المطلقة للعناصر	f450ebc27fdf4aefd78c93e27d949b5bbf01e02f85191258a28d9f3320481e73	Replication Engine	6.5 قفل الطباعة	4739
F-003960	- قفل مصفوفة القيود الهيكلية	7ea57aa3894d8a6b2491ac88f492d2e1d386ef30912726f262613841c2de0ea6	Replication Engine	6.5 قفل الطباعة	4740
F-003961	- قفل هندسة الجداول المحورية	de615dbafc92a9d14ba251c812bf546328a5b094ecae316b6384dcb7040caaf2	Replication Engine	6.5 قفل الطباعة	4741
F-003962	- قفل المعمارية والتكنولوجيا لضمان عدم الانحراف	5cdaf25b86dd6114d855c664cf442cfb32c41dd9b4a90f391118d5eed1a81626	Replication Engine	6.5 قفل الطباعة	4742
F-003963	- بوابة التحقق المزدوج	8e5e571785ce58aa26d35ac8a99ff1336101ffcbae69c74d2f9f0ca730cbb108	Replication Engine	6.5 قفل الطباعة	4743
F-003964	- قفل الطباعة	8768a3d58a1557f62d7f03e6c38ad2cfcbe1e4ad2bb482aaa20e2ff3a5c29d7d	Replication Engine	6.5 قفل الطباعة	4744
F-003965	كل مخرج يمر بفحصين إلزاميين:	e1d0eb2505a9de5e85cecd3bb9190ff5817df5a16784b217d13229fb3dbf6c8e	Replication Engine	6.6 بوابة التحقق المزدوج	4750
F-003966	- فحص فرق البكسل: الانحراف المسموح أقل من واحد على عشرة بالمئة	90a8d7c4cf77e67a1a4c65feae3b46cf576a628ce5059f963b52b30c98638b22	Replication Engine	6.6 بوابة التحقق المزدوج	4752
F-003967	- فحص البصمة الهيكلية: التشابه يجب أن يبلغ تسع وتسعين فاصلة تسعة من ألف	f00cd8955df310ab774e11143eecf599a3273a49762f74ce68d6ba4338d473f9	Replication Engine	6.6 بوابة التحقق المزدوج	4753
F-003968	- الفحصان إلزاميان معاً: نجاح أحدهما فقط غير كافٍ	36054692472a5fd1bd119d4f9cbe8bfac79ebff9ff249a3ddcf650c4e4257b34	Replication Engine	6.6 بوابة التحقق المزدوج	4754
F-003969	- رفض تلقائي لأي إخراج أقل من ‎0.999‎ في المطابقة	bc42431f310f62e75beb82ab7fd5b779d1d42d26e4f47a8f7f4ca512e2dd7fcc	Replication Engine	6.6 بوابة التحقق المزدوج	4755
F-003970	- تحقق مزدوج: بكسل + بصمة هيكلية ≥ ‎0.999‎	d3b3de2bc4cb9d6fb1ceee1cae568c7b4c1a4869cd120a763a88b98c3c4b50eb	Replication Engine	6.6 بوابة التحقق المزدوج	4756
F-003971	- حساب بصمة تخطيط لكل مستند	c0c1ca63445cc0a390c92015c6c7ba04b552a09017104726f04dd16d36903b8a	Replication Engine	6.6 بوابة التحقق المزدوج	4757
F-003972	- مقارنة بكسل-بكسل	0e030fdd7b6336f1753cb54e94f59a720987a62a95acdbdc21a3a2c01419d6d9	Replication Engine	6.6 بوابة التحقق المزدوج	4758
F-003973	- كشف أي اختلاف غير مقصود	70cfe217ee67f4516a81fe62b075560182c10ed366f95993b1c6241e8a000255	Replication Engine	6.6 بوابة التحقق المزدوج	4759
F-003974	- تحليل أسباب الانحراف عن الخطة	d0ea4f97474f4409be9a429c0015dbdfc8caab1184ae1685ba289eb56bb60901	Replication Engine	6.6 بوابة التحقق المزدوج	4760
F-003975	- حساب بصمة تخطيط للمستند	6e4b9a59651ff3c06842fea883632a78f0c2a66fa13b3c5db4ad3a811b767acd	Replication Engine	6.6 بوابة التحقق المزدوج	4761
F-003976	- مقارنة بصرية بكسل-بكسل	f6424d0254a5b512126987ae87110097943daa19cb76cefa9b5f19bfdbedd736	Replication Engine	6.6 بوابة التحقق المزدوج	4762
F-003977	- إعادة إنتاج بصري مطابق بنسبة شبه كاملة	776820dd036a8ba87e29a3d5a1ecb796c87f612a398287003f12e210b1c97d87	Replication Engine	6.6 بوابة التحقق المزدوج	4763
F-003978	- مطابقة دقيقة لمواضع العناصر	cc0686e9821168b5e6702104c2dc475b4333471e5d96dd0d9adf59728198516e	Replication Engine	6.6 بوابة التحقق المزدوج	4764
F-003979	- الحفاظ على الهوامش والمسافات	091cf3a77802328898f80683ba46578cbf7ac71417fbcbb8097f8ea5f2a6bd1e	Replication Engine	6.6 بوابة التحقق المزدوج	4765
F-003980	- مطابقة الجداول المعقدة	493b9ffcfba79b728b6d245c9da715459b565c85557d7baa51ea6c62a2dc93a9	Replication Engine	6.6 بوابة التحقق المزدوج	4766
F-003981	- إعادة بناء المخططات البيانية	0479d59b6c4cd47f41a75bdd93065604c83fd95e9aa76a242c402814911e585a	Replication Engine	6.6 بوابة التحقق المزدوج	4767
F-003982	- الحفاظ على طبقات العناصر	16d79d6b78959fdb4692803755ddd99435d6f8de0e5efba1c13a1f46d4a4d662	Replication Engine	6.6 بوابة التحقق المزدوج	4768
F-003983	- التحقق من عدم وجود فقد بيانات	b87b59f324b4dad6a23f465c45822048eab59e87ca2dcb02ae461cf1be1c6da3	Replication Engine	6.6 بوابة التحقق المزدوج	4769
F-003984	- الحفاظ على الروابط الداخلية	4db15ad723dff44cb1bd40a44f0075e85f7a2cbc48d6c61fb52263c672d6c8eb	Replication Engine	6.6 بوابة التحقق المزدوج	4770
F-003985	- الحفاظ على بنية العناوين	7a95496ac47ee8cc0c9d4180060eb803f27b565a56ec7ed6929115b12beed590	Replication Engine	6.6 بوابة التحقق المزدوج	4771
F-003986	- الحفاظ على نسب العرض والارتفاع	7b897f7010f9a62a50ec9420135298dccf3cc52840eabddae5674ca69c4963d5	Replication Engine	6.6 بوابة التحقق المزدوج	4772
F-003987	- إعادة إنتاج بصري مطابق بنسبة عالية	d5bbac475decc7c42c60089e0e1de99d1fd4966305feda3bf4a25350a6d561cc	Replication Engine	6.6 بوابة التحقق المزدوج	4773
F-003988	- مطابقة حرفية 1:1 بالكامل	8a43207c24f73fd964f911169ae42867cef20e724fe18d1770dd63ba58476b91	Replication Engine	6.6 بوابة التحقق المزدوج	4774
F-003989	- إعادة إنتاج مطابق حرفياً 1:1 دون أي اختلاف بصري	81474ee0e450d71fa7921c8c3e49d8bcd5024ff7cb1a8766e128a1b9a82f0cb1	Replication Engine	6.6 بوابة التحقق المزدوج	4775
F-003990	- المطابقة الحرفية 1:1	bd3477197c70c94935ce46681492fa2d4fee638ded198edd136be540e17076aa	Replication Engine	6.6 بوابة التحقق المزدوج	4776
F-003991	- تحويلات مطابقة حرفياً 1:1	da41b79bf0cb35c5fbeb8828bcaae9f03fe67d4275ebff60307448bbe6defafa	Replication Engine	6.6 بوابة التحقق المزدوج	4777
F-003992	- مطابقة حرفية كاملة إلزامية	bb0d5fa3b25a17f32a81126d4971f8fb7d52e0181c2ba2118f65f3edcbcc2733	Replication Engine	6.6 بوابة التحقق المزدوج	4778
F-003993	- تحديد مستوى النسخ المطابق لكل طلب	9a7c298fe7ef1c1c1d42d3a6b4566416aade35d4d53ab1ed52be985684a6d5fc	Replication Engine	6.6 بوابة التحقق المزدوج	4779
F-003994	- إعادة بناء رياضي للبنية الهيكلية للمستند	36b98cd8354f54ad83bf538b85d6d47bd5889beb6850ef9545a4053ed8e38369	Replication Engine	6.6 بوابة التحقق المزدوج	4780
F-003995	- انحراف بكسل لا يتجاوز ‎0.1%‎	148aca764b19aa31383205b79e52e60e6f547eb9599d616d16f7025f6676fa86	Replication Engine	6.6 بوابة التحقق المزدوج	4781
F-003996	- تطابق بصمة هيكلية ≥ ‎0.999‎	f7289cc81099e6c869226aaa11204262518cfb311fb1ec66cce7b712d3dace56	Replication Engine	6.6 بوابة التحقق المزدوج	4782
F-003997	- تعطيل أي تحسينات تلقائية في الوضع الصارم	f3ec24fd72812dfd4fd67e478b95a64926b33214ad62a7d37236d087fbe17844	Replication Engine	6.6 بوابة التحقق المزدوج	4783
F-003998	- تضمين إلزامي للخطوط الأصلية	0fbe6b874e9fa377433e8f4efa8033bae1a57238531db472357a6254370386c0	Replication Engine	6.6 بوابة التحقق المزدوج	4784
F-003999	- الحفاظ على هندسة أوراق Excel	cb82b114a3ef260c07fd3c98c24dca736a17147bb0d800c0effec168337c9125	Replication Engine	6.6 بوابة التحقق المزدوج	4785
F-004000	- الحفاظ على محاور لوحات المعلومات	1fca3a9c0bf0f8e93426363a6b59821c817a8c630b7495321e3adcede3b0f4ed	Replication Engine	6.6 بوابة التحقق المزدوج	4786
F-004001	- الحفاظ على كثافة المخططات	7379a248c096af08f730c7ec1388cacc36b5f5e5a0f7e25a6b130e645dbd4259	Replication Engine	6.6 بوابة التحقق المزدوج	4787
F-004002	- استنساخ القوالب الرئيسية للعروض التقديمية	09655bf2faa12984870ed1e333c6a9e8a2d1b92cff7aa08323e65cc717214aec	Replication Engine	6.6 بوابة التحقق المزدوج	4788
F-004003	- الحفاظ على هندسة SmartArt	38eb4bb171bf36dc39ece22777e5d06683c1e466722ea2ff6842e37bb7ee6e25	Replication Engine	6.6 بوابة التحقق المزدوج	4789
F-004004	- عدم تعديل البنية الأساسية في أي وضع	37744d8fb0085dd991c7abbd3924904222b9d6c377f9aeb714e41d60d640ecca	Replication Engine	6.6 بوابة التحقق المزدوج	4790
F-004005	- انحراف عددي لا يتجاوز ‎0.000001‎	a520479c4bca842880a8e920b8f86286ecdf1b5f707575669b7e8ec174f1b049	Replication Engine	6.6 بوابة التحقق المزدوج	4791
F-004006	- حفظ إحداثيات X/Y بشكل مطلق	026aa4620c2b1dd1c21a4278bcb4650b3e432001cc9525d2d0c5ebd06a1162ce	Replication Engine	6.6 بوابة التحقق المزدوج	4792
F-004007	- قفل مصفوفة القيود الهيكلية	7ea57aa3894d8a6b2491ac88f492d2e1d386ef30912726f262613841c2de0ea6	Replication Engine	6.6 بوابة التحقق المزدوج	4793
F-004008	- تضمين إلزامي للخطوط	6eeb414c80a6ff1328dd43102f1f7c45c4cae58472b891b1230f648f92d6b941	Replication Engine	6.6 بوابة التحقق المزدوج	4794
F-004009	- تعطيل أي إعادة توزيع أو تحسين	0a6b68badfdf29106d6085fd8daad6e703e8875e12b0335e84119a581468dd97	Replication Engine	6.6 بوابة التحقق المزدوج	4795
F-004010	- تعطيل أي تحسين جمالي مدعوم بالذكاء الاصطناعي	c4e46976e1ad1db9e3cf8eec7cad6478f6f9b5a5bfd1e6c252bd5486e7651401	Replication Engine	6.6 بوابة التحقق المزدوج	4796
F-004011	- انحراف عددي > ‎0.000001‎ مرفوض	320c0651a7f2bff3d8215f2693200bc31b44d4748c8217bdfca9dd8134ac14b2	Replication Engine	6.6 بوابة التحقق المزدوج	4797
F-004012	- النسخ الصارم ينتج مطابقة 1:1	ff58c69a580548ca279300f7c7b0bdff36d8533c4568868108fe3ec9100feaed	Replication Engine	6.6 بوابة التحقق المزدوج	4798
F-004013	- مطابقة تصميم من صورة	a7eba9b2749a074272f957d598bed49d1447179b50fe080a65a7e626d839d3ef	Replication Engine	6.6 بوابة التحقق المزدوج	4799
F-004014	- مع تكييف ذكي دون كسر المطابقة	dc44dd9a8bddd26cab8b1c8f6753876903b24755563223a75590cb71d04caf61	Replication Engine	6.6 بوابة التحقق المزدوج	4800
F-004015	- البنية المطلوبة لتحقيق مطابقة 1:1	ce9b65bd0b0274855a985b632b70e6d1339bbcaba3ac55aa8c617edd38aa26cf	Replication Engine	6.6 بوابة التحقق المزدوج	4801
F-004016	- مطابقة من صورة مباشرة (Image → Editable System)	e45de76ac87581942e7fbca004115d0435e768d687628ec5b780aff03a4d437f	Replication Engine	6.6 بوابة التحقق المزدوج	4802
F-004017	- إعادة بناء هندسية رياضية كاملة من أي مصدر مع قدرة تعديل البيانات واللغة دون كسر المطابقة	f11a7b3aa175cf9ebf56aab5318c5ce1acb2368a3361bc140abeac7e3fb37b74	Replication Engine	6.6 بوابة التحقق المزدوج	4803
F-004018	- مطابقة 1:1 رياضية	a25177eb0c54565fae0175bc971a6c772c957dd467dabeba583c944b86c57ca5	Replication Engine	6.6 بوابة التحقق المزدوج	4804
F-004019	- أي إعادة بناء يجب أن تطابق fingerprint ≥ 0.999	4019eca1037ec39c02309bd525a7155434f0fbfdc98e77226aa1a1be3ccf591e	Replication Engine	6.6 بوابة التحقق المزدوج	4805
F-004020	- يحافظ على نفس geometry	2faad2577aab089b36e2762b6cfd1cc2e9f2c823e93273a04badfbcf97964bb0	Replication Engine	6.6 بوابة التحقق المزدوج	4806
F-004021	- الحفاظ على مطابقة هندسية مطلقة	763e5e1533e9cc66d5bf962f8833beecc2ad2a721316b0e53e02e2d53a274fc5	Replication Engine	6.6 بوابة التحقق المزدوج	4807
F-004022	- بوابة التحقق المزدوج	8e5e571785ce58aa26d35ac8a99ff1336101ffcbae69c74d2f9f0ca730cbb108	Replication Engine	6.6 بوابة التحقق المزدوج	4808
F-004023	- مقارنة نسخة قديمة وجديدة	610a96712f4dc1bc300cd018a61ab78a4ba1d959b64db6fde6938e7e632a25b0	Replication Engine	6.6 بوابة التحقق المزدوج	4809
F-004024	هذا المحرك يتجاوز مجرد عكس الاتجاه إلى تعريب احترافي لغوي وطباعي وبصري متكامل.	3fb395809434bf5b02dd491554db7cdfcb10bb3c164db5c705962a7a9a77c3be	Localization Engine	المحرك السابع: محرك التعريب الاحترافي المتقدم	4815
F-004025	- الترجمة ليست حرفية بل تطبق خرائط دلالية متخصصة بالمجال	b69255eff27e1804db43af58c9feec6bc22016e45f2cf7f318198b3bb3fb2207	Localization Engine	7.1 الذكاء اللغوي	4821
F-004026	- المصطلحات التجارية تتبع قواعد العربية الفصحى المهنية الحديثة	51db4967603ea74be54443a22dd4ac3d527d3b6d1c83ab660aa0dc13456851c7	Localization Engine	7.1 الذكاء اللغوي	4822
F-004027	- المصطلحات التقنية تحافظ على المصطلح الدولي المعترف به عند الملاءمة الثقافية	43698476ece9b77726e89a5f135a770552caad0dcb31743a33b47ae92af809e4	Localization Engine	7.1 الذكاء اللغوي	4823
F-004028	- تكييف النبرة حسب المعايير المهنية: رسمي أو تنفيذي أو حكومي أو تقني	96d8bab6597c4038b6920f00ed81d9713041265ffbab0e71a3f8785f73077054	Localization Engine	7.1 الذكاء اللغوي	4824
F-004029	- تحسين جودة الترجمة السياقية	b0f8d5df7af81a1fd1e680c3574c9a730ea1c2260f760ed97b369be2ca625cf2	Localization Engine	7.1 الذكاء اللغوي	4825
F-004030	- سجل مصطلحات أعمال	b7f63188c238334ef8e41f6b028d1d4e345dc0c8860c489dee53e6b21e88457e	Localization Engine	7.1 الذكاء اللغوي	4826
F-004031	- شريط أوامر عام يقبل الأوامر باللغة الطبيعية	1ef4574e39076ad35ea73ad297b616cd6a331b3585680bb737ace53f9578ab36	Localization Engine	7.1 الذكاء اللغوي	4827
F-004032	- الذكاء اللغوي	4184e9c2c35f508f4058a9d56c31dd03ea79819a5ce54f17e27f3cec10dfa956	Localization Engine	7.1 الذكاء اللغوي	4828
F-004033	- تفسير أسئلة المستخدمين بلغة طبيعية	3776db92a26e3bde923a14d4d9735a65fdb5e32c057a374fbe6701e44efdcb6f	Localization Engine	7.1 الذكاء اللغوي	4829
F-004034	- تنبيهات آلية	31a6ab6989a83e2955ba667b64690fc73a4d4c0a02641c4e1145833e31472da7	Localization Engine	7.1 الذكاء اللغوي	4830
F-004035	- تحليل تنبؤي	07d7e543abe8cc8aaea1df18f22597b19618423fb8683032bc5e6eee0d74af8f	Localization Engine	7.1 الذكاء اللغوي	4831
F-004036	- توقع المبيعات	afaef2270711253034fc1a1669d5e60ff26cf28cbdb3cc0e474f403f9521e50f	Localization Engine	7.1 الذكاء اللغوي	4832
F-004037	- تحليل الاتجاهات	8d15c55944249b214b3aa6d9339dd892ffa4e4407496661436bfa15421d987e1	Localization Engine	7.1 الذكاء اللغوي	4833
F-004038	- تنبيه في حال تجاوز حد معين	7d501e3798a77542c4094d1f26457a3a78aca15c1366e47a0b0f051c8dda6f08	Localization Engine	7.1 الذكاء اللغوي	4834
F-004039	- توقع نتائج مستقبلية	66d977287136ce2558e6ab8f24551744df165b9f4a2f830c613a27cf234f2072	Localization Engine	7.1 الذكاء اللغوي	4835
F-004040	- بناء نظام تنبؤ شهري تلقائي	a916f3488132d98b40a91eb7325e425277efc54d46bd3079824f86cf27d72d90	Localization Engine	7.1 الذكاء اللغوي	4836
F-004041	- ذكاء استباقي (Proactive AI)	49a3c1a05b628aff2aa537d0ccd143fddc0d4c04820f21e147709d18caa07c6f	Localization Engine	7.1 الذكاء اللغوي	4837
F-004042	- ذكاء تنبؤي متقدم	189fe3b2a61d9b1060b57ac0e2679721e0e43435582265199b61355ba2f02ff1	Localization Engine	7.1 الذكاء اللغوي	4838
F-004043	- توقع أداء مستقبلي	66a691518662b35fbc9ed9c6a4586d61d7f87a97b71eefde4b6b6ffcc7e0e7a4	Localization Engine	7.1 الذكاء اللغوي	4839
F-004044	- محاكاة سيناريوهات	0c12057e23bd4bac79a9e4a39ab7c0265b1539f3257db863b47da01c709b516a	Localization Engine	7.1 الذكاء اللغوي	4840
F-004045	- تصور مستقبلي متقدم جدًا	67e1371fd679f2321a7ae03dbd4acaff9d9dd40593bbd5f08756c7375d63a5ae	Localization Engine	7.1 الذكاء اللغوي	4841
F-004046	- إرسال تنبيه عند تغير كبير	70855cc190de3964c847bc5a2c6d398d7427194374a6ae65f55848c6c56a88d7	Localization Engine	7.1 الذكاء اللغوي	4842
F-004047	- تفسير الاتجاهات	570c4cc0507b2004b781e3fca01e09a8ef8342e9306c11d41ae8b280f19423f2	Localization Engine	7.1 الذكاء اللغوي	4843
F-004048	- عرض تنبؤي	d156ecfc66f79483006fe872d2e692f3d6a6a42e6632ea18a4260245786981e2	Localization Engine	7.1 الذكاء اللغوي	4844
F-004049	- تحليل استراتيجي: استنتاجات + توصيات + تنبؤ	c2c1d6085071e34922a1333552886dfb9fa01dc9b5a4112d4784786504d3a22d	Localization Engine	7.1 الذكاء اللغوي	4845
F-004050	- توقع بالاختناقات	165c4036a30cf3234b3c69179bc8b3c2eaa8e1c41fa24dc4cd9c7f775a37b832	Localization Engine	7.1 الذكاء اللغوي	4846
F-004051	- مراقبة الأداء والتنبيهات الصحية	85b87829e0eda22d814c9503c48fef232069d4ac46a9dbc588ab5f60c91c1d92	Localization Engine	7.1 الذكاء اللغوي	4847
F-004052	- التنبؤ المالي وتوقع الطلب	5fb0784abc11f26cc69054de6605d4a425429a014ad145a8ce7fd779ce24fbca	Localization Engine	7.1 الذكاء اللغوي	4848
F-004053	- توقع التدفقات النقدية	b93f39d6ed1963536dd94fb086a5623468cd6217241809d4e897e4ba6a04e431	Localization Engine	7.1 الذكاء اللغوي	4849
F-004054	- التنبؤ بالمخاطر التشغيلية قبل وقوعها	929dc6f3a0deeb1c56bd6a710b1df589084ee522bdad00597782a66876acd5d7	Localization Engine	7.1 الذكاء اللغوي	4850
F-004055	- بناء نماذج توقع للطلب والمبيعات	f6fffe7d627f9870217762947dcdc6680e114675dc159b19c756d8c241279b92	Localization Engine	7.1 الذكاء اللغوي	4851
F-004056	- نمذجة تنبؤية زمنية	ee6ae4cf87085f9a70181927e9aa76eb69611dafcf63c34c3467b712a0f27906	Localization Engine	7.1 الذكاء اللغوي	4852
F-004057	- تحليلات تنبؤية مستقبلية	a4a90b9deba5648c0011686e884ee3459bc31d70b8917f35818368600d2ff27a	Localization Engine	7.1 الذكاء اللغوي	4853
F-004058	- تحليل الاتجاهات طويلة المدى	d5f35f2b936bd64e8b5eb11c6ddf649bff5cdeca497281de8dff9c9cae393e9f	Localization Engine	7.1 الذكاء اللغوي	4854
F-004059	- اختبار دقة الاتجاه تلقائياً	a05a0d442fef70cc3bee64ecf0c7e48498d175c5f283ca16910ef3ec2f5f0b7f	Localization Engine	7.1 الذكاء اللغوي	4855
F-004060	- بناء نماذج توقع للاحتياجات التشغيلية	652898bbfd4d8dfed0ecc1e25385f87cbceeabaa9a2eca351da1836ff4318e21	Localization Engine	7.1 الذكاء اللغوي	4856
F-004061	- يدعم اتجاه المخططات	41af62d38803fc559c1863df597d71444e29fa94bdc0f0056b341b5e2d4e7ffe	Localization Engine	7.1 الذكاء اللغوي	4857
F-004062	- يدعم اتجاه وسيلة الإيضاح (legend)	f4238d44594243ee1bd7003358bb64474bb644314aa2c0f3f0bbe62025b780d3	Localization Engine	7.1 الذكاء اللغوي	4858
F-004063	- توليد تنبيه فوري	f952a4fb4afbe7de7038ae339ddc243607519bbc555c14d480ce99463e83d54b	Localization Engine	7.1 الذكاء اللغوي	4859
F-004064	- تنبيه عند انحراف شديد	e08baa0f015a6ac26508251d73615c491b3cbadaa9890fe57e74932b60f2ffeb	Localization Engine	7.1 الذكاء اللغوي	4860
F-004065	- توقع الحمل القادم	12962e16433f027234ae78c8d19ee2ba983858908e1d44a9d80614d210f7cdb6	Localization Engine	7.1 الذكاء اللغوي	4861
F-004066	- تفعيل التخزين المؤقت الاستباقي (proactive caching)	f8858440a710a7ca15568eceb17bc00374139bea39b9d250cb32b98a7bac770f	Localization Engine	7.1 الذكاء اللغوي	4862
F-004067	- توزيع أحمال استباقي	d05ce737cad8676086842468721e5f925ce672a62c28926f1cb9d515f82c237c	Localization Engine	7.1 الذكاء اللغوي	4863
F-004068	- التنبؤ بذاكرة وقت التشغيل (Runtime memory forecasting)	f2b719e276c7bb723bbf9755f10c393a918d78126b065c095ea801023e7da162	Localization Engine	7.1 الذكاء اللغوي	4864
F-004069	- تخصيص الذاكرة التنبؤي (Predictive memory allocation)	026c8ed03cd2d2443083fe9f407eae15f66b0b16ac748a0d801581177ba87f5b	Localization Engine	7.1 الذكاء اللغوي	4865
F-004070	- التنبؤ بالسلوك طويل المدى (Forecast long-term behavior)	ea6952a3adb5c84257460aeb42343dbdf46b269f066c7ab56393b7a2ff71157c	Localization Engine	7.1 الذكاء اللغوي	4866
F-004071	- التنبؤ المدرك للقيود (Constraint-aware forecasting)	345595d796f5e0087af620bcfa3063d39006ad55fed3c8ef5a1dcdee15d434eb	Localization Engine	7.1 الذكاء اللغوي	4867
F-004072	- التنبؤ بالأخطاء المنطقية المحتملة (Predict potential logic errors)	c761897a20973937f4fa19e2e414a9b70a9c8ce2af956d883bd676487e170030	Localization Engine	7.1 الذكاء اللغوي	4868
F-004073	- التنبؤ بارتفاع عبء العمل (Predict workload spikes)	dafe2333f8cf0486de38df2a96fbeac6d890e1fad403444fba46b7161bc107e1	Localization Engine	7.1 الذكاء اللغوي	4869
F-004074	- التنبؤ بنتائج الصيغ (Predict formula outcomes)	c3faa2d62bb1bb436d27971ecfb719d3d58256d55041335356def1f88e449c74	Localization Engine	7.1 الذكاء اللغوي	4870
F-004075	- التنبؤ بالإيرادات (Revenue forecasting)	a805ab65573d9d36f1b5072f3d0d5bf86034d7bba4a415c4fc6ad26cdf459a1e	Localization Engine	7.1 الذكاء اللغوي	4871
F-004076	- حواجز الحماية الأخلاقية للمرئيات (Ethical Visualization Guardrails) لمنع المرئيات المضللة وتنبيهات تلقائية	a08ba0cf5b468a6ff8b2d3880f453c01464cada29e3eaf57d53a7abb8e8b6cf8	Localization Engine	7.1 الذكاء اللغوي	4872
F-004077	- محرك استباقي (Proactive Engine) قائم على الاقتراحات فقط	a4a1ff6e29ba9bffc28cc5f5fc4c2dbbfbc6adf8ec6bee1736ba2cf22ddb6633	Localization Engine	7.1 الذكاء اللغوي	4873
F-004078	- تحديد قواعد المحرك الاستباقي (Proactive Engine Rules)	0131c2b437223746a31515f0918a15bab4dd87b6ffd2750c98ec1377cbe4b581	Localization Engine	7.1 الذكاء اللغوي	4874
F-004079	- جدولة استباقية (Proactive Scheduler)	de55490b1f539b795141c3602eb02c7c548464d347b0e77c9f7f55030d3b8265	Localization Engine	7.1 الذكاء اللغوي	4875
F-004080	- ملفات تعريف استباقية (Proactive Profiles)	8d441194f1cdd9b369e53590f1882777ee7f3c68d6b21d4f491d8802dc0e2127	Localization Engine	7.1 الذكاء اللغوي	4876
F-004081	- الانحراف التنبؤي (Predictive drift)	264ce89f22a50d3b30660d29b8c8961840c144f10711b35545297df9d7a23aa6	Localization Engine	7.1 الذكاء اللغوي	4877
F-004082	- مخاطر الامتثال التنبؤية (Predictive compliance risk)	ddf6fe9031f44ac50b87201bcfea3977ed8fffd5a7078283c58268a7809b477a	Localization Engine	7.1 الذكاء اللغوي	4878
F-004083	- مخططات تنبؤية (Predictive charts)	543256251e936340868ccfcd68b0d503dc5c9e4bba608b7ffe292764235c4c9b	Localization Engine	7.1 الذكاء اللغوي	4879
F-004084	- حوكمة تنبؤية (Predictive Governance)	b804d7aa88a5cdfc25bb8d56ea3c60de996b00433e51e452966228ad25c47d6e	Localization Engine	7.1 الذكاء اللغوي	4880
F-004085	- تفعيل تنبيه مبكر عند اكتشاف مخالفة خطيرة	f80d1fe1b9017764a5a9c9af7defacd9283285631321e7fa949de85a8ef10024	Localization Engine	7.1 الذكاء اللغوي	4881
F-004086	- يقترح مؤشرات أداء مناسبة	9b0d2f03f499cd32306d1ee86a78e2b369de28c84c74702775136597e9770107	Localization Engine	7.1 الذكاء اللغوي	4882
F-004087	- اكتشاف الانخفاض المفاجئ	941d3a6c455315552e3de767debf6aac966d7ead6acb76d35b24ceeaeb4816ea	Localization Engine	7.1 الذكاء اللغوي	4883
F-004088	- أفكار توسعية متقدمة جدًا	67c007ed1831340795c3c98abd3eb3ab93dc7451b692f30aeed43c0ad045bebf	Localization Engine	7.1 الذكاء اللغوي	4884
F-004089	- ذكاء استراتيجي متقدم جدًا	f374a7cfada2b30270abdbabfd5c5bff4d0e6c465eec17539169a3285017f489	Localization Engine	7.1 الذكاء اللغوي	4885
F-004090	- وضع المحلل الآلي	4043117d508d063a5bf5bf7f9192c45639e2944a3915f75d9f9393e3200561e7	Localization Engine	7.1 الذكاء اللغوي	4886
F-004091	- وكيل ذكاء اصطناعي يعمل تلقائيًا كل شهر	17f51ef179434d7d389279bd89324a6866541b208e6f9e90bcb7dd2992a78f8a	Localization Engine	7.1 الذكاء اللغوي	4887
F-004092	- تحويل القدرات إلى خارطة تطور ذكاء اصطناعي	3673975f49391e86bbe3f986b9c87d3a206db6bcc39d730d839ddf3823cb0b23	Localization Engine	7.1 الذكاء اللغوي	4888
F-004093	- اكتشاف المشاكل قبل المستخدم	2e02c404c558a2259951743edb0479090cbd5e900e5eb7cc024669c2dc1bb63d	Localization Engine	7.1 الذكاء اللغوي	4889
F-004094	- قرارات تلقائية	bcef9e88943cd920032e02d373a983d7c7437d2adfe2008714a23a50bc4edcb0	Localization Engine	7.1 الذكاء اللغوي	4890
F-004095	- اقتراحات جاهزة	17665e099237944ee650260e7ed1d27c30968ce8e146accec72ff9d7e4917360	Localization Engine	7.1 الذكاء اللغوي	4891
F-004096	- معالجة المشاكل تلقائيًا	82faa15638932fae6f48bff084b853a973537df3feaa8d851d189bf468e81679	Localization Engine	7.1 الذكاء اللغوي	4892
F-004097	- يقترح الحل	e699c5e959b3187eaddfeb485f0873e1e64a5665ffce067e933613498a99f6c4	Localization Engine	7.1 الذكاء اللغوي	4893
F-004098	- بعد الاقتراح التلقائي	eb4d96b5d5619617f65802b23ebdc859dd93c7ce9b871fe0b612ceec0bf50012	Localization Engine	7.1 الذكاء اللغوي	4894
F-004099	- خطة توسع مستقبلية للذكاء الاصطناعي	513932247ffc97931eff9417aa410a50c14564d8116e1b10dd2ba6fcb6846132	Localization Engine	7.1 الذكاء اللغوي	4895
F-004100	- خارطة تطور الذكاء الاصطناعي	a9fa3bf9380d0dd3eef19b2472b560de5de9d248570c31b5d3273bfe043fc7be	Localization Engine	7.1 الذكاء اللغوي	4896
F-004101	- عكس التخطيط يحافظ على نسب المسافات	bf963de8d3fa1dc50f6aca7bef807204239d2aadc2abb094fa2bbf9291c17f9f	Localization Engine	7.2 التخطيط الاحترافي من اليمين لليسار	4902
F-004102	- عكس المحاور يحافظ على توازن التوتر البصري	7167e4a8516e3b824bfdb8def4d70d1fe4e0884c7ee99e6d4d7220b2f452c36b	Localization Engine	7.2 التخطيط الاحترافي من اليمين لليسار	4903
F-004103	- التسلسل الهرمي للتأكيد يبقى معادلاً بصرياً بعد التحويل	b458da60978a2393000b84623ea24fdbf5137554b693ef5f5fdf8b4efa76aa39	Localization Engine	7.2 التخطيط الاحترافي من اليمين لليسار	4904
F-004104	- عكس الشبكة يعيد حساب القيود النسبية ولا يقرب	94a901e197de0d6dc9692819f44155aa8d1e40f1fecfafeddae964d19a1f54e1	Localization Engine	7.2 التخطيط الاحترافي من اليمين لليسار	4905
F-004105	- عكس الأيقونات يتبع سجل قواعد الاتجاه: لا عكس عشوائي	b278cee8fa13757897db04d710931f5e2fe68c9283710f8d408487c02d384f0d	Localization Engine	7.2 التخطيط الاحترافي من اليمين لليسار	4906
F-004106	- تحويل المصطلحات حسب القطاع	7c82a05bd23d2f1d0edacdfeac98802de36506f672a97fc3defa72618dc2b27b	Localization Engine	7.2 التخطيط الاحترافي من اليمين لليسار	4907
F-004107	- اختيار مستوى اللغة (تنفيذي، رسمي، تقني)	d4a87456d8fdb818dafeeeb6f714ffaff191952181a19f33b01b0f106ca0b9e5	Localization Engine	7.2 التخطيط الاحترافي من اليمين لليسار	4908
F-004108	- دعم RTL احترافي	ba3ed774a865f79d254f97c527f73d55439433f10c8e2dcaf3aec34367f10d42	Localization Engine	7.2 التخطيط الاحترافي من اليمين لليسار	4909
F-004109	- عكس التخطيط يمين-يسار تلقائياً	93f8b38f7981f601b4285064635663048de603c21717eeba8325333a3fa4cf57	Localization Engine	7.2 التخطيط الاحترافي من اليمين لليسار	4910
F-004110	- إعادة إنتاج اتجاه النص RTL/LTR بدقة	d01f0be9cf2d194991a48e068bec6114c21342dfd189bdb31ff633a7ffb3c449	Localization Engine	7.2 التخطيط الاحترافي من اليمين لليسار	4911
F-004111	- عكس التخطيط بالكامل يمين-يسار	e332d28ae3743d926cf1ab3b3c0311712c4c3c11ad43f7ff051ce2bf4a840436	Localization Engine	7.2 التخطيط الاحترافي من اليمين لليسار	4912
F-004112	- إعادة ترتيب الجداول تلقائياً	e2567dc05db6b548ccbecdd01f05be0ee90654d972287e083b69f33127f87e39	Localization Engine	7.2 التخطيط الاحترافي من اليمين لليسار	4913
F-004113	- عكس المخططات البيانية	3cfcd716210925ba6891f70e1df77c830c6b12397ba63fb2e6286ff8820fa3d1	Localization Engine	7.2 التخطيط الاحترافي من اليمين لليسار	4914
F-004114	- دعم النص المختلط عربي/إنجليزي	fe28eb0d2cd811453d8baddf1da34b05e9bff147f114dde19c390316a48ff3a9	Localization Engine	7.2 التخطيط الاحترافي من اليمين لليسار	4915
F-004115	- أرقام عربية شرقية أو غربية حسب الإعداد	ca635e8588ee3c8343696e4f20cc4077d1292727b58cf6b6907337dc8675eba3	Localization Engine	7.2 التخطيط الاحترافي من اليمين لليسار	4916
F-004116	- تنسيق التواريخ حسب الثقافة	653c5ed96790f396c8c742e68728bbba4edfbccb1a23fb18cc7fb7f9fa945328	Localization Engine	7.2 التخطيط الاحترافي من اليمين لليسار	4917
F-004117	- تنسيق العملات حسب الدولة	57a2f8e7314db843caa7a1bcf9c8df8fbe44b1aa582bde2fdb1ebe61d0b8fadb	Localization Engine	7.2 التخطيط الاحترافي من اليمين لليسار	4918
F-004118	- وضع عربي أساسي	fa8d2ffd2320f8d6b62719ab1d4a689166eb23e318af647ddb0ae6c58b4cecab	Localization Engine	7.2 التخطيط الاحترافي من اليمين لليسار	4919
F-004119	- وضع عربي احترافي	2a5fd30b338e591561423c8be8d84cbf182c5d6978d599ef4daa8aedcf1115f7	Localization Engine	7.2 التخطيط الاحترافي من اليمين لليسار	4920
F-004120	- وضع عربي نخبوي للنشر	ee87b86158ef43ec90fa4d460eb6a39ae0a06056d57a182520c4c094b53ad1b9	Localization Engine	7.2 التخطيط الاحترافي من اليمين لليسار	4921
F-004121	- تحويل عروض إنجليزية إلى عربية مع الحفاظ على التصميم	404f38b0f8c0af25e440cd05d8504e4074af51fbb9dff4d563b888518397adde	Localization Engine	7.2 التخطيط الاحترافي من اليمين لليسار	4922
F-004122	- اختبار دقة الاتجاه تلقائياً	a05a0d442fef70cc3bee64ecf0c7e48498d175c5f283ca16910ef3ec2f5f0b7f	Localization Engine	7.2 التخطيط الاحترافي من اليمين لليسار	4923
F-004123	- كشف أخطاء الاتجاه المختلط	bd5b291fa01d231791f8a8418b84890a72bed950f0859f68307b473e5fce0c7f	Localization Engine	7.2 التخطيط الاحترافي من اليمين لليسار	4924
F-004124	- تحديد مستوى التعريب لكل طلب	e9c57a129c8c300dc5f7bc53a1fa346d5c743fbcc23b927fc114ce38a47e0e7d	Localization Engine	7.2 التخطيط الاحترافي من اليمين لليسار	4925
F-004125	- التزام كامل بخوارزمية ثنائية الاتجاه	77df2edd554e6624aa9a267246e12156f17a7321fcc3059332e2d2087c249d4f	Localization Engine	7.2 التخطيط الاحترافي من اليمين لليسار	4926
F-004126	- تطبيق عكس محاور رياضي	f02cd67edca30b3f522391492ea627b2ff064fcaf66bb432768ecdafc97e27f3	Localization Engine	7.2 التخطيط الاحترافي من اليمين لليسار	4927
F-004127	- دعم أرقام شرقية وغربية	9df82639bb7d88d3164374aa9c99d80cc865ec4d7507c7feac899887adcf399a	Localization Engine	7.2 التخطيط الاحترافي من اليمين لليسار	4928
F-004128	- محرك عكس محاور رياضي لدعم RTL	3f8e8edcda4585adf9a54d429fa68364070bf31e99e799c3e23a1a29ecdb1a06	Localization Engine	7.2 التخطيط الاحترافي من اليمين لليسار	4929
F-004129	- إعادة حساب خط الأساس	17082b383312b67f03c699e22b1e1d8c571bcb598e8cd4e9f49ec8f36452c43e	Localization Engine	7.2 التخطيط الاحترافي من اليمين لليسار	4930
F-004130	- التزام كامل بثنائية الاتجاه	7ec3cc929fbe2ae6a5aea1c1a6b75cb6e62732def5f0ba1c0d27be21d1fccf2f	Localization Engine	7.2 التخطيط الاحترافي من اليمين لليسار	4931
F-004131	- محرك تنسيق ثقافي	7caea618be030a7e27ef71a94ffb7e05efc40d53f7b5cfd53e4e7e84f926ef57	Localization Engine	7.2 التخطيط الاحترافي من اليمين لليسار	4932
F-004132	- عكس محاور رياضي	8a570125deae1e4fbdaeef7bfb4470124e88f7f50e033b0df5628a99759193c4	Localization Engine	7.2 التخطيط الاحترافي من اليمين لليسار	4933
F-004133	- إعادة تموضع وسوم الإيضاح	0613b8a202f640534fc903055eb30b117e295fa5343f6c67dee97d067ac3b6a4	Localization Engine	7.2 التخطيط الاحترافي من اليمين لليسار	4934
F-004134	- دعم RTL تلقائي عند التحويل للعربية	4b22ae75a05b399548bb1f8d8745efd6b1ab5a4b97898bf026667b2cf5e392d0	Localization Engine	7.2 التخطيط الاحترافي من اليمين لليسار	4935
F-004135	- تحويل LTR → RTL دون كسر المطابقة	7f2d79ec45d140f836d683631281d3d960af231a9780190865f197e5b2a6024e	Localization Engine	7.2 التخطيط الاحترافي من اليمين لليسار	4936
F-004136	- تحويل لغة مع RTL	02e90fc43a6d49968db213fe6c008131387f1c0fbfe40bbcad65ddc2630fa2a8	Localization Engine	7.2 التخطيط الاحترافي من اليمين لليسار	4937
F-004137	- تحويله للعربية مع الحفاظ على التوازن البصري	f2633bd0248ede16ceb2d5675ebbccec69a6497d8f51a76039cbac88294a2dc2	Localization Engine	7.2 التخطيط الاحترافي من اليمين لليسار	4938
F-004138	- دعم عربي + إنجليزي في نفس اللوحة	fcdb8a917ae328c7312f7ab9175a7c18cdb77eb5fc13c15ff5e829f55616b4f7	Localization Engine	7.2 التخطيط الاحترافي من اليمين لليسار	4939
F-004139	- عرض الجداول من اليمين لليسار	1fb693d28859a48fe4cc6452801de12e2056c4e929eb12c14e6440cd9c2b090a	Localization Engine	7.2 التخطيط الاحترافي من اليمين لليسار	4940
F-004140	- التفاف النص مع مراعاة الكشيدة	cedd7b5555dac97858c1f937fb6090c2b070655cc1db7584d82bc2f1b1856f24	Localization Engine	7.2 التخطيط الاحترافي من اليمين لليسار	4941
F-004141	- دعم الاتجاه من اليمين لليسار بالكامل	18cd7e32a1d93809f4ccf38b6df0f1655e75ab51980a97679b97c6a34c17c5d8	Localization Engine	7.2 التخطيط الاحترافي من اليمين لليسار	4942
F-004142	- دعم اللغة العربية في جميع عناصر التقرير	7a090c072bbb6ec27830244668c4aa21c7fddc08c4fef93d31ecd13db124ba9e	Localization Engine	7.2 التخطيط الاحترافي من اليمين لليسار	4943
F-004143	- دعم التصميم من اليمين لليسار	93c0b2266ce97e73c62487285b027b89957d97f1b183d284b9cada95c5fdd771	Localization Engine	7.2 التخطيط الاحترافي من اليمين لليسار	4944
F-004144	- دعم الخطوط العربية الاحترافية	541cb2065159f44a1f8195c84e53394a50a680db510cafeec8da79486d86d21e	Localization Engine	7.2 التخطيط الاحترافي من اليمين لليسار	4945
F-004145	- دعم المصطلحات القطاعية العربية	98edab240394833c15204e6641530c784a2c5654b0fe1efc854a53729387695a	Localization Engine	7.2 التخطيط الاحترافي من اليمين لليسار	4946
F-004146	- حقن معجم متخصص حسب المجال	abb7a6e89e71cdaae81548e3059be471d616638e9d4251a756213d1a0a347426	Localization Engine	7.2 التخطيط الاحترافي من اليمين لليسار	4947
F-004147	- تحسين جودة الترجمة السياقية	b0f8d5df7af81a1fd1e680c3574c9a730ea1c2260f760ed97b369be2ca625cf2	Localization Engine	7.2 التخطيط الاحترافي من اليمين لليسار	4948
F-004148	- ضمان تكافؤ بصري بين النسخة العربية والإنجليزية	0c43f27329cf079d66041a8eea1f300f124e59a955b2e09c66e2f06f0fd3860a	Localization Engine	7.2 التخطيط الاحترافي من اليمين لليسار	4949
F-004149	- تطابق اتجاه النص RTL/LTR دون أي انحراف	905b9bc05a95408720362e44186355ecb2691bbd58403a84d1ce6af64cc9ff94	Localization Engine	7.2 التخطيط الاحترافي من اليمين لليسار	4950
F-004150	- تبرير نصوص بالكشيدة بشكل ذكي	fab595a33c7df79679f561e8563b8f2123f996bb19a32950fa36e3c62c65327f	Localization Engine	7.2 التخطيط الاحترافي من اليمين لليسار	4951
F-004151	- نضج التعريب النخبوي	0f1db3210f17810392db0af5f7ff54402f1e88bc6e17c9f16d964da36aba819a	Localization Engine	7.2 التخطيط الاحترافي من اليمين لليسار	4952
F-004152	- دعم RTL/LTR flag	1cbfc605fbf096e254003096fc5cc5862ef1090153617df6fdca9f2ef566c7da	Localization Engine	7.2 التخطيط الاحترافي من اليمين لليسار	4953
F-004153	- عرض النص العربي مع استقرار خط الأساس	ce850ec98ee87cba4d109de4b7cc2ca2a59c4bf3ffc6bccff6ee1e22692127f6	Localization Engine	7.2 التخطيط الاحترافي من اليمين لليسار	4954
F-004154	- محادثة ذكية تدعم العربية ومتعدد اللغات مع ذاكرة طويلة المدى	ac6f32ff948dd8bed26265cf63221e08cc4d5442046842598df672831df71b25	Localization Engine	7.2 التخطيط الاحترافي من اليمين لليسار	4955
F-004155	- محرر الخطوط مع دعم رفع خطوط عربية ولاتينية	d92634527581c3bd44d1098adb9af5813593167eb9512d0d7e05b6499ba2678b	Localization Engine	7.2 التخطيط الاحترافي من اليمين لليسار	4956
F-004156	- مكتبة مكونات موحدة تدعم الكتابة من اليمين واليسار واستجابة الجوال	ebe4331465dafceb25dd92bb310880466c3afbd034cbb8f0d154c4eeebeb85bb	Localization Engine	7.2 التخطيط الاحترافي من اليمين لليسار	4957
F-004157	- دعم تبديل اتجاه الكتابة تلقائيا حسب اللغة	2407e32dc843aea9f5cf52f4e9fa6feae9e46aa4745adb9f63d06e645d2ccbd5	Localization Engine	7.2 التخطيط الاحترافي من اليمين لليسار	4958
F-004158	- ملفات ترجمة منظمة لكل لغة	bcd05efc46825896cf1d33bfd7807eef1e90cea322e190b7c5438733961467fc	Localization Engine	7.2 التخطيط الاحترافي من اليمين لليسار	4959
F-004159	- تعديل الترجمات من لوحة التحكم بدون كود	71924ab75fdb76b923d23f2856e5092ce92f1731ecb44b40c00b3a1e2f7ff250	Localization Engine	7.2 التخطيط الاحترافي من اليمين لليسار	4960
F-004160	- دعم التواريخ الهجرية والميلادية	d5e420136adc2fb82668aae6be16b144d0c4f1af26584d46fa55b209b338f648	Localization Engine	7.2 التخطيط الاحترافي من اليمين لليسار	4961
F-004161	- دعم الأرقام العربية والهندية حسب الإعداد	c236a79d8308e60aa64fa8ddd995ffba4ea0a299b1565c2a5f6854810db66d75	Localization Engine	7.2 التخطيط الاحترافي من اليمين لليسار	4962
F-004162	- دعم كامل للكتابة من اليمين لليسار	9dc6b7982ddb61f829c04b49a6d5251027b96757918b8adde67afcfa79c228bc	Localization Engine	7.2 التخطيط الاحترافي من اليمين لليسار	4963
F-004163	- عكس التخطيطات تلقائيا مع الحفاظ على المعنى البصري	9ce4627fc3734050cad7007cada0f5f4a2f8f566e1a223be37cab341ae54f6b3	Localization Engine	7.2 التخطيط الاحترافي من اليمين لليسار	4964
F-004164	- دعم الخطوط العربية المتعددة	28e06c10ef018d0688a7a8f629b3edbd2673e6e9295358eacd2d31cddccb9f08	Localization Engine	7.2 التخطيط الاحترافي من اليمين لليسار	4965
F-004165	- دعم التشكيل العربي	b41c917c16746a47f05c79fefc691e85ec20a8ecc552e219fdcbe6f633a1a8d7	Localization Engine	7.2 التخطيط الاحترافي من اليمين لليسار	4966
F-004166	- دعم المحتوى المختلط عربي وإنجليزي في نفس الصفحة	d7a96dbe302a55c611bd96c32e3031c131ea1f27fa7d0bfa89cda30faa90a6ed	Localization Engine	7.2 التخطيط الاحترافي من اليمين لليسار	4967
F-004167	- التنسيق التلقائي للتاريخ الهجري والميلادي	8eff49cce84e02dcd03efbf59d49033abd77c381c65b052b68fac7775d6d00a7	Localization Engine	7.2 التخطيط الاحترافي من اليمين لليسار	4968
F-004168	- دعم العملات العربية	e4c704e422870824f7d12e6d633bc9b9f776ed4fb0e892ad160e23b98279efef	Localization Engine	7.2 التخطيط الاحترافي من اليمين لليسار	4969
F-004169	- ضمان التطابق البصري بين اتجاه اليمين واليسار واتجاه اليسار واليمين	aa65d361742c970d96f69c778adbf78560969f092dc0dc2937707cbebd4b21ce	Localization Engine	7.2 التخطيط الاحترافي من اليمين لليسار	4970
F-004170	- عكس التخطيط بالكامل من اليمين لليسار	3daa274ec6bc2e44ca09b58939e4964138f780cac3b0c9cfb0c672414ebbea80	Localization Engine	7.2 التخطيط الاحترافي من اليمين لليسار	4971
F-004171	- دعم الكشيدة لتبرير النص بشكل ذكي	bdd256dc456dbcb1e1e2edca9421ef25fdf6cbdffe1544ee72c84be504e310eb	Localization Engine	7.2 التخطيط الاحترافي من اليمين لليسار	4972
F-004172	- الترجمة تكون مدركة للسياق وليست حرفية	f2f95f3969f350854bc975617fed9def5564ed7c99b4ed27a258149a939d0e51	Localization Engine	7.2 التخطيط الاحترافي من اليمين لليسار	4973
F-004173	- المصطلحات تتبع معايير العربية الفصحى المهنية	c5af0b9fd249fdf10ae9e053d64ced7af80f98e176133b1e34e6d5fd620f2dbd	Localization Engine	7.2 التخطيط الاحترافي من اليمين لليسار	4974
F-004174	- تكييف نبرة الخطاب حسب المستوى رسمي أو تنفيذي أو حكومي أو تقني	2e1eeca670c872c75360cbc7809dc4e0cd54148beccf0cf4a211711ea93e89fd	Localization Engine	7.2 التخطيط الاحترافي من اليمين لليسار	4975
F-004175	- عكس التخطيط مع الحفاظ على نسب المسافات	0eb73fd3e6c1d6d01d7f9836f908f9dc8b57391f83cbff23a18e39c7b4881ff9	Localization Engine	7.2 التخطيط الاحترافي من اليمين لليسار	4976
F-004176	- عكس المحاور مع الحفاظ على التوازن البصري	099efa3a3a19406564b1b9a7a12ab6aa1c1e5c1671d1e91bf328e315cd20139d	Localization Engine	7.2 التخطيط الاحترافي من اليمين لليسار	4977
F-004177	- إعادة حساب عكس الشبكة رياضيا وليس تقريبيا	e7862a9c9e53f1416ecbc01b3e3d4409c9bfa765ad1780bf6d9d4710e1af2a6a	Localization Engine	7.2 التخطيط الاحترافي من اليمين لليسار	4978
F-004178	- بوابة جودة عربية تشمل دقة لغوية وسلامة خطوط وتسلسل هرمي بصري وتنسيق ثقافي صحيح	e3c1fe584861984c4fe253893f87a820f817b459d619cc8350cb5ecd86641e7e	Localization Engine	7.2 التخطيط الاحترافي من اليمين لليسار	4979
F-004179	- تعويض عرض النص العربي الأطول تلقائيا	c5443a5c0549287197bab8a97540318c49741fc4dd2c1dc0c6a00e77a5841961	Localization Engine	7.2 التخطيط الاحترافي من اليمين لليسار	4980
F-004180	- إعادة كتابة سرد الشرائح بالعربية بمستوى تنفيذي	bad91830473a4ea73768d9ce300b768fda9873141bd3af03f78f44dcb1e85afe	Localization Engine	7.2 التخطيط الاحترافي من اليمين لليسار	4981
F-004181	- عكس الإنفوجرافيك من اليمين لليسار دون تشويه	76c95d3e582c3798f365a3f5ddaaae4e8918fea90d4d2810d5505f6dd00976cb	Localization Engine	7.2 التخطيط الاحترافي من اليمين لليسار	4982
F-004182	- دعم عربي وإنجليزي في نفس اللوحة	3742e67dc7c0cf23646883004d92261244b69ad1c75e7f679247c291a0897220	Localization Engine	7.2 التخطيط الاحترافي من اليمين لليسار	4983
F-004183	- عكس السحب لاتجاه النص من اليمين لليسار	35e1cb609498b024b2d1661a42d2791ffd788385370034a29857515cc1a6c135	Localization Engine	7.2 التخطيط الاحترافي من اليمين لليسار	4984
F-004184	- تحديث في مكان واحد ينعكس في كل مكان	82d3d01383321c3e9904e9b22f5a94b62327b690e7c4357266d645664624ac68	Localization Engine	7.2 التخطيط الاحترافي من اليمين لليسار	4985
F-004185	- ترجمة تلقائية للوحات المعلومات الحية والإجابات.	7a5d6dc2560dc10502c4b32b0957e4d0e8c731fa49e4a4074152520df99d97d8	Localization Engine	7.2 التخطيط الاحترافي من اليمين لليسار	4986
F-004186	- التخطيط الاحترافي من اليمين لليسار	2984579c9b6a77cfc774405af0aff06a7ab3bf76ae7ccb9db0fff3eb9dcb9052	Localization Engine	7.2 التخطيط الاحترافي من اليمين لليسار	4987
F-004187	- دعم اتجاه النص من اليمين لليسار (RTL)	ad510cd85a5298833f06b5b2761f61575f267ad028f68ab8cc732167d187abfe	Localization Engine	7.2 التخطيط الاحترافي من اليمين لليسار	4988
F-004188	- دعم اللغة العربية بالكامل	fe31e84d2e29d295f24d7fdbc1b7dadd1566bc6b50caa4454b64efa2c00ffdb0	Localization Engine	7.2 التخطيط الاحترافي من اليمين لليسار	4989
F-004189	- دعم الاتجاه من اليمين لليسار (RTL)	80b09b2c3dc95dad5a77f617ed866bc29420c2aefefafd56fe90c87b3d053018	Localization Engine	7.2 التخطيط الاحترافي من اليمين لليسار	4990
F-004190	- ضمان التكافؤ البصري عند التحويل بين LTR و RTL	1c6effe829e66406ed8201739f52402f12fb7c759f2ed96efe16c09d81c3e160	Localization Engine	7.2 التخطيط الاحترافي من اليمين لليسار	4991
F-004191	- محرك تحويل RTL/LTR	39712e7e75f71509db17210a27ba22da8ce5337643b2b43bc9db51aec9efb55b	Localization Engine	7.2 التخطيط الاحترافي من اليمين لليسار	4992
F-004192	- دعم الأرقام العربية الشرقية والغربية	45ffdc74c9a409d17fed1c02c2f601b0a0266a23ae04d1881937e66b2c42f2b6	Localization Engine	7.2 التخطيط الاحترافي من اليمين لليسار	4993
F-004193	- إنشاء نسخة عربية مطابقة للمستند الإنجليزي	c621f3b5da28b8f22269e84197e024213e7e18f30404bc9c458aa3a2ebdd014b	Localization Engine	7.2 التخطيط الاحترافي من اليمين لليسار	4994
F-004194	- تشكيل الحروف العربية بدقة	af294b714d38755a8371c39d0185b05d688cac950ce8129e54f015159bac1342	Localization Engine	7.2 التخطيط الاحترافي من اليمين لليسار	4995
F-004195	- دعم النص المختلط (عربي/إنجليزي)	c94181ae3dc35e9184a542c24b7d58719934f01b484c9184008449ff213f0697	Localization Engine	7.2 التخطيط الاحترافي من اليمين لليسار	4996
F-004196	- مطابقة الهوية البصرية العربية	970ae41023b008c4a91842342f099e0a0ebd285590c3c07d12a5cbd14c10e0ad	Localization Engine	7.2 التخطيط الاحترافي من اليمين لليسار	4997
F-004197	- تحسين التباعد بين الحروف العربية	233d29425e7c634262f3c2703f1a68b073b57ecbfe33398e1a80a70fc65ee00a	Localization Engine	7.2 التخطيط الاحترافي من اليمين لليسار	4998
F-004198	- دعم التقارير الرسمية العربية	bdfb83eccda8501a55ab8636ce495a56de9063474b47786d63337a47d8daa3e5	Localization Engine	7.2 التخطيط الاحترافي من اليمين لليسار	4999
F-004199	- يظل خط الأساس ثابتًا عبر النص المختلط LTR/RTL	1004337117b121299616f1d8c8b600e019fc057872d4ca55845ffa68eb6bbf47	Localization Engine	7.2 التخطيط الاحترافي من اليمين لليسار	5000
F-004200	- فيزياء سحب متوافقة مع RTL	12b0b6e845ad27e305aabfcefc6cc49c086a93784f8d277572578dab93e13949	Localization Engine	7.2 التخطيط الاحترافي من اليمين لليسار	5001
F-004201	- تبديل معاينة RTL	a506071e169725f23068b6c63e4c43a53adf89c6fbc535351556b29af9a6d71c	Localization Engine	7.2 التخطيط الاحترافي من اليمين لليسار	5002
F-004202	- مكتبة مكونات موحدة تدعم RTL/LTR والاستجابة للجوال	2462c989f1afc74d8d8acf124c580df0064e4d69374fb67aee921ac8caf629f0	Localization Engine	7.2 التخطيط الاحترافي من اليمين لليسار	5003
F-004203	- محرك امتثال دلالي عربي	20e92c00404c6965286eba4a5fd9b0d93256990add68f296e15062a33af021a6	Localization Engine	7.2 التخطيط الاحترافي من اليمين لليسار	5004
F-004204	- محرك بند عربي حتمي	5bb9d6235af9c475b2c3b701832312702607a25644c06e81fe1bba153bc9a42c	Localization Engine	7.2 التخطيط الاحترافي من اليمين لليسار	5005
F-004205	- ترجمة محتوى العرض إلى أكثر من 100 لغة	59fae37930584f6434e63d407154456c50cf8e69150eb663262c785aa23d0a89	Localization Engine	7.2 التخطيط الاحترافي من اليمين لليسار	5006
F-004206	- ترجمة المحتوى تلقائياً عبر واجهة البرمجة	6c92ad7aa9f27712aa1737c9523637419b1f0eccfdd7e9b9e583e810c9e7faed	Localization Engine	7.2 التخطيط الاحترافي من اليمين لليسار	5007
F-004207	- واجهة المنصة متاحة بـ 12 لغة (عربي، إنجليزي، فرنسي، ألماني، إسباني، ياباني، كوري، روسي، صيني مبسط، صيني تقليدي، تايلندي، تركي، إندونيسي)	2691993bbf9f7fbf2118c0a5cf5226a17f95a61e37007c427021e9a6a52b1a4f	Localization Engine	7.2 التخطيط الاحترافي من اليمين لليسار	5008
F-004208	- ترجمة المحتوى لأكثر من 60 لغة تلقائياً	24e8b7b0615d6dd98b2b09e3c5ad2b70aed0ed521d3b67456fedd31c67554eb0	Localization Engine	7.2 التخطيط الاحترافي من اليمين لليسار	5009
F-004209	- دعم أكثر من 60 لغة في التوليد	6a62dc5ce25e8d47b07e3edc589970ec715aa0db8b2d2235df1a9ac159f10d74	Localization Engine	7.2 التخطيط الاحترافي من اليمين لليسار	5010
F-004210	- ترجمة السياسة إلى معايير قياس	e8a4a8f3bb84ca7e41554b4f6f72e2169c926eac3088ea5bd8a329bb93beffc2	Localization Engine	7.2 التخطيط الاحترافي من اليمين لليسار	5011
F-004211	- Translate formulas between languages	86c50c47b8b68d96a2fc044442c07b49fd6480c3de173f7b5dcbf98c69e1b20d	Localization Engine	7.2 التخطيط الاحترافي من اليمين لليسار	5012
F-004212	- Translate formulas to readable explanation	6c4e909d398e297bf1dfdd67a33a5d8776de01e0cb998e2396a9c3a4e13092c0	Localization Engine	7.2 التخطيط الاحترافي من اليمين لليسار	5013
F-004213	- Translate analytics to decisions	05121c3c2f6d9b78dd6e8f33e44b29d693218b6f733c17fb815d3eb6e0303bbf	Localization Engine	7.2 التخطيط الاحترافي من اليمين لليسار	5014
F-004214	- استخدام تطويل الكشيدة عند الملاءمة الطباعية	0b9ff18c61ba4376485790291122d26d4cb71b7e0ed783ae2e59f8a4c71d91ed	Localization Engine	7.3 الطباعة العربية المتقدمة	5020
F-004215	- شبكة خط الأساس تبقى متسقة عبر النصوص المختلطة	d782bafb3116bc1a8bb3512e2fc1a0cdbbd7a23db65f25ff0087b5752e8129d1	Localization Engine	7.3 الطباعة العربية المتقدمة	5021
F-004216	- نظام الأرقام يتبع ملف تعريف اللغة: شرقية أو غربية	4db5d0816242e7ee537090cd5679d7196edc9174f0330bf5d0b5e783696b38df	Localization Engine	7.3 الطباعة العربية المتقدمة	5022
F-004217	- ارتفاع السطر يُعاد حسابه حسب كثافة الخط وليس بالوراثة	6d4412e9f8ca8b370efbcebe8755db77ae9e53b6700c2f7ba368e91aaadff637	Localization Engine	7.3 الطباعة العربية المتقدمة	5023
F-004218	- الحفاظ الإلزامي على الحروف المتصلة	905c551c3d8c520faf30754640145f1645c67d47178f30227666689df1ed939f	Localization Engine	7.3 الطباعة العربية المتقدمة	5024
F-004219	- تشكيل الحروف العربية بدقة	af294b714d38755a8371c39d0185b05d688cac950ce8129e54f015159bac1342	Localization Engine	7.3 الطباعة العربية المتقدمة	5025
F-004220	- دعم الكشيدة لتبرير النص	14b07f928559f474ef6ae125e8753e754bc77298aed70cda6602ec45eb9963e6	Localization Engine	7.3 الطباعة العربية المتقدمة	5026
F-004221	- الحفاظ على جمالية النص في الطباعة	c16d6ce6f8d4926a01d1e98bd1a96da53501d5f37153c8b39c140ae7f1f65460	Localization Engine	7.3 الطباعة العربية المتقدمة	5027
F-004222	- ضمان جودة مخرجات النشر باللغة العربية	d29c478399992e7ed7850df9487134329089c52af329eb9032e428ecd913499f	Localization Engine	7.3 الطباعة العربية المتقدمة	5028
F-004223	- تبرير نصوص بالكشيدة بشكل ذكي	fab595a33c7df79679f561e8563b8f2123f996bb19a32950fa36e3c62c65327f	Localization Engine	7.3 الطباعة العربية المتقدمة	5029
F-004224	- تشكيل حروف دقيق	aae57c3a15898804039a06237ec7bea450a8148f116f76524a104ef3a4c0a9ec	Localization Engine	7.3 الطباعة العربية المتقدمة	5030
F-004225	- تبرير نص بالكشيدة	2548f8e9c82289db212112f39fd148b6038a84f476a561b7d015ad3be09d7446	Localization Engine	7.3 الطباعة العربية المتقدمة	5031
F-004226	- ترجمة شرح المعادلات للعربية	c1d6df41921c83f2bdf7e08b32f837a4881348477ace6ae3020c7c88a22938d6	Localization Engine	7.3 الطباعة العربية المتقدمة	5032
F-004227	- شرح الدوال بالعربية	2aaac91f558d8abd0b5e0a3bff0586b8c80b9c01884ede5bb01a2b82cc606f9b	Localization Engine	7.3 الطباعة العربية المتقدمة	5033
F-004228	- تنسيق عناوين الجداول المحورية بالعربية	7129c256b4ee715886099799d02ae78813bd5bcecdfe6d23deda00532e35dce1	Localization Engine	7.3 الطباعة العربية المتقدمة	5034
F-004229	- تنسيق الأرقام بالعربية	d361ad7ed2fcef38d09922b0db9687070824933a1fb7b44c72305b4397f7eb71	Localization Engine	7.3 الطباعة العربية المتقدمة	5035
F-004230	- عرض النص العربي مع استقرار خط الأساس	ce850ec98ee87cba4d109de4b7cc2ca2a59c4bf3ffc6bccff6ee1e22692127f6	Localization Engine	7.3 الطباعة العربية المتقدمة	5036
F-004231	- الطباعة العربية المتقدمة	007fa109a7c6a5ecd8dbc2a8d1057bae03c157185f369d1eac9c352fdd060ebb	Localization Engine	7.3 الطباعة العربية المتقدمة	5037
F-004232	- الحفاظ على تشكيل الحروف العربية (Kashida-aware shaping)	7f57ef12f5109a90fabde2da32d0b86b059a904a23edde6185c8205815c09000	Localization Engine	7.3 الطباعة العربية المتقدمة	5038
F-004233	- الحفاظ على تشكيل الحروف الرسومية (glyph shaping)	e6a8d165b9ecaee703d85c73cd83a9cab6b054e69419ddd7c14569b0bc0ec2de	Localization Engine	7.3 الطباعة العربية المتقدمة	5039
F-004234	- إعادة كتابة المحتوى العربي للشرائح	92843c6834947389f4ce06a14cbe7e88101b295d52565f568b735ddec421ab03	Localization Engine	7.3 الطباعة العربية المتقدمة	5040
F-004235	- محرك تنسيق بيانات ثقافي يدعم العملة والفواصل العشرية	f8aef4014f76a7a2d9dc31541d64398129c1ded9b9b2c41ff9712cbc090c8410	Localization Engine	7.4 تعريب البيانات والرسوم البيانية	5046
F-004236	- عكس محاور الرسوم البيانية رياضياً	abe54d9952c312649403fc03ace79d571e178da91ed317ddc309084a13e5bec1	Localization Engine	7.4 تعريب البيانات والرسوم البيانية	5047
F-004237	- الحفاظ على توزيع علامات التدريج وتماثل تباعد التسميات	36e5acb4bdf3ca275ad11b397a6ac8a62bbfd90f2eaaba4bd9ab1af1fd824564	Localization Engine	7.4 تعريب البيانات والرسوم البيانية	5048
F-004238	- عكس اتجاه وسائل الإيضاح	112fb43cf458696f78952a074d2ecf5217e8f49d60c7c875d634d39ac60219d4	Localization Engine	7.4 تعريب البيانات والرسوم البيانية	5049
F-004239	- قاموس مصطلحات تحليل الأعمال العربي الموحد	79b692da97f7626a466322250e490734c0692e6ebd2fb06d374e203528696845	Localization Engine	7.4 تعريب البيانات والرسوم البيانية	5050
F-004240	- التعريب الاحترافي يشمل البيانات والرسوم	0e783a40da28686a31f8bc19fde8cc8ff281594059bb0bd1b9b2a578a158f66f	Localization Engine	7.4 تعريب البيانات والرسوم البيانية	5051
F-004241	- مطابقة الهوية البصرية العربية	970ae41023b008c4a91842342f099e0a0ebd285590c3c07d12a5cbd14c10e0ad	Localization Engine	7.4 تعريب البيانات والرسوم البيانية	5052
F-004242	- تحسين التباعد بين الحروف العربية	233d29425e7c634262f3c2703f1a68b073b57ecbfe33398e1a80a70fc65ee00a	Localization Engine	7.4 تعريب البيانات والرسوم البيانية	5053
F-004243	- دعم المصطلحات القطاعية العربية	98edab240394833c15204e6641530c784a2c5654b0fe1efc854a53729387695a	Localization Engine	7.4 تعريب البيانات والرسوم البيانية	5054
F-004244	- حقن معجم متخصص حسب المجال	abb7a6e89e71cdaae81548e3059be471d616638e9d4251a756213d1a0a347426	Localization Engine	7.4 تعريب البيانات والرسوم البيانية	5055
F-004245	- ضمان تكافؤ بصري بين النسخة العربية والإنجليزية	0c43f27329cf079d66041a8eea1f300f124e59a955b2e09c66e2f06f0fd3860a	Localization Engine	7.4 تعريب البيانات والرسوم البيانية	5056
F-004246	- دعم التقارير الرسمية العربية	bdfb83eccda8501a55ab8636ce495a56de9063474b47786d63337a47d8daa3e5	Localization Engine	7.4 تعريب البيانات والرسوم البيانية	5057
F-004247	- حقن معجم تخصصي حسب المجال	402e05d8d201528d995a155e86043f08d4bc9b3c64a7b0fe22c9ea38c06afedf	Localization Engine	7.4 تعريب البيانات والرسوم البيانية	5058
F-004248	- الحفاظ على توازن الكثافة البصرية	2239153414274732f8a7ba78b2e1351f967cea5d01f3c6d022bc8254de4abc12	Localization Engine	7.4 تعريب البيانات والرسوم البيانية	5059
F-004249	- الحفاظ على درجات الهرمية	111d24fbb6a5ac27ec1669cf073185f21b4667eb977b60d353bed1081329e209	Localization Engine	7.4 تعريب البيانات والرسوم البيانية	5060
F-004250	- تكافؤ اتجاهي حتمي بين اللغتين	f7f75a35c5790bf05553492ce159f9a6ece7c38ad2674423060c0ee85200a6e4	Localization Engine	7.4 تعريب البيانات والرسوم البيانية	5061
F-004251	- فرض تكافؤ الكثافة البصرية	f9a795ead545baa86adb36d8184520d970f9d64d462ab7037bbcd350170a342d	Localization Engine	7.4 تعريب البيانات والرسوم البيانية	5062
F-004252	- تقييم تكافؤ الهرمية	f3b24fb9f0b12f80d0c8c24b62464ffa42cdae8d7e929c4c6313742ec02a7270	Localization Engine	7.4 تعريب البيانات والرسوم البيانية	5063
F-004253	- الحفاظ على توازن بنيوي ≥ ‎0.95‎	088703f17718cb9ddeb79c8ae2b8b9a4d8599cdaf783a81e0c64f8893c3f0057	Localization Engine	7.4 تعريب البيانات والرسوم البيانية	5064
F-004254	- تعريب البيانات والرسوم البيانية	636fdf8e9165b08500645e17ae1e6d86c67ac533d39648ce86ca5716783506c7	Localization Engine	7.4 تعريب البيانات والرسوم البيانية	5065
F-004255	- دقة لغوية لا تقل عن ثمانية وتسعين بالمئة	b50366589793f9a7b8bc11a48864ffaf59daf179f51ccc164becaed99296ab94	Localization Engine	7.5 بوابة جودة التعريب	5071
F-004256	- سلامة طباعية لا تقل عن خمسة وتسعين بالمئة	f30d838c5fc4ea53cd468aec8252a5f03b7ad3e5230c2f2ab2e4ead8d329ba6c	Localization Engine	7.5 بوابة جودة التعريب	5072
F-004257	- الحفاظ على التسلسل الهرمي البصري لا يقل عن خمسة وتسعين بالمئة	5399dcb011a389c0812aea79f82926f016d8ecd00e8662a1ee4e8627e142fe69	Localization Engine	7.5 بوابة جودة التعريب	5073
F-004258	- صحة التنسيق الثقافي مئة بالمئة	e10c75bbf406720f0e93a2b828c95f8aa3f38dced8cf38b6291d9e0fb6567dca	Localization Engine	7.5 بوابة جودة التعريب	5074
F-004259	- الفشل يؤدي إلى إعادة التوليد	f803be88e28c3939f34276d7cb0caf8f55fbab3328fec37e196d3bcff4a97cec	Localization Engine	7.5 بوابة جودة التعريب	5075
F-004260	- بوابة جودة التعريب	ff8ad841847dce8624997d805aaf4fd4996bbae6224109bb52e38aea10145f9b	Localization Engine	7.5 بوابة جودة التعريب	5076
F-004261	المنصة قادرة على تحويل أي صيغة إلى أي صيغة أخرى بدقة عالية:	444d9df93dfbc23a21a23ed65fcc5078d9323c353e307ae555214cc7701466c0	Conversion Engine	المحرك الثامن: محرك التحويل الشامل بين الصيغ	5082
F-004262	- تحليل صور ومستندات ممسوحة	d6c84c6ec84f50e195b120a86b17bc07a394fea50bc8918eb76832a90563b61d	Conversion Engine	8.1 مصفوفة التحويل	5088
F-004263	- تحويل الكلام إلى نص والعكس	47c9d158c6f521e0987d9b5eed6d721657c4c5edc7123ba61484b9cd693de8f5	Conversion Engine	8.1 مصفوفة التحويل	5089
F-004264	- فهم المستندات والصور والجداول الممسوحة ضوئيا	848b799f6b2186ecaa48f35ef1c6b4f3a63defde94e0338339c37247a40b2d06	Conversion Engine	8.1 مصفوفة التحويل	5090
F-004265	- تجميد التمثيل الداخلي بعد اكتماله ومنع تعديله	a4430a5f4424d64c6ca1d712ebc3be1df399affb65328c258e78b4c128ff899e	Conversion Engine	8.1 مصفوفة التحويل	5091
F-004266	- تحويل الصور إلى بيانات	8f3ad9d6b8152a46d8c4f904828b9ce47ebda3e71071e2d66339af5bbbf83069	Conversion Engine	8.1 مصفوفة التحويل	5092
F-004267	- صورة إلى نص	fe96f5fa2b74fd07aade0ffc20dca1d6b8ce3006d5de05659c254462f55c410e	Conversion Engine	8.1 مصفوفة التحويل	5093
F-004268	- نص إلى صورة	b0548c88eab30933c5b9ccd2747e7a71ae5da2699bfe806216200fc089f9cf4a	Conversion Engine	8.1 مصفوفة التحويل	5094
F-004269	- مصفوفة التحويل	9169c34b87317ef26929fba2090a6f9d708cebe032039793a246713e7c931420	Conversion Engine	8.1 مصفوفة التحويل	5095
F-004270	- مساعد حواري احترافي (Conversational AI)	f40a7ae8efa4c3fc107db49a2239f55ed256005c4e267b1abdd55843575b12a5	Conversion Engine	8.1 مصفوفة التحويل	5096
F-004271	- فهم الأسئلة المعقدة	975fbf6e7d0185454368b1d61ad169e0c12ac83ad1a1d6290370add379314900	Conversion Engine	8.1 مصفوفة التحويل	5097
F-004272	- اقتراح أسئلة متابعة	f99b19e50ca359721bcd1e1225922fbd9620b15d8774831658e53e540364f58a	Conversion Engine	8.1 مصفوفة التحويل	5098
F-004273	- تحويل الأسئلة إلى معرفة قابلة للاستجواب	69b1a4bfb9957c739bf4016a62ada6d50fd79e41de25f485106246ddb74dfed3	Conversion Engine	8.1 مصفوفة التحويل	5099
F-004274	- طلب مقارنة	93d3375d2490871160e2874123fd010e7deba3502170b770f169ef9425f108ea	Conversion Engine	8.1 مصفوفة التحويل	5100
F-004275	- طلب تحليل	46b24cff546ab8a72bf3da5cf8b70bc71577c5e1054dc867395fc7516de7b463	Conversion Engine	8.1 مصفوفة التحويل	5101
F-004276	- طلب استنتاج	37bc44212a19553c0d74554e2a885e38878f52cd19c10f06a62d771203e02b0a	Conversion Engine	8.1 مصفوفة التحويل	5102
F-004277	- طلب استخراج بيانات محددة	f6309e8d0c0fff8c2215f4b8208795307445c0c07787272f4781ee51baa27b37	Conversion Engine	8.1 مصفوفة التحويل	5103
F-004278	- تنفيذ أوامر تحليلية بدون أوامر برمجية	d64627c3836d0a16fcea8bf2f9e621c287c2253eab31f8ee4c21cfe142a78f34	Conversion Engine	8.1 مصفوفة التحويل	5104
F-004279	- نظام استجواب ذكي	edf1c54181582159156d4b5b2f0e88dca56f2ab07e773c000367fcaf2f304707	Conversion Engine	8.1 مصفوفة التحويل	5105
F-004280	- واجهة استجواب نصية	deb58bad5dfd26f76f6dcb915e56311f57857f955ae62e7479ca4040e7192ab3	Conversion Engine	8.1 مصفوفة التحويل	5106
F-004281	- دعم أسئلة متعددة الملفات	8b8ab07706f0bef0952b5d557684563c5647eeb877bfe76c091c948e0598698b	Conversion Engine	8.1 مصفوفة التحويل	5107
F-004282	- إنشاء أسئلة وأجوبة تلقائية من أي مستند	8ceda6db68f240d8ad411d2e945d968942c7c8fbe958d6e7fd321be6444025f2	Conversion Engine	8.1 مصفوفة التحويل	5108
F-004283	- كتابة ملخص تنفيذي تلقائي	53cfcc239a3f7568c24f312f348c9320b3a88d6cfbfc4fa55c0b6b3ab8c03eaf	Conversion Engine	8.1 مصفوفة التحويل	5109
F-004284	- القدرة على سؤال الذكاء الاصطناعي عن أي شيء يتعلق بالملفات	c3ca136628514f51265b3a2e3b0ae24d25e6a9d70bb0e2e33aa0157239f1735a	Conversion Engine	8.1 مصفوفة التحويل	5110
F-004285	- مساعد ذكاء اصطناعي	65b2a2675b0073eeb586b3ca7abb710e838fe5f36974f5c8aaef0f3ce75356b8	Conversion Engine	8.1 مصفوفة التحويل	5111
F-004286	- واجهة دردشة كاملة لإدارة البيانات	175a7db5fe3e8313e28fac4a6b2102f3e053b41bb5785109c494f6aa77078fb9	Conversion Engine	8.1 مصفوفة التحويل	5112
F-004287	- الإجابة عن أسئلة علاقات بين الملفات	a4ceecc88c1c3d21e3d7e9291225a337f1dda1a0e04d1eacf9fd816f114d7cee	Conversion Engine	8.1 مصفوفة التحويل	5113
F-004288	- استخرج جميع الحالات التي ظهرت في PDF ولم تظهر في Excel	0035c9c5d391cbfae31b5cea0c11301def9b322ff4b76a7e766ddb7155c80c3e	Conversion Engine	8.1 مصفوفة التحويل	5114
F-004289	جميع المدخلات تتحول أولاً إلى تمثيل داخلي موحد يتضمن:	f68f3fa60b5efda1a08757da5876753988afb68ca1911c40a3311aa148b9e98d	Conversion Engine	8.2 تمثيل المستند الأساسي الموحد	5120
F-004290	- شجرة تخطيط هيكلية	52fb958125182e0448b635180f027ac69b98f6bffc6c353682cada3143cfbbb3	Conversion Engine	8.2 تمثيل المستند الأساسي الموحد	5122
F-004291	- رسم بياني للمحتوى الدلالي	88a0d2d79565643c30c3b3f3a113a6df88b754d9320b8c6a5080a64c512b70b2	Conversion Engine	8.2 تمثيل المستند الأساسي الموحد	5123
F-004292	- رسم بياني للقيود البصرية	a814ed2ada990964305b4465da4d07aee2784f850aeb8f7d6355a101f7634ed6	Conversion Engine	8.2 تمثيل المستند الأساسي الموحد	5124
F-004293	- خريطة ربط البيانات	655814c9066d11994bab4be9136a6c7f34c598965d8ab7b2fe7b3a7f51546dea	Conversion Engine	8.2 تمثيل المستند الأساسي الموحد	5125
F-004294	- خريطة التفاعل	d719ed27a210491c00429b099d4cb778b11d12d1c0c564bef4432290ae03daf2	Conversion Engine	8.2 تمثيل المستند الأساسي الموحد	5126
F-004295	- بيانات وصفية للعلامة التجارية واللغة	f157f947a4027c42d6394dd2d3ef8c846bf35988f5b755014d617e2315c1e846	Conversion Engine	8.2 تمثيل المستند الأساسي الموحد	5127
F-004296	- تمثيل حالة المنصة بالكامل كرسم بياني معرفي	30a0feab1171f38f2eb19d8b77276972bb82366965580baef43059e4b1f23e4d	Conversion Engine	8.2 تمثيل المستند الأساسي الموحد	5128
F-004297	- تمثيل موحد داخلي لجميع أنواع المستندات بسبع طبقات	3d847826f5be93a557f96524b129238dd633578d19a7973c67e213e031b48504	Conversion Engine	8.2 تمثيل المستند الأساسي الموحد	5129
F-004298	- تمثيل المستند الأساسي الموحد	03b26975271be5d32c815566048b4fddd16810884d150614639422ce13f4e77b	Conversion Engine	8.2 تمثيل المستند الأساسي الموحد	5130
F-004299	- السماح بالاستجواب الحر للبيانات	6f5295ea1a7170c2999b2714fe37b8e2bfedbe80ba6c50f36854afa84c37e29e	Conversion Engine	8.2 تمثيل المستند الأساسي الموحد	5131
F-004300	- تمثيل مستندي أساسي وموحد (Canonical Document Representation)	0b5ce2d1f840d95f6b6ca1ec16c7a538e673f58f6df1e7b7421e8621a8d9d0c9	Conversion Engine	8.2 تمثيل المستند الأساسي الموحد	5132
F-004301	لا يتم أي تحويل قبل إنشاء هذا التمثيل الموحد وهو محايد الصيغة وحتمي النتائج.	92087a7d97cff7a2a1d1635447cd1a71b7a4549f6e100024b4cb07b29bff5ee0	Conversion Engine	8.2 تمثيل المستند الأساسي الموحد	5134
F-004302	- تصنيف نوع كل ملف ومحتواه	24dfabf321c126019620be4efc4dc0b5728ca9e3f45be7c6ff59ecbf8ca6e24c	AI Engine	9.1 الفهم الذكي للملفات	5143
F-004303	- بناء خريطة معرفة تربط الملفات والأعمدة والمفاهيم والعلاقات	e31f558cd1fe746bbeb25d4551692c1285c9960a3a16a70b88c7916c83dab956	AI Engine	9.1 الفهم الذكي للملفات	5144
F-004304	- اكتشاف العلاقات بين الأعمدة عبر ملفات مختلفة	06926fac046b3a8e6657090ddc46c69a5e78a98e6c235637a7336cb3022e091f	AI Engine	9.1 الفهم الذكي للملفات	5145
F-004305	- اكتشاف البيانات والصفحات تلقائياً باستخدام الذكاء الاصطناعي	f60f1bd5cfdf617ed647b65734b979012bdf536adaa885b5f68d50b9e04c6e4e	AI Engine	9.1 الفهم الذكي للملفات	5146
F-004306	- NLQ للبيانات (اسأل التقرير أو اللوحة) بالذكاء الاصطناعي	86044992e8efb576846bb1b164d671989d821ab4ac03ed3cf8e3d8c67f155bab	AI Engine	9.1 الفهم الذكي للملفات	5147
F-004307	- تحليل وبناء خريطة معرفة ذكية للبيانات	7076bc6e468043aed8f095583a108246a8171cd3d1cc4fd5884eb7be2d7c55bd	AI Engine	9.1 الفهم الذكي للملفات	5148
F-004308	- فهم شامل تلقائي للملفات باستخدام الذكاء الاصطناعي	aefafe6c78e7f998081d991077eb9e3e013045ee35aff1460836179189adf410	AI Engine	9.1 الفهم الذكي للملفات	5149
F-004309	- اقتراح أفضل طريقة تقسيم بناءً على توزيع البيانات	d2bbcccdc49d115107676e759165a216146e0bc6a199ac102531827bc3036546	AI Engine	9.1 الفهم الذكي للملفات	5150
F-004310	- اقتراح حذف أو أرشفة البيانات	234b872a56baad440b9e85fb1bec8343ee7eb3fcb14830e6340b0eb02606cf67	AI Engine	9.1 الفهم الذكي للملفات	5151
F-004311	- اقتراح أفضل عملية تلقائية عبر الذكاء الاصطناعي	ac95f446057b99b61e1785bf8c629b3801c14795e6dc14165fa886793967b60c	AI Engine	9.1 الفهم الذكي للملفات	5152
F-004312	- فهم شامل لسياق النظام بالكامل	34b57027d894926898982b3fa7d2d61a1a347df01b52cf65439bcda29b4451a1	AI Engine	9.1 الفهم الذكي للملفات	5153
F-004313	- استنتاج النموذج البعدي تلقائياً	f6d343b21f9b98beae505aa6b6c62635aec248eb4e9de3ce014182ce980554ce	AI Engine	9.1 الفهم الذكي للملفات	5154
F-004314	- فهم الصورة كاملة	ddb10379c472a6d5c95ec0fa444a7906f5581ba9dee52b57bdd7634b2065a0f1	AI Engine	9.1 الفهم الذكي للملفات	5155
F-004315	- استنتاج البيانات	b2226d4223eb5471e14b7e67468618195d8ffe410325ff64bf6e18ec822adfee	AI Engine	9.1 الفهم الذكي للملفات	5156
F-004316	- اكتشاف أنماط مالية وإحصائية في البيانات	7c2fc4ffa9e63af2137d3bd4b0487191f4996cc07cdc59ead3aa20c1d78434b6	AI Engine	9.1 الفهم الذكي للملفات	5157
F-004317	- اكتشاف التدرجات الزمنية	514eb37ee745de471db118af624a7dd3a45133e4e1594b687518aef23255f497	AI Engine	9.1 الفهم الذكي للملفات	5158
F-004318	- اكتشاف أنماط مشتركة عبر مؤشرات متعددة	6927d8924786e945cee6e5076dc290381cc715e22b98cb313969e8b2ec74e3b8	AI Engine	9.1 الفهم الذكي للملفات	5159
F-004319	- اكتشاف تضارب في القياسات بين لوحات	d6745258fa14ec6504ea39d39d7941a67e3caa08691104a6aae1e943c4439872	AI Engine	9.1 الفهم الذكي للملفات	5160
F-004320	- تحليل ترابط مؤشرات متعددة	dba17a94df46867f850eb314e60c1ceea7563655aa47e1b84996dc59151ad9ae	AI Engine	9.1 الفهم الذكي للملفات	5161
F-004321	- إبراز الشذوذ والاتجاهات في التقارير	9dc7fdaaa18d9c435bbec6ce28d049659915c4897e0c95fe14bb78b15b8c7298	AI Engine	9.1 الفهم الذكي للملفات	5162
F-004322	- فهم البيانات تلقائيا وتقديم ملخص عنها	09b494c5261f547d2c561c08ec6cb7c9f02d70306b19c94a0ddeb2ce457512b7	AI Engine	9.1 الفهم الذكي للملفات	5163
F-004323	- تحليل البيانات وكشف الأنماط والعلاقات الخفية	0e7bbc36ee30a4a1232f7365a7cc3b1e99b4d338a6c0012b8007c72228c74f94	AI Engine	9.1 الفهم الذكي للملفات	5164
F-004324	- التنبؤ بالقيم المستقبلية بناء على البيانات التاريخية	3956ddb3ee7d56c7c39c1a29dc575ccc696f47526ffafcd9863b232044012e91	AI Engine	9.1 الفهم الذكي للملفات	5165
F-004325	- تقديم توصيات ذكية بناء على تحليل البيانات	16fcdc28cb6db12545943d50bfe7e57bd4c330c45760ce2fc05a260a32a1b1bd	AI Engine	9.1 الفهم الذكي للملفات	5166
F-004326	- كشف الحالات الشاذة والتنبيه عنها	4a91faf04583bef3d34e5ee8fddfa5aee137525d711b4b62f5e571c5c211fb07	AI Engine	9.1 الفهم الذكي للملفات	5167
F-004327	- التحدث مع البيانات بالعربية والإنجليزية	61290e0f33c9f4a1711fc27b1f8e3114304d794419c36a3d4219375a5d10ea15	AI Engine	9.1 الفهم الذكي للملفات	5168
F-004328	- محادثة ذكية تدعم العربية ومتعدد اللغات مع ذاكرة طويلة المدى	ac6f32ff948dd8bed26265cf63221e08cc4d5442046842598df672831df71b25	AI Engine	9.1 الفهم الذكي للملفات	5169
F-004329	- نظام وكلاء ديناميكي يمكن إضافة وكلاء بدون كود من لوحة التحكم	41cb09838fd5e1b09b97b519e55d30412ad901775423fd314c3be584e981e325	AI Engine	9.1 الفهم الذكي للملفات	5170
F-004330	- كل وحدة تسجل أدواتها تلقائيا والذكاء الاصطناعي يستخدمها	1240de4f1cf2a36d546e6a6370de3315adaec7f472669f29067d7d6c33b9b4c4	AI Engine	9.1 الفهم الذكي للملفات	5171
F-004331	- أوامر سريعة مخصصة من لوحة التحكم	485a457bcde06ee48e8334ee81de1b9e99c56c25a67478a989629634f94af86e	AI Engine	9.1 الفهم الذكي للملفات	5172
F-004332	- يقرأ السياق ويستنتج الهدف والنمط والاحتياج الناقص	41a2073c107870c479ac87af08bc1e29e9a891998d5a9b335b2f2e9af3a2f5e5	AI Engine	9.1 الفهم الذكي للملفات	5173
F-004333	- ذاكرة داخل المحادثة الواحدة	371935de634c809fdf89459b720fd8e57ee50733bd33fe3cc017f8669e6ded03	AI Engine	9.1 الفهم الذكي للملفات	5174
F-004334	- ذاكرة طويلة المدى تشمل تفضيلات المستخدم وسياق المشروع وحقائق مثبتة	f2150cdd8e57c150583d49a5d5be27e65afa632a4d38c48e430b02eedc0bed0b	AI Engine	9.1 الفهم الذكي للملفات	5175
F-004335	- إنشاء واقتراح مجموعة بيانات تلقائيا عند اكتشاف بيانات جديدة	262e8dce9b7aa7a28e21cd1df5a1ae9c6f674e7e1ab695629853cba023989410	AI Engine	9.1 الفهم الذكي للملفات	5176
F-004336	- اقتراح مقاييس وأبعاد تلقائيا	1913197c2446502a89656176df8cef7456eae2ed9dfc522c411914a8d4fb1b2f	AI Engine	9.1 الفهم الذكي للملفات	5177
F-004337	- اقتراح قواعد جودة البيانات تلقائيا	a1ccdb0c77e45998146225d718aeb4944f2cc0883ff2f1b1ee54842f6060a449	AI Engine	9.1 الفهم الذكي للملفات	5178
F-004338	- اقتراح صفحات حلول جاهزة	33c482a8df73e7eb7d809a4c6c85999450e0a92994b88e354bea69ded533f846	AI Engine	9.1 الفهم الذكي للملفات	5179
F-004339	- فهم شامل لسياق النظام بالكامل وتحليل الطلب عبر جميع الوحدات	dc36603faf8ad768a89ee5e9c42cbe195bae559f608ca1b9a4e8504abff58552	AI Engine	9.1 الفهم الذكي للملفات	5180
F-004340	- فهم أهداف المستخدم المتعددة الخطوات وليس الأوامر المفردة فقط	7b792569db1e2647c6f97c29e3956fa43872c1b3e75debcef2e260e6a5255479	AI Engine	9.1 الفهم الذكي للملفات	5181
F-004341	- ذاكرة سياق عبر الجلسات	8afbd40133b5ed01b79e71769dc277a5a1cf64cd23eb340002e32b7d1b399a1a	AI Engine	9.1 الفهم الذكي للملفات	5182
F-004342	- أوامر صوتية مع صلاحيات	d7fe0411654858a16bd42926e5ba5c12d0dedb69a011a479e240e84139f7b2dc	AI Engine	9.1 الفهم الذكي للملفات	5183
F-004343	- تلخيص الملفات واستخراج الحقول ومقارنة نسختين	67a27b024cebf35a30be357766f0dd0b9d2719cc652dff838a9291035c9ffb7c	AI Engine	9.1 الفهم الذكي للملفات	5184
F-004344	- الذكاء الاصطناعي يجيب من قاعدة المعرفة الداخلية	db9cb689b44c54d76bcbfefbcbb3acd342099079276ac310b399b5038a81fcf0	AI Engine	9.1 الفهم الذكي للملفات	5185
F-004345	- اقتراح مقالات مساعدة حسب الصفحة الحالية	1f4e994181fc5b8c54a3e441f413468b7ef3dbd4f67ff2d15c306e65f298df29	AI Engine	9.1 الفهم الذكي للملفات	5186
F-004346	- العثور على المحتوى وتحليله.	882322a1d986d9a60baa31752070804eb4b4bb5b00e9bc0b479e61ecc19ddfeb	AI Engine	9.1 الفهم الذكي للملفات	5187
F-004347	- البحث عن المصنوعات.	d8065e6b067ca3259a59b3055c47ea1d19744b052a97cec268305c18ce1d439a	AI Engine	9.1 الفهم الذكي للملفات	5188
F-004348	- الفهم الذكي للملفات	4109b94ddf954ae9d217621ecbb3e608d2df3bc9a04dd578a963ee9a0bd8651d	AI Engine	9.1 الفهم الذكي للملفات	5189
F-004349	- إرجاع رؤى منظمة مثل المخططات ولوحات المعلومات والسرد	9b1f786262a2e06b0ec9d6bfde4fd57fce6d881267553cadc92fbb72e6198055	AI Engine	9.1 الفهم الذكي للملفات	5190
F-004350	- استخدام أوامر مخصصة لتوجيه الذكاء الاصطناعي	5bdfa18bd89b8133a166282df1aa44cb1a5e11cfce0fdd223cf52f9733c90e51	AI Engine	9.1 الفهم الذكي للملفات	5191
F-004351	- استخراج البيانات الرئيسية من تقرير مالي	526cb4d62800b9895c79a3f6bf08c44a722e06a8ca4fc4490ab80952c59c86aa	AI Engine	9.1 الفهم الذكي للملفات	5192
F-004352	- استخلاص الرؤى من مجموعات البيانات الكبيرة	886edb706cf3077bfcb601bf48b95dc259cc6b759960f41947d62f24423b0df6	AI Engine	9.1 الفهم الذكي للملفات	5193
F-004353	- التعرف على الأنماط والشذوذ في البيانات	05c86eac438f95b1befe6e91f3826a234ab28647dea57d1d22f706bb8796c0e3	AI Engine	9.1 الفهم الذكي للملفات	5194
F-004354	- الحصول على ملخص سريع لموضوع أو مشروع	36b6e5fd1ed641a76cfd588f962263bb37a98ae352b7eb5d2a9ad82e1f4363a7	AI Engine	9.1 الفهم الذكي للملفات	5195
F-004355	- تحليل SWOT الاستراتيجي	e11a383107c019ba71917535a6a016638c25f7a590c91eab50d1e14c496f2bd0	AI Engine	9.1 الفهم الذكي للملفات	5196
F-004356	- تحليل البيانات والكشف عن الرؤى وتصور النتائج	a9f95ee3699f23083accd45c6b682419da6742aa45acf22a8951fc2007904246	AI Engine	9.1 الفهم الذكي للملفات	5197
F-004357	- تحليل البيانات وتصورها تلقائيًا بطرق جذابة	1848ec2711b9b8c2b5abe64e6e3a60600e66350c7504f7cf0c311db202ea991c	AI Engine	9.1 الفهم الذكي للملفات	5198
F-004358	- تحليل المشاعر في ملاحظات العملاء	8ee9b58f924e840690cc8d0fb065e1fd2ad69579a81f14b8d615543a29e4726c	AI Engine	9.1 الفهم الذكي للملفات	5199
F-004359	- تحليل بيانات أداء المنتج	b33880f26ad35bb87b5c3e902f671dd18b9b2337f6690f693c4148d6d6135991	AI Engine	9.1 الفهم الذكي للملفات	5200
F-004360	- تحليل بيانات استطلاع الرأي لإنشاء تقرير عن رضا العملاء	8fb6fc740069dcd8e9a3e8e56561185af83de2b2e3abcd76022187e1b6106064	AI Engine	9.1 الفهم الذكي للملفات	5201
F-004361	- تحليل بيانات الإنتاج لتحديد أوجه القصور	6443a6b83dcb1fbd18c187bd8b4f25490e6761d8cfeec2b7b778c00b27e50a76	AI Engine	9.1 الفهم الذكي للملفات	5202
F-004362	- تحليل بيانات العملاء لإنشاء تقرير عن الاتجاهات	c38c2be684d4c40c7e514e5a8b7f8bfc62b339c64587c3a7ef0728e5d55d06c2	AI Engine	9.1 الفهم الذكي للملفات	5203
F-004363	- تحليل بيانات العملاء لاستخلاص الرؤى الرئيسية	9359b5550cdf891bcae2c04a515dbdb800c641f19f509ed6ec2c619f6d7cc516	AI Engine	9.1 الفهم الذكي للملفات	5204
F-004364	- تحليل بيانات العملاء من ملف CSV لإنشاء تقرير عن سلوك المستهلك	2c32c5579776b35f7738824c5f9465958ce3d49cbbdc84c71169fea5c8e06dac	AI Engine	9.1 الفهم الذكي للملفات	5205
F-004365	- تحليل بيانات المبيعات لإنشاء تقرير ربع سنوي	41fba32209c9fdf617c17060bdcb87e6923fc7ffe8f9eb3a5f75d08494c06f1f	AI Engine	9.1 الفهم الذكي للملفات	5206
F-004366	- تحليل بيانات المشروع لتحديد الاتجاهات الرئيسية	353aacadf378db93be12fa389e0eac1ac3abd43aedbc54d8529e2679493780c0	AI Engine	9.1 الفهم الذكي للملفات	5207
F-004367	- تحليل نقاط القوة والضعف والفرص والتهديدات	c76fcecf11d0dcc333e3c9cd75e5e7241c7f728896129d5d9ee7c90dca4323ec	AI Engine	9.1 الفهم الذكي للملفات	5208
F-004368	- تصور بيانات استطلاع العملاء لفهم الاتجاهات	7baa844655fbf47a60cb4c9d4cb41852d28c430572dc9767733549a9876d1303	AI Engine	9.1 الفهم الذكي للملفات	5209
F-004369	- تصور مقاييس الأعمال المعقدة	a47b91bbbacdb37b5df9b4212e705d0500b23002d1caaa97212d5def515083e2	AI Engine	9.1 الفهم الذكي للملفات	5210
F-004370	- تلخيص اتفاقية قانونية طويلة لتحديد النقاط الرئيسية	40b6253414872bae4fb273546b98f6f033e43b48dfb7c3ca36ae969344ce4580	AI Engine	9.1 الفهم الذكي للملفات	5211
F-004371	- تلخيص اجتماع فريق أسبوعي تلقائيًا	95e4f6dce9a4597d7080fdd44f56c758cec561e7829864f65c18608979dfc99a	AI Engine	9.1 الفهم الذكي للملفات	5212
F-004372	- تلخيص الأبحاث العلمية	eb565c4bb2abb885d54e9e316943a2f2db4092adfb1cb526635207d76686a01c	AI Engine	9.1 الفهم الذكي للملفات	5213
F-004373	- تلخيص الاجتماعات والمستندات	18f99e3d6837c7b86736b5c2c9d81275fc0f2690fb23fde82cf79401a0038d9c	AI Engine	9.1 الفهم الذكي للملفات	5214
F-004374	- تلخيص العقود وتسليط الضوء على المخاطر	53ecd57a11f9ea9d5fa5f6dbe593f7720f3b439f32af70958e30afff63dc11ec	AI Engine	9.1 الفهم الذكي للملفات	5215
F-004375	- تلخيص المحتوى الطويل (صفحات، تعليقات) للحصول على النقاط الرئيسية	2e0eff09a747f578264bb1a996abde17f8f77273c298d1fcfb9c2901f480bec1	AI Engine	9.1 الفهم الذكي للملفات	5216
F-004376	- تلخيص المستندات الطويلة والنقاط الرئيسية	0c106580da6f3cf7933ce99faaa819d943db3dd5abcc7a0ea454e89258023b19	AI Engine	9.1 الفهم الذكي للملفات	5217
F-004377	- تلخيص بيانات المخططات في Atlassian Analytics	bdfe8b383ae1bdb5fcad71bd636947d32c27042320cb7a88f4736e423937ba36	AI Engine	9.1 الفهم الذكي للملفات	5218
F-004378	- تلخيص عناصر عمل Jira Service Management وصفحات Confluence والتعليقات والمدونات	1fd090736a30dd36c677a0ec59c678fe0550a6d5489111f412e41f845c284e16	AI Engine	9.1 الفهم الذكي للملفات	5219
F-004379	- تلخيص فوري للنقاط الرئيسية أو إنشاء ملخصات تنفيذية	f0f5a46226bf7f89a521a9cea0593e5a596f477954d44d652512f057fd776af5	AI Engine	9.1 الفهم الذكي للملفات	5220
F-004380	- تلخيص محضر اجتماع طويل	e2f1af50163929748b3adbc67e7fca94aa22ed0bbebdce199515f7ba00f3115e	AI Engine	9.1 الفهم الذكي للملفات	5221
F-004381	- تلخيص نقاط النقاش الرئيسية في الاجتماعات	b4c5b1f71e854e9699fb4d2313554e42ed63a796de6656407436f3ba3e831658	AI Engine	9.1 الفهم الذكي للملفات	5222
F-004382	- تلخيص ومعاينة الروابط الذكية من Confluence و Jira و Google docs	b1b711420e9a55f4ea0cf498a135ef6b5213a29b5ffbd1148f3bf1131143a644	AI Engine	9.1 الفهم الذكي للملفات	5223
F-004383	- تلخيصات مع استشهادات مدمجة	04b06c6b27df2dc40f6fd0ad50fc0ae699fe686011644a2ae641684112f8a376	AI Engine	9.1 الفهم الذكي للملفات	5224
F-004384	- فهم أهداف التقرير وتقديم معلومات دقيقة وذات صلة	82d67356edb14055128e845513672c37336d6c0cc55115507ebdbb7664c16290	AI Engine	9.1 الفهم الذكي للملفات	5225
F-004385	- فهم السياق عبر تطبيقات متعددة (Word, Excel, Teams)	07ccf06a840455ecce25a0f55123fe1142fe10cc25c48747673d2802e968a4cf	AI Engine	9.1 الفهم الذكي للملفات	5226
F-004386	- فهم السياق من المستندات والملفات الأخرى لإنشاء محتوى جديد	5a947ed3444447dbfdb31959f2927f824206d4bc7d0b8855028df68e09990992	AI Engine	9.1 الفهم الذكي للملفات	5227
F-004387	- تحليل البيانات من ملفات Excel و CSV و PDF و JSON	e8326e79b43d9634e7b332e98d74cffb97901b0647522825669c5e2db4734a55	AI Engine	9.1 الفهم الذكي للملفات	5228
F-004388	- فهم الأسئلة باللغة الطبيعية وتحويلها إلى تحليل بيانات معقد	64c2ced66016c11c45f72b2b0c9aa23261844136c4803fe0cf7ef22651fcf737	AI Engine	9.1 الفهم الذكي للملفات	5229
F-004389	- رسم بياني للمعرفة (Knowledge Graph) يطلق قيمة حقيقية من البيانات	77331d63acd40f2540719bf71cad31666f57250880355192fea85e8d8f56b7c1	AI Engine	9.1 الفهم الذكي للملفات	5230
F-004390	- فهم المحتوى وإنشاء شرائح PowerPoint احترافية تلقائيًا	9a3bdb000bbf7af88107383c5680feefe50efb351e3fd6c365d027ab8cca751c	AI Engine	9.1 الفهم الذكي للملفات	5231
F-004391	- مسح المصادر ومقارنة المنافسين وتحويل البحث إلى موجزات واضحة	b55683ad7dd3ad179fc24d6eea3bbce714197ad0e12a3fdd989e5018ac45b125	AI Engine	9.1 الفهم الذكي للملفات	5232
F-004392	- فهم المستندات (PDF، صور تقارير، جداول ممسوحة ضوئياً)	5b52cdc4a44c8c0d89ea8059f376df8e94ea6e693a5b276026b866fc8f4a03aa	AI Engine	9.1 الفهم الذكي للملفات	5233
F-004393	- تنبؤ بالـ URL باستخدام تعلم الآلة	26ef7747fab89df922990bdc9ba6a6adb6df600cc6a0928fe629b9f073e65a12	AI Engine	9.1 الفهم الذكي للملفات	5234
F-004394	- الفهم الشامل التلقائي للملفات (AI Data Intelligence)	81228dccda0032914cf650d3b059aebf80511ed4c3b2ff2de6cd15fbf6dbb5aa	AI Engine	9.1 الفهم الذكي للملفات	5235
F-004395	- محرك الفهم الذكي للملفات (AI Data Comprehension Engine)	2aa591997e27d6c8536a1e1031bbb7f2e24e15e5ee50f6cef4c900e3238d1b6c	AI Engine	9.1 الفهم الذكي للملفات	5236
F-004396	- ذكاء يفهم البيانات تلقائيًا (AI Understanding Layer)	c39c455bb079b27c7f9d9a6fca56010f72ab1a2ddf98988d9764233c21c405dc	AI Engine	9.1 الفهم الذكي للملفات	5237
F-004397	- إنشاء “بروفايل ذكي” لكل ملف	e520ad767c81c8c25047f26defee2f11c8c7ef0ba08aa96921cca4d80d65566d	AI Engine	9.1 الفهم الذكي للملفات	5238
F-004398	- فهم نوع المحتوى	21f13d9c1ce4f6716af42ccf7a929ec11a87b2f81ed302f73a81edd10675bc2d	AI Engine	9.1 الفهم الذكي للملفات	5239
F-004399	- ميزة “فهم المطلوب قبل التحليل”	9d39cc9fc42e5f2297d69bc61ded0d3fbf4621fd49fa91a1936d0b88d39004c4	AI Engine	9.1 الفهم الذكي للملفات	5240
F-004400	- اكتشاف العلاقات المحتملة	ade05f7be22b1028e0c6f2a1c4009a01d19f35cc684ae4997a2006ac3d4f6813	AI Engine	9.1 الفهم الذكي للملفات	5241
F-004401	- إنشاء “خريطة معرفة” (Knowledge Graph)	c317666ae4d3f45b0f8e5b71a4533fd2de00f2899d203b2a2c5cb412d5ccdce0	AI Engine	9.1 الفهم الذكي للملفات	5242
F-004402	- تمثيل حالة المنصة كاملة كخريطة معرفة	cbfd8b098d6ac1a9e411ead6a1f0b52eb1132fc8ef93bd2655c1e54886da8d27	AI Engine	9.1 الفهم الذكي للملفات	5243
F-004403	- تحديد نوع الملف (مالي، موارد بشرية، مبيعات…)	5b6b3f5bd412759181f2c3839987720639b5b9947926cb740d365997554c3e38	AI Engine	9.1 الفهم الذكي للملفات	5244
F-004404	- فهم أن “Revenue” و“إيراد” و“المبيعات الإجمالية” تعني نفس الشيء	f6c2d4b6089ebc8146183b3db5fedd0ddcfb435cd71d8e4da17518e07ce7807e	AI Engine	9.1 الفهم الذكي للملفات	5245
F-004405	- اكتشاف بيانات غير منطقية	e3868f24a479069749e2cf74dee27eabaf07f0a92cec0fc30e22d980aecbad64	AI Engine	9.1 الفهم الذكي للملفات	5246
F-004406	- الذكاء الاصطناعي في التعامل مع Excel	a4cb045e671d8dc2685bfb13a87c00395872544710176cd7f1be8eac15d0b197	AI Engine	9.1 الفهم الذكي للملفات	5247
F-004407	- تفسير النتائج بلغة مبسطة	3af58f4273cecc113f3afabc02a9e693c3554d0d64a2fe5af917f9ad82e9f79e	AI Engine	9.1 الفهم الذكي للملفات	5248
F-004408	- ذكاء يتعلم من المستخدم	037a1ca9b3332a34778ad5ad7245e96919239a58b5a8754910408b6a6b8963ce	AI Engine	9.1 الفهم الذكي للملفات	5249
F-004409	- التعرف على نوع كل ملف (مبيعات، موارد بشرية، مشاريع، مالية…)	c5502fe9ec5fa29e64f2d6a431d63e0ae7313adfb92e8501abdb4eedde0abd97	AI Engine	9.1 الفهم الذكي للملفات	5250
F-004410	- فهم سياق البيانات وليس فقط الأرقام	e24e090ae1c44bf8322a2e9f14db1cc9e9c38969b62f8be17dcafabe5c25de61	AI Engine	9.1 الفهم الذكي للملفات	5251
F-004411	- فهم الفواتير	0d9eb51f3e52a6954dc3a01cea70a22fe43ca6f0163952fd6550bb5eb14f67e5	AI Engine	9.1 الفهم الذكي للملفات	5252
F-004412	- الذكاء الاصطناعي متعدد الأدوار	e10b2cb01c9b8944df0ac665e0a1e8743713ac20775acc965e08a1440197fef9	AI Engine	9.1 الفهم الذكي للملفات	5253
F-004413	- مستشار إداري	462bc68dbbea9afaca14912fee503c14f4dc1b49decd78880b00231d8dd793dd	AI Engine	9.1 الفهم الذكي للملفات	5254
F-004414	- تفعيل الذكاء الاصطناعي في كل وظيفة	f1965939ac93d7c3329d9c300c3c39b2dae69ca32a1d135c912f6ddc17e70266	AI Engine	9.1 الفهم الذكي للملفات	5255
F-004415	- تفعيل الذكاء الاصطناعي تلقائيًا عبر AI	26a78867a244f61586c1280d43c475846253a1983c7ea5ea0c479477bedcf630	AI Engine	9.1 الفهم الذكي للملفات	5256
F-004416	- الفهم الأولي التلقائي	5f402352ded5b81ff926ab1aada21f94a43fd8ab243b892015122fb5d7a7272e	AI Engine	9.1 الفهم الذكي للملفات	5257
F-004417	- تحديد المواضيع العامة	19a129e0afaac9667b5e843f2dcff87a88bb4349229b0f7b9707ebb1a5f0e8cf	AI Engine	9.1 الفهم الذكي للملفات	5258
F-004418	- تعتمد كليًا على الذكاء الاصطناعي والسحب والإفلات	73b03a3b16dbc76e55b5098760a264a2e0aa7e580a9148fcf29e45e3589577f5	AI Engine	9.1 الفهم الذكي للملفات	5259
F-004419	- ذكاء اصطناعي مساعد وليس متحكم	c59daaeb92423f31a17f0ad1f90b9424053175d11acf435c11c3631832faa051	AI Engine	9.1 الفهم الذكي للملفات	5260
F-004420	- محرك الذكاء الاصطناعي	253418bb837bf2cf533dc87e8365bf143f3301c69d233ff93886de19ef82bef6	AI Engine	9.1 الفهم الذكي للملفات	5261
F-004421	- تصنيف البيانات	f52f75d10b05fb249e4bb07110f46eee6c4c53b4dcbfa10e28e5a43945b0125a	AI Engine	9.1 الفهم الذكي للملفات	5262
F-004422	- قابل لتحديث النماذج	d317315c8d63822752b536aefb968840353471223e4247d1857aa91ce7f5e83c	AI Engine	9.1 الفهم الذكي للملفات	5263
F-004423	- دعم تعدد النماذج	a7f283b0285834c868f9d7c93ad6d6bdcdb9a6ebd47d2452e52b1824d24b783d	AI Engine	9.1 الفهم الذكي للملفات	5264
F-004424	- دعم عدة نماذج	565f1fb2b84567eb937147f725ede1956c0ee401efe7045ba038de9bf35064cc	AI Engine	9.1 الفهم الذكي للملفات	5265
F-004425	- دعم Prompt Orchestration Layer	bdeb4a179e90a8b1acf12e76cc17cc43b37cb6e5eeac68c2713be08aeb06e6b2	AI Engine	9.1 الفهم الذكي للملفات	5266
F-004426	- دعم Visual Semantics Layer	76d7531cc1ade5364aee61d456d07b93cdf2134b1c1649339d832410036d05dd	AI Engine	9.1 الفهم الذكي للملفات	5267
F-004427	- تحليل تخطيط PDF وImage layout extraction	e9baa759ffb18dc4c51af469cb4c101fd1a66c7e508b4ee2565d7229b5fa0da8	AI Engine	9.1 الفهم الذكي للملفات	5268
F-004428	- تنفيذ تحليل مدعوم بالذكاء الاصطناعي عبر جميع المصادر	2366b0fab6cdd725f2effb38c1c22709eb25daeec878d8c6c80798d9635e9175	AI Engine	9.1 الفهم الذكي للملفات	5269
F-004429	- دعم الاستدلال عبر المستندات	be299300d8bcacc83ac71560bda01e47fd5e2d2d339e0d8a4c659ee4ac1539e4	AI Engine	9.1 الفهم الذكي للملفات	5270
F-004430	- تحويل محاضر اجتماعات zoom لملخصات بصرية	c647f9e04716f4648042a328f4a4e0d6553da395e1d032b3dd3beaf836ec65a9	AI Engine	9.1 الفهم الذكي للملفات	5271
F-004431	- لصق نص أو ملاحظات وتحويلها لعرض كامل	91af1ead76b099706c54162ae1c388b177fb71865d42d4a5cab208d010e236ed	AI Engine	9.1 الفهم الذكي للملفات	5272
F-004432	بعد تحليل الملفات يمكن للمستخدم طرح أي سؤال نصي:	6c937bfb4934aa8efff62aaf77421a72d59f111ead8f051cbe708d5abfd1b14d	AI Engine	9.2 الاستجواب الحر	5278
F-004433	- ما العلاقة بين ملف المبيعات وملف التكاليف؟	0eab4453f69fa29898c1cb51226efffe8de6f67bbb62c1a3db1903507eac274a	AI Engine	9.2 الاستجواب الحر	5280
F-004434	- ما أعلى عشرة عناصر عبر جميع الملفات؟	921a98523db6d4dceb772f8d6d1bd12ce7c6392dbdb81f4efd0e228f6c46d86b	AI Engine	9.2 الاستجواب الحر	5281
F-004435	- قارن نتائج العامين عبر كل المصادر	dc2005b43632d4b193858240ce2fc3e336866c5e231881b718be8594188b2f87	AI Engine	9.2 الاستجواب الحر	5282
F-004436	- أنشئ جدول مقارنة بين الفروع	8c37aa917ee63597f3956e74626f778385d57f749d1cd1c468ed5a2c469de9da	AI Engine	9.2 الاستجواب الحر	5283
F-004437	- أعطني ملخص من صفحة واحدة أو تحليل تفصيلي	e496117431fdf64e97abdc9c9df071f1b13a378b9d8953fcabea939bf1e06acd	AI Engine	9.2 الاستجواب الحر	5284
F-004438	- استخرج فقط المشاكل	113f1e00ce04f2b65ff9d377d09f039744199321bc683237de50e4aa5576d6d7	AI Engine	9.2 الاستجواب الحر	5285
F-004439	- النتائج تأتي كنص أو جدول أو رسم بياني أو ملف قابل للتصدير	be50d100abb18b8f1b097ed4459026258a89a0a3d286c674b11b25f78922ef7f	AI Engine	9.2 الاستجواب الحر	5286
F-004440	- تلخيص المحتوى	0e4581c8e869e00c06435ce2ea7e71ddc3b5bb3f9e98261e9ed48abff6c2b0ac	AI Engine	9.2 الاستجواب الحر	5287
F-004441	- استخراج الكيانات والمعلومات من النص	4dfca692ee4b609e02316e8274f623726431584d4bc1407433067ecb4296d7bb	AI Engine	9.2 الاستجواب الحر	5288
F-004442	- استخراج الكيانات مثل أسماء وتواريخ ومبالغ وبنود	7ae5c8c98fdada673c411e0691e60b53934fd696b9c3da486729035c8175da4e	AI Engine	9.2 الاستجواب الحر	5289
F-004443	- تلخيص متعدد المستويات (مختصر، متوسط، تفصيلي)	3481aca2c83ef5b38a7433a258de41e102a70f4e6a32f347313405aac8d080b1	AI Engine	9.2 الاستجواب الحر	5290
F-004444	- تلخيص اجتماعات مع استخراج نقاط العمل	e7299c5855aeb2c667a98865ac1aad6bfbf3484d3c1b387990ab9ae2f3da0c54	AI Engine	9.2 الاستجواب الحر	5291
F-004445	- توليد ملخصات تنفيذية عالية المستوى	06d0e6b32b8587ea689f86c3e0a1626a5ff07f40d83e064c63d8ec978987438f	AI Engine	9.2 الاستجواب الحر	5292
F-004446	- استخراج الكيانات مثل أسماء وتواريخ وبنود ومبالغ	69c069d0e420966c6df00723036706fdfc92e64f95cd742b5b020fc5fa55a4e4	AI Engine	9.2 الاستجواب الحر	5293
F-004447	- تلخيص متعدد المستويات	adcfd09cfa17b78c3ce802876bc33792555a49172092125d3acef33b6d91d41b	AI Engine	9.2 الاستجواب الحر	5294
F-004448	- الاستجابة لأسئلة المستخدم باللغة الطبيعية عن البيانات	f851df9216c778e612bed8e55160633844a7d4da9ffd450112d094eb1686a07d	AI Engine	9.2 الاستجواب الحر	5295
F-004449	- تحويل الأسئلة النصية إلى استعلامات على البيانات تلقائيا	d8a500ba76b500c5171795c2749da8768900b88cad24da1cf9c513931807db7f	AI Engine	9.2 الاستجواب الحر	5296
F-004450	- طرح أسئلة متابعة والحصول على مقارنات فورية.	4e1b67304331df6919e27418bca67d7cb1bef5a22dddc5ecd4e187693ff9d122	AI Engine	9.2 الاستجواب الحر	5297
F-004451	- طرح أسئلة متابعة واستكشاف البيانات وتحويل الإجابات إلى تقارير أو شرائح.	47276ec9a4ec11035f8d4e6c9869dc07e1ad39a90bb5c0610bd2a65c2b98b08e	AI Engine	9.2 الاستجواب الحر	5298
F-004452	- الإجابة على الأسئلة باستخدام وكيل بيانات Fabric.	51292c74a4087beaf159458d1b3f0e2abf8820512d2ebb382eeecd67660244b2	AI Engine	9.2 الاستجواب الحر	5299
F-004453	- معايرة الأسئلة والأجوبة.	efa472791439ac281d9e637ed3f19b6edc6b4de7ba934c1c3eabfaa15d09e400	AI Engine	9.2 الاستجواب الحر	5300
F-004454	- تحديثات محسنة للأسئلة والأجوبة.	c8823a94ca9434842893a42a62f2982b30fde76e764834c6a9cf59a3c8259415	AI Engine	9.2 الاستجواب الحر	5301
F-004455	- طرح أسئلة حول بياناتك بلغة طبيعية.	0ba7215cb43fbaa485ab00fa372a84bafde9ca8d6fa12c1acdbe4db135983463	AI Engine	9.2 الاستجواب الحر	5302
F-004456	- الحصول على إجابات فورية ومرئية للغاية مدعومة بالذكاء الاصطناعي.	7e114f88f452d9532969f0fff5d0aa6dcc6bf536893fe0f4a0e2afc7181ab1b9	AI Engine	9.2 الاستجواب الحر	5303
F-004457	- إجراء مهام معقدة مثل التنبؤ واكتشاف الحالات الشاذة باستخدام لغة طبيعية.	5c71271a0972aa81f7e3e8c95eebbcd337e6e901fa142d12e49c600655bda8f0	AI Engine	9.2 الاستجواب الحر	5304
F-004458	- دمج التحليلات الحوارية عبر تجارب متعددة.	7c8044a82f0805ded20684312207295edbb006ede8826b975303c6025a53901f	AI Engine	9.2 الاستجواب الحر	5305
F-004459	- طرح أسئلة لا حصر لها.	578dddef15b3044e1c4f97d19eb227e205cc32ebe1fd5fbf08cb29e22e8d9c08	AI Engine	9.2 الاستجواب الحر	5306
F-004460	- طرح أسئلة على بياناتك.	444cad9a216a4aea65b0e9376a44901f85e15536e6d29586aa8c3987dbbb378a	AI Engine	9.2 الاستجواب الحر	5307
F-004461	- استخدام البحث لتحليل بيانات الشركة في ثوانٍ.	f5d004c2c64a61748d048393de6d1c7c6f5227cf3fa0e167d7e35509c965ee8a	AI Engine	9.2 الاستجواب الحر	5308
F-004462	- طرح أنواع مختلفة من الأسئلة.	bd3e4bed4fd71a730b244f50f46d8c8e1f10541c93c41b0b288ef9909768b945	AI Engine	9.2 الاستجواب الحر	5309
F-004463	- استعلام مباشر.	dce6e3b5afe4e0e393f56983a5ad92d1dd1645e5235383012e021066b31ca285	AI Engine	9.2 الاستجواب الحر	5310
F-004464	- اتباع حدسك للكشف عن الاتصالات والرؤى غير المتوقعة.	c8d2219548fda6a08d3698a943685e646bc74cffa0162533cc75daf325ed2d56	AI Engine	9.2 الاستجواب الحر	5311
F-004465	- طرح أسئلة والحصول على إجابات من خلال البحث والتفاعل باللغة الطبيعية.	dd61d11da04c5f8a9bf948e57bb393f5f48ce1ec6f34a5d6f89d3e6602e9fe5c	AI Engine	9.2 الاستجواب الحر	5312
F-004466	- تفاعل بالبحث واللغة الطبيعية.	c40e62cbe471c9afa68d3a720d5bc4147493bf1cce19d002dc5db72e972e9a14	AI Engine	9.2 الاستجواب الحر	5313
F-004467	- الاستجواب الحر	b65ed96d46c4972e21cc7904ed61f6ff454095547da1be2b6d720886540fdd21	AI Engine	9.2 الاستجواب الحر	5314
F-004468	- الاستعلام عن طبقتك الدلالية	87ff56b2440fd458d0723a51c859f9a8a1745bd6be25ae708c7914ec3ee287c6	AI Engine	9.2 الاستجواب الحر	5315
F-004469	- الاستعلام عن مقاييس عملك مباشرة	b8cc790e210fa96c6f9a7c4eefcd06401d36d4b8c0e143dccd90a9547aadbd51	AI Engine	9.2 الاستجواب الحر	5316
F-004470	- استكشاف البيانات باستخدام لغة إنجليزية بسيطة	e67a86867f15209cb7b447e6a0a3fe94daa40bd69b8992dd7958520427929459	AI Engine	9.2 الاستجواب الحر	5317
F-004471	- الإجابة على أسئلة معقدة حول محتوى المستند	4458d348acb3c1d2a2367f924562d1f39590bfacb54888456bb418610f04c740	AI Engine	9.2 الاستجواب الحر	5318
F-004472	- الإجابة على الأسئلة في الوقت الفعلي أثناء الاجتماعات	e2546ce2f3633df80dfd2e2dad440aca10c40c8755447f2e50092189d07fb6bf	AI Engine	9.2 الاستجواب الحر	5319
F-004473	- البحث باللغة الطبيعية للحصول على رؤى قابلة للتنفيذ	cb3e12813ce0ec6fd4216181346f1a38a0470729bc7714f40441db782cb04617	AI Engine	9.2 الاستجواب الحر	5320
F-004474	- البحث عن إجابات في Confluence	a67f135c6349704184c929d86657caa06b1fb441a5881b32acd9d0dde770182e	AI Engine	9.2 الاستجواب الحر	5321
F-004475	- البحث عن عناصر العمل في Jira	4c8f18024202d89bacca85d831dcd10b27ebbb86e1ab99f43f8907fbf2fe7b4e	AI Engine	9.2 الاستجواب الحر	5322
F-004476	- تتبع التفاصيل المحددة داخل المستند عبر طرح الأسئلة	5e3840f68145a1a47b940925159edb1b7c0bbf7c90741c6f19aaf51df5218dda	AI Engine	9.2 الاستجواب الحر	5323
F-004477	- تحويل الأسئلة باللغة الطبيعية إلى استعلامات بيانات معقدة	02fa0ea185e9e2e29b47aae3338331a7da99530323107b4073381bde68e496c8	AI Engine	9.2 الاستجواب الحر	5324
F-004478	- تحويل الاستعلامات باللغة العادية إلى استعلامات SQL	332ffce943e833bdf39280c6e2bf708f0d2adfdb390ef7a51ebb19bebda371cf	AI Engine	9.2 الاستجواب الحر	5325
F-004479	- تحويل البحث من مصادر متعددة إلى موجزات واضحة وقابلة للتنفيذ	372ce5c2a58f67c822edd3b87ed8c84b21531246ff763d1953f10731174352be	AI Engine	9.2 الاستجواب الحر	5326
F-004480	- تحويل البيانات إلى رؤى أو مهام شاقة إلى مهام بسيطة	dc460f43e65194eac244bbe0e2a36cbfd8e4c93051d8576d8c57a2150db662a2	AI Engine	9.2 الاستجواب الحر	5327
F-004481	- تحويل جداول البيانات إلى رؤى قابلة للتنفيذ تلقائيًا	e505fdb2b5eb54bd05468af77584413c7e37c9ea42a621a491f484b472eef0d7	AI Engine	9.2 الاستجواب الحر	5328
F-004482	- طرح أسئلة على المستند للحصول على تفاصيل محددة	987a9d6aee0c3742da326d6335394393ddeb07db1a4d149c659c9ca1ae9b9cab	AI Engine	9.2 الاستجواب الحر	5329
F-004483	- طرح أسئلة متابعة واستكشاف البيانات وتحويل الإجابات إلى تقارير أو شرائح	4a673b682acd958c80b089baa5f661401958f9cd7628c9e17e86a2bcb0873372	AI Engine	9.2 الاستجواب الحر	5330
F-004484	- طرح الأسئلة والحصول على مقارنات فورية	40d1c30249a0d4613a936ba18f4e8e9e0d1aa54007365ff52cca69c2fbdadd03	AI Engine	9.2 الاستجواب الحر	5331
F-004485	- فهم الأسئلة باللغة الطبيعية وتحويلها إلى تحليل بيانات معقد	64c2ced66016c11c45f72b2b0c9aa23261844136c4803fe0cf7ef22651fcf737	AI Engine	9.2 الاستجواب الحر	5332
F-004486	- تتبع رحلة الاستكشاف تلقائيًا (كل مخطط وسؤال ورؤية)	f92cfedf1e484dc94706c03809b60dacc04efa796bf350b20628ec4fa3fe29e6	AI Engine	9.2 الاستجواب الحر	5333
F-004487	- تجميع التنبيهات المتشابهة معًا لتحديد المشكلات بشكل أسرع	cdf0d090a7a2c869fc19644a9030cf77b4abb82e2492c751eb876cc698b33980	AI Engine	9.2 الاستجواب الحر	5334
F-004488	- تجميع التنبيهات في Jira Service Management	204fbc0fce40adde9c52c624ab69058a4c5e65826035a13873ccfd3e28bf177d	AI Engine	9.2 الاستجواب الحر	5335
F-004489	- تحليل سريع: ملخص ومؤشرات رئيسية	35df1424bc77d0ffb2f082b98765e679bb7976ec880886171bae6fdb381eba38	AI Engine	9.3 مستويات التحليل	5341
F-004490	- تحليل متقدم: مقارنات وعلاقات وتفسيرات	0eca1b22a6811a3d42fa6a3108a95eaf94bd573095de3bfe395fc89790b28233	AI Engine	9.3 مستويات التحليل	5342
F-004491	- تحليل استراتيجي: استنتاجات وتوصيات وتنبؤ وسيناريوهات	607d0b763f8a6def01d63b78231bca2c283d157493a1571e4b85f7f580e19103	AI Engine	9.3 مستويات التحليل	5343
F-004492	- مستويات تحليل متعددة تشمل تحليل سريع، متقدم، واستراتيجي مع استنتاجات وتوصيات وتنبؤ	406e9a5b4f41faa1fa26cf30d9f9a4d2c193dea82fce7458604a972fafce82ce	AI Engine	9.3 مستويات التحليل	5344
F-004493	- تحليلات تنبؤية مستقبلية	a4a90b9deba5648c0011686e884ee3459bc31d70b8917f35818368600d2ff27a	AI Engine	9.3 مستويات التحليل	5345
F-004494	- تحليل الاتجاهات طويلة المدى	d5f35f2b936bd64e8b5eb11c6ddf649bff5cdeca497281de8dff9c9cae393e9f	AI Engine	9.3 مستويات التحليل	5346
F-004495	- تحليل أسباب الانحراف عن الخطة	d0ea4f97474f4409be9a429c0015dbdfc8caab1184ae1685ba289eb56bb60901	AI Engine	9.3 مستويات التحليل	5347
F-004496	- تحليلات فورية أثناء الاجتماعات	4fe6c0ffead57fdc349e29277eea9369665bdb232549012ee475f84247712756	AI Engine	9.3 مستويات التحليل	5348
F-004497	- تحليل تأثير القرارات السابقة	90c5a27abe7db0b966841b71157316b278a95d121126ed97fc4434817120b742	AI Engine	9.3 مستويات التحليل	5349
F-004498	- تحليل أثر تغيير مؤشر أداء على الشرائح	05b1cf2626805a31fe3dfc7d3cd8a1aff11b8501e63c5cb692d2c37a34dadb69	AI Engine	9.3 مستويات التحليل	5350
F-004499	- اقتراح أفضل أنواع الرسوم البيانية للبيانات المحددة	18c1474e69df6d42b522d68f34c4c7312f7cc9e82a4a00486f1afcd4e910d310	AI Engine	9.3 مستويات التحليل	5351
F-004500	- التحليل العميق متعدد المستويات للبيانات	2a8557952cececabf6281a80a89fab56b7d6f8e37e7a29ea80214cfb00bba980	AI Engine	9.3 مستويات التحليل	5352
F-004501	- التحليل التنبؤي باستخدام نماذج تعلم الآلة	2e4405b2f68036413cfe3e2a6215e1e16eee9a3190162cbe68f03917b99dd1d5	AI Engine	9.3 مستويات التحليل	5353
F-004502	- التحليل الوصفي الشامل للبيانات	5ac0f4db48874b804939e74ba7ad2e9352a308c81784156c67715e92a7931fee	AI Engine	9.3 مستويات التحليل	5354
F-004503	- مستويات التحليل	7f7cec5630d7364de72dfc9e4b73ee7defd262dd402ddf0f78c2e774a8354f1e	AI Engine	9.3 مستويات التحليل	5355
F-004504	- تحليل البيانات وتحديد الأنماط وشرح ما يحدث بلغة واضحة	367e19651eef6a628c9afc690939e066df91b46989caaa910153b2d74ab0941d	AI Engine	9.3 مستويات التحليل	5356
F-004505	- استخلاص الرؤى من مجموعات البيانات الكبيرة	886edb706cf3077bfcb601bf48b95dc259cc6b759960f41947d62f24423b0df6	AI Engine	9.3 مستويات التحليل	5357
F-004506	- التعرف على الأنماط والشذوذ في البيانات	05c86eac438f95b1befe6e91f3826a234ab28647dea57d1d22f706bb8796c0e3	AI Engine	9.3 مستويات التحليل	5358
F-004507	- محلل بيانات: تركيز على الأرقام	2a0115517fcbc9ee1647c3e45573670bddc20f1ec19d38f2e81bda9f00f338b0	AI Engine	9.4 الأدوار المتعددة للذكاء الاصطناعي	5364
F-004508	- مدقق جودة: تركيز على الأخطاء	1cfbb307cb96d0ddd8d20b652daaeed800bc3f935b97ecb082de0e76250e8cc7	AI Engine	9.4 الأدوار المتعددة للذكاء الاصطناعي	5365
F-004509	- مستشار إداري: تركيز على التوصيات	636af48a2c357f609a1ec850cea7083027399f7336f52d7e0d82ad3c007d7db6	AI Engine	9.4 الأدوار المتعددة للذكاء الاصطناعي	5366
F-004510	- مخطط استراتيجي: تركيز على التنبؤ	6a576563cc1e6b666e93cef8a5ca391f336782573a9f92a702ae1c4bb7cbf31a	AI Engine	9.4 الأدوار المتعددة للذكاء الاصطناعي	5367
F-004511	- مصمم تقارير: تركيز على العرض البصري	13cf77e628e681a170ded301440dba718e9ab76ab85c90549077f5f6647be073	AI Engine	9.4 الأدوار المتعددة للذكاء الاصطناعي	5368
F-004512	- الذكاء الاصطناعي يقترح وينفذ والإنسان يعتمد	454b085bf1d97c45d406130d165785730ce2e06c14779f57fe14f948de4d4579	AI Engine	9.4 الأدوار المتعددة للذكاء الاصطناعي	5369
F-004513	- تشغيل ذكاء اصطناعي محلي بالكامل	88bd6c51fe2b1a6694df96ddccdb96ca029aea446702d9942a4e36c618fcac55	AI Engine	9.4 الأدوار المتعددة للذكاء الاصطناعي	5370
F-004514	- استبدال محرك ذكاء اصطناعي خلال ساعات	3e3fe02eaa9e9bdeb98e58ffe320abf7b607c2f308cc39689043ad90f0d7d1a6	AI Engine	9.4 الأدوار المتعددة للذكاء الاصطناعي	5371
F-004515	- تلخيص اجتماعات مع استخراج القرارات ونقاط العمل	c6ea917375f384b47df90da003164fd6a2106e25d5ba1c36e8f8356f956f5763	AI Engine	9.4 الأدوار المتعددة للذكاء الاصطناعي	5372
F-004516	- دعم نماذج ذكاء اصطناعي محلية	488a0f6d50549a6f8ed171739f69e4476d516ca39432a7ea42af33347d073831	AI Engine	9.4 الأدوار المتعددة للذكاء الاصطناعي	5373
F-004517	- تحليل جودة البيانات	21f382fc556cb4453c7deb5fe889c0db374e82b3e9ef34c299751ebfa3093148	AI Engine	9.4 الأدوار المتعددة للذكاء الاصطناعي	5374
F-004518	- تصنيف البيانات النصية تلقائيا	2bbcd8477f167ba21ae57906ed31783decd10d94311453bf49fe3f2adbc092fb	AI Engine	9.4 الأدوار المتعددة للذكاء الاصطناعي	5375
F-004519	- استخلاص الكيانات المهمة من النصوص مثل الأسماء والتواريخ والمبالغ	f01834fd51517eaffff1c121133dcf948d997ec9e6e8db371442c279ff023ba7	AI Engine	9.4 الأدوار المتعددة للذكاء الاصطناعي	5376
F-004520	- توليد تقارير تلقائية بناء على البيانات	dc7e7498dac087bbd283882ee081167b91e826c07c8145417b577d503834bfc7	AI Engine	9.4 الأدوار المتعددة للذكاء الاصطناعي	5377
F-004521	- تلخيص مجموعات البيانات الكبيرة	896982d8d96289f3c1aca43dc1c54ff6e8d1f05fd1b89f47e26da68749165af4	AI Engine	9.4 الأدوار المتعددة للذكاء الاصطناعي	5378
F-004522	- الذكاء الاصطناعي الاستباقي الذي يقترح إجراءات قبل طلبها	7c1c8c9b3cdd03cfe93cdf00c57fe24a5042836a76fdc25365ba19f87156a5d0	AI Engine	9.4 الأدوار المتعددة للذكاء الاصطناعي	5379
F-004523	- الذكاء الاصطناعي المتعلم الذي يتحسن مع الاستخدام	6b4751c76bc9a91cda51f1a7e198b77277f7811dee860ad6a5a703034bf126f5	AI Engine	9.4 الأدوار المتعددة للذكاء الاصطناعي	5380
F-004524	- الذكاء الاصطناعي للبيانات الضخمة القادر على معالجة ملايين السجلات	e33586d01321a945d07032e27c1c84346a180da0d7c71344cfa270efa400179a	AI Engine	9.4 الأدوار المتعددة للذكاء الاصطناعي	5381
F-004525	- الذكاء الاصطناعي لجودة البيانات الذي يكشف مشاكل الجودة تلقائيا	3ff776238b55be0f7c7a03da101b5dd84b97ac371fa1b2c564d617170aa635ca	AI Engine	9.4 الأدوار المتعددة للذكاء الاصطناعي	5382
F-004526	- الذكاء الاصطناعي الاستراتيجي الذي يربط البيانات بالأهداف	edcd31066539a699274f0611850fa1eb5c1581c80ecaf40fc1f9ed6e893e5169	AI Engine	9.4 الأدوار المتعددة للذكاء الاصطناعي	5383
F-004527	- مساعد استباقي يتعلم من السلوك ويقترح	8bff89a53faac329a77eb4d9f7da610331a57b487ad821070c4b29d8c267063d	AI Engine	9.4 الأدوار المتعددة للذكاء الاصطناعي	5384
F-004528	- مساعد ذكي مصغر من أي صفحة مع سياق الصفحة الحالية	670cd5192f747179526219c8fb4e81c267630ebe8b1b685d9806fa955a26d469	AI Engine	9.4 الأدوار المتعددة للذكاء الاصطناعي	5385
F-004529	- شخصيات مختلفة مثل محلل ومستشار ومساعد تقني	989d596571c82ae1e2c3f508f4563d7c7d1d00a9ee9320526b97ff2fb1c7ec68	AI Engine	9.4 الأدوار المتعددة للذكاء الاصطناعي	5386
F-004530	- تصنيف وبحث متقدم بوسوم ومجلدات ومفضلة وبحث نصي ودلالي	3123c8e67a84984fae7a6cb7f7d000d23006dede969635ede3f8c20ebe6c9623	AI Engine	9.4 الأدوار المتعددة للذكاء الاصطناعي	5387
F-004531	- حزم سياق جاهزة من سياسات وتقارير وبيانات ترفق للمحادثة بنقرة	0b547dd1bdbeab1343a9534c310753b96bcdb8a9ffc394612ce7be98f8d01f0b	AI Engine	9.4 الأدوار المتعددة للذكاء الاصطناعي	5388
F-004532	- يختار الوكيل والأداة والنموذج الأنسب حسب نية المستخدم	f23beaad41649b35fe5bd6443960ba7d4a101c47c35750387686b4be3f725650	AI Engine	9.4 الأدوار المتعددة للذكاء الاصطناعي	5389
F-004533	- يجزئ المهمة لخطوات وينفذها ويعالج الفشل بإعادة المحاولة أو البديل	f42c0dfb3ebbb557a19675fd7e7fb4a53033439cdc917e364000e5acc1784064	AI Engine	9.4 الأدوار المتعددة للذكاء الاصطناعي	5390
F-004534	- قوالب وكلاء لتحليل البيانات والتدقيق وكتابة التقارير وتشغيل الإجراءات	2d7358aa5a20afdac31171295a301f40d8a0efb2657efe76d8f2661e4965be62	AI Engine	9.4 الأدوار المتعددة للذكاء الاصطناعي	5391
F-004535	- إضافة وتعديل الوكلاء بدون كود مع تحديد الأدوات المسموحة ونطاق الاسترجاع والقواعد	dae808435805977ef80847cc906b222075fa24e9d659348d2551fc6e032e5466	AI Engine	9.4 الأدوار المتعددة للذكاء الاصطناعي	5392
F-004536	- إصدارات للوكيل مع بيئة اختبار قبل النشر	e506ea4095af1979a40ff068c651379fa06a6d67a9394608b72cff9fa5268dfd	AI Engine	9.4 الأدوار المتعددة للذكاء الاصطناعي	5393
F-004537	- اختبارات للوكيل مع قياس الجودة	d38c45f4fdc324dc847736ce9c5f96f1e820d46528d960237f708c8799da1365	AI Engine	9.4 الأدوار المتعددة للذكاء الاصطناعي	5394
F-004538	- وكيل مسؤول البيانات يوحد الأعمدة والأنواع ويضبط مؤشرات الأداء والسياسات	bd33886eaf8f6098d6a3262204ecf089842e4aa230bee134036495ba722f372c	AI Engine	9.4 الأدوار المتعددة للذكاء الاصطناعي	5395
F-004539	- وكيل المحلل يكشف الفجوات والشذوذ والأسباب الجذرية ويقدم توصيات	1e52ad67feebd0033159d80011c06a1a7df8390dbd5dd07956a7690d35fb6acb	AI Engine	9.4 الأدوار المتعددة للذكاء الاصطناعي	5396
F-004540	- وكيل المصمم يحسن التخطيط ودعم الكتابة من اليمين والتباين والتبسيط	43581dfc5d2b8f473e6e630fd50d2f0334dd03b3c5359b52f207fd4df8fdaf7a	AI Engine	9.4 الأدوار المتعددة للذكاء الاصطناعي	5397
F-004541	- وكيل كاتب التقارير يولد سردا رسميا وملخصات بلغة تنفيذية	3c44663de77cacacaf73c0022ff939803e3041001090713fba43cc8c90ebd9b5	AI Engine	9.4 الأدوار المتعددة للذكاء الاصطناعي	5398
F-004542	- وكيل العروض ينشئ العرض مع ملاحظات المقدم وأسئلة وأجوبة وملاحق	09e3cfe3332604a1e43654192892307e4946f162df83d89a73f3c287069be5d7	AI Engine	9.4 الأدوار المتعددة للذكاء الاصطناعي	5399
F-004543	- وكيل المراقبة يراقب تغير البيانات ويقترح تحديث المخرجات	fca269653c64577aba50d59e425c2a1804834167066d53ebec32e3904a276d09	AI Engine	9.4 الأدوار المتعددة للذكاء الاصطناعي	5400
F-004544	- عند انحراف مؤشر أداء يقترح تحقيق أو تصعيد	1fb3105b2c84b7c99dc46c01a4b7a42e2b6a54826f2968bc6ff60ec58baa6a4d	AI Engine	9.4 الأدوار المتعددة للذكاء الاصطناعي	5401
F-004545	- ضوابط الاستشراف بمستويات مختلفة مع إمكانية التعطيل الكامل والتفسير وعدم تجاوز الصلاحيات	178c52d11fb493b66cabf14f45ba9ad2a28be6c7c32f65eccdc02894286c50ab	AI Engine	9.4 الأدوار المتعددة للذكاء الاصطناعي	5402
F-004546	- وضع صارم للامتثال مع سرد محافظ بدون افتراضات غير مسندة	adb88b3fa62cb2366c6bdc60bcf54652ce476d848f31775265b9c1a539a8473e	AI Engine	9.4 الأدوار المتعددة للذكاء الاصطناعي	5403
F-004547	- وضع متوازن تنفيذي مع توصيات وافتراضات واضحة	adb8b5dee8f5da37d70aa5a4c84c66d24f0c3464203cef06a2630c971eae8188	AI Engine	9.4 الأدوار المتعددة للذكاء الاصطناعي	5404
F-004548	- وضع إبداعي للتصميم والقصة مع بدائل تصميم وسرد أكثر ثراء ضمن ضوابط الهوية	15d7cba928d4e9794cc89af219148aa03f7106dd9092c79efe90f004da974491	AI Engine	9.4 الأدوار المتعددة للذكاء الاصطناعي	5405
F-004549	- تبديل النماذج دون تعطيل الخدمات	9bfd31a18697caaf86e2792fcf3e9afb726e607a68250ee0255eb6d89651812c	AI Engine	9.4 الأدوار المتعددة للذكاء الاصطناعي	5406
F-004550	- تطبيق مستويات ذكاء مختلفة حسب الاشتراك	62c165bac3f37dd886473175369e4da18b6c51b3b2c7764c0e0141bc9e2a565b	AI Engine	9.4 الأدوار المتعددة للذكاء الاصطناعي	5407
F-004551	- عزل الذكاء الاصطناعي عن منطق الأعمال	f2a48fd85c07246f77ab6bc47cba60ef065e2849c649af069549bbb705a2f495	AI Engine	9.4 الأدوار المتعددة للذكاء الاصطناعي	5408
F-004552	- توليد نصوص احترافية متعددة الأنماط	981b651050c3a4f3792fdaf23fccae659efe35a56653acb0bc525aada5c3d049	AI Engine	9.4 الأدوار المتعددة للذكاء الاصطناعي	5409
F-004553	- إعادة صياغة المحتوى بمستويات رسمية مختلفة	13b860b7cc93dff9ceb1d58863ec669f8472408bba6683032ec33ee8f2b6b9b7	AI Engine	9.4 الأدوار المتعددة للذكاء الاصطناعي	5410
F-004554	- تلخيص متعدد المستويات مختصر ومتوسط وتفصيلي	05ba9f2405dbf44eb5d99c6c5ac7814a744bc098b5318c7880a3ed337d2c1f32	AI Engine	9.4 الأدوار المتعددة للذكاء الاصطناعي	5411
F-004555	- إنشاء أسئلة وأجوبة تلقائية من أي مستند	8ceda6db68f240d8ad411d2e945d968942c7c8fbe958d6e7fd321be6444025f2	AI Engine	9.4 الأدوار المتعددة للذكاء الاصطناعي	5412
F-004556	- دعم القرار القائم على القواعد والبيانات	2f1fb9fa92c7d83ba1bb0f6842f8123e980f818281d93a984cd89a3ea73d74e7	AI Engine	9.4 الأدوار المتعددة للذكاء الاصطناعي	5413
F-004557	- إنشاء توصيات قابلة للتنفيذ	d4c10d5f622bb9049c960b45297f277fa2a5f05ac364fc0b90012967db5189ad	AI Engine	9.4 الأدوار المتعددة للذكاء الاصطناعي	5414
F-004558	- نمذجة تنبؤية زمنية	ee6ae4cf87085f9a70181927e9aa76eb69611dafcf63c34c3467b712a0f27906	AI Engine	9.4 الأدوار المتعددة للذكاء الاصطناعي	5415
F-004559	- تحليل المخاطر	6ef732852aecf4288b1cc27b408aef5aebd558b91661935c9e92fb4f91ccd58d	AI Engine	9.4 الأدوار المتعددة للذكاء الاصطناعي	5416
F-004560	- اقتراح بدائل استراتيجية	fde67d148aa6dfd97379bfa70215173745fff9fc607a2f53546eb4d8192938ef	AI Engine	9.4 الأدوار المتعددة للذكاء الاصطناعي	5417
F-004561	- مساعد إداري ذكي لإعداد المراسلات والقرارات الرسمية	e3c7af6ed30223b00cb4cfba107efd15dd0763e267e8e25731bd927bf5f6cece	AI Engine	9.4 الأدوار المتعددة للذكاء الاصطناعي	5418
F-004562	- توليد عروض تنفيذية تلقائيا من تقارير تشغيلية	438160691e494d21394380ae2f8546a4020e5c605c1f570f5a7bed14c49faa0f	AI Engine	9.4 الأدوار المتعددة للذكاء الاصطناعي	5419
F-004563	- تلخيص اجتماعات مع استخراج نقاط العمل	e7299c5855aeb2c667a98865ac1aad6bfbf3484d3c1b387990ab9ae2f3da0c54	AI Engine	9.4 الأدوار المتعددة للذكاء الاصطناعي	5420
F-004564	- التنبؤ بالمخاطر التشغيلية قبل وقوعها	929dc6f3a0deeb1c56bd6a710b1df589084ee522bdad00597782a66876acd5d7	AI Engine	9.4 الأدوار المتعددة للذكاء الاصطناعي	5421
F-004565	- تحليل الامتثال التنظيمي تلقائيا	e6ef341a7e3743adaa586570a2780b6823b8810b794ebdfbed792a20c5e5f428	AI Engine	9.4 الأدوار المتعددة للذكاء الاصطناعي	5422
F-004566	- مساعد قرار إداري مبني على البيانات	7d62c655cd230cd8e70e4ff392de287656ec958fc9238676bccfdd24481b1298	AI Engine	9.4 الأدوار المتعددة للذكاء الاصطناعي	5423
F-004567	- بناء نماذج توقع للاحتياجات التشغيلية	652898bbfd4d8dfed0ecc1e25385f87cbceeabaa9a2eca351da1836ff4318e21	AI Engine	9.4 الأدوار المتعددة للذكاء الاصطناعي	5424
F-004568	- توليد خطط مشاريع مبدئية من وصف نصي	a4b9354f3efa16828e01b4339beece18c8c9f7c686b581298be77fc9903230b8	AI Engine	9.4 الأدوار المتعددة للذكاء الاصطناعي	5425
F-004569	- اقتراح تحسينات تشغيلية اعتمادا على تحليل الأداء	25db9659c7a1adbb7b2937f5ae79c0a755f763c9f84f534da1c99ff916199ee8	AI Engine	9.4 الأدوار المتعددة للذكاء الاصطناعي	5426
F-004570	- تحليل تفاعل المستخدمين مع العروض	3c1bad68e1f79f458dd41cb42e46748c849d1960cd10be244ec3cb7abb8452cb	AI Engine	9.4 الأدوار المتعددة للذكاء الاصطناعي	5427
F-004571	- توليد محتوى تدريبي مخصص	b462ec66a0ee748d3ff02e63ba05894228aa89c7c52dd1430db5e1ac5fec7aa7	AI Engine	9.4 الأدوار المتعددة للذكاء الاصطناعي	5428
F-004572	- إعادة صياغة المحتوى وفق جمهور محدد	1af1f9181dcb38b27c010d71f3d6cac89f4a2553e5bd2fe088e4e2d7557e87bf	AI Engine	9.4 الأدوار المتعددة للذكاء الاصطناعي	5429
F-004573	- توليد ملخصات تنفيذية عالية المستوى	06d0e6b32b8587ea689f86c3e0a1626a5ff07f40d83e064c63d8ec978987438f	AI Engine	9.4 الأدوار المتعددة للذكاء الاصطناعي	5430
F-004574	- اختيار أفضل مسار تنفيذ تلقائيا	01c1561ef5c09ddf59168da03c2c40c2e0edb48d87fb68241d1741748f43527c	AI Engine	9.4 الأدوار المتعددة للذكاء الاصطناعي	5431
F-004575	- توزيع المهام على محركات متخصصة	5167a8a2ab6b3931e67ec356765f67cd65e5028a54c9a36f234451dd109670c9	AI Engine	9.4 الأدوار المتعددة للذكاء الاصطناعي	5432
F-004576	- التحقق من جودة التنفيذ قبل الإخراج	36410bce6bcd50873455a580fecb40eec82ae58153f4d3737d10d5a5652c91e1	AI Engine	9.4 الأدوار المتعددة للذكاء الاصطناعي	5433
F-004577	- إعادة المحاولة الذكية في حال انخفاض الجودة	52a3d08c98ca0ce46c3634a66d2965b4ddfea1317e43f7c713047fc716e95c5e	AI Engine	9.4 الأدوار المتعددة للذكاء الاصطناعي	5434
F-004578	- تفكيك الأهداف المعقدة إلى خطط تنفيذ	46a162ea9430fffe556ae57e5e9a431c7ba06117a3319f0a7fb2f6f3ffa55bed	AI Engine	9.4 الأدوار المتعددة للذكاء الاصطناعي	5435
F-004579	- اكتشاف الغموض والتوضيح التلقائي	7092aeabebbdc5469adbd84ace9cacdad41984d8c7fe7fafe86eb0bd2a1bd58b	AI Engine	9.4 الأدوار المتعددة للذكاء الاصطناعي	5436
F-004580	- محاكاة السيناريو قبل التنفيذ	e9157c5875559985b4f164343fcc91c90011c2351cc83ccc62bd635bf7e6fe18	AI Engine	9.4 الأدوار المتعددة للذكاء الاصطناعي	5437
F-004581	- اكتشاف التأثير المتسلسل للإجراءات	22fed2b9eb99ca5044b719fa896278a3b4e9eb453590125c6caba60837f3fda5	AI Engine	9.4 الأدوار المتعددة للذكاء الاصطناعي	5438
F-004582	- تحسين متعدد التمريرات	d7fe64b9863190b61ee617648cd76dff7c7e42eb22b417ee19c19fe91d06422f	AI Engine	9.4 الأدوار المتعددة للذكاء الاصطناعي	5439
F-004583	- اكتشاف اتجاهات مخفية	6b62b69202514708fbb82a6f8a866dd46e7e4d1f207a8361d24483e447ad3f71	AI Engine	9.4 الأدوار المتعددة للذكاء الاصطناعي	5440
F-004584	- اكتشاف ارتباطات غير معروفة	f6563af55180fb805bbb1c3be130a9d99479ac0a80fe2bca9479088e4f77160c	AI Engine	9.4 الأدوار المتعددة للذكاء الاصطناعي	5441
F-004585	- توليد ملخصات تنفيذية	a77a1a08bb831aaba6102034f1947243c9989c93c6c30de8701215ba9ddd9f1a	AI Engine	9.4 الأدوار المتعددة للذكاء الاصطناعي	5442
F-004586	- تفسير مسارات الأسباب	258a98153890ee718c2f90dd27ef58d0f7fadd2d3dab1d9b64476949adba7f8e	AI Engine	9.4 الأدوار المتعددة للذكاء الاصطناعي	5443
F-004587	- اقتراح استراتيجيات للتخفيف	9c40674e2c83e282f3e60081e9b303d1249f9a629b781c31bcca4f8316b16423	AI Engine	9.4 الأدوار المتعددة للذكاء الاصطناعي	5444
F-004588	- نمذجة سيناريوهات ماذا لو	a059c7b0c3c9e651a61ed0760a16c8e424b506dcc457c4d096a96a49dd92f3c3	AI Engine	9.4 الأدوار المتعددة للذكاء الاصطناعي	5445
F-004589	- محاكاة تأثير متعدد المتغيرات	503e47c322c418418fd4a405587c247d236bca76ab06577c22db6a8eab61a84a	AI Engine	9.4 الأدوار المتعددة للذكاء الاصطناعي	5446
F-004590	- نمذجة المخاطر	b0cdee4d69aae7cd8f53c3712687070e3653ebb6c95b2c93f1df34f3c1ec8b06	AI Engine	9.4 الأدوار المتعددة للذكاء الاصطناعي	5447
F-004591	- توقع الموارد	86d1ea0575f4ff82b4dff4bdb550ca0a9a968d119471c0b6e3b0e0cf6c121c1b	AI Engine	9.4 الأدوار المتعددة للذكاء الاصطناعي	5448
F-004592	- تحليل تدفق البيانات الحي	3d4adbcea10cde1e6961a269f5ecbda4b936f86dc1fa3aaae6138248f3517ba9	AI Engine	9.4 الأدوار المتعددة للذكاء الاصطناعي	5449
F-004593	- توليد تنبيهات فورية عند اكتشاف تغيرات فجائية	46c42482c8a1a1124ff93ed3260f46cbe2fd768598825a37d0bb0ae19e560d47	AI Engine	9.4 الأدوار المتعددة للذكاء الاصطناعي	5450
F-004594	- تفسير تلقائي للتغيرات	c50a767f96c52e571da37af6684a874cfd2337c09a1ee4ecb06bc383593f5a29	AI Engine	9.4 الأدوار المتعددة للذكاء الاصطناعي	5451
F-004595	- ربط التغير بسبب محتمل	deb275d61dbaf4d650636cdc68c330b392944d623b622b70ddc721bb2759a0b0	AI Engine	9.4 الأدوار المتعددة للذكاء الاصطناعي	5452
F-004596	- إنشاء تحليلات مخصصة.	369f7bcf1c348b175f148d735d223f589d356a4188dbf50b96841c8162d6bbad	AI Engine	9.4 الأدوار المتعددة للذكاء الاصطناعي	5453
F-004597	- تلخيص البيانات وتحليلها.	27d4f0b7e498bd04737a0b5dc05cd1c53432b4a846bcc6935c00c4ef7f3ecb34	AI Engine	9.4 الأدوار المتعددة للذكاء الاصطناعي	5454
F-004598	- نمذجة السيناريوهات.	b602bec344a73816e37b5b4e053448ce8a69a4b43c830639f372a933757b63db	AI Engine	9.4 الأدوار المتعددة للذكاء الاصطناعي	5455
F-004599	- تنبؤ بالرفع.	10797f07a1c91aa8ee1629cc7e9f47a0d3c7586e1a5239ecdc687dd5e4947a4f	AI Engine	9.4 الأدوار المتعددة للذكاء الاصطناعي	5456
F-004600	- بناء توقعات نفقات ديناميكية من المحركات التشغيلية.	9114146a36ab454843d6a2ea2b85cd662ddd437bae820760f12f3cd30774d094	AI Engine	9.4 الأدوار المتعددة للذكاء الاصطناعي	5457
F-004601	- نمذجة تأثيرات التكلفة في الوقت الفعلي.	fc5877268e249bead6ddd807e16c4de87f51f374d92d63e5f512912c8627992f	AI Engine	9.4 الأدوار المتعددة للذكاء الاصطناعي	5458
F-004602	- تتبع عمليات تسليم المعدات عالية القيمة ونمذجة تأثير التدفق النقدي باستخدام بيانات المستودع الحية.	9926c3f9a598b16f41a8961f4df1d38d58c6e2fabd35e38e2adb9cbd967bb47a	AI Engine	9.4 الأدوار المتعددة للذكاء الاصطناعي	5459
F-004603	- تخطيط وتنبؤ بعدد الموظفين والتعويضات باستخدام البيانات الحية.	72b786026aad95bfe526efe5094998b1560191c92327cbf8593da038d72276c7	AI Engine	9.4 الأدوار المتعددة للذكاء الاصطناعي	5460
F-004604	- تخطيط أداء الشؤون المالية والإبلاغ عنه وتحليله باستخدام بيانات المستودع الحية.	0bb5faa96f1d86525b9dab8cfd8a592f1c047c2fbec22d975cddb717eee6f8d9	AI Engine	9.4 الأدوار المتعددة للذكاء الاصطناعي	5461
F-004605	- تنبؤ بالإيرادات باستخدام بيانات خطوط الأنابيب الحية.	97af7bff4a75fb2dac60880ad188263a1302ba95ad2308a76490a336bc477203	AI Engine	9.4 الأدوار المتعددة للذكاء الاصطناعي	5462
F-004606	- تحديث الصفقات.	cf44de0d399c88d97fc409d76e57b7851135d11ab800c38a43f67649152fe826	AI Engine	9.4 الأدوار المتعددة للذكاء الاصطناعي	5463
F-004607	- مراجعة توقعات الممثلين.	f6da5d43cab2213378baf2fae0db65977d0216791d003d5cb60221c4cb0c64d6	AI Engine	9.4 الأدوار المتعددة للذكاء الاصطناعي	5464
F-004608	- عرض توقعات الممثلين.	c6d311f668fee8e32af407a6eae4f4f5eabd243875dcde69581589fcb45e6d0a	AI Engine	9.4 الأدوار المتعددة للذكاء الاصطناعي	5465
F-004609	- التحقيق في التناقضات باستخدام النشاط الأخير.	b8b6a147946c604689fa2c2eebfafe85c4fb39892a6c1e3eedd7fa872c6960b6	AI Engine	9.4 الأدوار المتعددة للذكاء الاصطناعي	5466
F-004610	- تحليل الميزانية مقابل الأرقام الفعلية باستخدام البيانات الحية.	c9b23c09d526bc354b2fcc7705f7b4244180d015165815570cd2710ed288d679	AI Engine	9.4 الأدوار المتعددة للذكاء الاصطناعي	5467
F-004611	- تتبع الفروق.	08c0272f6b8850afb4436c350c24047a0e3b3c5d668980cfbd2407cd569027b1	AI Engine	9.4 الأدوار المتعددة للذكاء الاصطناعي	5468
F-004612	- تحديث التوقعات.	d9c74175dbf6284a450b0687ef08d57f0f4b98561601635fd8d960e7172858e2	AI Engine	9.4 الأدوار المتعددة للذكاء الاصطناعي	5469
F-004613	- تخطيط وتنبؤ بالطلب باستخدام البيانات الحية.	ed58a250a0814dc8c342508e4bf498b467b55870d9e4ccdd6e0e30d2f87da1e9	AI Engine	9.4 الأدوار المتعددة للذكاء الاصطناعي	5470
F-004614	- إدارة السيناريوهات.	4c0edf27ace3f8b4c440c0653c3c2c7495be012d3413094849757fccd198d5db	AI Engine	9.4 الأدوار المتعددة للذكاء الاصطناعي	5471
F-004615	- تعلم آلي تلقائي وتحليلات تنبؤية.	18bad19fbf714544ed55615c48612e6e981b9dd6f6f6d3676ef27669e145b768	AI Engine	9.4 الأدوار المتعددة للذكاء الاصطناعي	5472
F-004616	- الأدوار المتعددة للذكاء الاصطناعي	e285823c0000ca9bba2f3dc23047f9043aac7d4b7a51995cfb6b4dd52b5a1ba1	AI Engine	9.4 الأدوار المتعددة للذكاء الاصطناعي	5473
F-004617	- الجمع بين خبرة الفرق البشرية وأحدث تطورات الذكاء الاصطناعي	d4a9abe6459937c1d48ca3c61a1d80f751e83943ea96ed682d0fedc04e4ca95e	AI Engine	9.4 الأدوار المتعددة للذكاء الاصطناعي	5474
F-004618	- فريق من وكلاء البيانات بالذكاء الاصطناعي يقدمون تحليلات دقيقة ورؤى أوسع	523818b55f4cdb3cbd11699ec2f166e2e6431ce8be05651d7761a35458656e63	AI Engine	9.4 الأدوار المتعددة للذكاء الاصطناعي	5475
F-004619	- وكلاء ذكاء اصطناعي يعملون مع الفريق ولأجله	425578209d926d3c13412af113f5e88a5fadf180f931b15e26f9bd2bca52d2b9	AI Engine	9.4 الأدوار المتعددة للذكاء الاصطناعي	5476
F-004620	- إشراف ذكي على الذكاء الاصطناعي مصمم لتوسيع نطاق المؤسسة	5712bb29e988f2648fd46ea6bd804b2004d8b4efb198252b625c76399d7b4485	AI Engine	9.4 الأدوار المتعددة للذكاء الاصطناعي	5477
F-004621	- اتخاذ قرارات أسرع ومستنيرة	29430fbc6ef55441239627c7d64057bdd030cacf5426698fa31d1d53d4d8efdb	AI Engine	9.4 الأدوار المتعددة للذكاء الاصطناعي	5478
F-004622	- بناء نماذج تعلم الآلة	4722f803ed6218ada806ced74d89e374bcc528c677ad6fc5a9f8adb76de7a2a5	AI Engine	9.4 الأدوار المتعددة للذكاء الاصطناعي	5479
F-004623	- بناء نماذج تعلم الآلة الأولية مباشرة في المحادثة	8e5fbd732e7513f4eb4fe2e3353130379c2da0d6cf31071c11bf2f7b7ccabcd3	AI Engine	9.4 الأدوار المتعددة للذكاء الاصطناعي	5480
F-004624	- بناء نموذج مالي لشركة ناشئة	c70424c50a1cd342533d977a8e7ffb482f12e1d3a8791b8048a633f7c0826255	AI Engine	9.4 الأدوار المتعددة للذكاء الاصطناعي	5481
F-004625	- تفسير قانوني	238ed5c45c04e24035df2116280d4e90ca6d7a5a1fcf7960c1f6f311a90135d9	AI Engine	9.4 الأدوار المتعددة للذكاء الاصطناعي	5482
F-004626	- طبقة الذكاء الاصطناعي التفسيري	0246e0b96ce6ebaf48a8e6478d9ae00de607565a0af058222e34c57bf85f6ad1	AI Engine	9.4 الأدوار المتعددة للذكاء الاصطناعي	5483
F-004627	- تفسير القصد التجاري من الشيت	ea790f19bdca69236ad621080f1ba2a8abb9a5b6fec40de3419ec436d29c8327	AI Engine	9.4 الأدوار المتعددة للذكاء الاصطناعي	5484
F-004628	- دعم Fine-tuning	b8bbdccb34a8c4060b8f13a41dca1d40179bfa8a8ddfbe32f7f2e828c77dbbbf	AI Engine	9.4 الأدوار المتعددة للذكاء الاصطناعي	5485
F-004629	- دعم AI Agents	ac9846b33b9d3d3bd0df25cdbefd5d689eaa4f5afe0a1f5c28de5519832b0cc2	AI Engine	9.4 الأدوار المتعددة للذكاء الاصطناعي	5486
F-004630	- واجهة استعلام مدعومة بالذكاء الاصطناعي تسمح بالاستعلام باللغة الطبيعية	56476eb6b19ab31bc868f85d58602b2b02f2a475cdc400e8e70d4927abddb941	AI Engine	9.4 الأدوار المتعددة للذكاء الاصطناعي	5487
F-004631	- معالجة الاستعلامات عبر محرك استعلام ذكي	66cd74523716fdf32674cf20242499cd0262cbc1069fb3404c9d1909434a90e0	AI Engine	9.4 الأدوار المتعددة للذكاء الاصطناعي	5488
F-004632	- محادثة مستمرة مع الذكاء الاصطناعي	5024fc3fc8787426fd7111392aabd4b062adce9a23e5d1cae15cc07cea8bca80	AI Engine	9.4 الأدوار المتعددة للذكاء الاصطناعي	5489
F-004633	- اقتراح مؤشرات مناسبة لنوع البيانات تلقائياً	3f85ccb4cf124d42f8fe6821b0dd19af0bb8da8da7d42443d11a7be8f0e7dac1	AI Engine	9.5 مؤشرات الأداء المتقدمة	5495
F-004634	- حساب نمو تلقائي ومقارنة فترة بفترة	08e20721703efb90b8f5c8aa0f25979b6845f98c5057aa498b0abcf2a8c230c5	AI Engine	9.5 مؤشرات الأداء المتقدمة	5496
F-004635	- تحليل الاتجاهات واكتشاف الانخفاض المفاجئ	433e7bcd76fac40c4b2ee013f0e964b3c72c511e61749749d2a2ce3a26f63eb7	AI Engine	9.5 مؤشرات الأداء المتقدمة	5497
F-004636	- تنبيه تلقائي عند تجاوز حد معين	cb9c2b32cb1560b457176fc3d2117b8420f1deabefe0d915c93d6fe6b26c7644	AI Engine	9.5 مؤشرات الأداء المتقدمة	5498
F-004637	- تحليل البيانات بالذكاء الاصطناعي للكشف عن الأنماط والاتجاهات	f9d629bdd9144a195d70d507c9cd24993e88720f7451dc72434521047437bbd9	AI Engine	9.5 مؤشرات الأداء المتقدمة	5499
F-004638	- التوصيات الذكية ودعم القرار	8d521b729b2bb9494618a1d08c51e73dd3c43f0765db80ee8571c38af7b06b5e	AI Engine	9.5 مؤشرات الأداء المتقدمة	5500
F-004639	- كشف الشذوذ والاحتيال	9900467926dad817fb4d99fa64d4d47c0c49fb04e4deada5b5047b2ea4c87a48	AI Engine	9.5 مؤشرات الأداء المتقدمة	5501
F-004640	- تحليل المشاعر	c5c877684c67df17738767ca87fabf54b604ad43c56ab49d2a2b665f0685db51	AI Engine	9.5 مؤشرات الأداء المتقدمة	5502
F-004641	- تحليل العقود مع إبراز المخاطر والثغرات	fafb63207977a6f4186f2dccfc82636cd7973f2846b27c868ac3375997adb03f	AI Engine	9.5 مؤشرات الأداء المتقدمة	5503
F-004642	- التنبؤ بالمخاطر التشغيلية قبل وقوعها	929dc6f3a0deeb1c56bd6a710b1df589084ee522bdad00597782a66876acd5d7	AI Engine	9.5 مؤشرات الأداء المتقدمة	5504
F-004643	- اقتراح إعادة هيكلة تنظيمية بناءً على بيانات الموارد	53a9d0b2dc18265369322a80affed1b00601a42885814e7ba21505f52a286a5a	AI Engine	9.5 مؤشرات الأداء المتقدمة	5505
F-004644	- تحليل الامتثال التنظيمي تلقائياً	c5fca5a40c1ddb307571ad2d21f9eecd6e4eb1804fc81dd426826625e7d019d5	AI Engine	9.5 مؤشرات الأداء المتقدمة	5506
F-004645	- مساعد قرار استثماري مدعوم بالبيانات	c57de44fe8fedfc9db1f49fac1c19234f6a2456c8e771c51a3a6f754f225e3bd	AI Engine	9.5 مؤشرات الأداء المتقدمة	5507
F-004646	- بناء نماذج توقع للطلب والمبيعات	f6fffe7d627f9870217762947dcdc6680e114675dc159b19c756d8c241279b92	AI Engine	9.5 مؤشرات الأداء المتقدمة	5508
F-004647	- اقتراح تحسينات تشغيلية بناءً على تحليل الأداء التاريخي	68164f773afea909ed5395bd784e16b64b10fe66329223bdee7b50fcecaa3d89	AI Engine	9.5 مؤشرات الأداء المتقدمة	5509
F-004648	- تحليل المشاعر والانطباعات	dddc5f98242b569b80c0430c1fd3de47aa565190935c2942ba46031f9886f5ae	AI Engine	9.5 مؤشرات الأداء المتقدمة	5510
F-004649	- دعم القرار القائم على القواعد والبيانات	2f1fb9fa92c7d83ba1bb0f6842f8123e980f818281d93a984cd89a3ea73d74e7	AI Engine	9.5 مؤشرات الأداء المتقدمة	5511
F-004650	- كشف الشذوذ في البيانات	61e94f865cb197da0ee8b32aff3f8b0e39f4173d81e86b21dc86c41b667b624d	AI Engine	9.5 مؤشرات الأداء المتقدمة	5512
F-004651	- نمذجة تنبؤية زمنية	ee6ae4cf87085f9a70181927e9aa76eb69611dafcf63c34c3467b712a0f27906	AI Engine	9.5 مؤشرات الأداء المتقدمة	5513
F-004652	- تحليل المخاطر	6ef732852aecf4288b1cc27b408aef5aebd558b91661935c9e92fb4f91ccd58d	AI Engine	9.5 مؤشرات الأداء المتقدمة	5514
F-004653	- اقتراح بدائل استراتيجية	fde67d148aa6dfd97379bfa70215173745fff9fc607a2f53546eb4d8192938ef	AI Engine	9.5 مؤشرات الأداء المتقدمة	5515
F-004654	- تحليل العقود واكتشاف المخاطر والثغرات	2474fd68d568e17ffb4e74ff98ab4f8e2212dabb13854b800f6f38d6955c2393	AI Engine	9.5 مؤشرات الأداء المتقدمة	5516
F-004655	- بناء نماذج توقع للاحتياجات التشغيلية	652898bbfd4d8dfed0ecc1e25385f87cbceeabaa9a2eca351da1836ff4318e21	AI Engine	9.5 مؤشرات الأداء المتقدمة	5517
F-004656	- اقتراح تحسينات تشغيلية اعتماداً على تحليل الأداء	8680cd05e042d82d8cc973388cf4be550afd6e3084f970bebfc68b69ac6d31a8	AI Engine	9.5 مؤشرات الأداء المتقدمة	5518
F-004657	- إنشاء توصيات قابلة للتنفيذ	d4c10d5f622bb9049c960b45297f277fa2a5f05ac364fc0b90012967db5189ad	AI Engine	9.5 مؤشرات الأداء المتقدمة	5519
F-004658	- تحليل الطلب عبر جميع الوحدات	98bb9bfed5d44009427b8e1a38c57ddbc71b0170b9472aac980304fe45d7612a	AI Engine	9.5 مؤشرات الأداء المتقدمة	5520
F-004659	- توليد خطة تنفيذ متعددة المراحل	513ebbcdc45ec4784c5677dff327efbf5d7c569ae0cb96157b3d5c6cb3171c8f	AI Engine	9.5 مؤشرات الأداء المتقدمة	5521
F-004660	- اكتشاف Anomaly Patterns	2b51e08738d8e10346b922de1de4e1f98ff50064628836c518c2aac31a76ded0	AI Engine	9.5 مؤشرات الأداء المتقدمة	5522
F-004661	- تنبؤ اتجاهات	271dd10c914700dc850a8fa998f3c9de061bc567ef9b6e05d2e0f8352d46892b	AI Engine	9.5 مؤشرات الأداء المتقدمة	5523
F-004662	- محاكاة سيناريوهات	0c12057e23bd4bac79a9e4a39ab7c0265b1539f3257db863b47da01c709b516a	AI Engine	9.5 مؤشرات الأداء المتقدمة	5524
F-004663	- Stress testing للبيانات	dec30b05f71692aec800bd594e00e69a439edea2db77cfad582f52a5e3716a20	AI Engine	9.5 مؤشرات الأداء المتقدمة	5525
F-004664	- كشف تعارضات دائرية	0e8634e456ace5dcce7f783eadfff544208c7a96d82067481f58475923a41f8b	AI Engine	9.5 مؤشرات الأداء المتقدمة	5526
F-004665	- اكتشاف أنماط مالية	19a4c798ea116e41794f8efd9cd99316e5ff82009385277bfb0786fd3a40575b	AI Engine	9.5 مؤشرات الأداء المتقدمة	5527
F-004666	- اكتشاف أنماط مخزون	e48c72aeeed02997109fbc348b90eb1d3ecf1c704d290ef987626fbc9ecf52e6	AI Engine	9.5 مؤشرات الأداء المتقدمة	5528
F-004667	- اكتشاف أنماط إنتاج	036db1539c732c4d52debf208da64dcd9942b36e86f3e206d0ef9580573d2260	AI Engine	9.5 مؤشرات الأداء المتقدمة	5529
F-004668	- اكتشاف أنماط إحصائية	0ed0bd5d9de172f4c56dae62aa5ba727da51996a3e996d231d29e1510320a4dc	AI Engine	9.5 مؤشرات الأداء المتقدمة	5530
F-004669	- كشف التدرجات الزمنية	b11e7cc597706d6f24bbddb9082a29250c29ed4d908f345d1e9eca2b41f868e2	AI Engine	9.5 مؤشرات الأداء المتقدمة	5531
F-004670	- كشف فقدان الدقة	aaef6edb9f6b51a25d45847f0a125d780c9e9cd9194cfaed8a39b63542d2f3ea	AI Engine	9.5 مؤشرات الأداء المتقدمة	5532
F-004671	- اكتشاف تغيرات فجائية	42a9b73406ce3604748826c50158841da8f3942f09a6d1a41d82b54eca6ce791	AI Engine	9.5 مؤشرات الأداء المتقدمة	5533
F-004672	- تفسير تلقائي للتغيرات	c50a767f96c52e571da37af6684a874cfd2337c09a1ee4ecb06bc383593f5a29	AI Engine	9.5 مؤشرات الأداء المتقدمة	5534
F-004673	- ربط التغير بسبب محتمل	deb275d61dbaf4d650636cdc68c330b392944d623b622b70ddc721bb2759a0b0	AI Engine	9.5 مؤشرات الأداء المتقدمة	5535
F-004674	- اكتشاف تضارب في القياسات	0e33a837e2aa4fc6307ae349d9d633fc78620a766e1526e097df6d8808779a7e	AI Engine	9.5 مؤشرات الأداء المتقدمة	5536
F-004675	- تحليل سياق الأعمال	05ad151c1b59f216d7b8737a0afdee7ec0b05076b88b4fa928dd6e9980e8b602	AI Engine	9.5 مؤشرات الأداء المتقدمة	5537
F-004676	- كشف تغيرات غير طبيعية	318f0f1869b67c5c11849ee807e20978fc2a89ddeb1a665f8dd3a8488c4ef4cf	AI Engine	9.5 مؤشرات الأداء المتقدمة	5538
F-004677	- توقع الحمل القادم	12962e16433f027234ae78c8d19ee2ba983858908e1d44a9d80614d210f7cdb6	AI Engine	9.5 مؤشرات الأداء المتقدمة	5539
F-004678	- تحليلات استخدام الذكاء الاصطناعي تشمل أكثر الأسئلة والرضا والأداء	3c1eeef6c0d92a99dcd34ffa24b7eb3ab68fde2e8f4dde404b837ec9846e0dca	AI Engine	9.5 مؤشرات الأداء المتقدمة	5540
F-004679	- توليد محتوى يشمل تقارير وملخصات وعروض ومراسلات	a393620fdce2287c9dda0efc0caf44c75ceeeb3ec64b9c557f7884088c37f464	AI Engine	9.5 مؤشرات الأداء المتقدمة	5541
F-004680	- قياس رضا المستخدم ونسبة إعادة السؤال وزمن الحل	d16c99a767d36987ddc02cfabaa024c07800db30a6c3f16704a256991266c733	AI Engine	9.5 مؤشرات الأداء المتقدمة	5542
F-004681	- قياس التكلفة لكل محادثة ومستخدم ووحدة	c434c9e5fe37d883abebdd613f6b35d124b0d06600723477bc46a48030ee44bc	AI Engine	9.5 مؤشرات الأداء المتقدمة	5543
F-004682	- سيناريوهات معيارية لقياس الجودة	b4fec86df599763ad4323d87fe7309a156c7c7c7b972923f1f4eb8ef7cfae93b	AI Engine	9.5 مؤشرات الأداء المتقدمة	5544
F-004683	- مراجعة عينات تلقائية مع تقارير جودة أسبوعية	cc3082cc66f0a70706c901cd496f087be062fc3d31ef7ea96ab667b436566d0a	AI Engine	9.5 مؤشرات الأداء المتقدمة	5545
F-004684	- تتبع سبب الخطأ سواء استرجاع ضعيف أو سياق ناقص أو فشل أداة	8244e8c390375b16cf04b7095a514fdba9d2ff4cef9d828cbcb6b543a3d6357a	AI Engine	9.5 مؤشرات الأداء المتقدمة	5546
F-004685	- تحليل ما يبحث عنه المستخدمون وما التقارير المتكررة	96fea7febbc875d9c62312e480e760a365be297ab5c45de82b22543f1606b89d	AI Engine	9.5 مؤشرات الأداء المتقدمة	5547
F-004686	- مراقبة جودة النماذج تلقائيا	e086aab73c12affbb95c215c845bf6152a413024833f7ce4c114ebe34dadc8cc	AI Engine	9.5 مؤشرات الأداء المتقدمة	5548
F-004687	- تقديم رؤى شخصية واستكشاف موجه مباشرة في سير عملك.	c5d314c00905066fc4943ff2446c3fe7066d270ee083918de6332fb4188c1bff	AI Engine	9.5 مؤشرات الأداء المتقدمة	5549
F-004688	"- فهم ""ماذا"" و ""لماذا"" وراء بياناتك."	0c9ec95a85fb3b97914f44678b0cef4274eccc3d4bae057f17933e184e5adaf1	AI Engine	9.5 مؤشرات الأداء المتقدمة	5550
F-004689	- تلقي رؤى بيانات مخصصة حول المقاييس التي تتابعها.	d216dd5fd615359c5d0a48cc64955ce466320b607ff0d317f5b3558ddf854485	AI Engine	9.5 مؤشرات الأداء المتقدمة	5551
F-004690	- تتبع المقاييس المعمول بها التي يرغب المستخدمون في تتبعها على مدار مجموعة متنوعة من الفترات الزمنية.	1774f933f4fe90a6e34fde505e0afb3ce43b530c1e09cd21d93f9126b85c574d	AI Engine	9.5 مؤشرات الأداء المتقدمة	5552
F-004691	- تحسين تحليل البيانات من خلال توفير تنبؤات أفضل.	9eae629bcadf2b8eb690d3ae9077142c09f8a859ce8f1000d164fed0ac5eb5ad	AI Engine	9.5 مؤشرات الأداء المتقدمة	5553
F-004692	- توسيع نطاق القرارات المستندة إلى البيانات باستخدام رؤى مدعومة بالذكاء الاصطناعي.	1c73cd5e6902e0091d9b519dbbb6732b48ea9880fd461818fe5bf4e191611c4a	AI Engine	9.5 مؤشرات الأداء المتقدمة	5554
F-004693	- البقاء على اطلاع دائم بمؤشرات الأداء الرئيسية الخاصة بك من خلال المقاييس المخصصة والرؤى التنبؤية.	54585cc70b58d97d6fbee5d9f14bc17f6706c7e07a6b8dffec5225f36d167fcf	AI Engine	9.5 مؤشرات الأداء المتقدمة	5555
F-004694	- اكتشاف المحركات والاتجاهات والمساهمين والقيم المتطرفة للمقاييس.	9c3cc167336f23e95ee0e02f43d89057a4342f24666726e930328c1652f74cc6	AI Engine	9.5 مؤشرات الأداء المتقدمة	5556
F-004695	- الإبلاغ عن الرؤى المهمة ووصفها بشكل استباقي.	6aa0f6ea6e064ac60af7a688500320676d4c1226088d249dfa3bf7f8c29705b7	AI Engine	9.5 مؤشرات الأداء المتقدمة	5557
F-004696	- تحويل الرؤى إلى إجراءات.	3d545fa7b7f776300b9f64eee1f3c1b3db2acc20b60a660a729fdb9a7280ae59	AI Engine	9.5 مؤشرات الأداء المتقدمة	5558
F-004697	- تمكين كل قرار برؤى ذكاء اصطناعي حية وقابلة للتفسير.	4cff24b5b1a5d6e811c540e324db90641de8decd32fdc43b3a1a27db8c7bdb55	AI Engine	9.5 مؤشرات الأداء المتقدمة	5559
F-004698	- الحصول على رؤى فورية.	c3d9f605cdd43a83a901e7d886c45d94801700fa833d048d28b4f32bf995dce7	AI Engine	9.5 مؤشرات الأداء المتقدمة	5560
F-004699	- الحصول على إجابات دقيقة.	20872bb2be99d7a18bf9e423e9635a05c2517b520eaea717744ae3ffa087452e	AI Engine	9.5 مؤشرات الأداء المتقدمة	5561
F-004700	- الحصول على رؤى تنبؤية.	3315874f0f99d4357c341cf9747d315119fa0805b7ffa97300b4113cfe9e3842	AI Engine	9.5 مؤشرات الأداء المتقدمة	5562
F-004701	- الحصول على رؤى آلية.	b7e1fdebe50775d8da8fd5c11548536990f68a69f2c6d883f9d3d093c1cba192	AI Engine	9.5 مؤشرات الأداء المتقدمة	5563
F-004702	- الحصول على ذكاء مضمن.	e6085e5ca50006f51cafaa71bf22d3de0ec987bf9699987feff8aee70901f2c4	AI Engine	9.5 مؤشرات الأداء المتقدمة	5564
F-004703	- تتبع مؤشرات الأداء الرئيسية.	188c9ce84172fe6a9cc303bcffd42174be815b1a21940d5b42b38665835cedbb	AI Engine	9.5 مؤشرات الأداء المتقدمة	5565
F-004704	- الحصول على تنبيهات في الوقت الفعلي.	684ad964a6252107242b608845a82345e44beb0bc342b5b420760e70ce648de9	AI Engine	9.5 مؤشرات الأداء المتقدمة	5566
F-004705	- البقاء على اطلاع بما يحدث ولماذا.	fff8067ba2911f5d861a2a2b0dc6c1d89e21f44584b897bf3462aed3e3c97ed7	AI Engine	9.5 مؤشرات الأداء المتقدمة	5567
F-004706	- تسريع رؤى البيانات الخاصة بك.	ef11a0bbe245904004dd742b8a2f719529abd51d3572960e9aaa7bb912176eeb	AI Engine	9.5 مؤشرات الأداء المتقدمة	5568
F-004707	- تحسين الأسعار والعروض الترويجية باستخدام بيانات المستودع الحية.	4534961d9bb5b6c911eb081bf3f49e80d90ecefe4d27d3d952624aacec1525df	AI Engine	9.5 مؤشرات الأداء المتقدمة	5569
F-004708	- تمكين الأشخاص على جميع مستويات المهارة من خلال الرؤى والتنبؤات المدعومة بالذكاء الاصطناعي.	fd29b31c8109ab5e21d3594714cc027c59ecd52d853ce94cff1de8c6a8e6f9b6	AI Engine	9.5 مؤشرات الأداء المتقدمة	5570
F-004709	- إبلاغ الإجراءات الذكية عندما يكون الأمر أكثر أهمية.	abd1ed0797fed5d32f40f804d46c3359e70792153f7ac05dc7c922e8097b94ac	AI Engine	9.5 مؤشرات الأداء المتقدمة	5571
F-004710	- الحصول على رؤى فورية وتلقائية.	3c7cf04ad9f544ef2ba89f83a6248d76f59750f09318f0c70eace53723bd3c95	AI Engine	9.5 مؤشرات الأداء المتقدمة	5572
F-004711	- تسريع وقت الوصول إلى الرؤى.	773fcda081bb9aa35b9f328f7b2d6e98cc1a291a094fb0ee85634d13f8af70c0	AI Engine	9.5 مؤشرات الأداء المتقدمة	5573
F-004712	- توليد رؤى تلقائيًا.	4cdb102cf7a3e19512a76b0829ac7312ee7c505eb7da3937c4b4275ea0b094bd	AI Engine	9.5 مؤشرات الأداء المتقدمة	5574
F-004713	- الحصول على اقتراحات رؤى تم إنشاؤها بواسطة الذكاء الاصطناعي تلقائيًا.	f36ffd93f9c147b6ad1ea579b83dc39d4de896ce6edcdd39ada4503d9a7f36c2	AI Engine	9.5 مؤشرات الأداء المتقدمة	5575
F-004714	- مؤشرات الأداء المتقدمة	357a1b4bd7021b6327f058b777344bf6a02e027c66a5c781421f3d275f231abd	AI Engine	9.5 مؤشرات الأداء المتقدمة	5576
F-004715	- التنبؤ بالاتجاهات المتوقعة بناءً على الأنماط التاريخية	9f8b4926647af6899b52037bfa13d27c532d6201948b98b5d05a71cbc76eed1e	AI Engine	9.5 مؤشرات الأداء المتقدمة	5577
F-004716	- اتخاذ قرارات أسرع ومستنيرة	29430fbc6ef55441239627c7d64057bdd030cacf5426698fa31d1d53d4d8efdb	AI Engine	9.5 مؤشرات الأداء المتقدمة	5578
F-004717	- التنبؤ بالاتجاهات المستقبلية بناءً على البيانات التاريخية	475f504ddaf1a6edc84e0df6eb5db0b077a7c50ab8197565fa0472fa69ca570c	AI Engine	9.5 مؤشرات الأداء المتقدمة	5579
F-004718	- التنبؤ بالاتجاهات وإيجاد الفرص الخفية	2fe90340af06686ca9f3b8f3a453494ef76cfdc703d8b3a38fb8c981e0f6835f	AI Engine	9.5 مؤشرات الأداء المتقدمة	5580
F-004719	- تبسيط البيانات المعقدة في مرئيات واضحة ومؤثرة	39773ea6191607dcdaa4b5e91ba4ba377400f8893dfd9013ea698f860852ffcf	AI Engine	9.5 مؤشرات الأداء المتقدمة	5581
F-004720	- تتبع التقدم المحرز في تحقيق أهداف المبيعات	6f0840a7b932672fee82e74e5583b98179bde48c692b067bede85a50071fc2c6	AI Engine	9.5 مؤشرات الأداء المتقدمة	5582
F-004721	- تتبع رحلة الاستكشاف تلقائيًا (كل مخطط وسؤال ورؤية)	f92cfedf1e484dc94706c03809b60dacc04efa796bf350b20628ec4fa3fe29e6	AI Engine	9.5 مؤشرات الأداء المتقدمة	5583
F-004722	- تحديد المقاييس الرئيسية لتقييم أداء فريق	6dd4c7bca4c50af5cedcfbbb0e593c142b8c04425500cc7dcca53d8e8da0ca3e	AI Engine	9.5 مؤشرات الأداء المتقدمة	5584
F-004723	- تحديد مؤشرات الأداء الرئيسية (KPIs)	b940050e7ef2729618f60908d6320ed5becc5afc7d0911b9a351d14412fc618c	AI Engine	9.5 مؤشرات الأداء المتقدمة	5585
F-004724	- تمثيل مرئي لحالة الإنجاز أو مقاييس الأداء	d9f967bdd9ef44b40cff227df9467454ad6df932ce2cadbdf0d2828795e70c86	AI Engine	9.5 مؤشرات الأداء المتقدمة	5586
F-004725	- تمكين فرق المبيعات بمعلومات في الوقت الفعلي	f41586031396ae0bd89e7da7dba42c1f3b93066b525d5c497826bb758250b8e9	AI Engine	9.5 مؤشرات الأداء المتقدمة	5587
F-004726	- توصيل أداء الحملة والإبلاغ عن مؤشرات الأداء الرئيسية ومواءمة الفرق	79dbaf845ed74a8dc80b5a335939775b3ff643ecf30bc2128a28896d8f87423d	AI Engine	9.5 مؤشرات الأداء المتقدمة	5588
F-004727	- تحليل SWOT الاستراتيجي	e11a383107c019ba71917535a6a016638c25f7a590c91eab50d1e14c496f2bd0	AI Engine	9.5 مؤشرات الأداء المتقدمة	5589
F-004728	- تحليل نقاط القوة والضعف والفرص والتهديدات	c76fcecf11d0dcc333e3c9cd75e5e7241c7f728896129d5d9ee7c90dca4323ec	AI Engine	9.5 مؤشرات الأداء المتقدمة	5590
F-004729	- تحليل ترابط مؤشرات متعددة	dba17a94df46867f850eb314e60c1ceea7563655aa47e1b84996dc59151ad9ae	AI Engine	9.5 مؤشرات الأداء المتقدمة	5591
F-004730	- نمذجة سياق المؤسسة	d5da56d691a041246b0de0dd3b6bd3da3ce97eb7f32eb7f5dca412332a3d04c5	AI Engine	9.5 مؤشرات الأداء المتقدمة	5592
F-004731	- تلخيص النصوص والبيانات والاجتماعات متعدد المستويات مع استخراج القرارات ونقاط العمل	ef3c1b78b31123beb2b957681a911518464ced6f794bd33ebfa2c87e787d4605	AI Engine	9.5 مؤشرات الأداء المتقدمة	5593
F-004732	- تحليل تفاعل الجمهور مع العروض التقديمية وتتبع تفاعلهم	a42a27d72c1fb619c9d1e790e28a95cba30d0b8ba5b79dad9d8a32090dca4561	AI Engine	9.5 مؤشرات الأداء المتقدمة	5594
F-004733	- حساب وتتبع نسب ومؤشرات النمو تلقائياً	0b2c9e3d9c6ca5f7ba8dafe4c864c27af3ece479cfc73023c94bc31a49cedb16	AI Engine	9.5 مؤشرات الأداء المتقدمة	5595
F-004734	- تحليل وصفي تلقائي للبيانات	e020d6762a64420fa47020c6d67172fee83e64316b8b6dfcd80e47638a8585e4	AI Engine	9.5 مؤشرات الأداء المتقدمة	5596
F-004735	- اكتشاف الأنماط الواضحة وغير المرئية والشاذة والنصية والقطاعية	b0209a2da3f9def0ce2c7634d2117bea9e06613115683c642e099d46e5c28f0a	AI Engine	9.5 مؤشرات الأداء المتقدمة	5597
F-004736	- توليد رؤى آلية من البيانات	0078ad0ce2357417965c0112268c24ea767bb87c4ee181114974a75f2caa9d25	AI Engine	9.5 مؤشرات الأداء المتقدمة	5598
F-004737	- استخراج أهم مؤشرات الأداء الرئيسية (KPIs)	3fe53dce736e0ef7852e391e3f75ef77ce89a6e2805e7f5291312b271fc8348c	AI Engine	9.5 مؤشرات الأداء المتقدمة	5599
F-004738	- اقتراح مؤشرات أداء رئيسية مناسبة لنوع البيانات عبر الذكاء الاصطناعي	3769bb94890806ad99515d4891893d6699ed363a3e447beb088ea5c0f5863426	AI Engine	9.5 مؤشرات الأداء المتقدمة	5600
F-004739	- تحليل المشاعر والانطباعات من بيانات نصية وشكاوى العملاء	db79df5abe555bb25974c92adda34c1fb0961613968a5d4ec16097cb7c494e46	AI Engine	9.5 مؤشرات الأداء المتقدمة	5601
F-004740	- إنشاء بطاقات مؤشرات أداء رئيسية يمكن سحبها لأي تقرير	24080b8776cc2651b8aed9caae406c54f1bbc025904df584b7125036dcddcac9	AI Engine	9.5 مؤشرات الأداء المتقدمة	5602
F-004741	- تحليل متقدم للبيانات الضخمة وسنوات طويلة بسرعة	1cddbf587393d2a352cfcd315afc021d97ab2e94aea6be1cab922369d06e3974	AI Engine	9.5 مؤشرات الأداء المتقدمة	5603
F-004742	- تحليل السبب الجذري (Root Cause Analysis)	ec898f1121e2808f913689aac70dda76843fa726c42475e492463b34f54786d4	AI Engine	9.5 مؤشرات الأداء المتقدمة	5604
F-004743	- مساعد قرار إداري واستثماري مبني على البيانات	cfac2225b1df4dfd5f96a6153376ff72b83fdafa8a6414475f1807cd9c29d0b2	AI Engine	9.5 مؤشرات الأداء المتقدمة	5605
F-004744	- إنشاء لوحات مؤشرات ذكية تلقائياً دون تصميم يدوي	ee473b372e85f8343ad981363e9dd9cc76755b5f1adba9230707e9ebb605b681	AI Engine	9.5 مؤشرات الأداء المتقدمة	5606
F-004745	- كتابة تحليل نصي احترافي وملخص تنفيذي	35cc0344541a3109ea198c260f34262f607c8bf577bec77123ef8611f98de381	AI Engine	9.5 مؤشرات الأداء المتقدمة	5607
F-004746	- التحليل السريع والمتقدم مع مقارنات وعلاقات وتفسير	e475c55ef9ba97c88760c7cc7a8552d10aab7289d8121fd1557f3bc1e6ba7a51	AI Engine	9.5 مؤشرات الأداء المتقدمة	5608
F-004747	- تحويل أي ملف إلى بيانات منظمة قابلة للتحليل عبر محرك ذكاء شامل	1a288098b54aa6b563acc755594aa3c8415cba3639b2c4e043f0569903efc2a1	AI Engine	9.5 مؤشرات الأداء المتقدمة	5609
F-004748	- عرض وتحليل خريطة العلاقات بين البيانات والملفات والمفاهيم	a8cc229f9cd6ab2197794379991d6a0354051afca778ca98083d6cb3dc596e3c	AI Engine	9.5 مؤشرات الأداء المتقدمة	5610
F-004749	- إجابة نصية تحليلية للأسئلة المعقدة	c76763f5194332b03f3d0f1f2490bd9e699bc9e90ecd4523a594c1c494ca1243	AI Engine	9.5 مؤشرات الأداء المتقدمة	5611
F-004750	- إضافة النتائج إلى لوحة المؤشرات وحفظها كنموذج	f891c6657abde77180ebea79d7725ae2d93c9aa523c8cd8db7a60d3067ffd260	AI Engine	9.5 مؤشرات الأداء المتقدمة	5612
F-004751	- تصدير النتائج كتقارير أو عروض تقديمية أو لوحات مؤشرات	664fdb5c5960b65a6a8ef88943a37e8102e380309e99522adb2848f4d9ce2b03	AI Engine	9.5 مؤشرات الأداء المتقدمة	5613
F-004752	- خدمة لوحات المؤشرات (Dashboard Service)	30346bf574b1cdc1bc41c8a413756156e78a90646eb6e98b2d09194a2baa7a10	AI Engine	9.5 مؤشرات الأداء المتقدمة	5614
F-004753	- تحليل توزيع العناصر بصرياً وتخصيصه	b515fb791b9e0e2932eeaba2340c1b1fabc031670619cc6d5fbb4649788151b2	AI Engine	9.5 مؤشرات الأداء المتقدمة	5615
F-004754	- اختيار مستوى ونمط التحليل (بسيط، عميق، استراتيجي، رسمي، إداري)	283740ce0976fb07cc074eff2c3017ea20faca6cfffa328b19fd0fbf23b1a538	AI Engine	9.5 مؤشرات الأداء المتقدمة	5616
F-004755	- تحليل مقارن بين المؤشرات	694c4a36f0565996e8ccb3965e65370d8292040198117092f426a6241133b9f7	AI Engine	9.5 مؤشرات الأداء المتقدمة	5617
F-004756	- تحليل سياقي وهيكلي ومنطقي للبيانات	79fd8e7bcf0f4a7d3c54b6868605138c9ebd4fc3afd47a8950b9f4a9182f6e81	AI Engine	9.5 مؤشرات الأداء المتقدمة	5618
F-004757	- تحليل PDF أو صورة لوحة مؤشرات وتحويلها للوحة مؤشرات قابلة للتحرير	62043fdfe272993f73a4b0f4fdf0f523bb209f4d73bdd45a50bf2061a3591733	AI Engine	9.5 مؤشرات الأداء المتقدمة	5619
F-004758	- إعادة توزيع العناصر بشكل ذكي إذا تغيرت البيانات	f30c905ef0180068d45c0d230b87b0a3727bd28fdd6fd51bb98d0256dee5b261	AI Engine	9.5 مؤشرات الأداء المتقدمة	5620
F-004759	- تحليل متوازي للبيانات	f86eca4743c75b6eb5c8dd6ac62208215f00690907eb64ecc410fa7293cdcf4d	AI Engine	9.5 مؤشرات الأداء المتقدمة	5621
F-004760	- التحكم المركزي في أنماط التشغيل والحوكمة	85dd9d7876812535be02fd3bf09f2dc24e2491417670e67a61f6b468c84ed500	AI Engine	9.5 مؤشرات الأداء المتقدمة	5622
F-004761	- تحليل الصور واستخراج النصوص منها	c72cf1acba312b7310895c2b59934ec33187c2177c4e761de8735bb351d01b4a	AI Engine	9.5 مؤشرات الأداء المتقدمة	5623
F-004762	- تحليل البيانات التاريخية	a34cdb4ffdddcbf4036760cb9defdb2e16e773e572f75451bfad0ef1ec95f41d	AI Engine	9.5 مؤشرات الأداء المتقدمة	5624
F-004763	- تحليل الهرمية البصرية وتدفق المبيعات	481989da686222e580ceeaadf2a903827477f7fab9b6a77cb283e39caafe518a	AI Engine	9.5 مؤشرات الأداء المتقدمة	5625
F-004764	- تحليل العقود القانونية مع إبراز المخاطر والثغرات	d16cfdb86b8067ed79185bc13d6b872eb450735775d23f932523ac96fc962d3b	AI Engine	9.5 مؤشرات الأداء المتقدمة	5626
F-004765	- تحليل سلوك العملاء واقتراح حملات مخصصة	e5ce8dd62993f92c171b917f81a52330caeec331893346c6b11e598a0f9ea42c	AI Engine	9.5 مؤشرات الأداء المتقدمة	5627
F-004766	- تقييم أداء الفرق بناءً على مؤشرات متعددة	dbb0cad22069e6272ef5fe580af988fc098b6dd77545984172db0010e334c835	AI Engine	9.5 مؤشرات الأداء المتقدمة	5628
F-004767	- اكتشاف الاحتيال المالي عبر تحليل الأنماط	259dc9472f177dfc20557d28086da19ef422589d14c0d969ede3a78537909951	AI Engine	9.5 مؤشرات الأداء المتقدمة	5629
F-004768	- توليد نصوص احترافية متعددة الأنماط	981b651050c3a4f3792fdaf23fccae659efe35a56653acb0bc525aada5c3d049	AI Engine	9.5 مؤشرات الأداء المتقدمة	5630
F-004769	- تحليل المخاطر وأسباب الانحراف عن الخطة	198d89afa8a4d3aff33900a1b1894cce2f40dc2dcea9b46a0496b3c874b89944	AI Engine	9.5 مؤشرات الأداء المتقدمة	5631
F-004770	- سرد تحليلي مرفق بالتقرير	862708079abb0b260e89752f8919d734939541009eece87dc8c1263bd3c77a3e	AI Engine	9.5 مؤشرات الأداء المتقدمة	5632
F-004771	- تحليل تفاعلي عبر الفلاتر	b218ecc790239d57a542d6a4178999c7c137ebff38e409c95f19cef07d10aedd	AI Engine	9.5 مؤشرات الأداء المتقدمة	5633
F-004772	- تحليلات فورية أثناء الاجتماعات	4fe6c0ffead57fdc349e29277eea9369665bdb232549012ee475f84247712756	AI Engine	9.5 مؤشرات الأداء المتقدمة	5634
F-004773	- تحليل دقة البيانات وجودتها	2b665807c72f2981a184b2a7af273bdc6430b48224f1a46ae00597eff48ea4dd	AI Engine	9.5 مؤشرات الأداء المتقدمة	5635
F-004774	- تحليل تأثير القرارات السابقة	90c5a27abe7db0b966841b71157316b278a95d121126ed97fc4434817120b742	AI Engine	9.5 مؤشرات الأداء المتقدمة	5636
F-004775	- إعادة إنتاج بصري مطابق بنسبة عالية للتصاميم	9ca9db606c72112e0d5f8d56d08239034cf6bc1fd6268a82021995e4f28f69f2	AI Engine	9.5 مؤشرات الأداء المتقدمة	5637
F-004776	- الحفاظ على أنماط الفقرات والقوائم وتوزيع الشبكة والعلاقات بين العناصر	bd5735933c223e2ce4f7ce5a01ed539e1e78c59660c3ca7ecc2438e0af2a5e7a	AI Engine	9.5 مؤشرات الأداء المتقدمة	5638
F-004777	- سجل مركزي للمؤشرات (KPI Registry) لتوحيد التعاريف والمقاييس	60dea5df6ea0c8f83853d81dca4e6dd5f62051a2bb82a00e8b8e443aae846559	AI Engine	9.5 مؤشرات الأداء المتقدمة	5639
F-004778	- لوحات مؤشرات احترافية تتعامل مع كميات ضخمة من البيانات	6ebb12f1ed9c892132fa48dc03af1a847e20468fb312e5c78aa08190b55afca9	AI Engine	9.5 مؤشرات الأداء المتقدمة	5640
F-004779	- حوكمة مؤشرات الأداء (KPI governance)	ae322223c96701898a4d57d50305fc2a7b77b927470a8f286619830cb76fe0cd	AI Engine	9.5 مؤشرات الأداء المتقدمة	5641
F-004780	- الحفاظ على الأبعاد والمحاذاة والمسافات والزوايا والألوان في لوحات المؤشرات المعاد إنشاؤها	0e22a42a4958c685c91ca551aefab09c0a5c0b160272e386ad2fd69422c6bce1	AI Engine	9.5 مؤشرات الأداء المتقدمة	5642
F-004781	- تحليل الرسم البياني الموجه (DAG) وتدفق البيانات	2deba86cba29f44ef899b8432e1e46c2b83b632739de588bed7ed23138a2ae14	AI Engine	9.5 مؤشرات الأداء المتقدمة	5643
F-004782	- تحسين ترتيب مؤشرات الأداء حسب الأهمية	47e38c1ef9f8f77c47587e8e6df30675f4587d59cd46bdc3c2585ad1fa6802b0	AI Engine	9.5 مؤشرات الأداء المتقدمة	5644
F-004783	- عكس المحاور دون تشويه التوزيع	a566ddfca7610d86dd419c285ca53508f77a5d4b7c0f090fc6618a41b4b64ce1	AI Engine	9.5 مؤشرات الأداء المتقدمة	5645
F-004784	- نمذجة مؤشرات الأداء الخاصة بالصناعة (Industry-specific KPI modeling)	c7789d25efa986185f9e634a6693b5007be49f88f0579aef58d0209d1490fa03	AI Engine	9.5 مؤشرات الأداء المتقدمة	5646
F-004785	- إنشاء متتبع مؤشرات الأداء تلقائياً	a1baf339497ba44599b935e045432719053ec08df1aacf573aa42249bf2c5489	AI Engine	9.5 مؤشرات الأداء المتقدمة	5647
F-004786	- اكتشاف مؤشرات الأداء غير المتسقة	0880007628a3207183805e2ee507f079c7062663578dc810969ed4e077cfe97b	AI Engine	9.5 مؤشرات الأداء المتقدمة	5648
F-004787	- محرك عرض شعاعي لمؤشرات الأداء (KPI radial display engine)	3b06552371bd2a4f1c3ac3ee72b098c5cb57822d88efcea541b47b3d4b9bdb8e	AI Engine	9.5 مؤشرات الأداء المتقدمة	5649
F-004788	- حقن مصطلحات مؤشرات الأداء العربية (Arabic KPI terminology injection)	d7f3d4f84526d71a6f4d1c6d81293572ac742ad7a6f0d7e87908049aeccd9b84	AI Engine	9.5 مؤشرات الأداء المتقدمة	5650
F-004789	- معاينة تأثير تحديثات مؤشرات الأداء أو المخططات قبل تطبيقها	f4662d1c3ac89b75f61e870911c71e312a8d8ce9e754b99e658fb59ab9fe64b9	AI Engine	9.5 مؤشرات الأداء المتقدمة	5651
F-004790	- التحكم في أنماط الحركة (animations) للرسوم البيانية	9f7fd12434ea59652fb3b0b4a21226c3fa51c05ef7c42834fd56b264478bad6e	AI Engine	9.5 مؤشرات الأداء المتقدمة	5652
F-004791	- تحليل ملفات CSV/Excel تلقائياً مع إنشاء رسوم بيانية	347432c38f42a07278904993702d0fdb78ee892841a8ccdde0efe4efdc21da10	AI Engine	9.5 مؤشرات الأداء المتقدمة	5653
F-004792	- اقتراح رسوم بيانية مناسبة مع تلخيص الرؤى (Auto Charts)	432d27a9334b98a0fdadf371b068dbef22712cfd0f579178ca0e4594769f5d93	AI Engine	9.5 مؤشرات الأداء المتقدمة	5654
F-004793	- إجراءات على الملفات مثل التلخيص، استخراج الحقول، مقارنة نسختين	a71bbc88e25b9f0c45406407a2594ab12bbfb01fb7b54e75325905b9e9642c9c	AI Engine	9.5 مؤشرات الأداء المتقدمة	5655
F-004794	- لوحة تحليلات لأنماط النشاط وأوقات الذروة والشذوذ	f9963eebf038b082ec2875827679a093ae8b10d22947defbae30918409a2687c	AI Engine	9.5 مؤشرات الأداء المتقدمة	5656
F-004795	- إنشاء وإدارة إصدارات مؤشرات الأداء (إنشاء، تحديث، موافقة، إهمال)	5262bafd3a41b32430999ee2088b6ad4c716d97474d5564d9e24f769e246141b	AI Engine	9.5 مؤشرات الأداء المتقدمة	5657
F-004796	- محرك رؤى (Insight Engine) مستقل وقابل للتخصيص	7d343a0a83945508fa6e00bbe3fd1bb4f98a7b764d83500552b4efc072688c8c	AI Engine	9.5 مؤشرات الأداء المتقدمة	5658
F-004797	- التحليل الكمي (Metrics)	08bf1a0d1eaa0530e4bcf6c4cd6e5a1647b96fc74bd2a4d99d283cdab433605e	AI Engine	9.5 مؤشرات الأداء المتقدمة	5659
F-004798	- توليد مؤشرات عبر سجل مجموعات البيانات (Dataset Registry)	adcf50cec6a7a5de8d08aac0bbc71838504e2dee8f2f46166aaeb746f7fceee6	AI Engine	9.5 مؤشرات الأداء المتقدمة	5660
F-004799	- إجابات سريعة لمؤشرات الأداء (KPI quick answers)	69fc06f4fbcd4d5da6eea17ec9063717baaa5a8ce26842571f54a249c257afbc	AI Engine	9.5 مؤشرات الأداء المتقدمة	5661
F-004800	- مؤشر تقدم حي للعمليات	37fea0d3006b0c36098ac338cf03f64f3700cca6e8738e49575f5cda04eb6529	AI Engine	9.5 مؤشرات الأداء المتقدمة	5662
F-004801	- عرض النتائج بنسبة مئوية	8f7924e194c858027f482971afcd3da3d4f944a103dbb4e907ef6dff431aa26a	AI Engine	9.5 مؤشرات الأداء المتقدمة	5663
F-004802	- نمذجة وتحليل تأثير مؤشرات الأداء (KPI impact modeling/graph)	394f831e645d9b6fc207bbbd1a6b3fa3d9c78d4a18027f0ee7b93c0b7fbb66df	AI Engine	9.5 مؤشرات الأداء المتقدمة	5664
F-004803	- تحليل شامل يتضمن الزحف، التحليل، التقارير، الذكاء، التحقق، التصدير، المراقبة، المقارنات، الخرائط، البث المباشر	dab0156e014989568866deadb6ebd476882434a0e841ea9e4466434f4024d062	AI Engine	9.5 مؤشرات الأداء المتقدمة	5665
F-004804	- إنتاج مؤشرات امتثال وطنية	e312d4c02eeabf817b2056971dd94f1fe3940f7294c96b6ddc3401cc2bf9c440	AI Engine	9.5 مؤشرات الأداء المتقدمة	5666
F-004805	- تحليل تغير سلوك الامتثال عبر الزمن	b955815223d13ca1b3a914b6351e67c29e7487a57541f8b4fcc9feb7ccfc95d4	AI Engine	9.5 مؤشرات الأداء المتقدمة	5667
F-004806	- استشراف مخاطر النظام الوطني	59cee65fb9d80dd75b60dcd97593046280b8856f1c06406b710d97899473cf3d	AI Engine	9.5 مؤشرات الأداء المتقدمة	5668
F-004807	- تحليل دقيق لبنود المواد النظامية	97824eab289f5e4b05e81e1f32454ea1951190de49239026c7a83e33df0384bd	AI Engine	9.5 مؤشرات الأداء المتقدمة	5669
F-004808	- احتساب وتخفيف وتحديث درجة المخاطر تدريجياً	8b4962e9cd08f77d555123eac6b0f360c85ad0edcd94182c2986aa458ecb4d07	AI Engine	9.5 مؤشرات الأداء المتقدمة	5670
F-004809	- تحليل انحراف البيانات (Data Drift)	e5324d76c06a057399154f72ad84dd73e33ad7c435278c29ece3cd38c768766f	AI Engine	9.5 مؤشرات الأداء المتقدمة	5671
F-004810	- تحليل أثر النص النظامي وتغييراته على الامتثال (Policy Impact Analytics)	5e2b6d0729df646a1032546afac71f5373d718bdef5013eda76125dcea499aca	AI Engine	9.5 مؤشرات الأداء المتقدمة	5672
F-004811	- نظام يحول السياسة إلى نموذج قياس وينتج مؤشرات وطنية	9e7dc83c662b9eee1cf1590c3904a9170c741c852d2379c730192249a2ed7332	AI Engine	9.5 مؤشرات الأداء المتقدمة	5673
F-004812	- نموذج موحد لتصنيف البيانات الشخصية	0d7d1b40ca7b3bf3ca55d7117e84a1c0bee462bbcc43fe84cdc6e8b692e1ffea	AI Engine	9.5 مؤشرات الأداء المتقدمة	5674
F-004813	- نموذج دلالي محكوم (Controlled Semantic Model)	a53a06ebe965fed79e1257fef549622e2b4d57ca110546f0455f5e9af8a79f83	AI Engine	9.5 مؤشرات الأداء المتقدمة	5675
F-004814	- تحسين أدوات التحليل البيانية	2e6b6b328ac9ecb7aaaecca678937aa4fbe8a601b89d8e414b64bd42bb8a7834	AI Engine	9.5 مؤشرات الأداء المتقدمة	5676
F-004815	- نظام تشغيل ذكي يدير الامتثال والتحليل والتقارير	8d1c1c061589bcfbe400f45556c02f78ebbb3f174504c982aecb6659563797b5	AI Engine	9.5 مؤشرات الأداء المتقدمة	5677
F-004816	- التحليل التزايدي (Incremental Analysis)	e7b25a97bd6081375014006bb7fc6e0a8f086b16c7a4bd5f41f5427eb4f42d83	AI Engine	9.5 مؤشرات الأداء المتقدمة	5678
F-004817	- إجراء تحليل كامل لبيان الاعتمادية (dependency graph)	b80d1bd7dd5e5fd3f901e56bc02a61e3e52585dc912e9191424efbb7a63907eb	AI Engine	9.5 مؤشرات الأداء المتقدمة	5679
F-004818	- العمل على نسخة خفيفة للتحليل السريع	9f4886ce3a0fefc4509a23c21f34980cba8f00777d4498d9058e99ed567bceac	AI Engine	9.5 مؤشرات الأداء المتقدمة	5680
F-004819	- تحليل النصوص داخل Excel (تعليقات، ملاحظات)	e3f72cdecc36f4a66100f183b050020a9e0226e9e77a30aad97936ae82079bff	AI Engine	9.5 مؤشرات الأداء المتقدمة	5681
F-004820	- تحليل عوامل التأثير	b4591972bf47274dec52448ae7962111cd438cc76d65241774ddaacbcc5432be	AI Engine	9.5 مؤشرات الأداء المتقدمة	5682
F-004821	- توضيح مستوى الثقة في التحليل	7e1eaec44f057eb4708a3b546a9bdde5f88a90c077d652f696697d29d7ed67c3	AI Engine	9.5 مؤشرات الأداء المتقدمة	5683
F-004822	- حساب أثر القرار على مؤشرات أخرى	89eadbe655b3fcbd416c0bc2d07566d102a91ef5a07c0c598871fcd46b51e466	AI Engine	9.5 مؤشرات الأداء المتقدمة	5684
F-004823	- تحليل أداء إدارة كاملة	7b41e3d53356c6e2364b026f8a84be1c476c180cbe282a0239b4a9e121f18dbf	AI Engine	9.5 مؤشرات الأداء المتقدمة	5685
F-004824	- عرض أعلى 10، أقل 10، متوسطات، توزيع جغرافي وزمني، أفضل وأضعف أداء	fa26280487dd839265128ffbd1415313c3bf59429f8016cbcd70b22f41dbdd43	AI Engine	9.5 مؤشرات الأداء المتقدمة	5686
F-004825	- تحديد فرص التحسين والمخاطر المحتملة	514a4b4aae289f5ecaeb48512ff6796fd681d9dd37ed38be68804489e3b630a6	AI Engine	9.5 مؤشرات الأداء المتقدمة	5687
F-004826	- اختيار مستوى الذكاء للتحليل (بسيط، عميق، استراتيجي)	0438cc254b3d81fda0f566fb5aa8e42fa52df7bfcea3eecf49650b096d9c2c54	AI Engine	9.5 مؤشرات الأداء المتقدمة	5688
F-004827	- إبراز أهم النتائج وتصنيفها وإنشاء ملخصات فورية	16ea41282e4167e5a6aaf273ca876ad474b0ba18e9702e70e883c004c81cd40e	AI Engine	9.5 مؤشرات الأداء المتقدمة	5689
F-004828	- حساب عدد القيم الفريدة وتحديد التجميع	b2084399f2ecd522f5f2e8b108eb574d41765ba934f9c975bec0a669227ad660	AI Engine	9.5 مؤشرات الأداء المتقدمة	5690
F-004829	- استنتاجات وتحليل متقدم مع عرض ملخصات أولاً	e12647522aca88ea54d58c2edc4862c0f8926d43a7fee96041f1894e9c979964	AI Engine	9.5 مؤشرات الأداء المتقدمة	5691
F-004830	- تحليل مع زمن استجابة منخفض للاستعلامات المعقدة	96fe71a2818dde39225b5a2e13ec98a93e4672c447d377ea75dcc87af0a7490e	AI Engine	9.5 مؤشرات الأداء المتقدمة	5692
F-004831	- كشف الترتيب (Ranking detection)	8fab951685f8e50a78dc445b2d73a0914c4c5b76c23048fcd033fe821ad1d2d5	AI Engine	9.5 مؤشرات الأداء المتقدمة	5693
F-004832	- تحليل عدد الشرائح التي شاهدها كل زائر والوقت النسبي المقضي في كل شريحة ونسبة المشاهدات لكل شريحة	bc59b2dd9ead7a978490a657249dea523574e8b6399aeedc06b306355c932648	AI Engine	9.5 مؤشرات الأداء المتقدمة	5694
F-004833	- تحديد الزوار بالاسم لمستخدمي المنصة أو كزائر مجهول	4ed7eea89f12be43479f73c2c35127f97577e7d2fb69b243f73e948d4752dfcb	AI Engine	9.5 مؤشرات الأداء المتقدمة	5695
F-004834	- أوامر مثل: اجعل التصميم أبسط أو خفف الألوان أو اختصر النص	919a5752dd722f67da624e4dae7bbae628b9798d099555cf970d7f0e35554e4a	AI Engine	9.6 الذكاء الاصطناعي أثناء التعديل	5701
F-004835	- التنفيذ فوري مع إمكانية التراجع	165c3386c0882a5ddfe781061efd8fb5598f4fd3839224b6df8d3f48a687410b	AI Engine	9.6 الذكاء الاصطناعي أثناء التعديل	5702
F-004836	- درجات ثقة الاقتراحات مرئية للمستخدم	4b8ad5a61bd50a1de4c7cffa912e157a0bff8656d702a1456f4cb1d6ef76cf33	AI Engine	9.6 الذكاء الاصطناعي أثناء التعديل	5703
F-004837	- الذكاء يساعد ولا يطبق بدون موافقة	14fe53ff5513bc33febd7db3e8317611ca9c2258cb9f6be46ebbc672a79b63e6	AI Engine	9.6 الذكاء الاصطناعي أثناء التعديل	5704
F-004838	- اقتراح narrative وتحسينات ذكية مع موافقة المستخدم	b5415ea4a44ccc4a3185ab861929935773b3cbef8c60b46e87ed93e85e52c88e	AI Engine	9.6 الذكاء الاصطناعي أثناء التعديل	5705
F-004839	- الذكاء الاصطناعي يدعم التعديل أثناء العمل	011e874a53b7a21024eb172342af12736802ab102e1eacbdcb0992f3a155e005	AI Engine	9.6 الذكاء الاصطناعي أثناء التعديل	5706
F-004840	- مقارنة نسختين من مستند واستخراج الفروقات الجوهرية	03d3f69cb14fe93b13b1a6a196719cb55ac209e7cf32c05325fadbc87a8d9067	AI Engine	9.6 الذكاء الاصطناعي أثناء التعديل	5707
F-004841	- مراقبة جودة النماذج تلقائياً	05e0db8450bfb228663550cafaec4d514674ecc6ab8ea8d11cd95620647d4d46	AI Engine	9.6 الذكاء الاصطناعي أثناء التعديل	5708
F-004842	- تبديل النماذج دون تعطيل الخدمات	9bfd31a18697caaf86e2792fcf3e9afb726e607a68250ee0255eb6d89651812c	AI Engine	9.6 الذكاء الاصطناعي أثناء التعديل	5709
F-004843	- تطبيق مستويات ذكاء مختلفة حسب الاشتراك	62c165bac3f37dd886473175369e4da18b6c51b3b2c7764c0e0141bc9e2a565b	AI Engine	9.6 الذكاء الاصطناعي أثناء التعديل	5710
F-004844	- عزل الذكاء الاصطناعي عن منطق الأعمال	f2a48fd85c07246f77ab6bc47cba60ef065e2849c649af069549bbb705a2f495	AI Engine	9.6 الذكاء الاصطناعي أثناء التعديل	5711
F-004845	- إظهار ملخص عمليات الذكاء الاصطناعي المنفذة مع رابط للتدقيق	fad3661b5ed5985699b2404fedbadf4830449f9be20a85a6b086ef738626b2c0	AI Engine	9.6 الذكاء الاصطناعي أثناء التعديل	5712
F-004846	- الذكاء الاصطناعي أثناء التعديل	93abae1e437bb80031eff0b649b1ba883aa958f94216842e87e0ac4352089d36	AI Engine	9.6 الذكاء الاصطناعي أثناء التعديل	5713
F-004847	- التكيف مع أسلوب كتابة المستخدم واقتراح تحسينات متسقة	87b4ebd4168a97c6a1d736cc1bd517d76a8e3978c52862d2fb16fa0e2f1f6b73	AI Engine	9.6 الذكاء الاصطناعي أثناء التعديل	5714
F-004848	- يقترح تحسينات لرفع دقة النتائج	c8279746fac795b028dc560301b2dab492a9f4688deb1fc16733c8498c292e8d	AI Engine	9.6 الذكاء الاصطناعي أثناء التعديل	5715
F-004849	- الذكاء الاصطناعي المساعد أثناء التعديل	27215c26c5fc3cd320bd3d98d976196f92b4a61f2cfbdb09432d1eb038b3d74c	AI Engine	9.6 الذكاء الاصطناعي أثناء التعديل	5716
F-004850	- صلاحيات متعددة المستويات حسب الدور	5e58f977e3766149fc47f83c42d0bce81ee43eb906654e5e71e4eb5d38ba9ba2	Governance Engine	10.1 الصلاحيات والأمان	5725
F-004851	- سجل نشاط كامل لجميع المستخدمين	57d2a08104d7b4243338e63ef735310b42da5d2a88e5ec81a5e29dfdba491be3	Governance Engine	10.1 الصلاحيات والأمان	5726
F-004852	- أرشفة الإصدارات والرجوع لنسخة سابقة	248382e0c944b3bb89c8aef25043f02d86c94554233ff450aa770765b47e76dd	Governance Engine	10.1 الصلاحيات والأمان	5727
F-004853	- اعتماد التقارير قبل النشر	bb5b2108c8a26f3e28402f5fa85b10b9c2ea3473987b7dae3d0a988437170404	Governance Engine	10.1 الصلاحيات والأمان	5728
F-004854	- تصنيف البيانات: سري أو داخلي أو عام	59f6caa037974284a4d441007272723085e0aa4a6c92d28b6a7852afddd9f8d6	Governance Engine	10.1 الصلاحيات والأمان	5729
F-004855	- حماية العروض والتقارير بكلمة مرور	2337710efec77a44935a49a69da0eb1cb39e5a461bb77e6f7294fbfac207b4f3	Governance Engine	10.1 الصلاحيات والأمان	5730
F-004856	- صلاحيات متعددة المستويات وصلاحيات حسب الدور	f0a9513b0d0038be13c5ab58772db6ceab2bdbd186a60515fff345d7c529b898	Governance Engine	10.1 الصلاحيات والأمان	5731
F-004857	- إدارة الصلاحيات والأدوار والسياسات	1fc0dd52844953e8ac605406a1a442c80cd0125cb8c47d403308523ddcf7d014	Governance Engine	10.1 الصلاحيات والأمان	5732
F-004858	- التحكم في صلاحيات الوصول على مستوى Dataset/Field/Row	f6b4f137470cf47ec793f8b8ff718e861fc256bb8aad955547dd406550103b57	Governance Engine	10.1 الصلاحيات والأمان	5733
F-004859	- نظام يمنع أي شخص من رؤية بيانات غيره	002e85f630244569984736461543e10ea73107f89e5570b4c2708ffb0d836929	Governance Engine	10.1 الصلاحيات والأمان	5734
F-004860	- منصة تسجيل دخول وصلاحيات	ce501430a3eccf958fc2447183e0d7987fa411ad6c4f09e7b26fdabdc3b0a0be	Governance Engine	10.1 الصلاحيات والأمان	5735
F-004861	- نظام أدوار وصلاحيات يعمل	fd51b1bba237f66cd0fc671167f58676daa76260d651e48c18ba16aa34c74f31	Governance Engine	10.1 الصلاحيات والأمان	5736
F-004862	- التحقق من الصلاحيات قبل النشر	882b2f811efcd6bf1eae48afbfdb6821131f2df9d5540372def3b150ecbe2b32	Governance Engine	10.1 الصلاحيات والأمان	5737
F-004863	- عمليات حساسة تتطلب موافقة ثنائية أو سير موافقات	989e578bb6dbb8964d45f801339dccdeeec02c72f2828297a035135ca32731fe	Governance Engine	10.1 الصلاحيات والأمان	5738
F-004864	- التحكم الدقيق في أذونات القراءة والكتابة لكل مكون فرعي	413828bd3ffd299cb25d4dd4c2ca269356b7793fb2c2d0a5a84ef0fcbbc4b401	Governance Engine	10.1 الصلاحيات والأمان	5739
F-004865	- فصل أذونات القراءة والكتابة لكل مكون فرعي لضبط مستوى الصلاحيات	823d02ed327b5776a512c02b326cf5ae5e62f0e60d56d3e0f29c505a3bb2c417	Governance Engine	10.1 الصلاحيات والأمان	5740
F-004866	- عدم وجود استدعاءات مباشرة أو coupling داخلي قبل تجميد النواة (Freeze)	ea143cf26efaadfdb56c83a91eae14d69f8f9e0569935804b76dfb6e29d81ad9	Governance Engine	10.1 الصلاحيات والأمان	5741
F-004867	- التحقق من الحذف المتتالي (cascading deletes) عند حذف dataset	35fc33a0cdb6b484ea499aca58e0e5e401e1d5c66375905b4193fae04e93b101	Governance Engine	10.1 الصلاحيات والأمان	5742
F-004868	- حماية عمليات الحذف والتعديل عبر أذونات صارمة وعدم السماح بالتحديث أو الحذف بدون صلاحيات	ff290e846bdabb6be866edcb5961eb647f900a2506bb74102647f829c3aefa65	Governance Engine	10.1 الصلاحيات والأمان	5743
F-004869	- قوة حوكمة التشغيل	790e2f22c23fe60b4cdde8ca955c9edfc4ee579dee90d09c997e4aede183203c	Governance Engine	10.1 الصلاحيات والأمان	5744
F-004870	- انخفاض مخاطر الانحراف المعماري	78010d149b23963b5d0373edc240040ba3ff97fbbe36970e018672e29e1bca21	Governance Engine	10.1 الصلاحيات والأمان	5745
F-004871	- الحفاظ الكامل على الحتمية	5a87d19bbec8a6bb6ced23ce7bf243f0e64d4b08ac625f3b967f2936905c00d6	Governance Engine	10.1 الصلاحيات والأمان	5746
F-004872	- الحفاظ الكامل على عزل الوحدات	beb05fb5db438fabf0e0bb288fd13eb79aef164d632524856089e36853ffb284	Governance Engine	10.1 الصلاحيات والأمان	5747
F-004873	- عدم المساس بالقيود الصارمة	6864529b08a36b72baae9cd980596b4966b99513bae3ad9b987f591b1b59187e	Governance Engine	10.1 الصلاحيات والأمان	5748
F-004874	- الحتمية الكاملة	7e7b44fd7eaa0903455eb09bbbaad552e57895e54c323322e8981738832c8335	Governance Engine	10.1 الصلاحيات والأمان	5749
F-004875	- العزل الكامل	4b9230eb3b183344905b5c1043f994023ef6da758ae9fec020f72aaf1be5b70a	Governance Engine	10.1 الصلاحيات والأمان	5750
F-004876	- عدم تعديل النواة	e86a7e64ee964fe20285bb01989a55681d5fb03db14fd014cd6a1cb89ce055fe	Governance Engine	10.1 الصلاحيات والأمان	5751
F-004877	- عدم كسر أي قيود صارمة	c663b9510abd821cf7aba34f52d03a1a3aa3ab822a6a375ed35e0ecb8f086110	Governance Engine	10.1 الصلاحيات والأمان	5752
F-004878	- عدم إدخال ترابط عرضي	da432ed8b8ef402795042cdbb94211556213d73182185ec4f8951398b9a72f28	Governance Engine	10.1 الصلاحيات والأمان	5753
F-004879	- إيقاف كامل للذكاء الاصطناعي عند الحاجة	c95498a8e2c051808591e0cfb615c2d180b8eaf80504e907bad52651753eed30	Governance Engine	10.1 الصلاحيات والأمان	5754
F-004880	- كل وكيل يعمل ضمن حدود العزل المعماري	021d21bcef005575b60fc5b6fcd719b687b0de6716145ee224927bf338374de1	Governance Engine	10.1 الصلاحيات والأمان	5755
F-004881	- تعريف آلية منع الانحراف	c9e74f320cada642de72de737930965f73d4cdb154139c75e9e0e69e094b0c63	Governance Engine	10.1 الصلاحيات والأمان	5756
F-004882	- قواعد منع الانحراف	17a1f8c8bd5280ee8c1675d704932bd08d73b5cf69c358a3f3c2321f5a7c36f8	Governance Engine	10.1 الصلاحيات والأمان	5757
F-004883	- منع الانحراف نحو مشروع واحد	0b3ec7aed1c2f6c1932e88223dbe980187ec0d10371224c5ee69445498be9e7c	Governance Engine	10.1 الصلاحيات والأمان	5758
F-004884	- منع الانحراف	9e350ace5c0b43004e4481b256c82b1a882da1510078bf9cdff82826843f45db	Governance Engine	10.1 الصلاحيات والأمان	5759
F-004885	- يمنع انحراف Manus	0a787c328a154e2fed2c24f47f5311a9b8385a24211bc7aaab337218843854bd	Governance Engine	10.1 الصلاحيات والأمان	5760
F-004886	- قفل التنفيذ مفعّل والبرنامج مختوم وجاهز لـ Manus	b477d9f62b703b0f213b646e8e679dd474c0c692a36a835779c2028be08749ee	Governance Engine	10.1 الصلاحيات والأمان	5761
F-004887	- كلها مغلقة باختبارات Block-level	3808fc917b8a61e9d143279c129aaceead028aab0442276b0433eb626a876449	Governance Engine	10.1 الصلاحيات والأمان	5762
F-004888	- أي مخالفة → Build BLOCKED	bac4704536ab30390aa8e46b00110acbd8a621c131d7fdd934bc799506ca8f46	Governance Engine	10.1 الصلاحيات والأمان	5763
F-004889	- auto-blocking يبدأ عند الانحرافات المعمارية	4881f98a8c4783b42bc45ff24234668955af406b98f65a10c28f017035a86675	Governance Engine	10.1 الصلاحيات والأمان	5764
F-004890	- يبدأ blocking behavior خارج K4	997f8ad3da1bd8eb66b7d9829bf25f67974753cf951c8bfc99cf061928aa42b6	Governance Engine	10.1 الصلاحيات والأمان	5765
F-004891	- توفير نموذج أمان Zero Trust	5dc27d5ef693d08fb2e8a42599273e20963bb4244d7439491b6e782e04154547	Governance Engine	10.1 الصلاحيات والأمان	5766
F-004892	- تشفير كامل للاتصالات	12feee3723ada9b5e357750a2722949b6ccd7e7285dfc094bcc7cfc0654a80f7	Governance Engine	10.1 الصلاحيات والأمان	5767
F-004893	- سجل تدقيق غير قابل للتعديل	0abb90b4cb100a8465c746b1f57505d7e46b544809206f3f2bd6ec184c230073	Governance Engine	10.1 الصلاحيات والأمان	5768
F-004894	- تسجيل وتتبع جميع العمليات بسجل تدقيق كامل	35dbf430375beeec5631e21ea7a9d53f3da532eee8423b37063c88fbac55d509	Governance Engine	10.1 الصلاحيات والأمان	5769
F-004895	- مفتاح إيقاف شامل للذكاء الاصطناعي	ad3da106151dfe9d5dc349039f3af2b083059567e1317f8819f11769dc0b879b	Governance Engine	10.1 الصلاحيات والأمان	5770
F-004896	- سقف ميزانية وتحكم تلقائي في التكلفة	0feea3f80f89a4039a47d8f65a913018dd75a63ee80924e7096a47adda990190	Governance Engine	10.1 الصلاحيات والأمان	5771
F-004897	- عزل موارد معالجة المستندات	329b66f3f58d9ad4d1c5b3d360875b841df40e11c410b4c794954db68deefa82	Governance Engine	10.1 الصلاحيات والأمان	5772
F-004898	- عزل مشكلة في وحدة دون توقف النظام كاملاً	ae2f0f7d6b330b8560c70d502651d85af3a2c6af16aa07dc811913b0b40022ec	Governance Engine	10.1 الصلاحيات والأمان	5773
F-004899	- طبقة تحكم تنفيذ مركزي تمر عبرها جميع الطلبات	dbe6023038ad7efe6bfba7dfa9067b2e7fcd285bf8e33f081a3ed62a22b5b440	Governance Engine	10.1 الصلاحيات والأمان	5774
F-004900	- منع تجاوز طبقة الحوكمة التنفيذية	79028b499728988c1b13d7daeba1707d81fa4d66c6b246ef901ca31f0a306d59	Governance Engine	10.1 الصلاحيات والأمان	5775
F-004901	- عزل سياسات كل جهة عن الأخرى	b8ab9e1b7cad2e25e8b894604b9f6efbe5f8d09100113ad846568e26c9524782	Governance Engine	10.1 الصلاحيات والأمان	5776
F-004902	- التحكم في الموارد حسب نمط التشغيل	d04c93c2afbaef6405e9312018b74c04112f1b9de6b278b2ade6b0dde762c023	Governance Engine	10.1 الصلاحيات والأمان	5777
F-004903	- توجيه الطلبات حسب الملف التشغيلي للجهة	454ed8ad1e9b8ce7c5a9217db9db01346742594d292077dd24f76f9f18883e53	Governance Engine	10.1 الصلاحيات والأمان	5778
F-004904	- عزل موارد التسريع عن قواعد البيانات التشغيلية	6e0b798a80c0fcb5d03230c43bc28f096aecaa8825ffdc3772550b7ab9c1fe36	Governance Engine	10.1 الصلاحيات والأمان	5779
F-004905	- توافق مع مفتاح إيقاف الذكاء الاصطناعي	de902142f6624aec5fef87e2542bd50f84104c544d6f7a61ee49609bf1b52c77	Governance Engine	10.1 الصلاحيات والأمان	5780
F-004906	- توافق كامل مع سياسات الميزانية	b8e28e3af3f28c7ecff7c56f64d5c4ae8ffeabb9451d721340ab1cc00f5bccca	Governance Engine	10.1 الصلاحيات والأمان	5781
F-004907	- حياد كامل عن مزود البنية التحتية	480248b69bfe13b51b6be07afc440d271d42c7882f99c59847ec85df0f695fd4	Governance Engine	10.1 الصلاحيات والأمان	5782
F-004908	- قابلية استبدال أي مزود تقني دون تأثير	0c5900f9adb173ce12f4f90dabddf0a5338099de18ff6d9bb664f467b930e3bb	Governance Engine	10.1 الصلاحيات والأمان	5783
F-004909	- فرض حوكمة على مستوى الجهة	1572c8156bf489766faba4257e675e2528cfe79fa7afb41f29d48bc2abadd195	Governance Engine	10.1 الصلاحيات والأمان	5784
F-004910	- التحكم في الموارد حسب الوضع المختار	8d520931c019ce683768f22a5a22c3eee22e2603f63fd254d5c275ebc1a7a439	Governance Engine	10.1 الصلاحيات والأمان	5785
F-004911	- تفعيل طبقة التحكم التنفيذي (ECL) كمسار إلزامي لجميع الطلبات	98c7eec93b9cd496a8ec1dbe6b63d5875e3fbadbbf369210707f0851dbbd8201	Governance Engine	10.1 الصلاحيات والأمان	5786
F-004912	- عزل كامل بين DPC و OLTP	87801091a1b7a8cef42cb1e816ad442f5a019c3f89a2f59e2a43d27fd79ab099	Governance Engine	10.1 الصلاحيات والأمان	5787
F-004913	- الحفاظ على العزل دون خرق أي مبدأ أو قيد أو عزل أو حتمية تشغيلية	90aeef9cba6ee52b3cdfc626b7495b400ea60b07f8eb7a80e2874b0824c389f1	Governance Engine	10.1 الصلاحيات والأمان	5788
F-004914	- أقصى تحكم سيادي دون تعقيد تشغيلي أو تعارض مع قابلية التوسع SaaS	0c3d760667e4c6c6b32cbe93c3374cc29ae241f33406454d99a917db7b2ff8a3	Governance Engine	10.1 الصلاحيات والأمان	5789
F-004915	- حماية SaaS من استنزاف الموارد	40499587bc4ccd5437b1ae67bc43b2e4ce76094ace1ea971b8bf93619c6e1595	Governance Engine	10.1 الصلاحيات والأمان	5790
F-004916	- حوكمة متعددة الأوضاع عبر ECL	9115a48af9591918c6c1fd5f627a795dd8b4fa136a49c1633bd05c6c0143dbf4	Governance Engine	10.1 الصلاحيات والأمان	5791
F-004917	- تكامل AI: Admin Copilot يقترح صلاحيات بناءً على نمط العمل ويطبقها ضمن صلاحياته ومع موافقة	13f4e85c2db37f97adee6f3e211012e65ccc492dc2a7b671585f6d4cb1c62c47	Governance Engine	10.1 الصلاحيات والأمان	5792
F-004918	- إدارة الصلاحيات: اقتراح صلاحيات وتطبيقها بموافقة	ba8c66ade518c598ac58bd5bcc02af68274abcb4ae3c5cef0ffb55d66afd3ef8	Governance Engine	10.1 الصلاحيات والأمان	5793
F-004919	- يطلب موافقة إن لزم وينفّذ وفق Action Engine + Policy Engine ثم يطلب الموافقة	1d2fc9ca389b9548fc9a7a753bac9c6957161eec460bc7bcbba04eeffd450dc2	Governance Engine	10.1 الصلاحيات والأمان	5794
F-004920	- تعريف Policy constraints	14bd79b28abcd459c93774568466f2c4cb5bba83e0a95da884d9e70fec4b6b7e	Governance Engine	10.1 الصلاحيات والأمان	5795
F-004921	- وضع قواعد Module Isolation	d454742b2aa8035307f661643238735dd890204dde2f118a04a8f5b895e03a14	Governance Engine	10.1 الصلاحيات والأمان	5796
F-004922	- Policy Engine مع Tenant Enforcement وTenant isolation مضبوط	e3e17b18470d21d91fef2048356875c8f4387e0a52c225911a63877c671c12f2	Governance Engine	10.1 الصلاحيات والأمان	5797
F-004923	- موافقة قبل الانتقال بين المراحل	6297499e55614793af55ecd4784456803debf247521bdb251b265ed2e7c6c96f	Governance Engine	10.1 الصلاحيات والأمان	5798
F-004924	- قواعد الحوكمة وقواعد الموافقة للحفاظ على Phase Isolation	54d21a07ad7f814136f1322e6d552f1f794695c897a6dd6bb2e64ff17678ce19	Governance Engine	10.1 الصلاحيات والأمان	5799
F-004925	- عزل كامل بين العملاء واحترام العزل بين Kernel و Modules	e9333ea928932e0e6d5a003e027bf5c263eb52112a7d1805b25097e5f918c477	Governance Engine	10.1 الصلاحيات والأمان	5800
F-004926	- tenant_id يأتي من JWT فقط ويُستخدم في التحقق من السياسات	717e707266a87f714f31810ddfbe844508d4791b0983f7275dabed8f748acc56	Governance Engine	10.1 الصلاحيات والأمان	5801
F-004927	- إنشاء Object في Tenant A ومحاولة قراءته من Tenant B يتم رفضها مع تسجيل Audit منفصل وإعادة 403	86a310e7d8cf8fa14c3d0bf6925f6c8c0e5d8be3811b7c0f41a05f6071bbf294	Governance Engine	10.1 الصلاحيات والأمان	5802
F-004928	- منع استخدام أي موارد خارجية وموارد Manus	53dfc609e07673677c98704eff04de634e4cbf946fceb1a06a26989831218a1c	Governance Engine	10.1 الصلاحيات والأمان	5803
F-004929	- Canary isolation test جاهزة لبوابة الموافقة AG-1	f0b536c4d5b660dddea014090b2149af96ef465188a5d7e015885a38a9ed40c3	Governance Engine	10.1 الصلاحيات والأمان	5804
F-004930	- سجل فشل policy في معاملة منفصلة	56b8942218138bf3824d27d8effafeb882ea9c7d35ec4dac2beb5c9cbc1f0519	Governance Engine	10.1 الصلاحيات والأمان	5805
F-004931	- نواة SaaS متعددة الجهات مع عناقيد مؤسسات مخصصة ووحدات GPU مخصصة	7022a192142e64e49803d77ef799d06b7ab1eccf97181592ed018231add2bafb	Governance Engine	10.1 الصلاحيات والأمان	5806
F-004932	- تشغيل متعدد الجهات سحابياً وتشغيل مخصص بمجموعات موارد مستقلة ونشر سيادي داخل بيئات مغلقة	e7fa5babd33ada12139af6cdef739dae4f293144f4a677a1fb30530874f9e9b9	Governance Engine	10.1 الصلاحيات والأمان	5807
F-004933	- توسيع أفقي كامل في جميع أوضاع النشر	6862471eb1c7e3ea603a3bd6335790db42d1ffd091d899e9999341b6fca6d166	Governance Engine	10.1 الصلاحيات والأمان	5808
F-004934	- عزل المستأجر (Tenant Isolation) لجميع العمليات.	f5780ca3c407861e5bb652ae1f131dde7c75567478b8d1a5446f0adbbaa434be	Governance Engine	10.1 الصلاحيات والأمان	5809
F-004935	- تفعيل RBAC متماسك عبر كل الطبقات.	2bcb723bd8e90ed5ce489d83317e75c7bd9336398453b0ba8578c90107ba1774	Governance Engine	10.1 الصلاحيات والأمان	5810
F-004936	- عدم تعديل أو إنشاء نظام موازي للسياسات (Policy).	faca190d70b1e185c681d5c20575d0fd018226ad7c4b07e94a1206629600abd4	Governance Engine	10.1 الصلاحيات والأمان	5811
F-004937	- عدم وجود runtime theme injection.	1ef0c5129c187949481f8f64ee31974c28204e927becc771fb2d43fb2e6e9625	Governance Engine	10.1 الصلاحيات والأمان	5812
F-004938	- تسجيل جميع الإجراءات (actions) عبر K3.	1b191fc5a4d1fdd65f18b0be29ed9e057f887d85a2a222f2537eeb839bfab184	Governance Engine	10.1 الصلاحيات والأمان	5813
F-004939	- تسجيل جميع السياسات عبر K4.	61ff4cb540c63555af911b22b907ba886ef4305b59dc04a013c76e7197e093e2	Governance Engine	10.1 الصلاحيات والأمان	5814
F-004940	- تفعيل المصادقة عبر authMiddleware و tenantMiddleware باستخدام JWT مع عزل المستأجر.	3f6ac6441484aa0d32bddfa6226a1ab18584699ca0056fd44426e287fa7b8825	Governance Engine	10.1 الصلاحيات والأمان	5815
F-004941	- عدم وجود انزلاق تشغيلي (Operational drift).	965c37428788c834d2500d47c925a1630550f117c55c56a733ddfc5a40ab62b5	Governance Engine	10.1 الصلاحيات والأمان	5816
F-004942	- عدم وجود تغيير في Policy core.	641cd149aaa966f93e43aae23b33aae2e41abe508be70cba49c22b09293e3563	Governance Engine	10.1 الصلاحيات والأمان	5817
F-004943	- عدم وجود أخطاء runtime.	3cc8907d821330d1086f20e3956b481bd0bbe19bbd3d055cae4dc64194d825ef	Governance Engine	10.1 الصلاحيات والأمان	5818
F-004944	- تفعيل indexing isolation.	c630725b9a15bb6cafb728f8578e27169d66131bfdce6148f58959b3dcb3c93c	Governance Engine	10.1 الصلاحيات والأمان	5819
F-004945	- وجود tenant_id في النظام لضمان العزل.	06a7d5f84bc5c977502ab730f5f3d6b35be0f0afbf13a65e942682a7f6905395	Governance Engine	10.1 الصلاحيات والأمان	5820
F-004946	- عدم السماح بمرور طبقة ذكاء بدون حوكمة حقيقية.	afb535d1f40b0eaf2996f93f49870a6dacdfe16132239ea6345e2b9d1c0fd218	Governance Engine	10.1 الصلاحيات والأمان	5821
F-004947	- تفعيل fireAlert عبر K3 فقط.	c8319e9fb11acf5636c4244684e6ae6a7ff07e3559b3b59f5d8a3857c0902356	Governance Engine	10.1 الصلاحيات والأمان	5822
F-004948	- تفعيل المصادقة لجميع المسارات (routes) عبر authMiddleware و tenantMiddleware.	023cd96e8bfd0fe00b7d82e7610eaef53acbbb0c19caa781ef1a4ca35a4bc453	Governance Engine	10.1 الصلاحيات والأمان	5823
F-004949	- تشفير على مستوى الخلية	2cb6bce3fd1dffeb62a6fa95b3ce7cec3304c5927deeb2d329c50052b392fdb8	Governance Engine	10.1 الصلاحيات والأمان	5824
F-004950	- صلاحيات تحرير حسب الدور	d8a5afd6af23bd5a4a43d9afebc2533745af5c64c97e0775c7dd8e56c24ea1b4	Governance Engine	10.1 الصلاحيات والأمان	5825
F-004951	- حماية المعادلات	763ee949aa80496344b432a99698b437ccf8c6e55772e8a570086494982b23ae	Governance Engine	10.1 الصلاحيات والأمان	5826
F-004952	- سجل تدقيق لكل خلية	4dd7703c796d6ca1890b4b36248d8e9b89e2da49973c311b158246b6991ffc02	Governance Engine	10.1 الصلاحيات والأمان	5827
F-004953	- عزل جداول كل جهة عن الأخرى	fbcf08f7611b8d86cb2d45332a27ab3d7b557a929d9eeec0ab781cc6827b446b	Governance Engine	10.1 الصلاحيات والأمان	5828
F-004954	- إمكانية التراجع الحتمي	8369fdbe4e0bb5b18685a604ca4a232b6407f9bded5ac311c081c401da504d4a	Governance Engine	10.1 الصلاحيات والأمان	5829
F-004955	- التحكم في صلاحيات الوصول لكل لوحة	eef3fd4d7403b7e94e7c282ed3fd025bcee727e3aec120fae52c216c1021fc95	Governance Engine	10.1 الصلاحيات والأمان	5830
F-004956	- توزيع التقارير حسب الجهة أو الدور مع التحكم في البيانات التي يراها كل مستخدم حسب صلاحياته	3bf64f75a320bc2990b5d616034258871aa5eb898a8e3efb87f058bf871be023	Governance Engine	10.1 الصلاحيات والأمان	5831
F-004957	- قفل النسخة المعتمدة من التقرير	c3821a9672a7fd796d708a7b22e478de8a0fc2fc3e4c4b40e7b41d8c31e95d4f	Governance Engine	10.1 الصلاحيات والأمان	5832
F-004958	- تثبيت نسخة ثابتة من التقرير	7b08a8e51271ee26d0692b314ecd39b25fa00c607ce02f82bba478f09b0e08dd	Governance Engine	10.1 الصلاحيات والأمان	5833
F-004959	- صلاحيات على مستوى مجموعة البيانات والمقياس والحقل	e74bdb7588aa384176d518cb88cd921316e0875395bfc2c9f7a6ca4441253bb5	Governance Engine	10.1 الصلاحيات والأمان	5834
F-004960	- صلاحيات على مستوى مجموعة البيانات والحقل والصف	1a4e146d6c58a320ff18eb9a08a19181a1cff594871e52194deb1b7d55ac566a	Governance Engine	10.1 الصلاحيات والأمان	5835
F-004961	- النتائج تحترم صلاحيات المستخدم دائما	52b3a058e48ca3baea8c181e3e15a3dfa624bda9f643c8bf295aa5d1dcec7b31	Governance Engine	10.1 الصلاحيات والأمان	5836
F-004962	- صلاحيات على مستوى الصف والحقل عند الحاجة	1e941ebe41a1f5c0956782dac16e1984d6c5d59d251eb98d5b984a5da53a74b9	Governance Engine	10.1 الصلاحيات والأمان	5837
F-004963	- التحكم في البيانات التي يراها كل مستخدم حسب صلاحياته على مستوى الصف	1764072c331b186bdf6d47a0e75abbfdad7b1f2f5bab1624a54d22f0ac95b762	Governance Engine	10.1 الصلاحيات والأمان	5838
F-004964	- أذونات تحكم بمن يرى ويعدل وينشر مع مشاركة داخلية وخارجية	eaa404dee93af827fdaece0ebe68d33478200d8d3ea0eff2f5ba3f41cf598fd3	Governance Engine	10.1 الصلاحيات والأمان	5839
F-004965	- سياسات حفظ وتشفير وصلاحيات للتوقيعات والمرفقات	e615ed8f84fae0c908fe91250819d4f92c9ef3e4579518a376ecbe3618df9dcc	Governance Engine	10.1 الصلاحيات والأمان	5840
F-004966	- قواعد تمنع إجراءات حسب الدور والبيانات والوقت والمخاطر	6dee85e20a9ab791520215a5b284ba79d9238c56c0409144bb9b70c07ba7ff2f	Governance Engine	10.1 الصلاحيات والأمان	5841
F-004967	- سياسات للذاكرة تشمل مدة الاحتفاظ وإمكانية الإيقاف والتشغيل ومنع حفظ محتوى محدد	06a633a422d41dc303911235e362fd0b284985c3853351d02865363f791ded5a	Governance Engine	10.1 الصلاحيات والأمان	5842
F-004968	- تنقيح تلقائي للبيانات الشخصية الحساسة قبل التخزين	998fe44d3bb16c52fe1939bb8d7c030142ed84f922de57e303f6658f6cb21f3c	Governance Engine	10.1 الصلاحيات والأمان	5843
F-004969	- مخزن حقائق مثبتة مع تتبع مصدر كل حقيقة	790661f787a61dbae9af6c7ad308501225da64c4f35253a2d90af6b15a39b4db	Governance Engine	10.1 الصلاحيات والأمان	5844
F-004970	- تعريف كل أداة مع مدخلاتها ومخرجاتها وأذوناتها وحدود الاستخدام	71dac586ef474524571b8a69224dbd3793ef3b3f53f43809295c4b7ed1362d3e	Governance Engine	10.1 الصلاحيات والأمان	5845
F-004971	- اكتشاف تلقائي حيث كل وحدة تسجل أدواتها	4ca84f1dd004b12f1732d6f2b113032f199c18a3254bf063279d7a547113813b	Governance Engine	10.1 الصلاحيات والأمان	5846
F-004972	- صلاحيات على مستوى المنظمة والدور والوكيل والمحادثة	0b0218d7078ab6af0e5c777c12a2c3efc382038f5684ee82c491be6cdae06b1e	Governance Engine	10.1 الصلاحيات والأمان	5847
F-004973	- مراقبة زمن التنفيذ والأخطاء والتكلفة والأثر على الرضا	2a8ddecd34d4fdf526c180b2e63116475ddede1a76e76bebeac41b38bb9de015	Governance Engine	10.1 الصلاحيات والأمان	5848
F-004974	- حماية من محاولات التلاعب بالأوامر	7b3ea347c3ecf0b8f4160845640dd97563a1d9310584330d51bce7d06f755aec	Governance Engine	10.1 الصلاحيات والأمان	5849
F-004975	- موافقة قبل تنفيذ الأدوات الحساسة مع سجل الأسباب	6bc0bdf7ea766a1280c140deb63dc1032605dbb6e0ca6e34a804fe98d06d6570	Governance Engine	10.1 الصلاحيات والأمان	5850
F-004976	- فلاتر محتوى مؤسسية قابلة للتخصيص	97fd75fa2e30a919b9241cb5cee5db26bce8d219aa4b76f81514cc8947467525	Governance Engine	10.1 الصلاحيات والأمان	5851
F-004977	- تدقيق لكل قرار يوضح أي وكيل وأي أدوات وأي مصادر ولماذا	0bafdc8cf4326df6985127cc50154e0a785e58a9454da322ba76db7a427479bc	Governance Engine	10.1 الصلاحيات والأمان	5852
F-004978	- منع اختلاق الأرقام حيث كل رقم مربوط بمصدره	08de037d44356138e4cf2e805092a62ed1d30143d6a185dbd5ad624f75eda1be	Governance Engine	10.1 الصلاحيات والأمان	5853
F-004979	- تصنيف حساسية الأوامر	209853eec6e00fbb2afe5277c1e9b6aa8d21291071e52b6dba964a390e96eda4	Governance Engine	10.1 الصلاحيات والأمان	5854
F-004980	- طلب تأكيد أو مصادقة ثنائية حسب السياسة	b40c3934b61fb5574dfcb732de9c1f09428652ce8638faac25e3c92d1e680984	Governance Engine	10.1 الصلاحيات والأمان	5855
F-004981	- حدود تنفيذ مع منع حلقات تنفيذ غير منتهية	8506ff3f808f4eb886e528b3be1d5ddd2a135bef8f97168ff95a9ac94f896a58	Governance Engine	10.1 الصلاحيات والأمان	5856
F-004982	- سجل أدوات شامل لكل وحدات المنصة	833e1a01eec9496bda2eb4281bde8ffb1451ca015a5c5eed095d55fcb8204f8c	Governance Engine	10.1 الصلاحيات والأمان	5857
F-004983	- لا ينفذ إلا ضمن صلاحيات المستخدم وسياسات المؤسسة	b839738af764da8461149f020d063353f58beb8eb0311451340bfc6ca6f05af3	Governance Engine	10.1 الصلاحيات والأمان	5858
F-004984	- يعرض ما سيغيره قبل وبعد ثم يطلب الموافقة	bb9d287226a6af18b2110606cae0675c5a408f69210e12b15adc0d240b30c4d7	Governance Engine	10.1 الصلاحيات والأمان	5859
F-004985	- يسجل ما فعله تلقائيا في سجل النشاطات والتدقيق	e7c5d1e1e90f220a5179c239ab8d6b9e4f39bf58d781bdb2f8d5039c7d951257	Governance Engine	10.1 الصلاحيات والأمان	5860
F-004986	- مراقبة الموصلات والملفات والجداول المخصصة لاكتشاف بيانات جديدة	e7f949597b47f220e547e0f1bd2d219539517c11fb6a3dd982ce398ef4f0d022	Governance Engine	10.1 الصلاحيات والأمان	5861
F-004987	- إيقاف كامل للذكاء الاصطناعي عند الحاجة بمفتاح إيقاف شامل	5daaae9ce2a078557d654edfe2f8f76e7957c44dde4ae105014773758552b57e	Governance Engine	10.1 الصلاحيات والأمان	5862
F-004988	- سجل تدقيق كامل لكل استخدام ذكاء اصطناعي	93bf6321fddaaed07d51603ce58aa3dfe290ffbb95490dd268526351299fda90	Governance Engine	10.1 الصلاحيات والأمان	5863
F-004989	- إدارة التكاليف والميزانيات الخاصة بالذكاء الاصطناعي	bc29236359a1dc859cd255515f06e6df3dc6abe749db952ba8cd432a252fbc1b	Governance Engine	10.1 الصلاحيات والأمان	5864
F-004990	- تتبع التكلفة والاستهلاك حسب الجهة	219cc0cf7dd288d772cdbbca5b925e04fbce644bd035a3a5474fb09c850e4ad7	Governance Engine	10.1 الصلاحيات والأمان	5865
F-004991	- تتبع مصدر كل رقم عبر سلسلة التحولات من المصدر حتى التقرير	61c16873632e89f0c39f460647d8b87c981d94400c8dbe4449869b4975c3a4c1	Governance Engine	10.1 الصلاحيات والأمان	5866
F-004992	- سجل إرسال يشمل النجاح والفشل والسبب مع إعادة محاولة وحدود إرسال	7a0f7ef9525f0b544cc70c440dd9ab47ec2fb3ef2f90ca22280d413509929401	Governance Engine	10.1 الصلاحيات والأمان	5867
F-004993	- مشاركة الملفات برابط مع أذونات قراءة أو تعديل	4e6aab1a786ce9a836e452f6cc47e7498b5defa24a6bce0d59e9961ce46ae746	Governance Engine	10.1 الصلاحيات والأمان	5868
F-004994	- فحص أمان للملفات المرفوعة	5f64b7b16c32755a14edd2c4bf6eb6ca2ba385d269491e7bbdd30df8be811ad0	Governance Engine	10.1 الصلاحيات والأمان	5869
F-004995	- سياسات مشاركة مؤسسية	98d84f35f6c19a4579f53730d7580810eb2c785d6dc7b189b059dd1c2db580ad	Governance Engine	10.1 الصلاحيات والأمان	5870
F-004996	- التحكم في صلاحيات الوصول	4bb88e9ce7d204009827c45cf0f9b435c1b587c62d3b231bbeac5600c62cb05b	Governance Engine	10.1 الصلاحيات والأمان	5871
F-004997	- إنشاء تذاكر دعم من داخل المنصة	54ecf5830e62ebfa1eb4f2f1e5803860f8fb2648ed309fa89b9ff701354f2b93	Governance Engine	10.1 الصلاحيات والأمان	5872
F-004998	- سجل زمني لكل الأحداث	bcd55770854f4108ea0a3ce5a6e5b7fa1bc05dac65570b2cbcbba57cddba66f4	Governance Engine	10.1 الصلاحيات والأمان	5873
F-004999	- فلاتر حسب الوحدة والمستخدم والنوع	db14937b07b44fd75fdbbab17d2ec891915bc323d657e94b3315164eed6a777b	Governance Engine	10.1 الصلاحيات والأمان	5874
F-005000	- تنبيه عند أحداث مهمة	b723c752f6842f7f1f27cfe9c5b4f38e33dd9bb3a2ec8a70035f63f2a119f58b	Governance Engine	10.1 الصلاحيات والأمان	5875
F-005001	- كل حدث مرتبط بالكيان الأصلي مع إمكانية الضغط للتفاصيل	91457661b2d9d2388db281c0a024500ef75c71d908ec84e367ceac86834d01e0	Governance Engine	10.1 الصلاحيات والأمان	5876
F-005002	- متابعة تقرير أو مراسلة أو صفحة لتظهر أحداثها في السجل	f51e24fa857036b28b7268641fc8d6eb7bd4ceeaba8452ad92bf1782ecd201e8	Governance Engine	10.1 الصلاحيات والأمان	5877
F-005003	- تسجيل من قام بكل عملية ومتى	41375eaded620d59453eadfa70a0a000efbdaf6f73a08a868b7177d1e876cdd4	Governance Engine	10.1 الصلاحيات والأمان	5878
F-005004	- سحب اسم مستخدم إلى دور أو فريق لمنحه صلاحيات	212fa834356f0d7a50f601f24aab1207c359784fd7b8cdb996a374bb90c9651b	Governance Engine	10.1 الصلاحيات والأمان	5879
F-005005	- نظام تفعيل وتعطيل الوحدات بحيث كل مشروع يختار الخدمات التي يحتاجها	8a45a707da3e0c9197ec30da96713d8647118899f41137d26683530836eca7a8	Governance Engine	10.1 الصلاحيات والأمان	5880
F-005006	- تشغيل وإيقاف ميزات تدريجيا مع استهداف أدوار أو مستخدمين	72e6a420c574bfed430843b69cadbe3d954da765c0fa6d4a314392c1c3e44591	Governance Engine	10.1 الصلاحيات والأمان	5881
F-005007	- تخصيص البوابات حسب كل جهة	7f048658c0b0c546c7236feebc94bb2c876cd8b84e0b2a8dfdb28af6520911a1	Governance Engine	10.1 الصلاحيات والأمان	5882
F-005008	- وضع الصيانة برسالة مخصصة مع السماح للإداريين فقط	5047b0f4d7a0fe8c5df2cfeee50e05d38b90d35d88c52063c3675a6f95b2d426	Governance Engine	10.1 الصلاحيات والأمان	5883
F-005009	- الصلاحيات والأمان	dd23335ed5893eff546e37674b8d4be7ac4275f21070be6dbe8d1a5575c85204	Governance Engine	10.1 الصلاحيات والأمان	5884
F-005010	- التحكم في من يمكنه الوصول إلى لوحات المعلومات الخاصة بك	74c2087070725146b9d5b3013935a3de1dc7cbd1c88ebbb6d582dd73ff499f30	Governance Engine	10.1 الصلاحيات والأمان	5885
F-005011	- عرض البيانات بشكل آمن من قواعد بيانات شركتك أو مقدمي خدمات آخرين باستخدام عناصر واجهة مستخدم مخصصة أو Push API الخاص بنا	58bac3e627da64361f75dead88fbe5a96802d8c6ae7f93684f80583f83027a85	Governance Engine	10.1 الصلاحيات والأمان	5886
F-005012	- تأمين البيانات من خلال التشفير والضوابط الصارمة	41b861b1ef500a2188ff154aef49a0c666cf443232ba4d6ea7969b9ad37b125c	Governance Engine	10.1 الصلاحيات والأمان	5887
F-005013	- تحكم في العلامة التجارية وسير عمل آمن	09f6b20d7273bb409432e2f22fff0948fff3f1338f02dec82580597b04372221	Governance Engine	10.1 الصلاحيات والأمان	5888
F-005014	- حوكمة وإشراف دائم على نطاق المؤسسة	ee60dc758536dd4239df05f54977652317d642268785911e2e68db457f275fba	Governance Engine	10.1 الصلاحيات والأمان	5889
F-005015	- ميزات أمان أصلية للتخفيف من المخاطر	8546d864111ea0304ca47ae105875aca4da4ce0eb37f97489434a79c30b9df12	Governance Engine	10.1 الصلاحيات والأمان	5890
F-005016	- تشفير الحمض النووي للشركة داخل المنصة (Playbooks, Knowledge, Personality)	2243a53f6a9213500ef9900deb7ac8b302b2e0fdf8b37bacf322b0a65f025b80	Governance Engine	10.1 الصلاحيات والأمان	5891
F-005017	- أمان واجهات برمجة التطبيقات (API Security)	dc0a7fac6d5e70f5339f2b6850a531ae07cbce98d1589fcdf91cbe248548c869	Governance Engine	10.1 الصلاحيات والأمان	5892
F-005018	- تسجيل دخول متعدد الطرق (اسم مستخدم/كلمة مرور، بريد إلكتروني، SSO)	49116e7c9f092447882003448b2f8ea24f0cf2ed9dc07719b1515ad827f9d499	Governance Engine	10.1 الصلاحيات والأمان	5893
F-005019	- إدارة المستخدمين (إنشاء/تعديل/تعطيل/حذف، استيراد دفعي، مزامنة SSO)	86b46b2c93b0e926fa7e96b18c6e0900b3a1f1f86e0521f4a21687a2749e4798	Governance Engine	10.1 الصلاحيات والأمان	5894
F-005020	- إعدادات API (مفاتيح، حدود المعدل، قائمة IP المسموح بها، تدوير المفاتيح)	dff5bc0374cd0f9836e1e1db5e25b55705cd45da5da6705f594a11d1d788db79	Governance Engine	10.1 الصلاحيات والأمان	5895
F-005021	- استيعاب آمن للملفات (Secure file ingestion)	2e0bb724328236c495586e6056f8b4cda247be5f2050b2d49a86205b6b2c761c	Governance Engine	10.1 الصلاحيات والأمان	5896
F-005022	- عقد API آمن بين محرك الزحف ونواة رصد	09742691f0a76460e2c756cc542e8c76306a65437303740337e9cffba4ef33b1	Governance Engine	10.1 الصلاحيات والأمان	5897
F-005023	- تسجيل المنتج (قاعدة بيانات + واجهة برمجة تطبيقات إدارية)	b031849f310628dffd667a1d93da573c097235e4c7a129b1efd4a0f7ea80dcd3	Governance Engine	10.1 الصلاحيات والأمان	5898
F-005024	- الزحف على مستوى المؤسسة وتجاوز جدار حماية تطبيقات الويب (WAF Bypass)	1a72eb7151181367bd32851721e2a651fb08bdac09a4f86e9c0606f4d6f850c9	Governance Engine	10.1 الصلاحيات والأمان	5899
F-005025	- مكافحة البوتات عبر بصمات الأصابع (Anti-bot fingerprinting)	553742421b9c0e51661cf9f6c8d54ebc3235ea6689a7800dc5787bf706da1eb0	Governance Engine	10.1 الصلاحيات والأمان	5900
F-005026	- تدوير ذكي لبصمات الأصابع	e345f5416fa97032780e724f03b243ed870c042cacd1bfeb63bb72d844dcc90a	Governance Engine	10.1 الصلاحيات والأمان	5901
F-005027	- نسخة مؤسسية: صلاحيات متقدمة، تكامل API، ربط بقواعد بيانات، SSO، استضافة داخلية	059ee0043982c604f45924f18ffda7c51d35be45f7729cca332fe98617962896	Governance Engine	10.1 الصلاحيات والأمان	5902
F-005028	- صلاحيات دقيقة على مستوى مجموعة البيانات، الحقل، والصف (Row-Level Security)	c0b3ba5c6993ef63375b6ce31a9fc33b90269aaa589a45d1f1b183796cd96de5	Governance Engine	10.1 الصلاحيات والأمان	5903
F-005029	- تطبيق سياسات أمان على مستوى الصفوف لجميع الجداول	bf5c556707c6bf4dbea13c74b99c5a231dda59ab694ba370b173753a8926ed67	Governance Engine	10.1 الصلاحيات والأمان	5904
F-005030	- نظام قابل للتدقيق (Auditable system)	ae7ed3e86e1a0045998bf2210d9c8d6091f81f54c2127739bf566c8b89a56168	Governance Engine	10.1 الصلاحيات والأمان	5905
F-005031	- ربط المستخدمين بالأقسام وتطبيق سياسات الوصول	eff40cf3d0dabede8385af2e22e9935d34d0b54072d17a79d73d49af34c5ee26	Governance Engine	10.1 الصلاحيات والأمان	5906
F-005032	- إنشاء مجموعات مرنة عابرة للأقسام	293e6180526115bb740286b82d4202622b8df8b52ea4e3b7b2c0e7e152c90b88	Governance Engine	10.1 الصلاحيات والأمان	5907
F-005033	- شرائح مقفلة لحماية المعلومات الأساسية وتحديثها مركزياً	49705a1eee665e2db5529f8173c03c22e963d6611260dcfa67f89fb160d3e99d	Governance Engine	10.1 الصلاحيات والأمان	5908
F-005034	- تصنيف البيانات (سري – داخلي – عام)	390d6d896edb7166d3ad7070178c0e668c8776b23761d7643c2046d01c402602	Governance Engine	10.1 الصلاحيات والأمان	5909
F-005035	- دعم تسجيل الدخول الموحد (SSO)	10126e88c2c084fe6fb65f2e7fa5ee79517473f136025e7ec527779f102aa485	Governance Engine	10.1 الصلاحيات والأمان	5910
F-005036	- سجلات تدقيق (Audit logs)	27cfcf52a75f25614e6bf46b17ad4c0c5e5eea7cb1534ab4f6e8dde4c2512501	Governance Engine	10.1 الصلاحيات والأمان	5911
F-005037	- حوكمة صارمة للأحداث	9a4a67ffadad68dd6713c6928d25a46554959d9799f7250eb81e9d4ae009cb7c	Governance Engine	10.1 الصلاحيات والأمان	5912
F-005038	- حوكمة وضع الدُفعات	0e77d1cf4ddb8d43bad8628e5d165763c72a4cdc70822d481a858321016db728	Governance Engine	10.1 الصلاحيات والأمان	5913
F-005039	- حوكمة توزيع وتحديث النماذج	eced2f03bf41a3d546e02ea91c08bb1cae274b8375043bc000d485bd04a71b4b	Governance Engine	10.1 الصلاحيات والأمان	5914
F-005040	- حوكمة تكلفة الذكاء الاصطناعي (تسلسل الميزانية، التقييد، مفتاح الإيقاف)	00818de016ba088d1ab532b95bcb4ffdce80820242a215298f48bf1e5b3e67ce	Governance Engine	10.1 الصلاحيات والأمان	5915
F-005041	- تدقيق المستأجر محلياً	9358d3316f05bdeb64a2265c7e99dc61947ae103baafda84ffdf341590ede1ae	Governance Engine	10.1 الصلاحيات والأمان	5916
F-005042	- حوكمة قوائم الانتظار المتزامنة	0ef8774b9379032e9a65dab2d40d97cc58e0edd3905618861eff5bdb71fb1ab8	Governance Engine	10.1 الصلاحيات والأمان	5917
F-005043	- نظام حوكمة	aa2fceaace1f637807f8921fdd457990ce766b57cf5ee531a989cea27f2aaf8b	Governance Engine	10.1 الصلاحيات والأمان	5918
F-005044	- نظام أمان	01d00bc47ae7b7f7a918b0d2276041e92337423e27e9132cfa20410ea26c440e	Governance Engine	10.1 الصلاحيات والأمان	5919
F-005045	- نظام RBAC كامل مع أدوار وصلاحيات ومجموعات صلاحيات جاهزة	88a39c6095a8364e82655e406bf7ab24124968e192d30f1ff11afb42a7124faa	Governance Engine	10.1 الصلاحيات والأمان	5920
F-005046	- صلاحيات ديناميكية مع شروط إضافية (ABAC/Policy Rules)	eed199654098cdcbd2b7c66ef451c8c442f726b88aaaad5f3b3692b1877f4c39	Governance Engine	10.1 الصلاحيات والأمان	5921
F-005047	- إعدادات الأمان مثل سياسات كلمة المرور، 2FA إلزامي، مدة الجلسة، قائمة السماح IP	65dfba9f71c508118f8f2c21bbe66c3853cab95f8cd3f76237876622db9482e7	Governance Engine	10.1 الصلاحيات والأمان	5922
F-005048	- التحقق من الصلاحيات وحساسية البيانات	50aa1bd9e06eab3882735bf1e287b85d2c875116dc568fd02043e4f1af4d58db	Governance Engine	10.1 الصلاحيات والأمان	5923
F-005049	- تتبع سجلات التدقيق	fbc24d63f44c0cadfaa06f847381fc3aee4d2246cde22514dad1c358ee06bba4	Governance Engine	10.1 الصلاحيات والأمان	5924
F-005050	- حوكمة مركزية للصلاحيات والأدوار والسياسات	4745a65b3ef20e307f8ef3295e9eb710e2a1ff6623aec556ea1182479e50dad2	Governance Engine	10.1 الصلاحيات والأمان	5925
F-005051	- تشفير البيانات أثناء التخزين والنقل	7cc6363275571f46f6b4c5444fa3ee09841baef904586454600623d41d161351	Governance Engine	10.1 الصلاحيات والأمان	5926
F-005052	- خدمة المصادقة والتفويض	b9df85db4f201d6ce520a12df9470dbea2d2204f3593f8aea1ce0f3aca8bcb4f	Governance Engine	10.1 الصلاحيات والأمان	5927
F-005053	- تحديد معدل الطلبات (Rate limiting)	2c4a71745140675bad8f24d51f8fa71f2e0ff1211aa413cfd4ce7b94ab422e50	Governance Engine	10.1 الصلاحيات والأمان	5928
F-005054	- خطة استعادة الكوارث	88cff79a52c189a3c99674074ed82b9290ccc3240edbad7fd5fca6d595b463d3	Governance Engine	10.1 الصلاحيات والأمان	5929
F-005055	- استراتيجية النسخ الاحتياطي	e78c5e3f454356f74b329ba7c359dc0cfe72c1a3b97bfb89f08e35200ff46e4b	Governance Engine	10.1 الصلاحيات والأمان	5930
F-005056	- التحكم في الوصول بناءً على الأدوار	040f73b3be076057e17475d5eddfcf57a88873dee8b6186e5a6043bc89d8da43	Governance Engine	10.1 الصلاحيات والأمان	5931
F-005057	- دعم بنية متعددة المستأجرين	f0253451f033522aaf30b1caf43dfe4572f286a0e5ad7f98fdba18428ca129a9	Governance Engine	10.1 الصلاحيات والأمان	5932
F-005058	- إدارة الأسرار السرية	5ee6d5908ddc25efbdb84d8a804959d0a8e924966d7264855eefd3661624f746	Governance Engine	10.1 الصلاحيات والأمان	5933
F-005059	- سياسة منع الدين التقني	2c084cc4e4ef25bb4eb9e7edfc19864862e5328bafc6f13337586806d2c925c6	Governance Engine	10.1 الصلاحيات والأمان	5934
F-005060	- سياسة التوسعة الأفقية فقط بدون قفل عمودي	bfa8a9af3941dfc481ccc58b654c6d7a4032840da361e40589f3321468eb2dfb	Governance Engine	10.1 الصلاحيات والأمان	5935
F-005061	- إدارة صلاحيات الوصول (عرض فقط، تعديل كامل)	15dd2c11bb3ae1f3c1bc39e7f17add11037e9e764c427fa40cc47ce93c33c915	Governance Engine	10.1 الصلاحيات والأمان	5936
F-005062	- مشاركة أي مخرج مع فريق	d3b2ad009cb1772e4d84f4b5decdfc31badf1531e646631cea26ef32cc0497c0	Governance Engine	10.2 العمل الجماعي	5942
F-005063	- التعليق على عنصر محدد	edce4422e43bc59f5a45e748781c04af7e407b0b810d7ac77251484d2663bf2d	Governance Engine	10.2 العمل الجماعي	5943
F-005064	- طلب مراجعة واعتماد رسمي	ec4d3b72f3a53a85494e4e77ba93f6df12f93b4a4e396b410d4701e94ae3b762	Governance Engine	10.2 العمل الجماعي	5944
F-005065	- التعاون في الوقت الفعلي على أي مخرج	3109e4429359d81ff9e193a25112b1cca1457158ff5c131837885cad08d16870	Governance Engine	10.2 العمل الجماعي	5945
F-005066	- مشاركة الجداول مع الفريق والعمل الجماعي	15a4b4b2186e4f962a8c7cc7aee0b232ed96cf62bbaa786c087e4e88833edf17	Governance Engine	10.2 العمل الجماعي	5946
F-005067	- إضافة مستخدمين إلى فرق ومشاريع عبر السحب والإفلات	3b0e6f25ef20d0181aa8a7d80325239f36758139f2cdc37f9527502113e66f7d	Governance Engine	10.2 العمل الجماعي	5947
F-005068	- تفويض سريع بين المستخدمين عبر السحب والإفلات	6a63f87a501a866644be2281076297fcdd3fdf5705677b0062aebc1ab70c4904	Governance Engine	10.2 العمل الجماعي	5948
F-005069	- سحب مهمة إلى يوم في التقويم لتحديد موعد	bd5c508871bba7aa05171870c3c125254f10664d0e524d97bfd37d68818fb323	Governance Engine	10.2 العمل الجماعي	5949
F-005070	- سحب مستخدم على مهمة لتعيينه	4dcc23109c767b9af98b8632def698febf784e1a6e9d1078c434bb87888394d5	Governance Engine	10.2 العمل الجماعي	5950
F-005071	- سحب حدث على مهمة لإنشاء مهمة متابعة	8fbae911a479c7f8e292643e98934589d0c87dbf4228c3f6b9d9f463f8aaf8cf	Governance Engine	10.2 العمل الجماعي	5951
F-005072	- تعاون في التعديل المشترك مع تعليقات على الشرائح	407260904e9139ae5af0fc86cfe577a34fe6c42d6c95c1a9206f90f5fa2ecb0b	Governance Engine	10.2 العمل الجماعي	5952
F-005073	- تقييم المحادثة بالنجوم والملاحظات النصية وتصنيف أسباب عدم الرضا	0cb14245e6e6bd250f566d0ba47aa37ea1f125584c29b42a97fd5ff125cd0583	Governance Engine	10.2 العمل الجماعي	5953
F-005074	- حفظ وتصنيف المحادثات مع بحث ومفضلة	87dde171ba17bc178e8f03a9d9503bb25d96bf5bc38655d26446abcbff97b88e	Governance Engine	10.2 العمل الجماعي	5954
F-005075	- محادثات ضمن مساحات عمل ومشاريع مع مشاركة داخلية	0f318759759c4206e16c8b8096ef364a1f7ff431a28ab8243c77f8eea488cd2a	Governance Engine	10.2 العمل الجماعي	5955
F-005076	- دعم أكثر من خمسين ألف مستخدم متزامن	4f02a9db0980e77c0da69ba6d746430e63fe524bc4b180fe42974af611de0e8a	Governance Engine	10.2 العمل الجماعي	5956
F-005077	- استمرارية العمل عند تعطل جزء من النظام	a97f0974cefbc22e45b96cfd09c95b53af54e2e4a7c3d26848020ae992aecaab	Governance Engine	10.2 العمل الجماعي	5957
F-005078	- التعاون.	a607bf10f1ebbda3bf322648651d207da29ea57e2ff02d9764ec838b725f7f14	Governance Engine	10.2 العمل الجماعي	5958
F-005079	- تتبع الموافقات.	317f894494f12219cf2dbaf3c95bcb12015b756a55604be57dac6c4843264c22	Governance Engine	10.2 العمل الجماعي	5959
F-005080	- العمل الجماعي	8f1b3460d180b57f0f77b8b1be971300b1c6884dba7d9d26704a40e9e4f401f9	Governance Engine	10.2 العمل الجماعي	5960
F-005081	- تعاون جماعي	803ffade2e117b0efe0f94264ea4293736e02891fb85b4bdf1d1f5fef9621cbb	Governance Engine	10.2 العمل الجماعي	5961
F-005082	- الاستفادة من الرسم البياني للعمل الجماعي (Teamwork graph) الخاص بالفرق	3c70ca172fd2d029f4447c1443392282258a98fd549669c037a5245394b86137	Governance Engine	10.2 العمل الجماعي	5962
F-005083	- تنسيق العمل عبر الفرق والأنظمة	3603149f4ab708f263f75011491c0dc6e14067cf5b9431a592ec52967665a7a8	Governance Engine	10.2 العمل الجماعي	5963
F-005084	- رفع مستوى ثقة الموظفين وتمكينهم	f66b9de8417a804b940a71379dd0967d6722dc90cd3725e5d905e26c81fd78ee	Governance Engine	10.2 العمل الجماعي	5964
F-005085	- مشاركة المستندات عبر رابط مخصص	09d5125857a5838af6b837368e1f1726a8527e05d3b0e2886820c2e95b54c805	Governance Engine	10.2 العمل الجماعي	5965
F-005086	- مشاركة لوحات المعلومات الحية مع الفريق	9ee7cdb3afece3dcc94e80c47d6d45a019231a0385c6095f1221d3d9c862d2d4	Governance Engine	10.2 العمل الجماعي	5966
F-005087	- إنشاء وتحرير الملفات مباشرة في المحادثات	13a68e11fd239e927fb23e381c85af43b7751322c5c27bcb1e7e9592319468e4	Governance Engine	10.2 العمل الجماعي	5967
F-005088	- بناء تصور لوكيل ذكاء اصطناعي مستقل داخل المنصة يعمل كموظف رقمي دائم	ea5cf42b54302b9af2c61746f9ee0677dc4f616d80df7a051a114c3f2de0b139	Governance Engine	10.2 العمل الجماعي	5968
F-005089	- معالجة البيانات بصريًا عبر السحب والإفلات	413c475cbbbcf9e7e238d8f073f143166dd2d3b569afc369b9b1c5c1c66ed3fe	Governance Engine	10.2 العمل الجماعي	5969
F-005090	- سحب وإفلات الرسوم البيانية	a3f630abd8ba4937baba43292fb43b45042365dd4e5f3355ef75e6243cbce01a	Governance Engine	10.2 العمل الجماعي	5970
F-005091	- واجهة مركزية للسحب والإفلات	b4534de2f18fed2afbf2bb00813f2c9daafa1991c1f32464a18d70b4ce09371d	Governance Engine	10.2 العمل الجماعي	5971
F-005092	- إمكانية السحب لإنشاء علاقة	6646cef1e30e1b3937667592fad51e219e455a4b6adb9167fa280c5e7d2ae1a6	Governance Engine	10.2 العمل الجماعي	5972
F-005093	- سحب ملفات	d8c32a49f30bdbbd15a6d9fe730c9d00420bf3aa48cee12224c8f00f1488f39c	Governance Engine	10.2 العمل الجماعي	5973
F-005094	- سحب وإفلات كامل	2a9f8237b4876395d3589cd93f5af6a2194892391956e9f88aeaa6cb976dc209	Governance Engine	10.2 العمل الجماعي	5974
F-005095	- سحب وإفلات أقسام	42792888d5f11e77cf01dcd126da52a5dbfe8d514688a3c2e6059fa656c2c339	Governance Engine	10.2 العمل الجماعي	5975
F-005096	- تفعيل شامل للسحب والإفلات عبر المنصة	6d773798d4401b4a2a1cd415b1755a7ca6a476434fc70292ba7a7871a463cabc	Governance Engine	10.2 العمل الجماعي	5976
F-005097	- واجهة سحب وإفلات عالمية	b07a68eb4db0e2bbd5f1a60c309a64e9cc6cded72e86ac7967d91b68f92de16b	Governance Engine	10.2 العمل الجماعي	5977
F-005098	- سحب عبر المستندات	5eb390d2c0a03b94a03de39513eb39328a6b28490d48b3bc533f516e6bf53bd2	Governance Engine	10.2 العمل الجماعي	5978
F-005099	- تحرير هيكلي بالسحب والإفلات عبر جميع الوحدات	e3e71e0f63cd6ef9bf3cccacebbe3ab08fcc12732572e5d2bf05aaff5128392a	Governance Engine	10.2 العمل الجماعي	5979
F-005100	- سحب متعدد العناصر دفعة واحدة	abab9f8a48d213e6abd534d2e15c69ac73dded3e1413c5dcc9f52d9a51c03009	Governance Engine	10.2 العمل الجماعي	5980
F-005101	- أي بيانات تتحول مباشرة إلى لوحة أو تقرير أو عرض أو إنفوجرافيك	42e5ec7ef18cab031576dcc3be720279410c5055027d035594686ebdd50ec3cf	Governance Engine	10.3 التكامل الشامل بين المحركات	5986
F-005102	- تحويل بين جميع الخدمات في أي اتجاه	5b04e41b819e77e1dc0e77c3920dbf760ad4c8b85283e225c29fd5d1c3c4509b	Governance Engine	10.3 التكامل الشامل بين المحركات	5987
F-005103	- كل تحويل قابل للتعديل اليدوي	538376ce424a1cd97dba00891ae78b46aedab1370cc5960c72f2cd98095b9d38	Governance Engine	10.3 التكامل الشامل بين المحركات	5988
F-005104	- مصادر مستقلة لكل خدمة أو مشتركة	5f53b58f8dda0fb770b526beae7ffcd37f70dc34e49033abdd8c64583c3c34e0	Governance Engine	10.3 التكامل الشامل بين المحركات	5989
F-005105	- إمكانية دمج النظام مع أي منصة خارجية	312224a6f5be2ed7d8475ba56d8bb91edc73653c354ab48309a42b16c352d259	Governance Engine	10.3 التكامل الشامل بين المحركات	5990
F-005106	- تسجيل كل إجراء مع تفاصيل من ومتى وماذا وقبل وبعد ومن أين	d5659c6cb07198bc3dc98980216ee42219ad5d1af9b0ff9e17f9e8ef1a95627d	Governance Engine	10.3 التكامل الشامل بين المحركات	5991
F-005107	- تحليل الأثر قبل أي تغيير في البيانات أو التعريفات	672a190365eca8e6c67003849a2f200a90ab2f2e46c8161d0706127e2912148e	Governance Engine	10.3 التكامل الشامل بين المحركات	5992
F-005108	- توافق سيادي وسحابي متكامل	7da316e5ceaa1bc811184da93e1bea35ecbb30e66465ee22454b03b05f44e58b	Governance Engine	10.3 التكامل الشامل بين المحركات	5993
F-005109	- توزيع المهام على محركات متخصصة	5167a8a2ab6b3931e67ec356765f67cd65e5028a54c9a36f234451dd109670c9	Governance Engine	10.3 التكامل الشامل بين المحركات	5994
F-005110	- توزيع المهام حسب الحمل	0dbbe9c424643885682a345a2d33b7f3338516c5ad98ed5fd6074a05f23bd52e	Governance Engine	10.3 التكامل الشامل بين المحركات	5995
F-005111	- إعادة جدولة العمليات	2196ba833a0c3a5ab9cbccd9aac52d423cbb1a8ab4d8774a608cef941ca24fd2	Governance Engine	10.3 التكامل الشامل بين المحركات	5996
F-005112	- منع ازدحام النظام	435c2c6759ec8c513fa9d94d808c320791f3ee75f52e61789b66474527f353ad	Governance Engine	10.3 التكامل الشامل بين المحركات	5997
F-005113	- إشعار فوري عند وصول استجابة	f2987ba103ffd4564fb49d2877b010863d6862aa2d731c93d4e1e90f84d04fe9	Governance Engine	10.3 التكامل الشامل بين المحركات	5998
F-005114	- العمل على السحابة والجهاز المكتبي معا	a8834a05922dfe4b7a3d5f7a12a5528824aeb572f52a91c4531297361ef931b1	Governance Engine	10.3 التكامل الشامل بين المحركات	5999
F-005115	- تطبيق سطح مكتب لنظام ويندوز بنفس واجهة السحابة	dd543a3ae195d34707d67eedb9e7887da16a582c68e93a6dd84ab141db7fefd2	Governance Engine	10.3 التكامل الشامل بين المحركات	6000
F-005116	- العمل بدون إنترنت بشكل كامل على الجهاز المحلي	99dc17eeab7636a7ffcc1ab7238de1dda8069bbf1271c7ea13c7165c23182722	Governance Engine	10.3 التكامل الشامل بين المحركات	6001
F-005117	- مزامنة البيانات تلقائيا عند عودة الاتصال بالإنترنت	ccc7fc6ca9e755b631d053b3a18d0cde5655d5fca6fa7cb7b902c36e7ca776ab	Governance Engine	10.3 التكامل الشامل بين المحركات	6002
F-005118	- تشغيل نماذج الذكاء الاصطناعي محليا على الجهاز بدون إنترنت	2eacebca083f0d2467701bff6dfed4a300682ed50b881ef53ef47d0765a53d6b	Governance Engine	10.3 التكامل الشامل بين المحركات	6003
F-005119	- الحفاظ على نفس الواجهة والتجربة في كلا الوضعين	8ff838e22d072e426f66375eafd12b447fc6092a4bae64a632f8e23a82bee354	Governance Engine	10.3 التكامل الشامل بين المحركات	6004
F-005120	- تقسيم المهام الكبيرة وتوزيعها على عدة خوادم للمعالجة المتوازية	30bcd6bcabf1994c13d0b1b751f3e5e8ff1a539032ca2e5d2385ac617922e304	Governance Engine	10.3 التكامل الشامل بين المحركات	6005
F-005121	- ضمان عدم تأثر أداء النظام العادي أثناء المعالجة الثقيلة	0cfa89cc3a5716fa8c21d78bee15d6c06afd84faecad9bf6f36b817a91a60795	Governance Engine	10.3 التكامل الشامل بين المحركات	6006
F-005122	- الاستعادة التلقائية عند حدوث أعطال	c4ea8ed8e6e190d4d2bd90c9dbb3c460ce5dba11346a1891183abbc97c7dcef0	Governance Engine	10.3 التكامل الشامل بين المحركات	6007
F-005123	- تصميم معياري مستقل بالكامل	122b1df87cddb0092c50b92dd5026ee2eea90f9bdb5fc72b91ce662020d0c6df	Governance Engine	10.3 التكامل الشامل بين المحركات	6008
F-005124	- عزل كامل لبيانات كل وحدة	d388a3f7cd86e386e4a3e6b8e46b8f5e9de877e219328dff6e298e39cf81c098	Governance Engine	10.3 التكامل الشامل بين المحركات	6009
F-005125	- قابلية استبدال أي مكون دون تأثير على البقية	e18fd76dd54269a53843268fa177577e566da48241c5412c29edb5296c9316f3	Governance Engine	10.3 التكامل الشامل بين المحركات	6010
F-005126	- توسع أفقي كامل	22007cb0bf26e52200103f69b4179375ef88cf94931a5150a9156457e8ca3d9d	Governance Engine	10.3 التكامل الشامل بين المحركات	6011
F-005127	- دمج CRM وأي نوع من البيانات في وظيفتك.	3ec34bf71fffcdfb86090a5fdc610ae0ec2638b3cc1f1b3d055063194370f2f1	Governance Engine	10.3 التكامل الشامل بين المحركات	6012
F-005128	- مركزي ومشاركة وكلاء Looker الخاصين بك.	9cdd7cdc4fea5c1a56c7d4f818dda22048e1caffce90c3d56c64f23e72a50815	Governance Engine	10.3 التكامل الشامل بين المحركات	6013
F-005129	- دمج تحليلات العلامة البيضاء بسلاسة في منتجك.	614c43ec09ffb4cb6fca629d052339c6c84924092e117cf267477b8a2a4e299c	Governance Engine	10.3 التكامل الشامل بين المحركات	6014
F-005130	- التكامل الشامل بين المحركات	020f80dc93fafe0304860b1dc5ba0e16ae27074ef05b5883e6ba3857e3b483a1	Governance Engine	10.3 التكامل الشامل بين المحركات	6015
F-005131	- جلب القوة الكاملة لـ Sisense Intelligence مباشرة إلى منتجاتك باستخدام React أو Angular أو Vue	c5655471c2fd9615dfdcd552635cd27149562bb11d59693a0c000d6381048056	Governance Engine	10.3 التكامل الشامل بين المحركات	6016
F-005132	- إنشاء وتحويل المحتوى في Confluence و Jira و Jira Service Management	771d090442fb90e714066fda02f5bb593591c11ff8585b82f193b670d8920917	Governance Engine	10.3 التكامل الشامل بين المحركات	6017
F-005133	- استخدام لغة ومصطلحات خاصة بالصناعة	0e6df115ccc35b9127fb18085ebeb16180619e7be95ab27ef9bc3dde302f6e6c	Governance Engine	10.3 التكامل الشامل بين المحركات	6018
F-005134	- التكامل مع تطبيقات Microsoft 365	f1e06e9a606e27ab510261cf03551786f41c8505c6276560df1dad5515508f09	Governance Engine	10.3 التكامل الشامل بين المحركات	6019
F-005135	- التكامل مع تطبيقات مثل Jira و Jira Service Management و Confluence و Bitbucket	e1e999415ed7d4a5c158054d591cac878d639d65cde20ebba8e58f98d2829d7a	Governance Engine	10.3 التكامل الشامل بين المحركات	6020
F-005136	- المساعدة في استخدام المصطلحات الخاصة بالصناعة بشكل صحيح	1b407350f17c8b6a4ce0007f676a89dcb30b757ab1fefeb53260726d4b310d19	Governance Engine	10.3 التكامل الشامل بين المحركات	6021
F-005137	- تعريف المصطلحات في Confluence	b91bc5f7268361e57f2baf319dd2eb853a0be682689b6d108481c934a7b35489	Governance Engine	10.3 التكامل الشامل بين المحركات	6022
F-005138	- تكامل قوي مع الأنظمة الحالية	fd135b8fdd238f4602b47597d8ce3d9690eb3cd8f3f4d0a368ee3cdf2bdb6435	Governance Engine	10.3 التكامل الشامل بين المحركات	6023
F-005139	- منصة قابلة للتشغيل المتبادل	8c4bd08f8b3b9bd5a541ad53d1fd4c242046adea3f1deb4d40fa8be1d0f2e7ea	Governance Engine	10.3 التكامل الشامل بين المحركات	6024
F-005140	- إنشاء اتصالات مخصصة	057e8b59bfca266f14d909e89ec4ed3b8282992b9532ff751e978707fcc923e6	Governance Engine	10.3 التكامل الشامل بين المحركات	6025
F-005141	- إنشاء قواعد التشغيل الآلي في Confluence و Jira و Jira Service Management	f6c4568adea5083af3a7d2d3d5ecd948e2e8fbfb3dcc2ef66ac8f0de17388d85	Governance Engine	10.3 التكامل الشامل بين المحركات	6026
F-005142	- ترابط كامل بين الخدمات	6d3d1f336cedf3090e709ef140a1c4d270b9715dd2a616911bb82166cd728b19	Governance Engine	10.3 التكامل الشامل بين المحركات	6027
F-005143	- تصميم API-First وكل عملية داخل النظام لها API	63b30eb37e4a30a3c7429bb2b454bc3be4631c22a6eacff3448955672a252e9b	Governance Engine	10.3 التكامل الشامل بين المحركات	6028
F-005144	- واجهات برمجة تطبيقات عامة وخاصة (Public & Private APIs)	0734837145576cacf3de5913daa08e65924240a9836700d935e1e90fb7724d96	Governance Engine	10.3 التكامل الشامل بين المحركات	6029
F-005145	- جاهزية للتكامل المؤسسي (Enterprise Integration)	b83cdad2cf9897624b398cb9633c959a8b83dabd199279c716825fc6235dfc65	Governance Engine	10.3 التكامل الشامل بين المحركات	6030
F-005146	- واجهات برمجة تطبيقات بإصدارات (Versioned APIs)	c69bd6fa613d449e3796de8c31f97b7570187575ab5b3a45b634c560325b6d6a	Governance Engine	10.3 التكامل الشامل بين المحركات	6031
F-005147	- إمكانية تطوير تطبيقات موبايل أو سطح مكتب بنفس واجهات برمجة التطبيقات	652c06c5c6796b6b61ca80a6d720273d174641577ce07a3954ae0237d1635a91	Governance Engine	10.3 التكامل الشامل بين المحركات	6032
F-005148	- توثيق كامل لواجهات برمجة التطبيقات (API Documentation)	9fd7c4320514038474c6a4261efc3da880678e6911833b8d31aac88ae291ac7d	Governance Engine	10.3 التكامل الشامل بين المحركات	6033
F-005149	- طبقة إضافة للتحكم في المستندات عبر API	d5cdc5cee2dda9501d1cf1c0abafc4945ed10a597b670cd5b6309e6ccafd709e	Governance Engine	10.3 التكامل الشامل بين المحركات	6034
F-005150	- منصة مؤسسية متكاملة (SaaS/Enterprise) للانتقال من مصادر البيانات إلى مخرجات احترافية	f5e29e9712911d49d6aaf4f70167d7760ce62995106f4297f55c1516ba9d030b	Governance Engine	10.3 التكامل الشامل بين المحركات	6035
F-005151	- طبقة الأوامر القياسية (Action API + Tool Registry)	36c4466d45e15573ac594a25a0d5b8be7a60c7789f31f52049e36ef2fb6b78b1	Governance Engine	10.3 التكامل الشامل بين المحركات	6036
F-005152	- توفير بيئة خارجية (Cloud) لإنشاء كلستر حقيقي (EKS/GKE/AKS)	4b8c8077381c1f1bf75cd8df41ef73d05bc53eb4f9dfdfe56c207cb2f67746ab	Governance Engine	10.3 التكامل الشامل بين المحركات	6037
F-005153	- نظام تشغيل مستندات مؤسسي سيادي حتمي	0b1a62f376431bda603b648e22f00cf6921cdd3044dc77677d07ccaa259a3eff	Governance Engine	10.3 التكامل الشامل بين المحركات	6038
F-005154	- دورة حياة API	eaba255b50f5193b20bf43ba87fea3af95a7e0bf567e2d529630390053f82a37	Governance Engine	10.3 التكامل الشامل بين المحركات	6039
F-005155	- إعادة ربط البيانات عبر API	9d9f3216a899eeaf02d435d8c7259cf2a36e01ced2f95f65017484d66b7124d8	Governance Engine	10.3 التكامل الشامل بين المحركات	6040
F-005156	- مجموعات مخصصة للمؤسسات (Dedicated enterprise clusters)	ebe81c6ac327ffc75f69ab860c865a77dac91c3cd24eb3d9fe85fa522b68c093	Governance Engine	10.3 التكامل الشامل بين المحركات	6041
F-005157	- بحيرة بيانات منفصلة لكل مؤسسة (Separate Lakehouse per enterprise)	b6f22f45ba2171536da4af38a8265a531bd3e97a45c3f690ff6e6f54e77ae20d	Governance Engine	10.3 التكامل الشامل بين المحركات	6042
F-005158	- دمج مع Scheduled Tasks لإنشاء تقارير دورية	4bdcb0a7b9cf2ab3c9036f09a2a023bdb3f3451c71d130eafb33d5747130250b	Governance Engine	10.3 التكامل الشامل بين المحركات	6043
F-005159	- دمج مع Gmail وNotion وGoogle Drive عبر الموصلات	3f34841f550aa5501cc699edaad362998577ef0e56563cc94c3eca63b8d1a84b	Governance Engine	10.3 التكامل الشامل بين المحركات	6044
F-005160	- منصة شاملة لإدارة البيانات والتقارير بالسحب والإفلات مع ذكاء اصطناعي مدمج	c3ce4ce24476508318bbc00471cf4cf8d73c431f716fabfed4c10c1982c8fa90	Governance Engine	10.3 التكامل الشامل بين المحركات	6045
F-005161	- ربط لوحات متعددة	1f3e9e38a93c1bbeae21fbb0105543b79910c56ff21b420cbb8b0f9d60a73ae6	Governance Engine	10.3 التكامل الشامل بين المحركات	6046
F-005162	- تخصيص كل خدمة بشكل منفصل	160d6cbe45953a1a4cba5b84bcc2c42805c2ed10046660d7a7d43f0b5387d5a2	Governance Engine	10.3 التكامل الشامل بين المحركات	6047
F-005163	- الربط الذكي بين الخدمات	cb6085dd884cef85cfb1678893b9f1fb21a9c3e17731ab7a87d5d4f98124e317	Governance Engine	10.3 التكامل الشامل بين المحركات	6048
F-005164	- فصل طبقة الذكاء عن طبقة العرض	afb6778d202eab56b317cb511172fe9abb4bf31b7d09059b8a511a368d07e09f	Governance Engine	10.3 التكامل الشامل بين المحركات	6049
F-005165	- فصل طبقة المعرفة عن طبقة التخزين	cadc05f331e2652158976790dabf6967acc4962e9ea509ddc9c731a3fdd59330	Governance Engine	10.3 التكامل الشامل بين المحركات	6050
F-005166	- فصل طبقة الذكاء الاصطناعي عن التطبيق	3a6dda7d9b1a9689ca13979d73e89a866cf501af3ad28fd63d1a1a363b245962	Governance Engine	10.3 التكامل الشامل بين المحركات	6051
F-005167	- فصل الهيكل عن المظهر والبيانات	9ae5ff1612f890968b90aa10c5233bd489786e283ac9ae89feebb5c8508140c4	Governance Engine	10.3 التكامل الشامل بين المحركات	6052
F-005168	- تحسين أداء الربط (Joins)	ed52ab3e0e8b270988a5dc3523daf002616cd9768ecb28fa6d128df7e8d6503b	Governance Engine	10.3 التكامل الشامل بين المحركات	6053
F-005169	- ربط مزود رسائل SMS وإنشاء قوالب وتتبع التسليم	be5a3ca7778dc22d68add3226f549676c13972787e398c0d8a293c1fec3f2560	Governance Engine	10.3 التكامل الشامل بين المحركات	6054
F-005170	- فصل المنطق عن المشروع	307da5a38ad28995c36dfdb846a17142561a809e33f6fad468eeb0dd7c97fc9f	Governance Engine	10.3 التكامل الشامل بين المحركات	6055
F-005171	- تنفيذ عمليات ربط (joins) معقدة عبر schemas مختلفة	fe339777a9c77e26a0e008653f390e830f32037463fb77586277edb68bd38308	Governance Engine	10.3 التكامل الشامل بين المحركات	6056
F-005172	- ربط الإشعارات (notifications)	1de5a01e0a57ffc39259b72e224cbc8ae387bc493c75ab36020ddb643123b1cc	Governance Engine	10.3 التكامل الشامل بين المحركات	6057
F-005173	- ربط النتائج مباشرةً بنظام تقارير Rasid والتقارير الأخرى	de4190b79a93bcbd4e03c65f763f46dcbe56fa614d4aad5c7babdd6ff3c5caa6	Governance Engine	10.3 التكامل الشامل بين المحركات	6058
F-005174	- ربط مباشر بنظام التصعيد والرسائل التلقائية	33c6b1dfc83e756d16bbd492e70f1964ee1cb140a22a06cc78c6fe233174cd28	Governance Engine	10.3 التكامل الشامل بين المحركات	6059
F-005175	- محرك تحليلي يدمج البيانات ويقدم تقريرًا تفصيليًا	d4e7659f5147227d61eb81979f1fa111e02ed3009b79efc23d2c1be0b9cd88fb	Governance Engine	10.3 التكامل الشامل بين المحركات	6060
F-005176	- رسائل ومحادثات وتنبيهات	af428d7577bc771396b418b53f59bb6bc3a03ac30a81f7bb434cc283ead05226	Governance Engine	10.3 التكامل الشامل بين المحركات	6061
F-005177	- تُستخدم للأتمتة والتحديث الحي والإشعارات والتذكيرات والذكاء الاستباقي	f58f7b900d694e090acd4b4455333b8d8606bd4a8f2d87eae3c8b25a8af9d60e	Governance Engine	10.3 التكامل الشامل بين المحركات	6062
F-005178	- تكامل مع Make.com لأتمتة سير العمل	03651dedee214e2d7fad223f74fcad5fa5fb9c1f62e4ba0054026e0b51aeeb69	Governance Engine	10.3 التكامل الشامل بين المحركات	6063
F-005179	- الإطار التكاملـي العام (Unified Intelligence Layer)	22f5a0fb56803d25e77b3ea4963ed4a42b5f00edb889b1e7857f4c9222b6d6a7	Governance Engine	10.3 التكامل الشامل بين المحركات	6064
F-005180	- منصة متكاملة	e61ed04ce4223b3ca59e681de192f8b79ad4a559c2ef2dd8bcb611e007122a15	Governance Engine	10.3 التكامل الشامل بين المحركات	6065
F-005181	- التكامل الشامل بضغطة زر	57a1579f985abe938ab5fa2aa8593a1ca95ff7c636cdb927887cfbe80f5c22a6	Governance Engine	10.3 التكامل الشامل بين المحركات	6066
F-005182	- تحويل التواريخ والعملات بضغطة زر	2b2de298db2a8def9fc5bbed321af730c612de0f5180f227ffb91ccd5967e78a	Governance Engine	10.3 التكامل الشامل بين المحركات	6067
F-005183	- وضع سهل (Smart Mode)	65a2d639c416f85d72c5bbee1177516ede94781bcdfbedd487be6f1e36dace11	Governance Engine	10.3 التكامل الشامل بين المحركات	6068
F-005184	- رفع ملفات ثم تنظيف وتوحيد وتحليل	241456704a0cbe48e53b4a945efc1f312269641265c9e20bcf273cce688975e2	Governance Engine	10.4 التشغيل الموحد بضغطة زر	6074
F-005185	- إنشاء لوحة مؤشرات وتقرير وعرض وإنفوجرافيك	444ccffc493e10fef9659238eb1873723cbd09520e231358ab03ed3afc62a9e4	Governance Engine	10.4 التشغيل الموحد بضغطة زر	6075
F-005186	- كل ذلك بضغطة واحدة أو بالتدخل في أي مرحلة	fd61b7727cabac12f25947529c3e6b62a4d06a85695661afeb00e506ddf120e4	Governance Engine	10.4 التشغيل الموحد بضغطة زر	6076
F-005187	- تجميد النواة (Kernel Freeze) الرسمي للمنصة	b3d09ea407b0c15a0be49bfb543c57604f9fa99ca503f698481537046b8d64c7	Governance Engine	10.4 التشغيل الموحد بضغطة زر	6077
F-005188	- تشغيل موحد بضغطة زر مع تكامل شامل ووضعين تشغيل (سهل/متقدم)	428d91663113766279b87c3d48edac0435c5489db3b5ec03c6f1ca6ac3fd26fb	Governance Engine	10.4 التشغيل الموحد بضغطة زر	6078
F-005189	- جاهزية تسريع البيانات	e035f89f77145e8fc7cb27fa31bbd6e6fbb4c1fbf64b9230649247d5ac03f222	Governance Engine	10.4 التشغيل الموحد بضغطة زر	6079
F-005190	- زر واحد للتنفيذ	1e90c4c029d413908c052d45b68ff8baa94b21587fa4d3ea4c9b496c3558ed2c	Governance Engine	10.4 التشغيل الموحد بضغطة زر	6080
F-005191	- ربط النموذج بسير عمل يبدأ تلقائيا عند التعبئة	b414dda3553b846f51bb069b1bbe3bf4381e83407fcc9c8c00264366cbc3f739	Governance Engine	10.4 التشغيل الموحد بضغطة زر	6081
F-005192	- سير عمل المراسلة من مسودة إلى مراجعة إلى اعتماد إلى إرسال إلى متابعة	82fea574e40166ba6e76273125a4a138901e79816625eb9514f6b5f90088d696	Governance Engine	10.4 التشغيل الموحد بضغطة زر	6082
F-005193	- سلسلة موافقات قبل الإرسال	8e9b3febe619eabfde33fe4d6bafee34d7ef3814251b58772c75c616bb05a4de	Governance Engine	10.4 التشغيل الموحد بضغطة زر	6083
F-005194	- تذكير تلقائي إذا لم يرد خلال مدة محددة	be2c81e6aa406bf2517cf0a7e885e484fb45157ca4a3ce752051649ffeb618b7	Governance Engine	10.4 التشغيل الموحد بضغطة زر	6084
F-005195	- سلسلة موافقات متتابعة أو متوازية	cc79579054bd659f1da8659d60544aed2111b30498d9ee8a447f34f831755f69	Governance Engine	10.4 التشغيل الموحد بضغطة زر	6085
F-005196	- ربط سير العمل بأي وحدة	d715c9e3f2e9cddf6eb8c2899d128bee2c26e7239e8750471b1f2320fab0a3f5	Governance Engine	10.4 التشغيل الموحد بضغطة زر	6086
F-005197	- بدء سير العمل تلقائيا عند وصول بيانات أو تحديث مؤشر أداء أو استلام مراسلة	2d1414ade99f0d7a963bbf11813d43d03118889694d63c66c0d66c706df54ac6	Governance Engine	10.4 التشغيل الموحد بضغطة زر	6087
F-005198	- إشعارات عند التصعيد بالبريد والداخلي والرسائل النصية	7b42807a23123c20a44759af85ae9b557717e81e36010561ba223222524e65e4	Governance Engine	10.4 التشغيل الموحد بضغطة زر	6088
F-005199	- تعيين المسؤول التالي تلقائيا	5cc55d9abd9efa5bf485ca0690b1a0d90d07e9f09b53e79f63f27ff47c1484d7	Governance Engine	10.4 التشغيل الموحد بضغطة زر	6089
F-005200	- كل تغيير يولد أحداثا تستخدم للأتمتة والتحديث الحي والإشعارات والتذكيرات	182c830e7b5a53801c4f0292258ca99119058a7adc9566a9cec1c2529035ceb1	Governance Engine	10.4 التشغيل الموحد بضغطة زر	6090
F-005201	- بناء وتشغيل حتمي بحيث نفس المدخلات تعطي نفس النتائج دائما	2714574a86ab30136978b17126ad1d0903c028903f7c81a36cc8a99ad08e6e50	Governance Engine	10.4 التشغيل الموحد بضغطة زر	6091
F-005202	- التشغيل الموحد بضغطة زر	f12073b3cfc87f623dc22fa0f0f27160a498faa638accfe593daaf4e8ce00fbb	Governance Engine	10.4 التشغيل الموحد بضغطة زر	6092
F-005203	- اتخاذ قرارات أسرع ومستنيرة	29430fbc6ef55441239627c7d64057bdd030cacf5426698fa31d1d53d4d8efdb	Governance Engine	10.4 التشغيل الموحد بضغطة زر	6093
F-005204	- تسجيل كل خطوة وإمكانية إعادة تشغيلها	fe3c8ed7634b7b4505ac0476bbcfdc5756833d2aedb87263390a551db1aa2872	Governance Engine	10.5 سجل العمليات وإعادة التنفيذ	6099
F-005205	- تطبيق العمليات على ملفات جديدة	011587a605b7d317590ab1883c8a56f5d368e7ef51fefa2d817c0da04be0ad21	Governance Engine	10.5 سجل العمليات وإعادة التنفيذ	6100
F-005206	- حفظ سير العمل كنموذج قابل لإعادة الاستخدام	fcb44bd2a916509a04e45d474535edeff35f36537a96c025ca4ff4242ec9eb7e	Governance Engine	10.5 سجل العمليات وإعادة التنفيذ	6101
F-005207	- سجل العمليات (Data Lineage) وأرشفة الإصدارات	c4320b1f17dc1d25b10c948f3b0f1280ea8ee19aab8c4ba4cce72b9bf9d7e1d9	Governance Engine	10.5 سجل العمليات وإعادة التنفيذ	6102
F-005208	- سجل العمليات (Query audit) لكل العمليات مسجلة	f88c8bdf5c71a1b64c38fce331783dc0a9a73b508d992ad3cad76fdf80757b7a	Governance Engine	10.5 سجل العمليات وإعادة التنفيذ	6103
F-005209	- كل طلب HTTP داخل معاملة قاعدة بيانات	8dbd7a2ac10cc6936452d316e212f49ce5209e9f0959c32c9a5a7dfbdb4cec32	Governance Engine	10.5 سجل العمليات وإعادة التنفيذ	6104
F-005210	- دعم Undo/Redo على مستوى المنصة لجميع الإجراءات	b38064285dc9879a5e85c4891a722e2e0a22faa6b8b4b9544e2f8c7bac72b81b	Governance Engine	10.5 سجل العمليات وإعادة التنفيذ	6105
F-005211	- عرض Diff بين أي نسختين من البيانات أو التعريفات	c77977f4d8070744764510bdb94ec493a675bddf72a57d617b60bf9f07d01e5c	Governance Engine	10.5 سجل العمليات وإعادة التنفيذ	6106
F-005212	- سجل العمليات وإعادة التنفيذ مع تنفيذ جميع عمليات الكتابة عبر actionRegistry.executeAction()	83abcdc1e642758f3b677b253eda8e0a8ebea7120d870bf407edbdeec88b20fb	Governance Engine	10.5 سجل العمليات وإعادة التنفيذ	6107
F-005213	- تقييم نهائي قبل تجميد النواة لضمان جودة واستقرار المنصة	4987f3ba9283fce14e09c223f3402e06cb92d1d59c30f031c5688053922b96e1	Governance Engine	10.5 سجل العمليات وإعادة التنفيذ	6108
F-005214	- تسجيل ومراجعة جميع عمليات الكتابة (POST, PUT, PATCH, DELETE) لضمان التنفيذ الصحيح	d9f81f9e8dc41a8cb7fdd9e5ba74c78edb2b502104b8733b65ef929749289c56	Governance Engine	10.5 سجل العمليات وإعادة التنفيذ	6109
F-005215	- سجل العمليات مع إمكانية إعادة التنفيذ وحفظها كنموذج وإنشاء سير عمل قابل لإعادة الاستخدام	ff46bb7155b03503a90da5fb7ca8d31c0ed8c113f997f569c2fbfadb66452fe1	Governance Engine	10.5 سجل العمليات وإعادة التنفيذ	6110
F-005216	- قوة النسخ الصارم المتقدم	b4899061267dc31c46c4028b37af936bd34aa724fbf4fdb914330565a1eb232c	Governance Engine	10.5 سجل العمليات وإعادة التنفيذ	6111
F-005217	- سجل كامل لكل استخدام ذكاء اصطناعي	6c20aa0dbf7de4be1f230a9fc112956fb320228771a84b14239bd64d68893981	Governance Engine	10.5 سجل العمليات وإعادة التنفيذ	6112
F-005218	- سجل تدقيق كامل لكل استخدام ذكاء اصطناعي	93bf6321fddaaed07d51603ce58aa3dfe290ffbb95490dd268526351299fda90	Governance Engine	10.5 سجل العمليات وإعادة التنفيذ	6113
F-005219	- التحقق من جودة التنفيذ قبل الإخراج	36410bce6bcd50873455a580fecb40eec82ae58153f4d3737d10d5a5652c91e1	Governance Engine	10.5 سجل العمليات وإعادة التنفيذ	6114
F-005220	- إعادة المحاولة الذكية في حال انخفاض الجودة	52a3d08c98ca0ce46c3634a66d2965b4ddfea1317e43f7c713047fc716e95c5e	Governance Engine	10.5 سجل العمليات وإعادة التنفيذ	6115
F-005221	- تحليل تكلفة التنفيذ	1db42d566333929a4d471b381a42adfa68095542613c0c9c62a6183035c000c0	Governance Engine	10.5 سجل العمليات وإعادة التنفيذ	6116
F-005222	- إعادة ترتيب العمليات	2d8544b75dce782cf4cfa3d04c163983135b87d4487aedfc20a78a8c71338f4c	Governance Engine	10.5 سجل العمليات وإعادة التنفيذ	6117
F-005223	- اختيار أفضل خطة تنفيذ	572138a260e8a161b42e52e8f82eac4421bb90aaf32ae3ea0695cd9db28f8cee	Governance Engine	10.5 سجل العمليات وإعادة التنفيذ	6118
F-005224	- ضمان الجودة قبل التسليم	56db5b977b71cf0669c25da6f8cbac4772b09772d4e66ae3e70d09c6eb80992e	Governance Engine	10.5 سجل العمليات وإعادة التنفيذ	6119
F-005225	- إعادة المحاولة حتى الوصول لمستوى الجودة المطلوب	d0bc1adae43f2afbe2d70edc2a88040ec73fe8a0c93f65ca38bafa235139aca5	Governance Engine	10.5 سجل العمليات وإعادة التنفيذ	6120
F-005226	- الحفاظ على الحتمية الكاملة	97502e939802053e12c278bc387c58397781f2a4bf6c9e1a57ba22b3a2cafe3d	Governance Engine	10.5 سجل العمليات وإعادة التنفيذ	6121
F-005227	- ملخصات فورية	566a86e68045feff8fdd7003b3f2cb5bf4a50273a6a48ae5e0df72fbe098dba1	Governance Engine	10.5 سجل العمليات وإعادة التنفيذ	6122
F-005228	- سجل العمليات وإعادة التنفيذ	cf81c7d57dbf6f1ea862a5b01607531b887d714b61e18bac7fead930797250a6	Governance Engine	10.5 سجل العمليات وإعادة التنفيذ	6123
F-005229	- قياس زمن executeAction.	937285c7503418c03a1f81a8e461a90e466452c5f9b3c5eedf39514656ee7c52	Governance Engine	10.5 سجل العمليات وإعادة التنفيذ	6124
F-005230	- قياس زمن semantic queries.	feee409dbabbc8d0c2c3791f816c9200f2465a942ad6ff2bc914132dca610bf4	Governance Engine	10.5 سجل العمليات وإعادة التنفيذ	6125
F-005231	- قياس زمن search.	fe9634d94b5aa0c93f90ebfd7d025b216e7b06b6f5d2bd7a75ddd6a8d62a1742	Governance Engine	10.5 سجل العمليات وإعادة التنفيذ	6126
F-005232	- قياس زمن RAG.	fabd9b7f3b22d80b1f8e34d9b627dabdad885a8a0bf117af46a4af10e5074587	Governance Engine	10.5 سجل العمليات وإعادة التنفيذ	6127
F-005233	- اختبار 1k concurrent requests.	6b620d25e84418e3716fe301db246555bbbfd56ebc290b507cf5cc97077b767e	Governance Engine	10.5 سجل العمليات وإعادة التنفيذ	6128
F-005234	- اختبار tenant isolation تحت load.	d37e3f84de1ef34900165c310bb015b62dc361e92c5c81dae2319432d9205001	Governance Engine	10.5 سجل العمليات وإعادة التنفيذ	6129
F-005235	- تحليل عنق الزجاجة (Connection Pool, Sequential Scans).	a6d26c707629618af5e1f88faa7825a19440b8d06477c161fa407795199e7e5d	Governance Engine	10.5 سجل العمليات وإعادة التنفيذ	6130
F-005236	- تتبع حالة المراسلة من مرسلة ومستلمة وقيد المراجعة وتم الرد ومغلقة	aaef46db065402ccec31cb23579c934a60151b2fc3e2cd66a49df00adca96f04	Governance Engine	10.5 سجل العمليات وإعادة التنفيذ	6131
F-005237	- ردود ومتابعات مرتبطة بالمراسلة الأصلية	75fa9227e64429d34153d5a296fffe976cd1f50b1405edb297528611a5a9db62	Governance Engine	10.5 سجل العمليات وإعادة التنفيذ	6132
F-005238	- سجل كامل لكل حركة على المراسلة من الإنشاء إلى الإرسال	ace9116457268722f683a83346ff5f9db07fc510631e152246cea3ba4677ec75	Governance Engine	10.5 سجل العمليات وإعادة التنفيذ	6133
F-005239	- سجل كامل لمسار كل تصعيد	10abae4718c62742bdf7168562fcad7b64b9e0f47803dfdaa6aa5f19b17a1bdb	Governance Engine	10.5 سجل العمليات وإعادة التنفيذ	6134
F-005240	- حفظ تاريخ جميع العمليات التي تمت على البيانات	0a920b164e214ce5165051077039b8611a165f223558bd07306c8900838f52bf	Governance Engine	10.5 سجل العمليات وإعادة التنفيذ	6135
F-005241	- إمكانية إعادة تطبيق سلسلة عمليات سابقة على بيانات جديدة	d4734045ef1880aed12e7082bc2157399bc2fc927a37619995eb948d6869cdfc	Governance Engine	10.5 سجل العمليات وإعادة التنفيذ	6136
F-005242	- تسجيل كل عملية سحب وإفلات وتنفيذات الذكاء الاصطناعي	258d15d1f40a4a7eda1885a28d0809d6be72e17b66f347a63015ba0d1f7c1ca7	Governance Engine	10.5 سجل العمليات وإعادة التنفيذ	6137
F-005243	- سجل التغييرات يوضح من غير أي إعداد ومتى مع قبل وبعد والموافقات	f02f8cb87785d560565554882335bf89a07ce46ea162920de490acc0713b7ce8	Governance Engine	10.5 سجل العمليات وإعادة التنفيذ	6138
F-005244	- التراجع والإعادة عن الإجراءات الأخيرة	408b8e5944aed42762d1b095a384d1719f9654fddb07a1b5dbaed43dcd15c691	Governance Engine	10.5 سجل العمليات وإعادة التنفيذ	6139
F-005245	- تدقيق على عمليات الاستيراد بين الوحدات (Cross-module import audit)	e2c456b2860c548c306146edbc9c4767d82f32d646cef3ee636ec18749f5761d	Governance Engine	10.5 سجل العمليات وإعادة التنفيذ	6140
F-005246	- تسجيل سجل تحليلات مفصل لكل عملية بحث	50650277fd67947d7a893659c2b525b7f94c58ba44731058bc4689bb40945761	Governance Engine	10.5 سجل العمليات وإعادة التنفيذ	6141
F-005247	- سجل غير قابل للتغيير لكل عملية تقييم لضمان الشفافية الكاملة	19083a330f6cf3155f95edaccd70d188b231e715e23024eebaae12a1f785f761	Governance Engine	10.5 سجل العمليات وإعادة التنفيذ	6142
F-005248	- تسجيل عمليات السحب والإفلات وتنفيذات الذكاء الاصطناعي	37d0b664b14de9d1625b7876d3172583033304afd6dcae935e293c6135228161	Governance Engine	10.5 سجل العمليات وإعادة التنفيذ	6143
F-005249	- مقارنة بين لوحات مؤشرات مختلفة	86ff9a202ad51859b158e633459054491df87aa88698beafc8f0f3b621ea2932	Governance Engine	10.6 المقارنة المتقدمة	6149
F-005250	- مقارنة بين تقارير مختلفة	4c601eeb1947e0b7662fa79d4cb6177b269e6e40de928f17adce23f9ff1af047	Governance Engine	10.6 المقارنة المتقدمة	6150
F-005251	- مقارنة بين عروض تقديمية مختلفة	3c04f9fbdf77b76f88ad3772297fcec8ef8618687a4f42ea27913fa164adc59e	Governance Engine	10.6 المقارنة المتقدمة	6151
F-005252	- مقارنة بين ملفات بيانات مختلفة	32c219d386de5fab8385745688b46751342c1614b10d44e0f6127fc82e9a69d4	Governance Engine	10.6 المقارنة المتقدمة	6152
F-005253	- مقارنة Floating-point drift	0f048f9c91f2ad1087aabc4c45a0fc698527d738b57568652eaadfbdfeb4dcc4	Governance Engine	10.6 المقارنة المتقدمة	6153
F-005254	- إعادة حساب باستخدام دقة موسعة عند الحاجة	34d2877bf567be6f42468e2da0782061ce5ee5cb211cd01455e8b255b975baad	Governance Engine	10.6 المقارنة المتقدمة	6154
F-005255	- كشف تناقض النتائج بين محركات مختلفة	aed44dcb0ecc540f06bf4145f41bd938acaada8f27b25613a6d3faa9ebc2fce8	Governance Engine	10.6 المقارنة المتقدمة	6155
F-005256	- مقارنة تاريخية للقيم	26f30f9868501d875f03e9763fc14b15309f1fec1f0a411dae1acd0ee8f8b37a	Governance Engine	10.6 المقارنة المتقدمة	6156
F-005257	- مقارنة أداء بين لوحات مختلفة	1500c4cc424bed319a8f633e170a2535cfe28f93353d4b41fd9c0f21dc9c4f3b	Governance Engine	10.6 المقارنة المتقدمة	6157
F-005258	- مقارنة النسخ المختلفة من البيانات	5d4a7890414f77306af0d51a1497ef045c323aec2414a5a9251753f576219e36	Governance Engine	10.6 المقارنة المتقدمة	6158
F-005259	- نظام كشف الانحرافات المعمارية تلقائيا	c3936ffd71b7d2e3f4ced69eee2799bed4d8415fb6e27821e5dbec5de5a347a0	Governance Engine	10.6 المقارنة المتقدمة	6159
F-005260	- المقارنة المتقدمة	8f66a8f61999f9e717aaa1a3819fc30c891dcaca7fb49401f556778e6266da95	Governance Engine	10.6 المقارنة المتقدمة	6160
F-005261	- تحديد أهداف مستوى الخدمة (SLOs) لزمن تحميل اللوحة، وتوليد التقرير، وتحديث الشريحة	36d2db1d3c39d6414fca3ef176192eddfa5fa16b993806029f017a2c4476806c	Governance Engine	10.6 المقارنة المتقدمة	6161
F-005262	- طبقة المؤسسة (المراقبة، النسخ الاحتياطي، البوابة، الفوترة، الترجمة، بوابة المطورين)	4e2c82b707e4fedc628ea3579ff2534790fb72d2d02fbbc8fe6b907470b7fd33	Governance Engine	10.6 المقارنة المتقدمة	6162
F-005263	- منع الترابط الخفي بين الوحدات	22e1d8bb94b51df6b0be1df98ffcf17495536b7421f14ebc223590228571744b	Governance Engine	10.6 المقارنة المتقدمة	6163
F-005264	- ترقية قاعدة بيانات وحدة واحدة دون تأثير على البقية	64bf38e28681f1910ff19f6cf8639b7f406a49249db18dc83d1846a406fe25a4	Governance Engine	10.6 المقارنة المتقدمة	6164
F-005265	- إنشاء داشبورد احترافية	6112e6de6e424f761c6c5ce005c6ac6e275c1d76c4435e8f06effc96f1a8ba3b	Governance Engine	10.6 المقارنة المتقدمة	6165
F-005266	- وحدة إنشاء الداشبورد (Dashboard Builder)	932754cee724684d9a73f6d40357b0ae4c3f0d6987c8676be11b929752fcc456	Governance Engine	10.6 المقارنة المتقدمة	6166
F-005267	- دعم أنواع الرسوم البيانية: خطية، أعمدة، دائرية، حرارية	dadb31cbda0dd335c96321288b0b246cc798c80bab3f9d3afc37c663ef606d18	Governance Engine	10.6 المقارنة المتقدمة	6167
F-005268	- فلاتر عامة للوحة بالكامل	67512f4c623bac364fcbbc36ce5e8a607f7fc373e7ea2c56686a38d8f8a4394f	Governance Engine	10.6 المقارنة المتقدمة	6168
F-005269	- دعم خاصية Drill Down في لوحات المؤشرات	d9e0fadf8b47744a038e807dd823f562c5ad0792287ca817349bfa1d5818a3e0	Governance Engine	10.6 المقارنة المتقدمة	6169
F-005270	- تحويل أي داشبورد إلى تقرير	0055a9fc56f212125441683888e793327885ddcd237e0c0cc37c899b863f4896	Governance Engine	10.6 المقارنة المتقدمة	6170
F-005271	- لوحة إدارة البيانات (Data Governance)	c52ef8ab6e9896efa93659e0d161adb85d95087eabf3e6a4ea80f02f20f462c9	Governance Engine	10.6 المقارنة المتقدمة	6171
F-005272	- لوحة مراقبة مباشرة يتم تحديثها تلقائياً	9f10c79034616078756d5c8dbde54d2af639ac8665544efbc217fb191774c222	Governance Engine	10.6 المقارنة المتقدمة	6172
F-005273	- ترتيب منطقي للوحة المؤشرات	01faff3fd30bda522d12537e47ece03e8b2ff14b52fb192b4ac87b3a14a0c450	Governance Engine	10.6 المقارنة المتقدمة	6173
F-005274	- نظام إنشاء الداشبورد والعروض الذكية	a3cef5cad176560046185d586cc8fba4e541bff079ac74e854154a80b2210e07	Governance Engine	10.6 المقارنة المتقدمة	6174
F-005275	- سحب وإفلات العناصر في اللوحة	294ddef12f5e7be3aba8f27b398ff0ff7479c178551ad33c85120a17d2b47b73	Governance Engine	10.6 المقارنة المتقدمة	6175
F-005276	- وضع سهل لإنشاء اللوحات (Auto Dashboard)	ab4153d350f21894c9408703a2db99832253c4ae9b211a1efaf48604e20e43da	Governance Engine	10.6 المقارنة المتقدمة	6176
F-005277	- مقارنة بين لوحات المؤشرات	ccead76eb8fc3ea3b65e17ccd0dbc5be0b90cba7e616b63c0943e1a1c39b0ec1	Governance Engine	10.6 المقارنة المتقدمة	6177
F-005278	- إنشاء إنفوجرافيك احترافي (Infographic Engine)	ffe1100aa77c3c76951da9b57b6b51b1ca7804995763f87c8516914b85335d04	Governance Engine	10.6 المقارنة المتقدمة	6178
F-005279	- عناصر قابلة للسحب مثل نص، رسم بياني، صورة، أيقونة، شكل هندسي، بطاقة رقمية	6e7c0db1207fb31e09c94aa759ac40a86d8e1b9e010459eb79d55f5d40275a95	Governance Engine	10.6 المقارنة المتقدمة	6179
F-005280	- خدمة الداشبورد مع تحكم يدوي كامل (Full Manual Override Dashboard)	489577ece2ce0d24a9223c538171fea5ec98b3b6654b49ba5825571fef4d4ce5	Governance Engine	10.6 المقارنة المتقدمة	6180
F-005281	- محرر داشبورد كامل	11c6425f5093c2ebfa2221705295843d8c9db67e56ed7f7a0c559c0395be90b2	Governance Engine	10.6 المقارنة المتقدمة	6181
F-005282	- شبكة تصميم مرنة لإنشاء اللوحات	8895c242b7e4602e7b05dc20f94deda89c0e579a03aa72db4ef42508760e45a7	Governance Engine	10.6 المقارنة المتقدمة	6182
F-005283	- إنشاء لوحة من الصفر	6b67a49a8c913baa1bfa92a625b49411690cf7f01c24d892abd64b3f3f390a5e	Governance Engine	10.6 المقارنة المتقدمة	6183
F-005284	- إنشاء نسخة جديدة من أي تقرير، عرض، أو لوحة	eb1a48a7675729eac799a32b92d46e47a861962e48f1fadbb7f901d835ea07a2	Governance Engine	10.6 المقارنة المتقدمة	6184
F-005285	- تحويل تقرير إلى داشبورد	e3dd6ce06411772ad6724cb00bf6eb645c6c48d6cb24b6f9ae40b42312ae7a71	Governance Engine	10.6 المقارنة المتقدمة	6185
F-005286	- دعم REST / GraphQL	b652f3f671e151f47b0dfc42b997f0e23e3c00bf30128af70e64a92948db465e	Governance Engine	10.6 المقارنة المتقدمة	6186
F-005287	- محرك الداشبورد (Dashboard Engine)	c1f7ee8eff91af95634a3b37629f436729202c7428eb0c4307b05a1b32a548ef	Governance Engine	10.6 المقارنة المتقدمة	6187
F-005288	- محرك العروض التقديمية والإنفوجرافيك (Presentation & Infographic Engine)	6642fceed82d036cc6611a3533ec4db344de48ded4e5bb557b6b0173ab1e418d	Governance Engine	10.6 المقارنة المتقدمة	6188
F-005289	- مكتبة لوحات المؤشرات	c6a05a5a78aa7c9fef438a73babfca8becb6b9d85a9f82c73f77763163b2e370	Governance Engine	10.6 المقارنة المتقدمة	6189
F-005290	- مقارنة بين ملفات، تقارير، لوحات مؤشرات، عروض	2f710652ab19a4b281f69dd0c7586ee2607a54d46b3b95a38c908225276483aa	Governance Engine	10.6 المقارنة المتقدمة	6190
F-005291	- دعم المحاكاة الكاملة لنماذج خارجية (تقارير، عروض، داشبورد)	87edecdf8c551f87e3ec2f937cada84703db48ecf41e2164e5c9910e0e39d2cf	Governance Engine	10.6 المقارنة المتقدمة	6191
F-005292	- محرك مقارنة الاختلافات للوحات المؤشرات (Diff engine for dashboards)	3fd0d28434952c876deec8467cef69c1218b2de3ccc6686250aba5d13a4c83b7	Governance Engine	10.6 المقارنة المتقدمة	6192
F-005293	- تفعيل التحليلات والداشبورد والتقارير والعروض والإنفوجرافيك المدعومة بالذكاء الاصطناعي	4c814fd917d7bcaad40e1eb16780a824e74a601ae3df6b38497f27eb14b8cd6a	Governance Engine	10.6 المقارنة المتقدمة	6193
F-005294	- لوحات مؤشرات المراقبة (Observability dashboards)	0dc5dc0fb3e3d44adcdd75f9f9516dded667ec8e63e88474d80d32cd58182b20	Governance Engine	10.6 المقارنة المتقدمة	6194
F-005295	- تحميل اللوحة في أقل من ثانيتين	fef00ed4910ecff94282b07937e4de4155796c0767fd5b59e28249c7411fd118	Governance Engine	10.6 المقارنة المتقدمة	6195
F-005296	- اكتشاف أسلوب الطباعة (Typography detection)	098b8c7d01075eba7fc556e574a60ce368620ce7e95d740e0e9703fc2b75f1bd	Governance Engine	10.6 المقارنة المتقدمة	6196
F-005297	- إنشاء إنفوجرافيك احترافي	0aa33c506571b2b5aa393de38571a49153e9714490f4d5030c8c5f7818066b11	Governance Engine	10.6 المقارنة المتقدمة	6197
F-005298	- محاكاة القوالب التصميمية الخارجية (PDF, Dashboard, Presentation)	9ed98eef9b183526c9eeb7df835d66bcc2f5e30df5df62db605b801078dff1d8	Governance Engine	10.6 المقارنة المتقدمة	6198
F-005299	- محركات عرض (Dashboard, Report, Presentation, Infographic, Template Replication)	4e93a6104f23821a0f76be40d8b567606770c0a43777619d1d19b0dc2288c30d	Governance Engine	10.6 المقارنة المتقدمة	6199
F-005300	- محاكاة 50 ألف مستخدم متزامن للداشبورد	4712bda5b6bcc0410aaae939fc5e50c111127d93b6017330fbb3b2c7ea75366c	Governance Engine	10.6 المقارنة المتقدمة	6200
F-005301	- توسيع نطاق WebSocket للداشبورد مع التخزين المؤقت الاحتياطي	2592b675e6e533a9cbac9835c49d94ad7b3549c9b2d78b7e0a791fd1c4222d45	Governance Engine	10.6 المقارنة المتقدمة	6201
F-005302	- استخراج التسلسل الهرمي للطباعة (Typography hierarchy extraction)	21c17cefbb1b9c2cd5cab6b5f625c1b72abdbc713bdf4f74c6eff795919215ce	Governance Engine	10.6 المقارنة المتقدمة	6202
F-005303	- مقارنة ملفين لاكتشاف الفروقات	a16555ea35456e2f982593a6b7ca56f11da56a71af971b2d288c85fe6fde5f5a	Governance Engine	10.6 المقارنة المتقدمة	6203
F-005304	- مقارنة أداء الفروع والمناطق بملايين السجلات	a802126d4585b479d9c8d5ca28380eeab915b732b616bc66c83b7206bd40138b	Governance Engine	10.6 المقارنة المتقدمة	6204
F-005305	- المقارنة المتقدمة بين جميع الخدمات	3586b2f03f7e051e987ca5cd3ee349eb16dfef7dfbcad6b75fa233a15745a436	Governance Engine	10.6 المقارنة المتقدمة	6205
F-005306	- إظهار الفروقات بلون واضح	97aa97a5e4827aebbb4dd4cd86abad1c049ba273c4a99a6454577b0d7e76a38c	Governance Engine	10.6 المقارنة المتقدمة	6206
F-005307	- مقارنة فترة بفترة	bbb3c1ca77eb0e4fd7c33688b3ee7af2f1e36ff10022ae78cc6a55b41f73091c	Governance Engine	10.6 المقارنة المتقدمة	6207
F-005308	- مقارنة بين مجموعات ملفات	32a95b66daf2ad3dfe920eff3a04f6e6cf3047c29c2f3d4d61aff558440ffb1b	Governance Engine	10.6 المقارنة المتقدمة	6208
F-005309	- سحب وإفلات لإنشاء مقارنة	b362fdebf72b1c03318436c5380c3bddde586df103a7509ea04f8a9f8f1315ae	Governance Engine	10.6 المقارنة المتقدمة	6209
F-005310	- المقارنة بين التقارير	7073549484a486a3a0ffc208c689d8894e1c8474c81ced3d5322d4fa96666725	Governance Engine	10.6 المقارنة المتقدمة	6210
F-005311	- مقارنة نسختين من مستند واستخراج الفروقات الجوهرية	03d3f69cb14fe93b13b1a6a196719cb55ac209e7cf32c05325fadbc87a8d9067	Governance Engine	10.6 المقارنة المتقدمة	6211
F-005312	- مقارنة محتوى	e018a9e5a0dad6c01a0bacf58bc5827bf64feb116190679f893569e21c81f1f8	Governance Engine	10.6 المقارنة المتقدمة	6212
F-005313	- مقارنة نتائج	4a961feee04ca6fb4ec52b689e5fd892310148d91d673b4759d1b9440418a57a	Governance Engine	10.6 المقارنة المتقدمة	6213
F-005314	- مقارنة بين عروض	4590e41a5fd3cd957a7abd368a3544c78fdaf56f4528ff6e0dd7817bd6544282	Governance Engine	10.6 المقارنة المتقدمة	6214
F-005315	- مقارنة أداء	b38c4674369c394ac54bfdbf1b32f9aababae986eaddb4cc93dc49b353d597e3	Governance Engine	10.6 المقارنة المتقدمة	6215
F-005316	- مقارنة بيانات	24a62304bb25e52a65afce1b3562488bf59c83931bcb43607b8f7b427ffeabb3	Governance Engine	10.6 المقارنة المتقدمة	6216
F-005317	- وحدة إدارة الإصدارات والمقارنة	78506b0a0543f7f5a60e55285a99d9a5aaf1b548154c99db6a823c0e7a156326	Governance Engine	10.6 المقارنة المتقدمة	6217
F-005318	- خدمة إدارة الإصدارات والمقارنة	c9ad788723d9cc09be1968de400c11d529d2ba6a62b3c8a0d74748be04a56399	Governance Engine	10.6 المقارنة المتقدمة	6218
F-005319	- محرك المقارنة	ebd33c8a352e4b2966a97246d40f0a7a3c3440e9b656f4f97aaf55c0dee8c860	Governance Engine	10.6 المقارنة المتقدمة	6219
F-005320	- محرك إدارة الإصدارات والمقارنة	2b6a5d48f25dcde537b3eca8eae54d652b89031d183fa73fd14b376388c05874	Governance Engine	10.6 المقارنة المتقدمة	6220
F-005321	- التحقق من الفروقات في لقطات الشاشة	41827b7a53985e39e233d9d8aa9edf97b37e370f653d93f6ba11149812baf092	Governance Engine	10.6 المقارنة المتقدمة	6221
F-005322	- تحديد عتبة التفاوت (نسبة الاختلاف)	ee2719e5b6308fd440b2371c24878d4a621017156ef186cd2b424d446955e6cc	Governance Engine	10.6 المقارنة المتقدمة	6222
F-005323	- محرك مقارنة التخطيط	6a68b11d99bf3ae198f17f8d1535c07c191f95334235dbf1b7e9ecb4df450cf6	Governance Engine	10.6 المقارنة المتقدمة	6223
F-005324	- خوارزمية مقارنة البكسل	f54054ae63b1e49eeec2cc1fb95492c4bb02b437b3f942cf5b64c2f98f8e57b6	Governance Engine	10.6 المقارنة المتقدمة	6224
F-005325	- خوارزمية مقارنة الفروقات للعرض	abeee620e8ddb587607d925dc4e0d6423fd84449bc07fd967a69807d124a3839	Governance Engine	10.6 المقارنة المتقدمة	6225
F-005326	- عتبات التفاوت في مقارنة البكسل	7106d2b64b95d29284d9adfd68e1fe92951323715fded42bd1e8a666e301ada8	Governance Engine	10.6 المقارنة المتقدمة	6226
F-005327	- مقارنة بصرية بكسل-بكسل	f6424d0254a5b512126987ae87110097943daa19cb76cefa9b5f19bfdbedd736	Governance Engine	10.6 المقارنة المتقدمة	6227
F-005328	- مقارنة أداء بين جهات متعددة	522c3e87d1fd2439adb4b22da8b3a5e0c1f0cfaf357909a5fe293bb57059bf27	Governance Engine	10.6 المقارنة المتقدمة	6228
F-005329	- عدم السماح بأي فرق يتجاوز نسبة محددة	8a224dd8289edcfac9689e65447b4afbc00decb48af18c679717409334f6b0a9	Governance Engine	10.6 المقارنة المتقدمة	6229
F-005330	- إلزامية اجتياز اختبار مقارنة البكسل واختبار تشابه التجزئة الهيكلية	3888356b3940d4fc6f5101df2f327d171cedc7b14aedeb410c0d2886e00626d0	Governance Engine	10.6 المقارنة المتقدمة	6230
F-005331	- التحقق من صحة مقارنة البكسل (Pixel-diff validation)	ee9504aaec2b13fafb68fab012e256e05756247e33ee84ebb5b8e7850daa6d0d	Governance Engine	10.6 المقارنة المتقدمة	6231
F-005332	- مقارنة خطوات الحساب الوسيطة	32b549e3aacf6ff31a2b851137014f6ea4ac822acecb937ef84430b8954a71de	Governance Engine	10.6 المقارنة المتقدمة	6232
F-005333	- قياس الفرق في بروز العناوين قبل وبعد التعريب	6aaef09b75f4010af30d6364eb881b1d16f10a213d92c563508911110a08684b	Governance Engine	10.6 المقارنة المتقدمة	6233
F-005334	- توضيح الفرق بين الأوضاع المختلفة (مثل Strict و Professional)	1c795eab0cd2a3e23298effb343f3a7f9daaf87dc828930902b12ba55422ea0f	Governance Engine	10.6 المقارنة المتقدمة	6234
F-005335	- بوابة فرق البكسل (Pixel Difference Gate) بنسبة محددة	717e568785de7b7d82df123f21c808c29ebcc53e0640fa3115c818be35b58b54	Governance Engine	10.6 المقارنة المتقدمة	6235
F-005336	- مقارنة ترتيب تقييم الصيغ (formula evaluation)	123c04c770e3c078a9125ef4b9ebeda50b99cf0a43515014dd666adc55726522	Governance Engine	10.6 المقارنة المتقدمة	6236
F-005337	- مقارنة الانحراف في حسابات الفاصلة العائمة (Floating-point drift)	2be50e88e954791587d0c36a203e60fe38b2dead213fe1e5e44ac3e4525b0410	Governance Engine	10.6 المقارنة المتقدمة	6237
F-005338	- كشف الانحراف البصري الطفيف غير المرئي لمقارنة البكسل	2a87da59367d45eff1acafa62c408b007f6114cdf8d4e24ebcd86120e73978f3	Governance Engine	10.6 المقارنة المتقدمة	6238
F-005339	- مقارنة بين أي نسختين	1314cb8c6e19cdff3855565ad295d345e8d6b056d8d616d93e1b0ae977705b45	Governance Engine	10.6 المقارنة المتقدمة	6239
F-005340	- كل عقدة قابلة لتحديد الإصدار والمقارنة	089641e6c3fe07dbd7ce09f0fb426f8203fbf5c42eb3ccee53b1161c3d187528	Governance Engine	10.6 المقارنة المتقدمة	6240
F-005341	- مقارنة متعددة مجموعات البيانات	f8705e223db221de5259243a3ee34c30c1944d3768582a6558e729c895b0e196	Governance Engine	10.6 المقارنة المتقدمة	6241
F-005342	- مقارنة متعددة الجلسات	3125ada3dcfc6b65b90d332cf2d65028e7fe358b03130bbe44ea9443f21d0af2	Governance Engine	10.6 المقارنة المتقدمة	6242
F-005343	- مقارنة دلالية للمستندات	bb5bc2f7de143964fc5af5d032097396b0ce746ab48409f6e2247c4459907b6f	Governance Engine	10.6 المقارنة المتقدمة	6243
F-005344	- محرك كشف الفروقات والانحراف (Diff & Drift Engine)	581a693d31e6f1f94afd0c00c176583ba9ebf7551f8f46f85d73ddc5e383abac	Governance Engine	10.6 المقارنة المتقدمة	6244
F-005345	- مقارنة على مستوى الأقسام	48a89de5f6dd10e1f80f0f9415692603b48e2180f9d33446c2d1b5c1af5332bb	Governance Engine	10.6 المقارنة المتقدمة	6245
F-005346	- مقارنة هيكلية	ce9e535b2b032cb0853af619fd03d54ec2db6f494fb6cd22ad3177277e325f92	Governance Engine	10.6 المقارنة المتقدمة	6246
F-005347	- إنشاء تراكب للفروقات البصرية	e6e8a67880f6131020fcebe04a0b82de48d2ef44ec7ffe66e081a7725c540931	Governance Engine	10.6 المقارنة المتقدمة	6247
F-005348	- مقارنة فحصين لنفس الجهة	274d24f6ea2f0edc14c82b532ee200cf129d4e15b08fcf860003e18947b307c3	Governance Engine	10.6 المقارنة المتقدمة	6248
F-005349	- مقارنة سجلات لعدة سنوات	498108e88bd0093798e4214edc23925825916fcad2f91ae2244aad2d97b5be84	Governance Engine	10.6 المقارنة المتقدمة	6249
F-005350	- مقارنة قبل وبعد التغيير	6b5f103fb19591d6c28f9c11e46dd5f1fe8b33fa8b88694cfff325cc185f6958	Governance Engine	10.6 المقارنة المتقدمة	6250
F-005351	- مقارنة الامتثال عبر فترات زمنية مختلفة	78a5703caed3ac3fbdb1a352cf492609dffb6c5319dff9b35479fa71e4be86b3	Governance Engine	10.6 المقارنة المتقدمة	6251
F-005352	- عرض المقارنات والاتجاهات على مستوى القطاع	5a3737300bb1c1a2d660f54f1152875edf7640d02c2ace3c64dbfa412ddb2622	Governance Engine	10.6 المقارنة المتقدمة	6252
F-005353	- مقارنة بأهداف محددة	3773a9be205bfceca2798076a087a8004632ac79a99b73b6e3041fe191d3cc1b	Governance Engine	10.6 المقارنة المتقدمة	6253
F-005354	- إظهار التشابهات	cd0379c4efdc4d08a05123748e7fe85141d7903f1f0f6d8a3a8108cf21f766fa	Governance Engine	10.6 المقارنة المتقدمة	6254
F-005355	- إبراز التغيرات	b1cc4a311363b7388c92a3eec462b75f860639a9e92ac1a59eab600d87ded3bd	Governance Engine	10.6 المقارنة المتقدمة	6255
F-005356	- كشف التشابه	fc1f266f4254c04d1cb975fa7d6932bee3e2a0d9a1f8c3e0baf1cd71545b1b46	Governance Engine	10.6 المقارنة المتقدمة	6256
F-005357	- Pixel Parity Verification	e799177ed3a6dc6fd733d1039ba59ae0369b1b8acea4ec402e8be465b6e3f5ad	Governance Engine	10.6 المقارنة المتقدمة	6257
F-005358	- Visual regression engine	7baa8af966b7efd3e99fe6310c5c9b4b24a4bb168da21ecc03f908fa50a3bdc4	Governance Engine	10.6 المقارنة المتقدمة	6258
F-005359	- دعم Pixel-level parity	80f42f7707b5259a87d601b94ec63142bc58d4b0fa9c85f23abdd7fc0826ea19	Governance Engine	10.6 المقارنة المتقدمة	6259
F-005360	- Visual regression detection	862e05013d3dba63cf6caa26ddd7cc020203b2e1585dc46190abd4299ea5fd13	Governance Engine	10.6 المقارنة المتقدمة	6260
F-005361	- إنشاء نسخة من أي مخرج ومقارنة النسخ واسترجاع السابق	699688fc8de7e7f596463448e08a1a2facc77a3b5c8e9499f7494cf7d210949b	Governance Engine	10.7 النسخ والإصدارات	6266
F-005362	- لا إغلاق نهائي: كل شيء قابل لإعادة الفتح والتعديل	107be9298b07f1d210ae2635056acb8cb2e0358167ac3711a15d637b959af7bc	Governance Engine	10.7 النسخ والإصدارات	6267
F-005363	- كل عقدة قابلة للإصدار والمقارنة	c25691df05fff655e0b1095218377748ad1ce75e121d9eaca0729e1f3f646edb	Governance Engine	10.7 النسخ والإصدارات	6268
F-005364	- تحسين الأداء حسب نمط التشغيل	34d03cc9ecebf8619127a817df8cebfd2a552c0f6aa54c0ff28607d10b35f30c	Governance Engine	10.7 النسخ والإصدارات	6269
F-005365	- تقدير الموارد	69b9e423d81a6aeba890dcd0ca07cfa5f6f888ad9f905b092cfcf158cc2f416b	Governance Engine	10.7 النسخ والإصدارات	6270
F-005366	- تفعيل GPU إذا لزم	ec6b2340e3ac079e90fa59458dd1ddf01e9d1332a1155427bd233dc6c35fdc8f	Governance Engine	10.7 النسخ والإصدارات	6271
F-005367	- إعادة توزيع المعالجة ديناميكياً	9b0f899c0bb0b919d3e874719d369c88d85c90ac9350853c04e8fd582ac2bd8c	Governance Engine	10.7 النسخ والإصدارات	6272
F-005368	- تجهيز الموارد مسبقاً	3483f0fdda8986aa8b95600734ec0b13dbfdc8cda680f680c8c9260a3d8b1fec	Governance Engine	10.7 النسخ والإصدارات	6273
F-005369	- تفعيل caching استباقي	4ea0c629c0597074cc585a397f254ccf42fe04333e95ac7a07080f0ef7f17481	Governance Engine	10.7 النسخ والإصدارات	6274
F-005370	- توزيع أحمال استباقي	d05ce737cad8676086842468721e5f925ce672a62c28926f1cb9d515f82c237c	Governance Engine	10.7 النسخ والإصدارات	6275
F-005371	- تحسين الأداء	d0cd3b304db9ef2270b25ab10b3710d481ef649fa36a8db48aa12f4d48ef13e8	Governance Engine	10.7 النسخ والإصدارات	6276
F-005372	- قرارات تلقائية	bcef9e88943cd920032e02d373a983d7c7437d2adfe2008714a23a50bc4edcb0	Governance Engine	10.7 النسخ والإصدارات	6277
F-005373	- اقتراحات جاهزة	17665e099237944ee650260e7ed1d27c30968ce8e146accec72ff9d7e4917360	Governance Engine	10.7 النسخ والإصدارات	6278
F-005374	- أقل تدخل من المستخدم	d4eee12cacec133126ed210ba78abe19465175ad5a29c89c487206d4fee98cf7	Governance Engine	10.7 النسخ والإصدارات	6279
F-005375	- نظام الإصدارات الكامل	9aada7d40c5a3b5bef6e725e9ebde6a4b26b148860608cff5e4e206b56c31ce8	Governance Engine	10.7 النسخ والإصدارات	6280
F-005376	- مسار اعتماد رسمي من مسودة إلى مراجعة إلى معتمد إلى منشور	27a75957e1274106ef50436eccb1ad2b2ab2fd96813e7e3c7159a8f6dff04d30	Governance Engine	10.7 النسخ والإصدارات	6281
F-005377	- إصدارات متعددة للعرض	a45470490fd6cbb2e25c11ebe04cbd5c286042771388659a0281cec647c56a12	Governance Engine	10.7 النسخ والإصدارات	6282
F-005378	- وضع تثبيت الأرقام مع نسخة ثابتة محفوظة للاجتماع	284e30e84780e8930046a1522b4c2b7be45de88eb9f2216030953bb382b64a53	Governance Engine	10.7 النسخ والإصدارات	6283
F-005379	- سجل تغييرات للبيانات الحساسة مع إصدارات	15952b61875b8c527f919b5e49ecf539b1ab70ac0b54ffea29ceeadb3c20a236	Governance Engine	10.7 النسخ والإصدارات	6284
F-005380	- تاريخ نسخ الصفحة	08e5a15e26b036e66084dd1f28a3c4d48c100b4889c6978a09882330cbe035ba	Governance Engine	10.7 النسخ والإصدارات	6285
F-005381	- أرشفة تلقائية مع بحث في الأرشيف	cc232fb8e6d933362aee5f502de0c1743e557bee4b911ad38cea10ff63cd1225	Governance Engine	10.7 النسخ والإصدارات	6286
F-005382	- استعادة أي حالة سابقة للبيانات	73250fce10af86c3c4a1668e54776b4b97400899aa8525e7ee576e3722436f55	Governance Engine	10.7 النسخ والإصدارات	6287
F-005383	- النسخ والإصدارات	7ddc74e114099cdf65f682da926956e0d4b6c063775f87b1ff2e4d716870de0b	Governance Engine	10.7 النسخ والإصدارات	6288
F-005384	يرفع اثني عشر ملفاً شهرياً ويضغط زراً واحداً. يحصل على لوحة مؤشرات وتقرير PDF وعرض PowerPoint وملخص تنفيذي دون كتابة معادلة.	b7ba5f271f67616a8fc4d48e6a7d34f8e0d31256bfe226ff701a75902edc5070	Governance Engine	المدير التنفيذي	6300
F-005385	يرفع ملفات متعددة وينشئ سير عمل مرئي ويحفظه ويعيد تشغيله شهرياً بضغطة زر.	8acb591d9846fc134fc41a5451b44fda47f928edca9f8cd92e18afeb89e5a640	Governance Engine	محلل البيانات	6306
F-005386	ترفع خمسمئة ملف من إدارات مختلفة. ينتج النظام لوحة مؤشرات وطنية وتقرير رسمي.	9ffed1a899dbbc6f6b1c90bc76ab9286d7366a5ec4129cf2d116fa3a181e2736	Governance Engine	الجهة الحكومية	6312
F-005387	يعطي المستخدم صورة لوحة مؤشرات بالإنجليزية. النظام يعيد بناءها مطابقة حرفياً واحد لواحد بالعربية من اليمين لليسار مع بيانات المستخدم.	aba9f644d48a137ce57d596e35725561db8e0c2cb7bf3edd58ec9131aaa9b999	Replication Engine	المطابقة الحرفية	6318
F-005388	يرفع تقرير PDF رسمي ويطلب تحويله إلى عرض تقديمي مع الحفاظ على نفس التصميم والألوان والخطوط.	fc7c96abc51e01b7ef2f5d5dd4d4ba021e7ed898a05fcdb00f41cf766ca7abb9	Conversion Engine	التحويل الشامل	6324
F-005389	يختار بيانات ويطلب إنفوجرافيك زمني بهوية بصرية مخصصة. يعدل التوزيع والألوان والتأكيد يدوياً عبر المحرر المتقدم.	0eae844f2506d3335f34bedf7aff1f0500060e5e53389b7e56f4605758dcb38f	Infographic Engine	الإنفوجرافيك الاحترافي	6330
F-005390	يرفع مئتي Excel ومئة PDF وخمسين صورة. يضغط تحليل ذكي ويحصل على تنظيف ودمج وملخص ومؤشرات ولوحة وعرض وتقرير.	c3752f774335acd7fde2801391e2410e1793daa35c18581a2b5a2873639ca697	Data Engine	الملفات المختلطة	6336
F-005391	النسخة الأساسية	eb72e471e2a697f98c400627d67da65d59247d3293d13bb57fe3256061a6020a	Governance Engine	مستويات المنتج	6345
F-005392	- رفع ملفات وعمليات دمج وتحليل ولوحة بسيطة	7fec9975a7cfc0b9ddcae89a832f6fe55a5dfb87d6d5bd083bc5ba1db3614573	Governance Engine	مستويات المنتج	6347
F-005393	النسخة الاحترافية	fc4f170a49153d90ad4c5184e2f9847fe261466cbcb6d46c953683c63dfaddb2	Governance Engine	مستويات المنتج	6349
F-005394	- ذكاء اصطناعي كامل وتقارير وعروض وإنفوجرافيك ومطابقة ومحاكاة وسير عمل	0b85888aba9149c0d5d8a36027fc68421501dd3cfce9017a44932d222a2b86ab	Governance Engine	مستويات المنتج	6351
F-005395	النسخة المؤسسية	b0029b634fea08a13749c57b0bd0ebcf2928b12cdffc3ac2a7783f8b05282fd0	Governance Engine	مستويات المنتج	6353
F-005396	- صلاحيات متقدمة وواجهات برمجية وربط قواعد بيانات وتسجيل دخول موحد واستضافة داخلية	5fee1bdd5e0ebf9e0450ad3af1ca6a0df8c6e6cb5cbbe9a2e2160ef195d7ab26	Governance Engine	مستويات المنتج	6355
F-005397	- سوق قوالب للثيمات والتقارير والعروض واللوحات	847406aada7adc6695705c2ea42f75f8a08b30ffeb9bb5678b56f549c735c521	Governance Engine	التوسعات المستقبلية	6361
F-005398	- مكتبة مؤشرات جاهزة لكل قطاع	c52fbbd84c80041c3db8df964d01f130fcff13c760f7570aadd708db8d8b6c51	Governance Engine	التوسعات المستقبلية	6362
F-005399	- ذكاء اصطناعي يقترح مؤشرات أداء	3389c0764dc3b8afade00422d73ce6b6169eb71e24d36f6f3109de3dc1e92857	Governance Engine	التوسعات المستقبلية	6363
F-005400	- تحليل مشاعر من بيانات نصية	3b2619218750c3e7e0436542afb8ebdb0c2bfd642bcbed0300fdd7d3824a37cc	Governance Engine	التوسعات المستقبلية	6364
F-005401	- ربط مباشر مع أنظمة تخطيط الموارد	db6180e033f076aebcc241fc2d2846bef1f9ee98581c3d22e077dc34dc90a347	Governance Engine	التوسعات المستقبلية	6365
F-005402	- واجهة محادثة كاملة لإدارة البيانات	314ace6c01e8256f49fe80f01d625b1371ab7bccafede2ec3a1c6867ccea373e	Governance Engine	التوسعات المستقبلية	6366
F-005403	- تحويل Excel إلى نظام متابعة دائم	9ccac2216edb035bc9b2ee2793d79f31a48864283a7c5465ef9c6402047e6173	Governance Engine	التوسعات المستقبلية	6367
F-005404	- لوحة مراقبة مباشرة تُحدث تلقائياً	cd9894f9087e062d9d820639de4a9804791815d977b5a6617f6a1da360a855ba	Governance Engine	التوسعات المستقبلية	6368
F-005405	- تحليل نصوص داخل Excel	55eef9411d0fce469c75f4384324845babea82ec52190aecd1bdaae7600e0781	Governance Engine	التوسعات المستقبلية	6369
F-005406	- بنية وحدوية: كل محرك مستقل ويُطور دون التأثير على البقية	17308ffd5426697d08b7ad24aebf0f2b0452d1b0fb444ff35766eb083c94560c	Governance Engine	متطلبات القابلية للتوسع	6375
F-005407	- واجهات برمجية لكل عملية	0f2fe766d61631a11d4eab54027c24b9a6826e5795be8a5fdddfeaa349bb6c0c	Governance Engine	متطلبات القابلية للتوسع	6376
F-005408	- قابلية إضافة وحدات واستبدال مكونات دون إعادة بناء	63534f15378a68204a056c1bba5244159c0e36b2c5a7268a385e4b76b9fb5f5b	Governance Engine	متطلبات القابلية للتوسع	6377
F-005409	- قابلية توسع تلقائي حسب الحمل	b09173d0b3822b7348c344d0cd75685b6abf1943fb8fb2de15933b6a3d50a714	Governance Engine	متطلبات القابلية للتوسع	6378
F-005410	- قابلية تطوير تطبيقات جوال أو سطح مكتب بنفس الواجهات	2945cfa50d3f9a58de249562af4e19081d2116fa843dc3e971d7d2b43afd2424	Governance Engine	متطلبات القابلية للتوسع	6379
F-005411	نهاية الوثيقة	0c79a41232128d4701de1e5e3bc5f413725115a81752160a79a2c0097e055eef	Governance Engine	متطلبات القابلية للتوسع	6381
F-005412	]	cfae0d4248f7142f7b17f826cd7a519280e312577690e957830d23dcf35a3fff	Governance Engine	متطلبات القابلية للتوسع	6382
